origin,destination,total_trips
西門,台北車站,9451730
台北車站,西門,8839613
台北車站,市政府,6955688
市政府,台北車站,6600785
台北車站,台北101/世貿,5827763
台北101/世貿,台北車站,5798365
中山,台北車站,4862922
台北車站,中山,4804460
淡水,台北車站,4777981
台北車站,忠孝復興,4751508
忠孝復興,台北車站,4706602
忠孝新生,台北車站,4543765
台北車站,忠孝新生,4477491
台北車站,淡水,4349059
劍潭,台北車站,4329507
中正紀念堂,台北車站,4081449
台北車站,劍潭,3982956
台北車站,中正紀念堂,3966117
市政府,南港,3821649
新埔,BL板橋,3800527
台北車站,忠孝敦化,3797024
台北車站,石牌,3713358
忠孝敦化,台北車站,3669216
台北車站,士林,3630645
石牌,台北車站,3539578
公館,台北車站,3512470
南港,市政府,3493749
士林,台北車站,3468795
BL板橋,新埔,3416876
台北車站,國父紀念館,3396714
台北車站,公館,3373624
忠孝敦化,市政府,3333806
西門,市政府,3306392
南港展覽館,市政府,3284760
台北車站,雙連,3270211
市政府,西門,3265212
南港,南港展覽館,3175959
善導寺,台北車站,3157201
國父紀念館,台北車站,3153035
台北車站,圓山,3132433
台北車站,東門,3122020
台北車站,善導寺,3114463
市政府,忠孝敦化,3094243
南港展覽館,南港,3082572
台北車站,頂溪,3077463
雙連,台北車站,3074816
忠孝復興,市政府,3050020
BL板橋,海山,3045773
中山,西門,3033615
圓山,台北車站,3023578
BL板橋,江子翠,2970622
東門,台北車站,2969392
市政府,忠孝復興,2946544
江子翠,BL板橋,2937010
西門,BL板橋,2914012
西門,中山,2899085
市政府,南港展覽館,2857863
台北車站,信義安和,2854903
海山,BL板橋,2800989
台北車站,芝山,2794646
頂溪,台北車站,2789648
台北車站,龍山寺,2697425
芝山,台北車站,2680276
民權西路,台北車站,2680162
信義安和,台北車站,2654384
亞東醫院,BL板橋,2654267
台北車站,民權西路,2620043
BL板橋,西門,2608054
台北車站,大安,2596653
松山,南京三民,2594408
大安,台北車站,2587274
松山,南京復興,2577925
南京三民,松山,2576107
台北車站,古亭,2565483
龍山寺,台北車站,2549088
古亭,台北車站,2541376
台北車站,新埔,2526881
市政府,後山埤,2481627
南京復興,松山,2477437
台北車站,台北車站,2460546
BL板橋,亞東醫院,2459025
台北車站,BL板橋,2444206
府中,BL板橋,2434757
市政府,永春,2400192
台北車站,台大醫院,2399856
台北小巨蛋,松山,2396430
松山,台北小巨蛋,2383522
BL板橋,府中,2364271
台大醫院,台北車站,2334708
永春,市政府,2324610
後山埤,市政府,2319985
新埔,市政府,2304748
市政府,BL板橋,2302534
新埔,台北車站,2235635
市政府,新埔,2227852
龍山寺,西門,2188565
台北車站,南京復興,2166989
台北車站,永安市場,2161372
國父紀念館,市政府,2130370
台北車站,江子翠,2092659
西門,新埔,2091239
松山,西門,2053711
西門,龍山寺,2046102
松江南京,台北車站,2045816
BL板橋,市政府,2030304
台北車站,松江南京,2029627
台北車站,北投,2020542
新埔,江子翠,2018747
新埔,西門,2018280
南港展覽館,台北車站,2007933
市政府,國父紀念館,2005701
南京復興,台北車站,1991612
永安市場,台北車站,1988823
忠孝新生,市政府,1971155
BL板橋,台北車站,1959209
忠孝復興,西門,1905830
台北101/世貿,西門,1901626
江子翠,新埔,1881396
台北車站,南港展覽館,1872472
府中,西門,1872068
松山,松江南京,1871268
新埔,亞東醫院,1853024
北投,台北車站,1851080
府中,新埔,1833852
市政府,忠孝新生,1827463
府中,台北車站,1820909
台北車站,台電大樓,1813377
亞東醫院,新埔,1812462
江子翠,台北車站,1806068
台北車站,府中,1792702
西門,忠孝復興,1782396
台北車站,行天宮,1779567
台電大樓,台北車站,1766672
公館,西門,1754665
行天宮,台北車站,1741155
新埔,府中,1737935
西門,府中,1733956
昆陽,市政府,1732069
淡水,石牌,1729399
大坪林,台北車站,1720473
古亭,頂溪,1720262
松江南京,松山,1697021
台北車站,象山,1686107
龍山寺,市政府,1686075
象山,台北車站,1677765
台北車站,南勢角,1674135
西門,南京復興,1658109
台北車站,永春,1643054
市政府,江子翠,1626703
永春,台北車站,1616736
市政府,昆陽,1609293
淡水,關渡,1607259
忠孝新生,西門,1606212
江子翠,市政府,1602596
頂溪,古亭,1599337
台北車站,紅樹林,1596397
西門,公館,1594716
中正紀念堂,西門,1590160
西門,松山,1587588
南勢角,台北車站,1584199
北門,西門,1582496
石牌,淡水,1579400
南京復興,西門,1570903
市政府,龍山寺,1567224
台北車站,大坪林,1564160
忠孝敦化,西門,1561911
府中,市政府,1561026
關渡,淡水,1546939
西門,江子翠,1540051
南京復興,中山,1538553
淡水,士林,1536901
西門,忠孝敦化,1533670
台北車站,海山,1531367
後山埤,南港,1530601
台北車站,景美,1518613
景美,台北車站,1517151
士林,淡水,1512544
南港,後山埤,1512496
大安森林公園,台北車站,1510867
淡水,圓山,1503940
西門,中正紀念堂,1499527
台北車站,大安森林公園,1491754
西門,忠孝新生,1488108
忠孝復興,新埔,1480498
忠孝復興,BL板橋,1461586
南港展覽館,忠孝敦化,1449245
台北101/世貿,中山,1442496
淡水,劍潭,1439310
圓山,中山,1436335
西門,台北101/世貿,1432983
永春,南港,1421789
淡水,中山,1412689
龍山寺,新埔,1410616
台北車站,景安,1406440
松江南京,西門,1404944
市政府,府中,1396449
石牌,北投,1392033
江子翠,西門,1390957
中正紀念堂,台北101/世貿,1389979
劍潭,中山,1389001
台北車站,台北小巨蛋,1386664
明德,台北車站,1385444
台北車站,明德,1379359
景安,台北車站,1374636
善導寺,市政府,1371706
西門,松江南京,1367606
府中,海山,1363084
中山,台北101/世貿,1360071
昆陽,南港,1355180
新埔,龍山寺,1354871
竹圍,淡水,1347494
台北小巨蛋,台北車站,1347379
南港,永春,1347102
紅樹林,台北車站,1345317
亞東醫院,市政府,1337393
七張,台北車站,1332438
新埔,忠孝復興,1331923
中山,圓山,1322915
忠孝新生,忠孝復興,1322406
西門,海山,1313702
圓山,石牌,1312036
松江南京,中山,1306361
松山,中山,1304061
海山,台北車站,1302514
南港展覽館,忠孝復興,1301078
淡水,竹圍,1293179
新埔,忠孝敦化,1289138
淡水,北投,1288626
中山,劍潭,1288062
新埔,海山,1287360
忠孝敦化,南港,1287089
圓山,淡水,1282981
忠孝敦化,新埔,1279768
亞東醫院,西門,1279096
古亭,景安,1277972
永寧,BL板橋,1277485
台北車站,亞東醫院,1271975
亞東醫院,台北車站,1269955
南港,昆陽,1269243
劍潭,西門,1268194
中山,淡水,1265161
市政府,善導寺,1264263
圓山,劍潭,1263451
石牌,圓山,1263040
頂溪,松江南京,1261253
西門,北門,1260425
士林,中山,1260187
南京三民,西門,1259433
台北車站,七張,1256589
府中,江子翠,1255187
松江南京,頂溪,1251262
忠孝敦化,南港展覽館,1251024
中山,南京復興,1249259
西門,南京三民,1249161
忠孝復興,忠孝新生,1245732
劍潭,圓山,1245609
中山,松山,1242730
北投,淡水,1239994
台北車站,後山埤,1236986
士林,圓山,1234179
圓山,士林,1230258
南港展覽館,西門,1226247
BL板橋,永寧,1224451
公館,大坪林,1218471
古亭,西門,1216455
海山,西門,1215186
南港,忠孝敦化,1212567
台北101/世貿,東門,1209729
西門,亞東醫院,1202100
古亭,永安市場,1192710
北投,石牌,1190975
士林,石牌,1190047
南京三民,中山,1189245
台北車站,科技大樓,1185809
國父紀念館,西門,1183038
東門,台北101/世貿,1178244
景安,古亭,1177284
頂埔,BL板橋,1175314
市政府,海山,1173754
海山,府中,1172627
海山,市政府,1160787
忠孝新生,頂溪,1157759
科技大樓,台北車站,1156993
忠孝敦化,BL板橋,1156239
頂溪,市政府,1154444
士林,芝山,1150870
海山,新埔,1150856
市政府,頂溪,1149734
中山,士林,1148656
BL板橋,忠孝復興,1146076
大坪林,公館,1145325
善導寺,西門,1144066
士林,北投,1143281
西門,古亭,1143005
BL板橋,頂埔,1141434
台北車站,中山國小,1139038
府中,亞東醫院,1138957
石牌,士林,1136969
西門,西門,1135684
台北車站,三民高中,1133718
忠孝敦化,永春,1132809
市政府,亞東醫院,1132071
江子翠,府中,1131627
南京三民,台北車站,1130276
西門,南港展覽館,1130189
西門,國父紀念館,1129254
龍山寺,BL板橋,1128396
永春,忠孝敦化,1124228
南港展覽館,永春,1122830
後山埤,台北車站,1121276
台北車站,關渡,1116882
南港展覽館,國父紀念館,1116477
台北車站,徐匯中學,1114977
忠孝復興,南港展覽館,1112404
台北車站,南京三民,1111775
關渡,台北車站,1111262
國父紀念館,南港,1109600
台北小巨蛋,西門,1107912
淡水,西門,1107582
永春,南港展覽館,1099920
南港展覽館,港墘,1094696
南京復興,忠孝復興,1093655
公館,中山,1089911
永安市場,古亭,1089359
頂溪,行天宮,1088788
行天宮,頂溪,1086914
蘆洲,台北車站,1086884
BL板橋,龍山寺,1084298
台北車站,蘆洲,1080454
景美,大坪林,1079660
忠孝復興,江子翠,1078689
台北101/世貿,中正紀念堂,1078344
忠孝復興,萬芳醫院,1077733
西門,台北小巨蛋,1075791
中山國小,台北車站,1074364
萬隆,台北車站,1073126
忠孝復興,南港,1072955
中山,南京三民,1072743
亞東醫院,府中,1064990
三民高中,台北車站,1058023
頂溪,忠孝新生,1055716
圓山,芝山,1055191
忠孝復興,國父紀念館,1052206
台北車站,新店區公所,1051358
芝山,士林,1048816
南港,國父紀念館,1048795
紅樹林,淡水,1048765
南港,忠孝復興,1048281
石牌,中山,1047534
頂溪,景安,1047523
國父紀念館,忠孝復興,1047145
中山,頂溪,1044361
中山,石牌,1043209
BL板橋,土城,1041073
淡水,紅樹林,1040157
昆陽,台北車站,1039485
西門,淡水,1039446
忠孝復興,龍山寺,1038093
忠孝新生,BL板橋,1038075
新店區公所,台北車站,1037843
忠孝復興,忠孝敦化,1037538
江子翠,亞東醫院,1032809
大坪林,西門,1031936
台北車站,三和國中,1031720
台北車站,萬隆,1028693
芝山,石牌,1028676
台北車站,永寧,1027492
土城,BL板橋,1025477
中山,公館,1024151
西門,頂溪,1023626
亞東醫院,江子翠,1023569
台北車站,昆陽,1022758
忠孝復興,永春,1022129
北門,南京復興,1021603
台北小巨蛋,中山,1020903
萬芳醫院,南京復興,1020215
松江南京,永安市場,1017792
台北101/世貿,頂溪,1016643
淡水,芝山,1014190
永安市場,松江南京,1013055
永春,忠孝復興,1012706
忠孝新生,忠孝敦化,1011996
北投,士林,1008942
淡水,民權西路,1008231
石牌,芝山,1006640
BL板橋,忠孝敦化,1006368
西門,劍潭,1006060
後山埤,南港展覽館,1003999
景安,頂溪,1003848
徐匯中學,台北車站,1003806
中山,新埔,1003065
台北101/世貿,信義安和,1001627
景安,松江南京,1000484
芝山,圓山,1000435
南港展覽館,後山埤,998750
士林,劍潭,997861
國父紀念館,南港展覽館,997457
後山埤,忠孝敦化,996227
忠孝敦化,後山埤,995887
三和國中,台北車站,995653
南京復興,萬芳醫院,995094
忠孝敦化,忠孝復興,995027
頂溪,台北101/世貿,993032
新店,台北車站,991644
東門,頂溪,990842
西門,善導寺,989307
大坪林,景美,988249
龍山寺,忠孝復興,986732
中山,中山,983107
中山,BL板橋,980398
府中,忠孝復興,980325
芝山,淡水,980129
台北車站,三重國小,973766
港墘,南港展覽館,973747
西門,大坪林,971436
科技大樓,南京復興,963802
中山,松江南京,962758
劍潭,淡水,962208
台北車站,動物園,952467
頂溪,東門,946916
南京復興,北門,945773
新埔,中山,945532
忠孝復興,府中,945479
東門,中山,936456
新埔,南京復興,936119
忠孝復興,頂溪,931759
民權西路,淡水,929390
台北車站,六張犁,929194
中山,芝山,928855
民權西路,中山,928657
忠孝敦化,忠孝新生,924553
BL板橋,忠孝新生,921479
忠孝新生,新埔,921416
忠孝復興,科技大樓,920336
忠孝復興,南京復興,918075
松江南京,景安,915868
龍山寺,江子翠,913496
公館,景美,912686
江子翠,忠孝復興,911450
公館,七張,911443
公館,古亭,911039
古亭,中山,909570
忠孝敦化,江子翠,909461
科技大樓,忠孝復興,908027
新埔,善導寺,906377
永春,國父紀念館,905988
中正紀念堂,中山,905482
新埔,忠孝新生,904620
淡水,雙連,904446
南港展覽館,忠孝新生,904035
永寧,台北車站,903254
信義安和,台北101/世貿,902661
雙連,圓山,899586
中山,古亭,895940
國父紀念館,BL板橋,895388
新埔,國父紀念館,891930
台電大樓,西門,891812
圓山,雙連,890086
國父紀念館,永春,890069
江子翠,忠孝敦化,889773
頂溪,西門,889055
古亭,公館,887813
南勢角,松江南京,886003
芝山,中山,885590
頂溪,中山,882149
頂溪,南京復興,881726
南港展覽館,西湖,879735
台大醫院,頂溪,878554
中山,台北小巨蛋,878338
景安,行天宮,875610
南京復興,頂溪,874647
善導寺,新埔,874626
台北車站,新店,872807
台北101/世貿,大安,872059
竹圍,關渡,871723
永安市場,頂溪,871625
三重國小,台北車站,870313
善導寺,忠孝復興,868595
國父紀念館,新埔,867024
西門,永寧,864499
市政府,永安市場,863038
永春,西門,862859
府中,忠孝敦化,862668
西門,永春,862003
新埔,松江南京,861618
頂溪,南勢角,856564
石牌,劍潭,854901
南京復興,新埔,854355
亞東醫院,海山,854337
台北車站,中山國中,854112
蘆洲,松江南京,848625
關渡,竹圍,848431
西門,景美,848273
公館,頂溪,847668
忠孝復興,後山埤,847535
府中,龍山寺,845309
大安,台北101/世貿,845173
頂溪,永安市場,843831
松江南京,市政府,841256
永安市場,市政府,840745
中山國中,忠孝復興,840380
淡水,台北101/世貿,840371
龍山寺,中山,839186
新埔,永寧,836137
行天宮,市政府,835945
台北車站,萬芳醫院,835866
南京復興,科技大樓,835493
古亭,南勢角,834931
奇岩,台北車站,833004
芝山,北投,830799
中山,東門,829251
關渡,石牌,828004
南京復興,BL板橋,827220
六張犁,台北車站,827038
七張,公館,825402
BL板橋,國父紀念館,825267
萬芳醫院,忠孝復興,825028
東門,西門,822819
景安,市政府,822815
忠孝新生,永安市場,822509
西門,台電大樓,821936
新埔,南港展覽館,819171
BL板橋,中山,817910
景美,西門,817138
石牌,關渡,815529
後山埤,忠孝復興,813766
善導寺,BL板橋,813592
頂溪,台大醫院,813573
西門,七張,812831
永安市場,行天宮,812330
台北101/世貿,劍潭,810862
台北車站,竹圍,808196
行天宮,景安,807772
南港展覽館,新埔,807763
行天宮,永安市場,806333
南勢角,頂溪,804582
江子翠,龍山寺,803506
港墘,南京復興,802890
亞東醫院,忠孝復興,802774
北門,松江南京,800046
南京復興,市政府,799950
南京三民,南京復興,799225
公館,台大醫院,799157
後山埤,國父紀念館,797861
西湖,南京復興,796508
忠孝敦化,府中,795659
市政府,景安,795427
忠孝新生,國父紀念館,795292
景美,公館,793849
府中,中山,793248
石牌,紅樹林,792231
北門,公館,791939
松江南京,新埔,791617
七張,西門,790871
南京三民,北門,790586
芝山,劍潭,789255
亞東醫院,忠孝敦化,788098
南京復興,南京三民,787549
南勢角,古亭,787126
松江南京,南勢角,786173
國父紀念館,後山埤,785843
中山,龍山寺,785690
古亭,東門,784765
西門,永安市場,784691
市政府,中山,783993
北門,中山,782912
大坪林,新店,782589
海山,亞東醫院,782215
龍山寺,忠孝敦化,781837
頂溪,忠孝復興,781737
台北101/世貿,淡水,781689
劍潭,石牌,780604
忠孝復興,善導寺,780194
永寧,新埔,779994
松江南京,北門,778890
中山,江子翠,778623
行天宮,西門,777310
永寧,西門,775703
圓山,台北101/世貿,775148
中山,中正紀念堂,774538
中山,民權西路,772831
BL板橋,南京復興,771988
北門,南京三民,770902
動物園,台北車站,768720
松江南京,BL板橋,768063
東門,古亭,767955
忠孝新生,景安,767404
中山國中,台北車站,766477
中山,大坪林,766068
圓山,北投,766062
忠孝復興,六張犁,764736
龍山寺,府中,763331
台北車站,南港,763267
頂溪,公館,762507
忠孝新生,古亭,762363
東門,景安,761260
忠孝復興,海山,761231
忠孝復興,亞東醫院,761123
府中,忠孝新生,760880
台北車站,奇岩,760576
南京三民,松江南京,759493
中山,永安市場,759288
國父紀念館,忠孝新生,758032
永安市場,忠孝新生,756247
台北車站,台北橋,756107
市政府,南京復興,754553
劍潭,士林,754547
港墘,內湖,754435
新店,大坪林,754376
南勢角,行天宮,754055
中山,北投,753840
永安市場,南勢角,753506
景安,東門,749208
忠孝敦化,龍山寺,748828
海山,永寧,748568
中山,市政府,747604
公館,北門,747498
忠孝新生,龍山寺,746921
民權西路,石牌,746297
大安,忠孝復興,745798
忠孝新生,南港展覽館,745316
台北車站,大橋頭站,744753
東門,永安市場,743951
士林,西門,742163
雙連,劍潭,742028
劍潭,雙連,741489
大坪林,中山,740628
西門,行天宮,738160
忠孝新生,東門,737777
市政府,東湖,736726
萬芳醫院,台北車站,735578
竹圍,台北車站,734120
關渡,北投,734035
景安,忠孝新生,733624
雙連,淡水,733195
龍山寺,忠孝新生,732921
港墘,忠孝復興,731926
中山,北門,731887
六張犁,萬芳醫院,730602
西湖,南港展覽館,729672
中山,府中,729559
西門,東門,728081
台北101/世貿,圓山,727907
大安,南京復興,727779
西門,南勢角,727772
西門,士林,727753
市政府,松江南京,727625
北投,關渡,726904
忠孝復興,中山國中,725740
北投,圓山,724917
紅樹林,石牌,724861
劍潭,芝山,724802
古亭,忠孝新生,724189
石牌,民權西路,722291
景安,台北101/世貿,721915
永寧,海山,720829
劍南路,南京復興,720385
唭哩岸,台北車站,719988
行天宮,古亭,719790
松山,北門,718258
忠孝復興,中山,717496
永安市場,西門,716863
行天宮,中山,716523
松江南京,蘆洲,715999
公館,新店區公所,715114
中山,景安,715100
台北車站,唭哩岸,714228
忠孝復興,大安,713923
北門,台北小巨蛋,713441
BL板橋,善導寺,711008
大橋頭站,台北車站,711007
劍潭,台北101/世貿,710598
東門,忠孝新生,710091
公館,新店,709487
永春,後山埤,709159
松江南京,古亭,706205
大坪林,新店區公所,705662
南京復興,劍南路,704248
永安市場,東門,704164
港墘,葫洲,703760
古亭,行天宮,703741
大坪林,古亭,703277
內湖,港墘,702882
古亭,松江南京,701909
南勢角,市政府,701750
江子翠,中山,700243
市政府,行天宮,699304
南港,忠孝新生,698492
東湖,市政府,698356
南京復興,港墘,698125
忠孝新生,江子翠,697764
民權西路,圓山,697265
北投,芝山,696528
昆陽,忠孝敦化,696032
忠孝新生,中山,695665
台北橋,台北車站,694480
港墘,南港,694470
府中,松江南京,694056
府中,善導寺,693994
BL板橋,松江南京,693782
江子翠,南京復興,691361
南京復興,西湖,690216
忠孝敦化,頂溪,690037
忠孝復興,永安市場,689188
南勢角,永安市場,689084
西門,景安,688999
六張犁,南京復興,688548
台大醫院,中山,686133
行天宮,南勢角,686022
古亭,大坪林,685912
台北101/世貿,永安市場,685244
蘆洲,行天宮,685081
新店,公館,684272
圓山,西門,683591
永安市場,台大醫院,683430
南勢角,西門,682651
忠孝新生,府中,682005
台大醫院,公館,681760
府中,南京復興,681663
南港,台北車站,680244
後山埤,永春,679810
古亭,市政府,679644
松江南京,南京三民,679451
府中,頂埔,678703
台大醫院,永安市場,678483
府中,永寧,678346
士林,台北101/世貿,678304
六張犁,忠孝復興,677838
新店,西門,676878
南港,內湖,676843
南港展覽館,BL板橋,676175
港墘,台北車站,675750
中正紀念堂,公館,674916
台北101/世貿,景安,674013
西門,南港,673356
忠孝敦化,亞東醫院,673253
江子翠,忠孝新生,672934
葫洲,港墘,672639
公館,中正紀念堂,672055
雙連,士林,671063
永安市場,台北101/世貿,670591
台北小巨蛋,北門,669950
忠孝新生,南港,668005
海山,忠孝復興,667053
台北101/世貿,石牌,665899
中山,景美,665605
行天宮,忠孝新生,665323
南京復興,大直,664710
南京復興,大坪林,663105
士林,雙連,662840
西湖,忠孝復興,662826
景安,中山,662649
忠孝敦化,海山,662174
台北車站,新北投,661680
大安森林公園,台北101/世貿,661631
台大醫院,中正紀念堂,661379
士林,明德,661271
民權西路,劍潭,661193
中山,忠孝復興,659331
頂溪,忠孝敦化,658934
江子翠,松江南京,658556
北門,古亭,658085
奇岩,石牌,656855
北投,中山,656817
西門,新店區公所,656565
南京復興,江子翠,656418
北門,松山,656109
信義安和,中山,655642
民權西路,士林,654942
忠孝新生,南勢角,654819
台北101/世貿,士林,652416
市政府,古亭,650638
永安市場,中山,650530
大直,南京復興,650265
劍潭,民權西路,650252
南京復興,大安,650027
市政府,南勢角,650006
中山,七張,649290
新北投,台北車站,648781
公館,萬隆,647846
松山機場,台北車站,646412
海山,忠孝敦化,645835
西門,新店,645636
台北101/世貿,台大醫院,645459
景安,台大醫院,643517
景安,西門,642817
西門,圓山,642141
劍南路,忠孝復興,640850
南港展覽館,善導寺,640364
景美,萬隆,640357
松山,行天宮,639793
士林,紅樹林,637949
明德,士林,637752
石牌,竹圍,636628
古亭,北門,636495
士林,士林,636311
竹圍,紅樹林,636249
善導寺,忠孝敦化,635724
忠孝敦化,昆陽,635139
內湖,南港,634987
松江南京,江子翠,633021
南港,東湖,632507
台北101/世貿,雙連,631213
忠孝復興,景安,630554
石牌,雙連,630118
雙連,石牌,628635
大安,萬芳醫院,628199
永安市場,南京復興,628174
南港,港墘,627645
景安,南京復興,627185
中山,台電大樓,625866
新埔,台北小巨蛋,625656
新店區公所,公館,625138
西門,後山埤,625064
士林,民權西路,623370
南勢角,忠孝新生,623161
松江南京,南京復興,622268
台大醫院,台北101/世貿,622040
大坪林,南京復興,621830
龍山寺,國父紀念館,621750
亞東醫院,龍山寺,619824
中山,紅樹林,619433
忠孝新生,行天宮,619109
大安,中山,618573
石牌,奇岩,618423
台北車站,西湖,617710
行天宮,東門,617683
三和國中,松江南京,617200
松江南京,東門,616836
永寧,府中,616497
台北車站,港墘,616494
科技大樓,萬芳醫院,616422
南港展覽館,內湖,616317
圓山,民權西路,616011
明德,圓山,615217
新店區公所,大坪林,615122
圓山,明德,614613
頂埔,府中,614182
台北車站,劍南路,613875
內湖,南港展覽館,613765
中山,信義安和,613606
台電大樓,中山,613317
南港展覽館,東湖,613173
西湖,台北車站,612249
府中,國父紀念館,611248
後山埤,西門,608349
中山,南勢角,607847
龍山寺,亞東醫院,607103
圓山,圓山,606342
古亭,南京復興,605953
行天宮,松山,605623
紅樹林,關渡,604997
西門,昆陽,604154
南勢角,台北101/世貿,602613
三民高中,松江南京,601916
南京復興,松江南京,601692
景美,中山,600179
善導寺,龍山寺,599805
南京復興,永安市場,599778
中山國中,市政府,598997
萬芳醫院,大安,598547
蘆洲,市政府,598483
新店區公所,西門,598309
忠孝敦化,善導寺,598296
圓山,台大醫院,598046
江子翠,善導寺,598039
士林,關渡,597824
小南門,台北車站,596300
淡水,明德,596075
永春,昆陽,596071
海山,頂埔,595983
新莊,迴龍,595966
國父紀念館,忠孝敦化,595362
中正紀念堂,圓山,594480
劍南路,內湖,594418
民權西路,芝山,594273
中正紀念堂,中正紀念堂,593929
新埔,頂埔,593595
南京復興,六張犁,593460
南勢角,台大醫院,593406
大坪林,中正紀念堂,592738
南港,西門,592219
忠孝敦化,國父紀念館,591460
善導寺,府中,590804
中正紀念堂,頂溪,589282
松江南京,徐匯中學,589168
國父紀念館,龍山寺,589150
新埔,南京三民,588831
松江南京,三民高中,588285
中山國小,松江南京,588264
中正紀念堂,東門,587701
北投,紅樹林,587291
中山,新店區公所,587114
昆陽,西門,587008
內湖,劍南路,586804
龍山寺,南京復興,586465
關渡,士林,586403
頂溪,台北小巨蛋,585833
南京復興,古亭,585604
松山,台北車站,584907
南京復興,龍山寺,584713
東門,南勢角,584538
善導寺,江子翠,584177
徐匯中學,松江南京,584124
芝山,紅樹林,583516
龍山寺,海山,583300
淡水,南京復興,583245
中山,海山,583116
景美,七張,582697
永春,忠孝新生,582242
雙連,西門,581930
淡水,台大醫院,581693
府中,土城,581336
亞東醫院,永寧,580915
台大醫院,景安,580210
昆陽,國父紀念館,579775
中山國小,市政府,579332
南勢角,南京復興,578986
松江南京,府中,578855
台北101/世貿,芝山,578748
台北車站,松山機場,578391
關渡,紅樹林,577807
圓山,中正紀念堂,577597
永安市場,忠孝復興,577017
頂溪,信義安和,576660
東湖,港墘,575974
中山,忠孝新生,575848
江子翠,國父紀念館,575324
萬芳醫院,科技大樓,575275
劍南路,台北車站,574818
港墘,東湖,574810
頂溪,大安,574485
中正紀念堂,台大醫院,573994
象山,中山,573793
東門,松江南京,573639
新北投,淡水,573386
南港軟體園區,東湖,573087
景安,永安市場,572953
七張,中山,572248
台電大樓,大坪林,572035
台北小巨蛋,新埔,571539
行天宮,蘆洲,571393
台大醫院,東門,570916
北投,劍潭,570804
芝山,民權西路,570501
東湖,南港,569854
台北101/世貿,大安森林公園,569658
海山,忠孝新生,569236
國父紀念館,江子翠,568881
迴龍,新莊,568218
忠孝新生,海山,568080
石牌,台北101/世貿,567410
木柵,萬芳醫院,567364
頂埔,新埔,566992
忠孝復興,南勢角,566527
忠孝復興,劍南路,566506
南勢角,東門,565262
亞東醫院,忠孝新生,565139
港墘,劍南路,564882
竹圍,石牌,564410
忠孝新生,永春,563794
大安,頂溪,563686
中山,大安,563126
忠孝敦化,中山,562720
亞東醫院,南京復興,561754
新埔,台北101/世貿,561734
台北小巨蛋,頂溪,560782
亞東醫院,善導寺,560464
中山國中,港墘,559926
葫洲,南港,559705
台大醫院,圓山,559625
中山,行天宮,559409
江子翠,海山,559200
台大醫院,古亭,558826
昆陽,忠孝復興,558510
科技大樓,中山國中,558477
萬芳醫院,六張犁,558475
永安市場,景安,557945
松江南京,三和國中,557617
景安,忠孝復興,557576
台北車站,小南門,557056
台北101/世貿,南勢角,556886
淡水,松江南京,556490
古亭,台北101/世貿,556077
永寧,亞東醫院,555686
中山國中,科技大樓,555615
頂溪,南京三民,554663
新店,七張,554153
昆陽,永春,553857
信義安和,頂溪,553651
景美,新店,553625
亞東醫院,松江南京,553597
劍潭,北投,553507
雙連,芝山,553232
台北101/世貿,古亭,553065
行天宮,松江南京,552953
七張,新店,552455
南京復興,景安,552132
南港,葫洲,551111
海山,龍山寺,550775
明德,淡水,550524
景美,古亭,550400
頂溪,中正紀念堂,549483
大坪林,台大醫院,549077
東湖,南港展覽館,548945
東門,中正紀念堂,548855
台大醫院,淡水,548729
台北小巨蛋,南京三民,548140
古亭,景美,547838
南京復興,府中,547469
中山,蘆洲,546867
南勢角,中山,545936
松江南京,忠孝新生,545579
明德,北投,545244
南港展覽館,劍南路,544894
東湖,南港軟體園區,544485
萬隆,公館,543460
港墘,中山國中,543331
頂埔,海山,543200
海山,中山,542544
萬芳醫院,木柵,542415
民權西路,北投,542274
公館,BL板橋,542137
七張,古亭,541920
市政府,中山國小,541502
東門,行天宮,541451
松江南京,忠孝復興,540399
劍潭,劍潭,540152
永寧,市政府,540073
三重國小,松江南京,539786
松江南京,龍山寺,539699
古亭,台大醫院,537511
蘆洲,民權西路,537335
劍南路,中山國中,536659
南京三民,台北小巨蛋,536558
中山,忠孝敦化,536024
忠孝復興,大直,535909
台電大樓,公館,535872
忠孝復興,古亭,535809
市政府,永寧,535664
南港軟體園區,南港,535620
BL板橋,南港展覽館,535386
龍山寺,松江南京,535114
松江南京,中山國小,535057
新店,景美,534850
台大醫院,南勢角,534769
南京復興,中山國中,534503
南京三民,新埔,534492
南港展覽館,龍山寺,534340
海山,南京復興,534228
紅樹林,北投,533522
蘆洲,中山,533029
紅樹林,士林,532721
中山國中,南京復興,532345
新莊,松江南京,531255
市政府,中山國中,531212
海山,松江南京,531173
信義安和,西門,530992
七張,景美,530544
芝山,台北101/世貿,530486
北投,竹圍,530284
台北小巨蛋,BL板橋,529989
善導寺,南港展覽館,529974
圓山,紅樹林,529854
市政府,蘆洲,529842
亞東醫院,中山,529491
西門,動物園,529118
江子翠,南港展覽館,528967
海山,江子翠,528843
劍南路,港墘,527707
南京三民,頂溪,526348
大坪林,台電大樓,526314
台北車站,大直,525964
松江南京,松江南京,525599
台北車站,土城,525496
景美,新店區公所,525215
中正紀念堂,大坪林,524893
松江南京,行天宮,524517
蘆洲,中山國小,524226
西門,雙連,523624
中山國小,頂溪,523591
古亭,忠孝復興,523226
國父紀念館,府中,522743
國父紀念館,昆陽,522068
龍山寺,南港展覽館,521257
大直,忠孝復興,521232
古亭,七張,520919
中山國中,萬芳醫院,520867
忠孝新生,松江南京,520567
忠孝復興,昆陽,520502
頂溪,國父紀念館,519852
南港展覽館,江子翠,519552
芝山,雙連,519536
大安,西門,518387
松江南京,新莊,517617
動物園,忠孝復興,517555
頂溪,南港展覽館,517551
頂溪,中山國小,517390
劍南路,南港展覽館,516861
頂埔,台北車站,516750
雙連,中山,516500
象山,東門,516256
七張,小碧潭,515932
西門,石牌,515667
信義安和,東門,515175
中正紀念堂,士林,515116
石牌,唭哩岸,514463
土城,府中,514074
松江南京,三重國小,513530
萬隆,景美,512932
中山國小,蘆洲,512150
大坪林,七張,512121
內湖,南京復興,511968
紅樹林,竹圍,511729
三重,台北橋,511454
劍潭,台大醫院,511125
亞東醫院,國父紀念館,510937
公館,景安,510839
三重,行天宮,510692
雙連,台北101/世貿,510258
忠孝復興,港墘,510141
石牌,西門,508996
行天宮,忠孝復興,508679
台北101/世貿,BL板橋,508429
南勢角,忠孝復興,507729
竹圍,北投,507720
西門,萬隆,507605
紅樹林,中山,506602
奇岩,淡水,506273
象山,淡水,506204
龍山寺,善導寺,506094
南京復興,內湖,505957
行天宮,BL板橋,505854
新埔,公館,504682
古亭,中正紀念堂,504567
大橋頭站,行天宮,504561
新埔,昆陽,504204
BL板橋,台北小巨蛋,504019
內湖,南港軟體園區,503715
小碧潭,七張,503378
忠孝新生,亞東醫院,503007
中山,象山,502848
迴龍,松江南京,502655
三民高中,行天宮,501523
新埔,行天宮,501330
淡水,奇岩,500604
三和國中,市政府,500491
國父紀念館,頂溪,500179
善導寺,國父紀念館,499734
台北車站,頂埔,498956
府中,南港展覽館,498767
紅樹林,圓山,498578
萬隆,西門,498357
公館,永安市場,498311
台北車站,松山,498134
淡水,信義安和,498089
南港展覽館,葫洲,498085
行天宮,龍山寺,497894
中山國小,忠孝新生,497869
永春,善導寺,497254
中山國中,劍南路,496134
新莊,行天宮,495523
中山國中,西湖,494918
南京復興,南勢角,494577
松山,大坪林,494416
新埔,土城,494386
動物園,南京復興,494242
南京復興,南京復興,494089
新店區公所,中山,493760
中正紀念堂,淡水,493574
迴龍,行天宮,493409
西湖,中山國中,493247
中山,三和國中,492835
南勢角,景安,492718
明德,芝山,492357
芝山,關渡,492257
葫洲,南港軟體園區,492083
中山國中,大安,492035
台電大樓,頂溪,491537
龍山寺,行天宮,491295
中山,明德,491185
中山,徐匯中學,490768
行天宮,三民高中,490600
葫洲,南港展覽館,490248
象山,信義安和,490198
徐匯中學,行天宮,489785
南港軟體園區,內湖,489371
中正紀念堂,新埔,489333
萬芳醫院,中山國中,489057
古亭,BL板橋,488946
士林,中正紀念堂,488700
民權西路,蘆洲,487136
行天宮,徐匯中學,486735
公館,新埔,486719
中正紀念堂,北門,486560
南京三民,古亭,486226
明德,中山,486185
葫洲,市政府,485829
松江南京,海山,485826
南京三民,BL板橋,485799
淡水,中正紀念堂,485373
唭哩岸,石牌,485282
頂埔,西門,485130
中山,亞東醫院,484672
台大醫院,石牌,484100
台北101/世貿,民權西路,483817
南港展覽館,頂溪,483628
忠孝新生,中山國小,483603
行天宮,台北101/世貿,483411
中山,雙連,483151
劍南路,葫洲,482918
石牌,台大醫院,482512
西門,信義安和,482012
蘆洲,南京復興,481881
芝山,明德,481805
中正紀念堂,古亭,481701
土城,台北車站,481652
市政府,市政府,480614
信義安和,中正紀念堂,480479
海山,善導寺,480238
新埔,古亭,480131
大坪林,松江南京,480034
奇岩,士林,479750
善導寺,忠孝新生,479529
丹鳳,松江南京,479511
行天宮,新埔,479407
中正紀念堂,南京復興,478906
北門,中正紀念堂,478811
忠孝新生,善導寺,478616
北投,民權西路,478565
淡水,市政府,478416
東門,市政府,478272
中正紀念堂,BL板橋,478188
公館,台電大樓,477796
新埔,中正紀念堂,477604
台大醫院,大坪林,477287
新埔,永春,477251
市政府,內湖,477019
龍山寺,永春,476850
南京復興,海山,476782
雙連,北投,476378
民權西路,台北101/世貿,475586
台北101/世貿,新埔,475532
龍山寺,中正紀念堂,474959
輔大,台北車站,474883
關渡,芝山,474560
中山,三重國小,473744
大橋頭站,台北橋,473517
台北小巨蛋,松江南京,473327
三和國中,行天宮,473307
善導寺,海山,472931
內湖,西湖,472923
景安,公館,472527
圓山,關渡,472455
南京復興,中正紀念堂,472254
西門,頂埔,472093
市政府,三和國中,472038
後山埤,昆陽,472018
民權西路,徐匯中學,471759
松山,頂溪,471552
國父紀念館,善導寺,471469
忠孝復興,東門,471180
善導寺,亞東醫院,471154
BL板橋,台北101/世貿,470982
中山,台大醫院,470696
七張,大坪林,470586
紅樹林,芝山,470510
忠孝敦化,永安市場,469531
永春,BL板橋,469434
南勢角,善導寺,469303
BL板橋,公館,468895
台大醫院,士林,468692
大安,中山國中,468240
市政府,葫洲,468209
西湖,南港,468144
大直,台北車站,468116
台北橋,三重,468045
江子翠,台北小巨蛋,467493
台北101/世貿,南京復興,466977
中正紀念堂,永安市場,466867
永春,新埔,466709
松江南京,台北小巨蛋,466682
南京復興,淡水,466593
南港,南港軟體園區,466575
古亭,南京三民,466410
士林,奇岩,466183
古亭,新埔,465342
市政府,徐匯中學,464485
龍山寺,台北101/世貿,464454
北門,台電大樓,464366
忠孝復興,忠孝復興,464175
台北101/世貿,松江南京,463892
中正紀念堂,劍潭,463610
東門,信義安和,463274
昆陽,新埔,463108
象山,頂溪,462875
中正紀念堂,信義安和,462669
圓山,信義安和,462032
南港軟體園區,葫洲,461535
土城,新埔,461250
東門,忠孝復興,461243
象山,中正紀念堂,461199
台電大樓,古亭,461168
行天宮,新莊,460810
永春,龍山寺,459291
Y板橋,輔大,458557
三和國中,中山,458443
府中,台北小巨蛋,457456
葫洲,西湖,457261
七張,中正紀念堂,457151
科技大樓,港墘,456971
台電大樓,北門,456671
信義安和,象山,456456
蘆洲,忠孝新生,456410
永安市場,中正紀念堂,456364
BL板橋,行天宮,455588
三重國小,市政府,455523
南港展覽館,府中,455427
市政府,三重國小,455394
關渡,圓山,454495
BL板橋,南京三民,454488
大橋頭站,三重國小,454326
松江南京,大坪林,454300
西門,芝山,453675
善導寺,永春,453530
永安市場,忠孝敦化,452769
徐匯中學,市政府,452557
民權西路,頂溪,452464
中山,三民高中,452462
劍潭,中正紀念堂,451532
景安,忠孝敦化,450909
迴龍,台北車站,450884
後山埤,忠孝新生,450772
劍潭,市政府,450188
淡水,行天宮,450087
頂溪,松山,449074
北投,明德,448769
江子翠,南京三民,448729
西門,中山國小,448438
中山國小,西門,448286
信義安和,圓山,448129
大安,東門,448127
台北車站,輔大,448076
台大醫院,雙連,447897
忠孝復興,內湖,447884
科技大樓,西湖,447332
松江南京,台北101/世貿,447179
頂溪,象山,446701
龍山寺,永寧,446095
台北101/世貿,行天宮,445944
松江南京,淡水,445902
西湖,內湖,445897
行天宮,三重,445693
動物園,西門,445632
景美,中正紀念堂,445539
景安,中正紀念堂,445501
BL板橋,古亭,444510
葫洲,劍南路,444448
松山,古亭,444435
台大醫院,劍潭,443839
大坪林,頂溪,443754
大橋頭站,松江南京,443617
南京復興,亞東醫院,443604
昆陽,後山埤,443449
景安,大安,443307
台北車站,迴龍,443256
丹鳳,行天宮,443073
亞東醫院,南港展覽館,442787
古亭,台電大樓,442578
忠孝敦化,景安,442332
七張,台大醫院,442294
江子翠,台北101/世貿,441540
芝山,西門,441281
西門,土城,441265
台北橋,大橋頭站,441155
中正紀念堂,象山,441075
南港,西湖,439619
松江南京,亞東醫院,438925
大直,中山國中,438317
圓山,市政府,437953
北門,大坪林,437774
民權西路,西門,437453
大橋頭站,忠孝新生,437331
府中,台北101/世貿,437302
忠孝復興,松江南京,436974
公館,南勢角,436720
士林,台大醫院,436683
國父紀念館,亞東醫院,436611
內湖,市政府,436409
市政府,東門,436050
永安市場,信義安和,435979
中正紀念堂,石牌,435879
中正紀念堂,景美,435799
中山,萬隆,435194
松山,公館,435009
北投,雙連,434592
新店區公所,景美,434372
永安市場,南京三民,433653
西門,大安,433556
頂溪,台電大樓,433169
海山,國父紀念館,432683
台北小巨蛋,江子翠,432620
永安市場,公館,432578
頂溪,民權西路,432357
台北101/世貿,忠孝新生,432327
三民高中,市政府,432085
芝山,台大醫院,431774
南京三民,江子翠,431480
中山國中,六張犁,431392
中正紀念堂,雙連,431002
淡水,象山,430613
忠孝新生,後山埤,430578
民權西路,紅樹林,430278
中正紀念堂,七張,430011
永安市場,台北小巨蛋,430009
大安,中正紀念堂,429839
景安,信義安和,429298
市政府,三民高中,429048
徐匯中學,民權西路,428887
大安,台大醫院,428883
國父紀念館,海山,428669
六張犁,港墘,428467
古亭,新店區公所,428150
古亭,松山,428052
淡水,東門,428034
南京復興,動物園,427936
公館,圓山,427697
忠孝新生,忠孝新生,427510
台北小巨蛋,古亭,427354
東門,台大醫院,427299
土城,西門,427264
新店,中山,427171
景美,台大醫院,427127
士林,唭哩岸,427115
大坪林,松山,427072
台電大樓,中正紀念堂,426939
台大醫院,芝山,426707
象山,大安,426516
圓山,大安,426310
景安,台北小巨蛋,426105
淡水,BL板橋,425844
明德,石牌,425788
古亭,台北小巨蛋,425578
台大醫院,信義安和,424856
港墘,大安,424555
忠孝復興,西湖,424221
頂埔,市政府,423594
永寧,龍山寺,423137
景安,中山國小,422527
石牌,市政府,422411
南港展覽館,昆陽,422375
忠孝新生,蘆洲,422211
公館,松山,422042
劍潭,龍山寺,421971
行天宮,三和國中,421819
東門,象山,421813
民權西路,三民高中,421649
BL板橋,永春,421624
中山國小,景安,421029
中山國中,大直,420766
忠孝復興,動物園,419680
徐匯中學,中山,419523
六張犁,中山國中,419336
南京三民,龍山寺,418274
中山國小,三民高中,418238
松江南京,迴龍,417901
南京復興,台北101/世貿,417493
龍山寺,南京三民,417443
忠孝復興,行天宮,417256
忠孝復興,永寧,417242
信義安和,淡水,417163
台北101/世貿,龍山寺,417059
景安,南勢角,417021
大橋頭站,蘆洲,416999
大橋頭站,三民高中,416807
劍潭,BL板橋,416325
內湖,忠孝復興,416305
大坪林,北門,416187
大安,港墘,415750
頂溪,大坪林,415742
葫洲,南京復興,415271
行天宮,大橋頭站,415192
信義安和,台大醫院,414986
淡水,新北投,414757
淡水,大安,414526
三重國小,行天宮,414141
三和國中,南京復興,414078
劍潭,頂溪,413644
永安市場,大安,413434
台北小巨蛋,永安市場,413307
頂溪,石牌,412776
亞東醫院,頂埔,412344
中山,新店,412188
淡水,龍山寺,412167
石牌,南京復興,412007
南勢角,公館,411842
中正紀念堂,大安,411811
奇岩,芝山,411177
麟光,萬芳醫院,410985
信義安和,永安市場,410930
BL板橋,中正紀念堂,410319
頂溪,劍潭,410267
中正紀念堂,景安,410208
三重,松江南京,409803
港墘,科技大樓,409508
明德,劍潭,409393
六張犁,西湖,409195
新店區公所,古亭,409110
民權西路,民權西路,408992
中山國小,徐匯中學,408984
圓山,公館,408852
北門,景美,408671
南京復興,葫洲,408394
內湖,葫洲,407978
東門,圓山,407960
蘆洲,大橋頭站,407948
石牌,中正紀念堂,407709
南京三民,永安市場,407442
西門,民權西路,407021
頂埔,亞東醫院,406778
大橋頭站,徐匯中學,406550
古亭,忠孝敦化,406445
行天宮,忠孝敦化,405574
府中,南京三民,405408
南京三民,中正紀念堂,405020
行天宮,迴龍,405014
松江南京,中正紀念堂,404992
民權西路,三和國中,404983
頂溪,圓山,404966
芝山,市政府,404669
菜寮,松江南京,404640
西湖,葫洲,404457
大安,景安,404311
中正紀念堂,龍山寺,404069
南港展覽館,亞東醫院,403789
大安,圓山,403639
大安,永安市場,403617
奇岩,圓山,403028
新店,南京復興,403021
龍山寺,台北小巨蛋,402517
台北車站,東湖,402386
南港展覽館,文德,402322
菜寮,行天宮,402279
台北101/世貿,忠孝復興,402220
忠孝敦化,古亭,402176
新埔,雙連,402042
南京復興,蘆洲,401552
後山埤,善導寺,401012
大坪林,萬隆,400439
象山,西門,400349
芝山,唭哩岸,400311
松江南京,丹鳳,400219
關渡,中山,399636
圓山,南京復興,399367
蘆洲,台北101/世貿,399337
芝山,奇岩,399311
三和國中,民權西路,399234
頂溪,雙連,399015
忠孝新生,台北101/世貿,398991
淡水,頂溪,398385
大橋頭站,三和國中,398230
唭哩岸,士林,398159
中正紀念堂,台電大樓,397887
三民高中,民權西路,397740
大橋頭站,三重,397704
淡水,公館,397036
市政府,圓山,396941
中山國小,三和國中,396902
東門,淡水,396462
西門,北投,396316
紅樹林,紅樹林,396191
府中,行天宮,396061
忠孝新生,徐匯中學,395465
文德,南港展覽館,395417
南港展覽館,南京復興,395242
科技大樓,市政府,394820
象山,圓山,394654
忠孝復興,中山國小,394543
新店區公所,新店,394513
三重國小,中山,394315
新店,新店區公所,394275
圓山,東門,394166
景安,南京三民,393704
南港展覽館,松江南京,393587
南京復興,石牌,393370
六張犁,大安,393122
土城,市政府,393113
三重國小,大橋頭站,392722
三民高中,中山,392411
小南門,古亭,392317
港墘,南港軟體園區,392220
台北101/世貿,江子翠,392110
士林,竹圍,392001
市政府,劍潭,391959
雙連,新埔,391585
府中,公館,391512
南勢角,忠孝敦化,391437
中正紀念堂,芝山,391274
大橋頭站,市政府,391247
雙連,台大醫院,391246
善導寺,頂溪,391140
龍山寺,淡水,390642
昆陽,南港展覽館,390641
龍山寺,劍潭,390316
東門,劍潭,390116
中山國小,忠孝復興,389861
萬隆,大坪林,389577
龍山寺,龍山寺,389303
台北小巨蛋,景安,389021
新店區公所,台大醫院,389017
中山國小,東門,388624
中正紀念堂,南京三民,387829
劍潭,東門,387768
台北車站,麟光,387723
劍潭,南京復興,387677
公館,南京復興,387576
北門,頂溪,387187
永安市場,南港展覽館,387026
士林,市政府,386933
南京復興,圓山,386910
小南門,公館,386239
行天宮,三重國小,386129
永寧,忠孝復興,385757
萬隆,中山,385575
忠孝敦化,南勢角,385337
七張,松江南京,385209
昆陽,忠孝新生,385176
三重,中山國小,384924
台北小巨蛋,龍山寺,384570
頂溪,北門,384503
信義安和,景安,384425
松江南京,七張,384145
石牌,頂溪,384130
東門,雙連,383996
雙連,中正紀念堂,383947
海山,南港展覽館,383712
民權西路,台大醫院,383620
忠孝新生,大橋頭站,383434
中山國小,永安市場,383382
科技大樓,大安,383381
蘆洲,忠孝復興,382757
大直,劍南路,382600
中山國小,三重,382570
南京三民,大坪林,382393
雙連,頂溪,382311
七張,南京復興,382287
南港展覽館,海山,382050
淡水,台北小巨蛋,381914
關渡,劍潭,381892
三和國中,中山國小,381858
台電大樓,台大醫院,381706
台大醫院,民權西路,381446
新店區公所,南京復興,381410
三重,大橋頭站,381036
新埔,松山,381027
石牌,松江南京,381019
東湖,西湖,380937
北門,七張,380797
大安,象山,380757
中正紀念堂,松山,380688
中正紀念堂,松江南京,380668
台北車站,新莊,380492
南京復興,木柵,380331
南京復興,公館,379959
松江南京,輔大,379808
西湖,科技大樓,379717
龍山寺,雙連,379280
頂溪,善導寺,379197
三民高中,中山國小,379130
忠孝復興,蘆洲,379056
松江南京,台北橋,378996
新店,古亭,378865
紅樹林,民權西路,378798
東門,大安,378758
海山,土城,377948
台北車站,內湖,377489
芝山,南京復興,377462
行天宮,淡水,377317
圓山,象山,377308
古亭,中山國小,377078
南京復興,東門,377059
府中,府中,376382
江子翠,行天宮,376352
三和國中,忠孝新生,376352
松江南京,三重,376251
市政府,科技大樓,376173
劍潭,公館,375434
中山國小,古亭,375056
南京三民,公館,375052
新埔,南港,374990
府中,古亭,374898
木柵,南京復興,374865
港墘,六張犁,374357
唭哩岸,北投,374197
大安森林公園,中山,373508
頂溪,士林,373371
松江南京,忠孝敦化,373143
龍山寺,士林,372793
東湖,台北車站,372516
大安森林公園,信義安和,372333
劍潭,松江南京,372236
台北小巨蛋,府中,372197
芝山,竹圍,372187
象山,台大醫院,371978
景安,國父紀念館,371856
東門,中山國小,371778
大坪林,南京三民,371479
公館,南京三民,371460
港墘,萬芳醫院,371234
府中,中正紀念堂,370940
三民高中,大橋頭站,370927
行天宮,江子翠,370924
淡水,南京三民,370885
徐匯中學,南京復興,370551
劍潭,紅樹林,370473
中山國小,中山,370353
大橋頭站,頂溪,369812
景美,北門,369725
南港展覽館,永安市場,369628
台電大樓,七張,369546
三和國中,大橋頭站,369225
淡水,忠孝復興,368971
南京復興,徐匯中學,368865
行天宮,菜寮,368851
徐匯中學,中山國小,368826
信義安和,石牌,368824
雙連,龍山寺,368460
南京復興,七張,368402
西湖,劍南路,368241
小南門,中山,367866
新莊,民權西路,367710
萬芳醫院,港墘,367673
台北橋,松江南京,367355
淡水,淡水,367239
大安,六張犁,367185
昆陽,BL板橋,367043
台大醫院,景美,366711
中正紀念堂,市政府,366525
台北車站,丹鳳,366345
象山,石牌,366323
劍潭,明德,366260
士林,東門,365974
龍山寺,昆陽,365723
南港展覽館,中山,365624
三重,民權西路,365487
台大醫院,七張,365446
劍潭,信義安和,365361
市政府,台北橋,365282
松江南京,石牌,365262
永安市場,國父紀念館,365238
東門,南京復興,364976
石牌,明德,364830
雙連,東門,364668
唭哩岸,芝山,364595
圓山,頂溪,364536
台大醫院,大安,364460
新店區公所,松江南京,364396
南勢角,台北小巨蛋,364044
亞東醫院,台北小巨蛋,363999
市政府,土城,363706
民權西路,新莊,363546
徐匯中學,忠孝新生,363367
淡水,忠孝新生,363134
忠孝復興,麟光,362448
台電大樓,景美,362397
台北101/世貿,北投,362384
劍潭,大安,362371
中山,中山國小,362246
忠孝新生,三和國中,362150
國父紀念館,中山,362095
昆陽,龍山寺,361857
公館,龍山寺,361812
蘆洲,台北小巨蛋,361785
松江南京,菜寮,361674
南京復興,芝山,361515
紅樹林,劍潭,361362
萬隆,中正紀念堂,361282
大安,大安,361219
大橋頭站,菜寮,361148
忠孝新生,三民高中,361101
亞東醫院,土城,361088
松江南京,大橋頭站,360838
迴龍,中山國小,360814
松江南京,圓山,360348
南京復興,三和國中,360310
行天宮,丹鳳,360040
劍潭,關渡,359764
行天宮,輔大,359371
南港軟體園區,港墘,359094
台大醫院,台電大樓,358956
頂溪,淡水,358682
民權西路,松江南京,358520
龍山寺,公館,358350
善導寺,後山埤,358340
中山,關渡,358245
善導寺,南勢角,358179
民權西路,永安市場,358143
台北橋,市政府,358096
BL板橋,淡水,358006
永安市場,中山國小,358001
松江南京,公館,357991
士林,BL板橋,357752
象山,劍潭,357716
葫洲,內湖,357539
古亭,小南門,357536
輔大,新莊,357411
南港軟體園區,市政府,357114
民權西路,明德,356920
劍潭,新埔,356844
公館,劍潭,356694
善導寺,中山,356623
南京復興,劍潭,356463
市政府,士林,356245
土城,頂埔,356118
忠孝新生,昆陽,355643
中正紀念堂,江子翠,355611
丹鳳,台北車站,355436
徐匯中學,大橋頭站,355036
中山國小,行天宮,354762
芝山,中正紀念堂,354415
松江南京,士林,354409
南京三民,景安,354266
輔大,迴龍,353821
國父紀念館,永安市場,353690
公館,小南門,352934
芝山,松江南京,352568
萬隆,台大醫院,352452
大橋頭站,中山國小,352278
內湖,台北車站,351829
松山,新埔,351673
北投,台大醫院,351672
中正紀念堂,民權西路,351516
石牌,石牌,351472
市政府,芝山,351430
西門,徐匯中學,351343
市政府,石牌,351231
士林,頂溪,351018
公館,石牌,350990
南京復興,台北小巨蛋,350953
明德,關渡,350767
內湖,東湖,350580
東湖,南京復興,350218
東門,士林,349903
台大醫院,北投,349885
大坪林,市政府,349643
松江南京,芝山,349639
南勢角,中正紀念堂,349243
大安,淡水,349221
芝山,大安,348719
麟光,台北車站,348719
石牌,信義安和,348467
明德,民權西路,348334
迴龍,市政府,348322
象山,芝山,348321
公館,松江南京,348085
南勢角,南京三民,348055
雙連,BL板橋,347997
石牌,公館,347885
公館,士林,347852
民權西路,三重,347774
南京復興,新店區公所,347592
市政府,頂埔,347564
忠孝復興,徐匯中學,347543
松江南京,劍潭,347331
萬隆,古亭,347311
古亭,萬隆,346994
江子翠,永寧,346940
七張,台電大樓,346755
台北車站,菜寮,346657
大安,市政府,346590
台北小巨蛋,南京復興,346462
圓山,松江南京,346244
南港,新埔,346114
七張,北門,345958
新莊,台北車站,345602
土城,海山,345574
科技大樓,劍南路,345421
中山國小,迴龍,345363
善導寺,南港,345318
士林,公館,345252
台北101/世貿,府中,345156
北投,唭哩岸,345085
信義安和,劍潭,344910
松山,中山國小,344878
北投,西門,344867
士林,南京復興,344866
劍南路,大直,344715
民權西路,三重國小,344514
菜寮,大橋頭站,344497
西門,蘆洲,344416
南勢角,大安,344205
輔大,松江南京,343774
BL板橋,劍潭,343491
南京復興,士林,343415
雙連,紅樹林,343368
頭前庄,迴龍,343287
南港展覽館,行天宮,342964
松山,中正紀念堂,342342
忠孝復興,淡水,342124
新埔,西湖,342090
南京復興,忠孝新生,341981
信義安和,大安森林公園,341863
大直,港墘,341802
淡水,松山,341733
永安市場,民權西路,341724
石牌,大安,341524
民權西路,中正紀念堂,341516
士林,松江南京,341516
大安,石牌,341454
三重國小,南京復興,341414
港墘,西門,341308
昆陽,善導寺,341196
士林,信義安和,341167
公館,忠孝新生,341098
港墘,市政府,340930
忠孝敦化,行天宮,340895
公館,府中,340791
永寧,善導寺,340667
竹圍,士林,340496
文德,南港,340352
新埔,大安,340269
松江南京,民權西路,339938
公館,江子翠,339886
雙連,市政府,339718
西湖,六張犁,339595
市政府,菜寮,339441
劍南路,東湖,339286
中山,大安森林公園,339228
古亭,新店,339174
市政府,大橋頭站,339161
民權西路,市政府,338998
忠孝新生,公館,338907
市政府,新莊,338769
海山,台北101/世貿,338757
南京三民,府中,338407
景安,南港展覽館,338321
中山國小,南京復興,338300
南京復興,三重國小,337945
大坪林,台北小巨蛋,337875
台北101/世貿,紅樹林,337792
南勢角,中山國小,337768
海山,台北小巨蛋,337702
中山國小,台北101/世貿,337606
行天宮,府中,337584
圓山,奇岩,337556
迴龍,民權西路,337526
菜寮,市政府,337415
忠孝復興,劍潭,337211
大安,科技大樓,337178
忠孝復興,三重國小,337162
台北101/世貿,中山國小,336952
三和國中,台北101/世貿,336932
新店,中正紀念堂,336723
西湖,東湖,336522
南港,善導寺,336264
南港展覽館,中山國中,336223
古亭,圓山,336034
劍潭,忠孝新生,335977
新店,松江南京,335755
台北101/世貿,蘆洲,335750
土城,亞東醫院,335638
三民高中,忠孝新生,335619
後山埤,龍山寺,335612
北投,台北101/世貿,335524
北投,北投,335491
新埔,劍潭,335288
永寧,忠孝新生,335201
景安,民權西路,335189
大安,芝山,335138
信義安和,士林,334735
松山機場,劍南路,334583
南京復興,中山國小,334353
民權西路,忠孝新生,333950
大橋頭站,新莊,333865
新莊,丹鳳,333861
永寧,頂埔,333786
國父紀念館,景安,333672
松山,景安,333624
芝山,信義安和,333569
北投,新北投,333163
中山,竹圍,333156
古亭,信義安和,333133
忠孝新生,永寧,332747
松江南京,新店區公所,332616
南勢角,信義安和,332498
永安市場,善導寺,332276
龍山寺,後山埤,332222
台北小巨蛋,大坪林,332052
港墘,BL板橋,331983
忠孝復興,三和國中,331937
信義安和,古亭,331904
忠孝復興,木柵,331837
中山,國父紀念館,331715
忠孝新生,民權西路,331623
北投,復興崗,331610
民權西路,景安,331584
亞東醫院,南京三民,331478
信義安和,芝山,331215
行天宮,南京復興,331094
台北車站,忠義,330683
古亭,江子翠,330547
永寧,江子翠,330323
大安,西湖,330049
後山埤,新埔,329962
新店,松山,329947
南京復興,台電大樓,329848
行天宮,中山國小,329821
松山,七張,329770
中山,永寧,329764
唭哩岸,淡水,329633
劍南路,松山機場,329551
忠孝新生,三重國小,329463
士林,龍山寺,329378
龍山寺,頂溪,329377
龍山寺,北門,329323
BL板橋,昆陽,329309
台電大樓,南京復興,329016
中山國小,新莊,328880
松山,永安市場,328874
丹鳳,市政府,328873
忠孝敦化,松江南京,328752
善導寺,永安市場,328637
公館,淡水,328536
市政府,大坪林,328487
萬芳醫院,西湖,328362
忠孝復興,圓山,328331
南京三民,行天宮,328319
南勢角,國父紀念館,328311
南京復興,行天宮,328299
BL板橋,士林,328288
西湖,大安,327956
中山國小,南勢角,327861
蘆洲,忠孝敦化,327765
古亭,大安,327491
新店區公所,中正紀念堂,327162
港墘,大直,327109
石牌,行天宮,326875
大安,古亭,326868
中山國小,大橋頭站,326823
龍山寺,石牌,326809
西湖,松山機場,326503
輔大,中山,326389
紅樹林,雙連,326360
淡水,唭哩岸,326314
府中,永春,326277
蘆洲,西門,326202
台大醫院,新店區公所,326019
景美,南京復興,325987
迴龍,忠孝新生,325835
頂埔,土城,325346
圓山,南京三民,325284
大安,信義安和,325169
府中,昆陽,325160
新埔,後山埤,325126
松山機場,大直,325034
象山,雙連,324949
象山,士林,324916
頂溪,BL板橋,324829
奇岩,中山,324800
亞東醫院,行天宮,324689
永寧,土城,324492
市政府,雙連,324466
台北車站,復興崗,324453
劍南路,大安,324446
大直,松山機場,324335
三民高中,南京復興,324334
輔大,行天宮,324303
景安,松山,324283
劍潭,忠孝復興,324282
民權西路,行天宮,324215
新北投,石牌,323855
中正紀念堂,府中,323744
萬芳醫院,麟光,323637
忠義,台北車站,323542
菜寮,台北車站,323315
大安,劍南路,323278
圓山,忠孝復興,323078
善導寺,永寧,322990
古亭,府中,322635
三重國小,忠孝新生,322567
台北101/世貿,徐匯中學,322556
市政府,淡水,322548
海山,行天宮,322500
江子翠,公館,322425
丹鳳,新莊,322259
小南門,西門,322251
忠孝復興,台北101/世貿,321972
南港展覽館,古亭,321877
三重國小,中山國小,321602
南京復興,東湖,321573
菜寮,迴龍,321142
大橋頭站,古亭,321102
南京復興,景美,321074
石牌,龍山寺,321052
關渡,明德,320566
大坪林,行天宮,320492
三重國小,民權西路,320425
迴龍,南京復興,320418
大安,劍潭,319948
菜寮,三重,319927
中山國小,輔大,319890
麟光,南京復興,319848
西門,中山國中,319556
江子翠,中正紀念堂,319027
南港,文德,318996
景美,松江南京,318911
劍南路,文德,318815
唭哩岸,圓山,318657
信義安和,雙連,318517
忠孝新生,南京復興,318269
大安,新埔,317819
三重,菜寮,317760
三和國中,忠孝復興,317711
劍南路,西湖,317542
行天宮,南京三民,317466
亞東醫院,公館,317368
中山國小,三重國小,317363
中正紀念堂,南勢角,317353
西門,象山,317294
海山,南京三民,317283
公館,市政府,317280
新北投,士林,317074
松山,景美,316930
東湖,內湖,316701
大橋頭站,輔大,316693
BL板橋,頂溪,316620
徐匯中學,台北101/世貿,316427
中正紀念堂,新店區公所,316367
南京三民,圓山,316362
台電大樓,永安市場,316337
菜寮,新莊,316009
中正紀念堂,台北小巨蛋,315916
西門,三民高中,315686
忠孝新生,淡水,315675
劍潭,永安市場,315659
行天宮,民權西路,315588
江子翠,昆陽,315563
忠孝新生,新莊,315489
台北小巨蛋,中正紀念堂,315468
新店,台大醫院,315107
南港展覽館,南港展覽館,315101
松江南京,景美,315077
淡水,古亭,314970
景美,台電大樓,314940
圓山,忠孝新生,314926
南港展覽館,景安,314801
忠孝新生,劍潭,314728
新莊,市政府,314669
大坪林,台北101/世貿,314651
中山國小,松山,314635
劍潭,古亭,314594
永寧,松江南京,314521
亞東醫院,台北101/世貿,314518
復興崗,台北車站,314518
中山國小,忠孝敦化,314274
龍山寺,古亭,314262
大坪林,忠孝新生,313650
大坪林,東門,313550
三重國小,台北101/世貿,313418
南京復興,三民高中,313238
圓山,古亭,313215
台北小巨蛋,南勢角,313095
松江南京,南港展覽館,313090
劍南路,科技大樓,313030
大安,士林,312986
忠孝復興,辛亥,312906
動物園,大安,312876
大橋頭站,東門,312859
東門,石牌,312488
松山,龍山寺,312442
蘆洲,古亭,312299
公館,東門,312057
BL板橋,雙連,311821
中山,輔大,311762
辛亥,南京復興,311750
永安市場,松山,311719
西門,港墘,311554
古亭,龍山寺,311389
東湖,劍南路,311306
新莊,輔大,311241
迴龍,輔大,311220
蘆洲,南京三民,311170
台北101/世貿,三重國小,311040
松山,台電大樓,310994
永安市場,石牌,310807
台北車站,北門,310791
台大醫院,象山,310679
大安森林公園,中正紀念堂,310604
台北小巨蛋,公館,310495
六張犁,劍南路,310366
劍潭,象山,310332
市政府,公館,310089
新埔,士林,309928
中山國中,西門,309807
台北101/世貿,台北101/世貿,309781
竹圍,芝山,309665
三重國小,忠孝復興,309529
七張,新店區公所,309415
台北小巨蛋,淡水,309314
芝山,象山,309117
後山埤,BL板橋,309055
石牌,BL板橋,308754
行天宮,石牌,308698
景安,景安,308519
龍山寺,東門,308361
市政府,大安,308224
公館,台北小巨蛋,308165
永寧,中山,308058
士林,大安,307901
江子翠,古亭,307682
南京復興,南港展覽館,307632
迴龍,頭前庄,307629
古亭,民權西路,307475
丹鳳,民權西路,307252
永春,江子翠,307203
雙連,明德,307045
台北101/世貿,三和國中,306978
南勢角,南港展覽館,306880
松山,中山國中,306849
行天宮,信義安和,306608
菜寮,輔大,306570
市政府,迴龍,306453
台北小巨蛋,海山,306214
東門,BL板橋,306154
西門,三和國中,305894
行天宮,國父紀念館,305852
台電大樓,景安,305660
忠孝敦化,永寧,305635
古亭,士林,305616
新莊,菜寮,305456
忠孝敦化,中山國小,305403
內湖,中山國中,305292
北門,小南門,305135
民權西路,雙連,305096
徐匯中學,西門,305060
雙連,民權西路,305042
忠孝復興,石牌,304961
行天宮,行天宮,304800
西湖,新埔,304677
亞東醫院,古亭,304660
公館,芝山,304644
復興崗,淡水,304286
石牌,東門,304285
江子翠,雙連,304199
中正紀念堂,萬隆,303972
新埔,信義安和,303784
淡水,忠孝敦化,303724
古亭,蘆洲,303598
台北小巨蛋,亞東醫院,303563
忠孝復興,三民高中,303531
南京三民,忠孝新生,303415
三重,迴龍,302744
新埔,港墘,302695
行天宮,大坪林,302640
劍南路,西門,302379
西湖,西門,302332
大安,南勢角,302188
文德,南京復興,302145
民權西路,古亭,301930
台電大樓,BL板橋,301930
北投,松江南京,301920
明德,雙連,301782
新莊,南京復興,301687
迴龍,菜寮,301641
忠孝新生,迴龍,301440
信義安和,大安,301189
行天宮,台北橋,301071
江子翠,永春,300931
景安,石牌,300926
台北101/世貿,大坪林,300671
南京三民,南勢角,300548
古亭,南港展覽館,300522
萬隆,北門,300361
大安森林公園,西門,300112
士林,新北投,300061
北門,龍山寺,299981
圓山,竹圍,299966
龍山寺,圓山,299963
芝山,公館,299536
麟光,忠孝復興,299534
昆陽,江子翠,299473
古亭,石牌,299392
頂埔,永寧,299382
西湖,萬芳醫院,299324
蘆洲,雙連,299319
頭前庄,行天宮,299307
科技大樓,大直,299305
大安,雙連,299212
六張犁,木柵,299161
南京三民,台電大樓,299025
府中,劍潭,298993
東門,大坪林,298787
大安森林公園,頂溪,298749
大直,市政府,298714
港墘,新埔,298648
中山,新莊,298569
信義安和,南勢角,298484
亞東醫院,昆陽,298397
新莊,大橋頭站,298357
景安,象山,298347
西湖,BL板橋,298309
民權西路,迴龍,298117
北門,新店區公所,298052
石牌,忠孝復興,297908
松山,新店區公所,297816
東門,忠孝敦化,297811
永安市場,劍潭,297508
古亭,劍潭,297455
景安,善導寺,297286
頂溪,大橋頭站,297192
善導寺,昆陽,297126
國父紀念館,南勢角,297119
輔大,市政府,296990
BL板橋,BL板橋,296867
台電大樓,松山,296545
府中,雙連,296252
石牌,台北小巨蛋,296061
文德,劍南路,296011
景安,台電大樓,295782
行天宮,南港展覽館,295755
市政府,輔大,295456
東門,龍山寺,295422
三重,輔大,295418
中山,奇岩,295390
南京復興,新店,294867
BL板橋,港墘,294665
台北小巨蛋,蘆洲,294326
忠孝新生,台北橋,294240
中山國中,松山,294163
府中,士林,293981
淡水,復興崗,293631
西門,西湖,293512
新莊,中山國小,293277
東門,芝山,293277
士林,新埔,293214
新店區公所,七張,293180
徐匯中學,忠孝復興,293006
永安市場,象山,292964
行天宮,海山,292836
西湖,市政府,292632
北門,萬隆,292549
雙連,江子翠,292483
市政府,中正紀念堂,292431
北門,永安市場,292430
永安市場,雙連,292402
松山機場,西湖,292084
新埔,石牌,292011
永安市場,北門,291970
松山,劍潭,291954
西湖,港墘,291912
忠孝復興,大坪林,291761
亞東醫院,永春,291600
松山,新店,291430
市政府,民權西路,291252
台北小巨蛋,石牌,291111
行天宮,劍潭,291082
忠孝新生,大坪林,291032
北投,南京復興,290991
大安,BL板橋,290986
內湖,大直,290849
公館,台北101/世貿,290763
小南門,南京復興,290666
石牌,古亭,290662
中山國中,台北101/世貿,290652
中山,小南門,290630
石牌,新北投,290617
台北橋,行天宮,290558
忠孝新生,圓山,290400
東門,新埔,290333
新埔,北門,290203
市政府,丹鳳,289808
永寧,忠孝敦化,289767
永春,松江南京,289726
台北101/世貿,公館,289715
石牌,復興崗,289690
迴龍,三重,289577
圓山,台北小巨蛋,289433
台電大樓,新店區公所,289374
石牌,永安市場,289283
圓山,行天宮,289192
南京三民,淡水,289190
竹圍,中山,289177
北門,BL板橋,288954
頂溪,景美,288894
劍潭,南京三民,288847
大安,動物園,288845
民權西路,關渡,288636
新店,台電大樓,288606
雙連,信義安和,288469
東門,公館,288469
景美,頂溪,288383
永春,府中,288226
新埔,台大醫院,288062
忠孝復興,芝山,288045
士林,古亭,287986
古亭,國父紀念館,287611
南勢角,民權西路,287594
南京三民,七張,287591
南港展覽館,大直,287552
頂埔,龍山寺,287536
丹鳳,忠孝新生,287512
南勢角,松山,287464
劍南路,市政府,287371
三重,新莊,287161
劍南路,南港軟體園區,286943
忠孝敦化,東門,286930
龍山寺,松山,286813
忠義,淡水,286734
忠孝敦化,蘆洲,286560
輔大,三重,286290
蘆洲,大安,286145
龍山寺,頂埔,286034
南港展覽館,科技大樓,286007
松江南京,永寧,285932
南京三民,石牌,285912
行天宮,圓山,285579
亞東醫院,中正紀念堂,285503
中山,唭哩岸,285484
古亭,大橋頭站,285464
永寧,南京復興,285388
劍潭,松山,285169
南京三民,海山,284984
民權西路,輔大,284738
忠孝復興,葫洲,284689
三和國中,南京三民,284609
港墘,西湖,284466
松江南京,北投,284388
丹鳳,中山國小,284351
大直,科技大樓,284339
小南門,中正紀念堂,284192
劍潭,忠孝敦化,284091
BL板橋,西湖,284061
新莊,三重,283995
葫洲,台北車站,283717
劍潭,景安,283573
劍潭,行天宮,283567
新莊,忠孝新生,283480
圓山,BL板橋,283364
大坪林,圓山,283309
BL板橋,石牌,282839
信義安和,行天宮,282779
石牌,南京三民,282740
大橋頭站,中山,282667
永安市場,台電大樓,282592
三和國中,忠孝敦化,282582
頂溪,芝山,282540
中山國中,內湖,282374
大坪林,忠孝復興,282341
象山,永安市場,282264
市政府,台電大樓,282174
忠孝新生,士林,282153
菜寮,忠孝新生,282001
小南門,北門,281741
三民高中,西門,281669
景安,士林,281357
中正紀念堂,北投,281312
忠孝新生,菜寮,281230
中山國小,丹鳳,281226
土城,永寧,281222
竹圍,圓山,281139
公館,亞東醫院,281127
大安森林公園,東門,280994
圓山,龍山寺,280951
松山,江子翠,280917
七張,松山,280769
西門,紅樹林,280598
南京三民,小南門,280581
三和國中,西門,280297
松山,南勢角,280280
劍南路,六張犁,280263
台電大樓,市政府,280231
忠孝敦化,劍潭,280211
BL板橋,北門,279881
台電大樓,南京三民,279788
南京復興,文德,279647
台北橋,忠孝新生,279527
淡水,新埔,279459
丹鳳,中山,279442
七張,南京三民,279221
南京三民,劍潭,279005
復興崗,石牌,278995
象山,景安,278947
紅樹林,南京復興,278915
雙連,大安,278856
古亭,徐匯中學,278851
永春,南京復興,278682
芝山,東門,278613
大直,內湖,278401
新店區公所,北門,278352
江子翠,松山,278321
行天宮,公館,278275
頂溪,龍山寺,278210
石牌,新埔,278116
文德,內湖,278101
石牌,象山,278077
七張,台北小巨蛋,277955
唭哩岸,中山,277791
大橋頭站,永安市場,277776
新埔,東門,277604
西門,劍南路,277569
民權西路,南勢角,277382
景安,劍潭,277336
芝山,芝山,277057
南京復興,北投,277048
昆陽,府中,276931
雙連,永安市場,276850
南京三民,東門,276848
內湖,大安,276788
士林,忠孝新生,276647
古亭,雙連,276513
芝山,台北小巨蛋,276494
台北101/世貿,台電大樓,276427
台北101/世貿,新莊,276299
江子翠,南港,276125
關渡,民權西路,275983
台北101/世貿,象山,275829
蘆洲,東門,275816
民權西路,丹鳳,275808
南港展覽館,東門,275749
台北車站,葫洲,275687
頭前庄,輔大,275671
台北101/世貿,海山,275651
輔大,民權西路,275629
港墘,松山機場,275627
南京復興,新莊,275550
淡水,忠義,275485
松江南京,台電大樓,275342
雙連,蘆洲,275226
新店,南京三民,275127
菜寮,民權西路,275122
士林,象山,274986
中山,南港展覽館,274953
民權西路,信義安和,274845
市政府,大直,274812
圓山,唭哩岸,274683
頭前庄,松江南京,274643
松山,松山,274637
中正紀念堂,大安森林公園,274250
信義安和,新埔,274110
南港展覽館,大安,274064
雙連,三民高中,273998
迴龍,中山,273905
國父紀念館,古亭,273799
中山,迴龍,273772
動物園,科技大樓,273767
中山國中,南港展覽館,273648
三民高中,台北101/世貿,273569
中正紀念堂,忠孝復興,273322
新埔,台電大樓,273308
民權西路,菜寮,273220
台北101/世貿,三民高中,273202
葫洲,忠孝復興,273110
善導寺,景安,273101
劍潭,府中,272981
大橋頭站,迴龍,272977
南京三民,士林,272927
松江南京,永春,272882
芝山,忠孝復興,272611
象山,台北101/世貿,272524
丹鳳,南京復興,272300
迴龍,大橋頭站,272299
三和國中,台北小巨蛋,272071
府中,石牌,272037
淡水,永安市場,271944
台北小巨蛋,圓山,271936
新北投,北投,271903
忠孝新生,輔大,271669
中山,丹鳳,271389
圓山,松山,271365
BL板橋,東門,271118
六張犁,動物園,271086
台北車站,木柵,271044
台電大樓,新埔,270894
南京復興,辛亥,270784
南京三民,亞東醫院,270554
紅樹林,台北101/世貿,270541
木柵,忠孝復興,270499
BL板橋,台電大樓,270403
古亭,亞東醫院,270358
東門,大橋頭站,270340
台電大樓,松江南京,270303
BL板橋,圓山,270278
台北101/世貿,中山國中,270271
西門,三重國小,270264
行天宮,士林,270241
菜寮,南京復興,270076
大安,內湖,270041
忠孝敦化,徐匯中學,270015
台大醫院,大安森林公園,269999
三民高中,雙連,269828
南港,江子翠,269796
石牌,忠孝新生,269734
信義安和,BL板橋,269637
淡水,景安,269581
北門,新埔,269539
忠孝敦化,三重國小,269479
雙連,三重國小,269307
雙連,三和國中,269227
信義安和,民權西路,269122
松山,圓山,268979
南京復興,永寧,268957
忠孝新生,南京三民,268780
台大醫院,萬隆,268701
永安市場,士林,268609
南港展覽館,南勢角,268505
民權西路,東門,268479
台北小巨蛋,景美,268142
BL板橋,大安,268124
新北投,劍潭,268031
復興崗,北投,268019
忠孝新生,石牌,267887
科技大樓,動物園,267763
BL板橋,後山埤,267751
忠孝新生,丹鳳,267721
台北小巨蛋,七張,267708
南京復興,忠孝敦化,267687
三民高中,忠孝復興,267685
三重國小,忠孝敦化,267619
民權西路,BL板橋,267585
台大醫院,新埔,267572
大直,南港展覽館,267430
北投,大安,267332
芝山,頂溪,267321
南京復興,麟光,267228
輔大,菜寮,267172
中正紀念堂,新店,266984
中正紀念堂,忠孝新生,266852
台電大樓,台北101/世貿,266647
忠孝復興,士林,266520
頂埔,江子翠,266451
大坪林,龍山寺,266270
南京復興,永春,266112
台電大樓,新店,266102
士林,台北小巨蛋,266095
中山,台北橋,265971
大安,大直,265638
大坪林,小南門,265562
士林,忠孝復興,265313
大安森林公園,象山,265305
東門,民權西路,265150
江子翠,頂埔,265144
南勢角,南勢角,264971
景美,台北小巨蛋,264896
新店,北門,264588
永安市場,圓山,264567
科技大樓,南港展覽館,264513
頂溪,大安森林公園,264461
圓山,大坪林,264335
南京復興,小南門,264205
行天宮,永春,264202
北投,中正紀念堂,264154
石牌,景安,264022
西門,大安森林公園,264016
新店區公所,台電大樓,263777
龍山寺,南港,263761
大安森林公園,台大醫院,263750
圓山,忠孝敦化,263712
忠孝敦化,三和國中,263678
古亭,象山,263640
輔大,大橋頭站,263372
中正紀念堂,海山,263115
明德,台大醫院,263080
國父紀念館,行天宮,263056
芝山,行天宮,263044
淡水,國父紀念館,262948
頂溪,昆陽,262794
大直,大安,262617
信義安和,松江南京,262602
忠孝復興,台北橋,262465
景美,松山,262462
忠孝新生,中正紀念堂,262437
中山國中,動物園,262433
士林,南京三民,262172
台北小巨蛋,劍潭,262135
府中,北門,262094
海山,中正紀念堂,261831
西湖,南港軟體園區,261526
行天宮,亞東醫院,261431
象山,古亭,261273
新埔,圓山,261249
士林,永安市場,261076
忠孝復興,文德,261002
菜寮,中山國小,260898
新莊,中山,260762
輔大,中山國小,260743
奇岩,劍潭,260684
東門,三重國小,260572
龍山寺,芝山,260339
南港,龍山寺,260207
東門,蘆洲,260187
迴龍,台北101/世貿,260004
東門,南京三民,259702
忠孝復興,雙連,259671
淡水,善導寺,259530
忠孝敦化,圓山,259519
松江南京,信義安和,259516
象山,大安森林公園,259385
蘆洲,台大醫院,258869
蘆洲,信義安和,258736
淡水,大坪林,258668
頂溪,南港,258355
台北橋,台北101/世貿,258337
三重國小,台北小巨蛋,258242
中正紀念堂,亞東醫院,258082
南京三民,景美,258067
府中,淡水,258049
市政府,南港軟體園區,258019
徐匯中學,忠孝敦化,258003
雙連,象山,257970
新莊,台北101/世貿,257960
科技大樓,六張犁,257932
士林,行天宮,257767
公館,海山,257758
台北101/世貿,台北橋,257714
中山國中,BL板橋,257507
古亭,三和國中,257406
徐匯中學,台北小巨蛋,257328
海山,昆陽,257254
大湖公園,港墘,256990
忠孝復興,東湖,256825
西門,六張犁,256799
公館,行天宮,256627
台北小巨蛋,士林,256566
內湖,科技大樓,256554
台北101/世貿,北門,256304
動物園,台北101/世貿,256281
南京復興,迴龍,256138
大橋頭站,景安,256036
台北小巨蛋,徐匯中學,255695
劍潭,台北小巨蛋,255668
松江南京,國父紀念館,255640
台北小巨蛋,芝山,255595
行天宮,頭前庄,255248
民權西路,台北橋,255119
東門,徐匯中學,254955
Y板橋,迴龍,254938
忠孝敦化,東湖,254926
淡水,府中,254855
松山機場,港墘,254820
芝山,南京三民,254747
古亭,淡水,254745
文德,葫洲,254714
南京復興,紅樹林,254655
三和國中,古亭,254560
松山,忠孝新生,254505
景安,雙連,254470
大橋頭站,忠孝復興,254459
雙連,古亭,254427
內湖,文德,254242
府中,大安,254074
南港軟體園區,劍南路,254067
永春,行天宮,253982
三重,先嗇宮,253234
頂溪,港墘,253221
新埔,中山國中,253145
行天宮,善導寺,252978
Y板橋,新莊,252900
龍山寺,土城,252890
信義安和,信義安和,252853
芝山,古亭,252735
雙連,忠孝復興,252618
六張犁,科技大樓,252580
海山,公館,252561
古亭,芝山,252485
市政府,港墘,252233
忠孝敦化,淡水,252136
忠孝復興,中正紀念堂,252107
永春,亞東醫院,251870
菜寮,台北101/世貿,251837
中山國小,菜寮,251741
台北101/世貿,明德,251694
劍潭,江子翠,251556
頂溪,七張,251534
丹鳳,大橋頭站,251411
新店區公所,松山,251408
南京三民,蘆洲,251370
港墘,大湖公園,251317
菜寮,丹鳳,251215
市政府,劍南路,250980
雙連,府中,250894
萬芳醫院,忠孝敦化,250484
新埔,淡水,250293
芝山,龍山寺,250280
明德,紅樹林,250069
三重國小,三和國中,249824
科技大樓,內湖,249813
台大醫院,紅樹林,249697
行天宮,芝山,249561
萬隆,南京復興,249509
公館,雙連,249360
新店區公所,南京三民,249304
台北小巨蛋,台電大樓,249299
新店,台北小巨蛋,249199
關渡,雙連,249099
紅樹林,松江南京,249096
東門,東門,248764
關渡,關渡,248759
頂溪,永春,248686
劍潭,大坪林,248671
江子翠,港墘,248640
江子翠,大安,248589
動物園,中山國中,248571
忠孝新生,芝山,248550
古亭,古亭,248429
辛亥,忠孝復興,248262
雙連,徐匯中學,248238
大安,江子翠,248230
科技大樓,西門,248204
景美,南京三民,248024
輔大,忠孝新生,247879
南京復興,雙連,247772
西門,台北橋,247694
港墘,港墘,247579
新埔,新埔,247563
東門,江子翠,247541
迴龍,先嗇宮,247458
大橋頭站,丹鳳,247385
民權西路,忠孝復興,247316
丹鳳,菜寮,247312
三重國小,東門,247252
芝山,忠孝新生,247152
士林,景安,247020
台北小巨蛋,三重國小,246931
北投,市政府,246887
中山,善導寺,246877
台大醫院,明德,246824
中正紀念堂,小南門,246735
府中,圓山,246589
南京三民,芝山,246584
民權西路,竹圍,246539
永寧,國父紀念館,246505
海山,古亭,246336
小南門,松江南京,246283
頂溪,新埔,245883
大坪林,劍潭,245871
奇岩,明德,245821
龍山寺,大坪林,245578
新埔,頂溪,245503
中山國小,南京三民,245501
小南門,大坪林,245412
府中,後山埤,245307
BL板橋,信義安和,245278
台北車站,辛亥,245123
府中,西湖,245121
松山,淡水,245096
三民高中,台大醫院,245081
唭哩岸,劍潭,245065
北門,市政府,244978
三和國中,雙連,244851
七張,行天宮,244836
江子翠,西湖,244736
東湖,忠孝敦化,244645
民權西路,龍山寺,244595
永安市場,淡水,244586
景安,淡水,244504
西門,科技大樓,244412
大安,北投,244411
科技大樓,中山,244300
南京三民,台大醫院,244290
蘆洲,圓山,244151
徐匯中學,古亭,244083
古亭,三民高中,244050
西門,東湖,243932
雙連,竹圍,243925
蘆洲,國父紀念館,243901
土城,龍山寺,243830
北門,台北101/世貿,243736
善導寺,古亭,243705
六張犁,西門,243622
先嗇宮,三重,243414
蘆洲,松山,243403
萬芳社區,南京復興,243396
新埔,科技大樓,243308
古亭,三重國小,243145
圓山,永安市場,243121
七張,頂溪,243086
南京三民,中山國小,243054
士林,府中,243033
芝山,BL板橋,243003
BL板橋,民權西路,242763
民權西路,新埔,242745
三和國中,東門,242731
文德,東湖,242724
三重國小,蘆洲,242594
新埔,民權西路,242529
小南門,南京三民,242324
文德,南港軟體園區,242066
丹鳳,台北101/世貿,242009
雙連,關渡,241871
三民高中,台北小巨蛋,241760
永春,頂溪,241679
公館,善導寺,241651
三和國中,台大醫院,241625
南京三民,三和國中,241522
科技大樓,BL板橋,241402
文德,台北車站,241302
中山國小,台北橋,241301
劍南路,萬芳醫院,241204
七張,忠孝新生,241171
南港,頂溪,241097
國父紀念館,永寧,241085
東門,三和國中,241039
民權西路,大橋頭站,240991
大安森林公園,圓山,240956
府中,頂溪,240905
圓山,大安森林公園,240708
松江南京,新店,240706
大坪林,永安市場,240652
東門,松山,240627
市政府,萬芳醫院,240542
士林,忠孝敦化,240466
明德,竹圍,240448
松山,小南門,240385
忠孝新生,松山,240329
亞東醫院,西湖,240168
新店區公所,台北小巨蛋,240143
奇岩,民權西路,240112
大坪林,石牌,239962
忠孝敦化,南京復興,239850
圓山,新埔,239831
江子翠,劍潭,239644
頂埔,忠孝復興,239636
七張,東門,239599
大坪林,士林,239467
輔大,頭前庄,239230
中山國小,國父紀念館,239162
台北小巨蛋,三和國中,239147
七張,萬隆,239020
市政府,七張,238786
港墘,江子翠,238696
昆陽,頂溪,238640
永春,中山,238316
萬隆,松江南京,238307
北門,新店,238305
中山國中,新埔,238207
忠孝復興,土城,238138
台電大樓,台北小巨蛋,238098
東門,台北小巨蛋,238048
景安,圓山,237866
石牌,忠孝敦化,237776
動物園,六張犁,237710
台電大樓,萬隆,237666
民權西路,南京復興,237661
古亭,菜寮,237550
善導寺,公館,237402
芝山,新埔,237400
劍南路,南港,237299
大坪林,大坪林,237297
昆陽,亞東醫院,237096
徐匯中學,南京三民,237051
台北橋,中山國小,236894
台北小巨蛋,東門,236617
南京三民,新店區公所,236520
台電大樓,東門,236439
龍山寺,民權西路,236422
大直,西湖,236400
忠孝新生,七張,236367
南京復興,菜寮,236233
東門,菜寮,236141
永寧,南港展覽館,236031
行天宮,台北小巨蛋,235576
港墘,頂溪,235549
中山,大橋頭站,235531
台北101/世貿,菜寮,235465
古亭,海山,235371
松江南京,紅樹林,235204
忠孝敦化,三民高中,235160
新埔,芝山,235080
龍山寺,景美,235031
忠孝復興,大橋頭站,235011
萬芳醫院,劍南路,234887
松山,東門,234775
明德,台北101/世貿,234765
行天宮,中正紀念堂,234468
新北投,圓山,234467
中山國小,中山國小,234454
江子翠,信義安和,234338
大橋頭站,南京復興,234310
紅樹林,明德,234289
南勢角,象山,234214
府中,民權西路,234130
府中,南港,234007
東門,南港展覽館,233910
七張,七張,233804
永安市場,永安市場,233683
東門,台電大樓,233457
象山,紅樹林,233404
古亭,善導寺,233387
雙連,南京復興,233358
圓山,新北投,233358
忠孝敦化,石牌,233352
昆陽,海山,233294
木柵,六張犁,233024
木柵,台北車站,232973
大橋頭站,民權西路,232898
港墘,文德,232773
象山,民權西路,232615
萬隆,七張,232445
葫洲,文德,232433
象山,松江南京,232099
三民高中,忠孝敦化,232026
七張,市政府,231918
南勢角,石牌,231869
雙連,公館,231853
大安,府中,231740
南勢角,雙連,231722
松江南京,小南門,231691
後山埤,江子翠,231677
大安,南港展覽館,231655
南勢角,圓山,231585
徐匯中學,東門,231568
Y板橋,丹鳳,231542
劍潭,三重國小,231523
台北小巨蛋,三民高中,231463
後山埤,行天宮,231437
台北橋,迴龍,231144
中山,永春,231099
竹圍,雙連,231059
萬芳醫院,市政府,230991
景美,龍山寺,230982
台電大樓,圓山,230703
明德,奇岩,230656
台北101/世貿,亞東醫院,230637
南港展覽館,中山國小,230502
民權西路,大安,230446
後山埤,府中,230380
文德,忠孝復興,230101
北投,行天宮,229916
善導寺,行天宮,229857
南港展覽館,永寧,229851
土城,忠孝復興,229818
忠孝復興,七張,229788
府中,東門,229719
北投,信義安和,229620
台北橋,忠孝復興,229525
南港軟體園區,西湖,229497
三重國小,西門,229493
忠孝復興,丹鳳,229336
三和國中,三重國小,229142
南京三民,徐匯中學,228953
劍潭,國父紀念館,228902
丹鳳,忠孝復興,228752
南京復興,萬隆,228745
國父紀念館,松江南京,228704
南京復興,台北橋,228589
忠孝復興,民權西路,228507
南勢角,士林,228452
忠孝敦化,士林,228418
古亭,新莊,228213
BL板橋,中山國中,228149
中山國小,台北小巨蛋,228120
先嗇宮,迴龍,228101
東湖,忠孝復興,227899
科技大樓,新埔,227811
紅樹林,西門,227810
松江南京,頭前庄,227795
大橋頭站,台北101/世貿,227603
東門,七張,227599
古亭,台北橋,227562
徐匯中學,台大醫院,227474
景安,大橋頭站,227364
龍山寺,永安市場,227225
土城,忠孝敦化,227222
小南門,台電大樓,227172
市政府,新店區公所,227138
信義安和,江子翠,227032
圓山,台電大樓,226954
市政府,北門,226459
忠孝復興,新莊,226377
台大醫院,三民高中,226376
石牌,大坪林,226348
後山埤,松江南京,226147
忠孝敦化,萬芳醫院,225935
台北101/世貿,小南門,225892
海山,雙連,225867
內湖,大湖公園,225852
松山,石牌,225744
中山國小,龍山寺,225725
劍潭,善導寺,225701
台電大樓,南勢角,225507
台北橋,南京復興,225349
行天宮,七張,225260
市政府,北投,225179
港墘,中山,225109
紅樹林,台大醫院,225052
台電大樓,小南門,225008
雙連,景安,225004
台北101/世貿,迴龍,224991
西湖,大直,224968
士林,松山,224753
江子翠,東門,224604
新店區公所,市政府,224518
行天宮,北投,224514
頂埔,忠孝敦化,224487
忠孝復興,公館,224228
BL板橋,芝山,224210
奇岩,紅樹林,223963
信義安和,忠孝新生,223953
善導寺,淡水,223903
大安,木柵,223841
大坪林,淡水,223777
江子翠,土城,223713
信義安和,紅樹林,223688
大安,蘆洲,223671
科技大樓,台北101/世貿,223638
葫洲,大直,223611
文德,港墘,223455
辛亥,大安,223448
圓山,國父紀念館,223393
忠孝新生,三重,223147
南京復興,丹鳳,222979
忠孝新生,台電大樓,222867
小南門,頂溪,222749
公館,忠孝復興,222652
景安,北門,222637
萬芳醫院,動物園,222630
劍潭,南勢角,222618
松江南京,大安,222399
江子翠,後山埤,222393
西門,小南門,222387
信義安和,北投,222373
公館,小碧潭,222293
南京復興,國父紀念館,222211
三重國小,圓山,222145
蘆洲,三重國小,222140
台北小巨蛋,行天宮,222073
永春,東湖,222065
台北小巨蛋,新店區公所,221937
南勢角,劍潭,221832
士林,蘆洲,221830
東門,台北橋,221766
東湖,西門,221751
府中,信義安和,221724
永春,古亭,221623
南港,大湖公園,221425
頂溪,西湖,221412
東門,新莊,221339
海山,永春,221311
三重國小,古亭,221218
大坪林,雙連,221061
亞東醫院,大安,221023
東門,府中,220938
大湖公園,南港,220787
台北橋,輔大,220780
徐匯中學,雙連,220736
三重國小,南京三民,220622
劍潭,竹圍,220613
忠孝敦化,芝山,220562
松山,士林,220475
奇岩,關渡,220416
中山,菜寮,220384
三民高中,南京三民,220235
忠孝復興,頂埔,220229
南京復興,民權西路,220102
台北101/世貿,輔大,220076
BL板橋,科技大樓,220020
松山,蘆洲,219966
北門,台北車站,219887
圓山,善導寺,219858
松江南京,雙連,219757
大安,松江南京,219576
永安市場,芝山,219496
三民高中,古亭,219325
紅樹林,奇岩,219314
台電大樓,忠孝新生,219252
唭哩岸,民權西路,219218
小南門,景美,219190
劍潭,台北橋,218995
菜寮,東門,218971
南京三民,忠孝復興,218856
淡水,南港展覽館,218808
永安市場,大橋頭站,218730
大坪林,大安,218685
松山,忠孝復興,218635
大橋頭站,南勢角,218575
龍山寺,中山國小,218503
芝山,忠孝敦化,218471
海山,西湖,218462
善導寺,圓山,218356
景美,圓山,218290
國父紀念館,中山國小,218174
石牌,府中,218145
劍潭,奇岩,218002
忠孝復興,菜寮,217977
蘆洲,南港展覽館,217906
亞東醫院,雙連,217906
永春,海山,217883
東門,國父紀念館,217791
蘆洲,公館,217718
中正紀念堂,行天宮,217714
西門,迴龍,217673
三重國小,三民高中,217415
士林,大坪林,217391
徐匯中學,蘆洲,217270
忠孝新生,信義安和,216982
七張,小南門,216911
信義安和,蘆洲,216900
明德,南京復興,216867
南港軟體園區,南港展覽館,216729
劍潭,蘆洲,216698
府中,松山,216685
蘆洲,頂溪,216587
忠孝敦化,忠孝敦化,216425
台電大樓,龍山寺,216322
府中,台大醫院,216255
奇岩,北投,216243
江子翠,北門,216217
三和國中,信義安和,216134
石牌,松山,216082
市政府,景美,216073
江子翠,石牌,216070
台北101/世貿,丹鳳,215856
忠孝復興,信義安和,215649
象山,北投,215644
淡水,中山國小,215596
台北101/世貿,七張,215570
菜寮,南京三民,215390
文德,西湖,215375
景美,小南門,215332
南勢角,台電大樓,215266
中正紀念堂,紅樹林,215184
象山,行天宮,215109
龍山寺,台電大樓,215035
奇岩,雙連,214979
大直,葫洲,214866
小南門,台北101/世貿,214855
東門,三民高中,214799
頂溪,頂溪,214773
土城,江子翠,214745
竹圍,劍潭,214668
大安,辛亥,214645
台大醫院,BL板橋,214487
古亭,永春,214477
辛亥,台北車站,214468
永安市場,小南門,214264
新店區公所,行天宮,214259
台北橋,民權西路,214113
忠孝復興,迴龍,213982
台大醫院,新店,213932
迴龍,忠孝復興,213921
大安,民權西路,213919
中山國中,中山,213872
忠孝新生,景美,213823
松江南京,善導寺,213806
永安市場,港墘,213794
松山,三和國中,213726
中山國小,南港展覽館,213725
府中,台電大樓,213661
蘆洲,士林,213502
迴龍,台北橋,213465
新埔,小南門,213414
行天宮,後山埤,213393
士林,復興崗,213376
中山國中,南港軟體園區,213347
松江南京,萬隆,213339
明德,西門,213331
雙連,海山,213283
台北車站,小碧潭,213173
竹圍,明德,213135
台北橋,東門,213108
台北小巨蛋,中山國小,213021
輔大,台北橋,212990
民權西路,府中,212857
圓山,景安,212789
東湖,國父紀念館,212787
西湖,江子翠,212779
南京三民,三重國小,212746
南港展覽館,南港軟體園區,212744
三和國中,松山,212688
頭前庄,丹鳳,212681
明德,松江南京,212324
西湖,文德,212324
善導寺,劍潭,212321
蘆洲,劍潭,212320
忠孝復興,台電大樓,212243
竹圍,民權西路,212037
大坪林,小碧潭,212019
松山,BL板橋,211885
龍山寺,大安,211831
善導寺,東門,211639
菜寮,古亭,211629
台大醫院,南京復興,211586
景美,行天宮,211572
小南門,永安市場,211556
明德,唭哩岸,211499
龍山寺,信義安和,211289
民權西路,唭哩岸,211283
頂溪,蘆洲,211226
南京復興,輔大,211208
三重國小,徐匯中學,211119
中山國中,國父紀念館,211084
台北橋,西門,211078
三重,忠孝新生,211050
大直,西門,211019
東湖,永春,210948
信義安和,忠孝復興,210943
行天宮,景美,210936
頂溪,輔大,210922
西門,內湖,210785
新店,頂溪,210776
三重,頂溪,210732
民權西路,公館,210717
府中,港墘,210706
景安,芝山,210679
小南門,台北小巨蛋,210624
忠孝復興,景美,210615
景美,小碧潭,210551
國父紀念館,東湖,210426
小碧潭,台北車站,210403
公館,民權西路,210167
七張,台北101/世貿,210138
古亭,輔大,210136
芝山,永安市場,210092
淡水,南勢角,209988
劍潭,唭哩岸,209971
海山,松山,209960
頂溪,府中,209910
台電大樓,江子翠,209883
徐匯中學,三重國小,209874
國父紀念館,東門,209851
明德,市政府,209797
忠孝敦化,土城,209792
三重國小,台大醫院,209778
大安,葫洲,209713
中山國中,木柵,209674
景美,忠孝新生,209597
動物園,萬芳醫院,209592
東門,北投,209521
新店區公所,忠孝新生,209485
西湖,中山,209400
民權西路,奇岩,209327
行天宮,台電大樓,209300
善導寺,士林,209269
忠孝敦化,雙連,209259
大坪林,民權西路,209171
台大醫院,西門,209138
景美,BL板橋,208943
圓山,景美,208886
中山國小,BL板橋,208873
三和國中,國父紀念館,208742
淡水,江子翠,208711
台北橋,古亭,208671
葫洲,大安,208667
丹鳳,台北小巨蛋,208616
台北車站,文德,208603
西門,明德,208560
菜寮,中山,208407
小南門,松山,208377
景安,港墘,208224
七張,龍山寺,208099
南勢角,北門,208086
忠孝復興,北投,208000
國父紀念館,南京復興,207847
南京復興,松山機場,207841
台大醫院,南京三民,207817
新北投,芝山,207582
江子翠,士林,207560
北投,台北小巨蛋,207549
東門,景美,207530
竹圍,竹圍,207410
石牌,江子翠,207386
松山,雙連,207286
劍南路,BL板橋,207281
新莊,台北小巨蛋,207155
西門,萬芳醫院,206773
松山,徐匯中學,206744
麟光,大安,206668
小南門,七張,206604
劍潭,台電大樓,206587
迴龍,古亭,206573
三重國小,劍潭,206501
石牌,南勢角,206427
南京三民,新店,206404
中山國小,信義安和,206398
大安,大坪林,206248
忠孝復興,新店區公所,206045
大坪林,忠孝敦化,206044
劍潭,新莊,206031
輔大,南京復興,205927
南港軟體園區,文德,205830
南港展覽館,石牌,205675
科技大樓,葫洲,205550
大安,忠孝新生,205502
北門,景安,205482
忠孝復興,南京三民,205427
港墘,龍山寺,205379
三和國中,圓山,205372
台大醫院,蘆洲,205363
市政府,三重,205352
松江南京,後山埤,205351
南港,BL板橋,205322
科技大樓,木柵,205314
西湖,頂溪,205244
行天宮,大安,205191
信義安和,龍山寺,205176
中山,中山國中,205060
士林,江子翠,204946
新北投,中山,204915
大安,龍山寺,204762
國父紀念館,淡水,204735
松山,三重國小,204679
大湖公園,南港展覽館,204678
紅樹林,行天宮,204634
迴龍,西門,204624
象山,南勢角,204581
國父紀念館,劍潭,204568
大坪林,芝山,204558
台大醫院,徐匯中學,204535
台北橋,中山,204500
七張,忠孝復興,204451
士林,國父紀念館,204428
國父紀念館,蘆洲,204394
南京復興,台大醫院,204346
龍山寺,七張,204289
新莊,古亭,204240
西湖,府中,204189
新店區公所,台北101/世貿,204141
亞東醫院,港墘,204095
北門,府中,204032
南港展覽館,公館,203878
大坪林,國父紀念館,203833
圓山,南勢角,203796
江子翠,台電大樓,203748
淡水,大安森林公園,203613
北門,江子翠,203347
景美,東門,203297
迴龍,台北小巨蛋,203196
港墘,忠孝敦化,203179
台北小巨蛋,忠孝新生,203165
菜寮,台北小巨蛋,203087
忠孝新生,雙連,203065
六張犁,辛亥,203040
古亭,迴龍,202928
行天宮,新店區公所,202912
大坪林,善導寺,202809
頂溪,三重,202747
七張,圓山,202742
新店,行天宮,202689
大橋頭站,忠孝敦化,202675
雙連,南勢角,202653
小南門,BL板橋,202640
頂埔,善導寺,202597
科技大樓,松山,202584
民權西路,江子翠,202541
永安市場,龍山寺,202538
新店,市政府,202536
頂埔,忠孝新生,202262
大湖公園,南京復興,202258
科技大樓,辛亥,202139
葫洲,科技大樓,202113
關渡,奇岩,202006
新莊,東門,201846
公館,南港展覽館,201735
民權西路,忠孝敦化,201660
大安,麟光,201550
紅樹林,信義安和,201425
松山機場,南京復興,201357
民權西路,象山,201297
新店,萬隆,201112
木柵,大安,200929
大安森林公園,大安,200923
南京三民,三民高中,200843
三民高中,東門,200807
徐匯中學,信義安和,200733
台北小巨蛋,北投,200731
北投,東門,200579
公館,公館,200507
大安,南京三民,200433
松山,芝山,200377
景美,市政府,200371
府中,中山國中,200322
西門,大直,200230
三和國中,南港展覽館,200193
三民高中,三重國小,199907
頂溪,小南門,199871
忠孝新生,新店區公所,199830
東湖,文德,199708
台北101/世貿,新店區公所,199685
南港展覽館,雙連,199527
行天宮,象山,199485
中山國中,葫洲,199438
南港,劍南路,199432
民權西路,大坪林,199342
蘆洲,善導寺,199321
新店,台北101/世貿,199167
劍潭,大安森林公園,199121
雙連,忠孝敦化,199118
頂溪,徐匯中學,198837
六張犁,大直,198679
頂溪,新店,198486
徐匯中學,國父紀念館,198424
BL板橋,景美,198423
輔大,台北101/世貿,198420
圓山,蘆洲,198341
忠孝敦化,公館,198283
劍潭,新北投,198264
台北橋,劍潭,198045
士林,南勢角,197997
台北小巨蛋,小南門,197972
信義安和,徐匯中學,197833
新埔,六張犁,197821
忠孝復興,松山,197773
小碧潭,公館,197772
迴龍,東門,197634
善導寺,中正紀念堂,197630
大安,松山,197507
丹鳳,迴龍,197472
台電大樓,劍潭,197420
景安,西湖,197382
芝山,新北投,197358
土城,善導寺,197337
東門,善導寺,197276
三重,市政府,197176
中正紀念堂,明德,197098
大坪林,信義安和,197066
永安市場,西湖,197018
亞東醫院,南港,196890
唭哩岸,明德,196806
七張,石牌,196779
芝山,松山,196648
龍山寺,西湖,196590
松江南京,明德,196507
松山,府中,196482
東門,大安森林公園,196427
科技大樓,南京三民,196358
芝山,國父紀念館,196339
南京復興,善導寺,196318
永安市場,昆陽,196285
淡水,台電大樓,196217
科技大樓,忠孝敦化,196158
景美,劍潭,196139
芝山,大坪林,196108
新店,新店,196086
土城,中山,196037
萬隆,台電大樓,195881
松江南京,象山,195847
南京復興,明德,195838
大安森林公園,雙連,195793
頂埔,松江南京,195773
南港展覽館,劍潭,195743
圓山,三重國小,195688
亞東醫院,士林,195660
劍潭,景美,195618
江子翠,圓山,195248
國父紀念館,圓山,195144
蘆洲,徐匯中學,195045
北投,公館,194879
劍潭,海山,194834
南港軟體園區,中山國中,194807
江子翠,民權西路,194778
內湖,西門,194714
新莊,南京三民,194674
圓山,七張,194668
芝山,景安,194661
景安,小南門,194613
台北101/世貿,科技大樓,194557
忠孝新生,台北小巨蛋,194509
公館,忠孝敦化,194448
中山國小,淡水,194421
中山國中,忠孝敦化,194418
松山,萬隆,194262
文德,市政府,194148
中山,科技大樓,194085
忠孝敦化,台北橋,193962
大安,忠孝敦化,193922
南港展覽館,圓山,193886
台大醫院,三和國中,193880
萬芳社區,萬芳醫院,193864
三重國小,松山,193755
府中,芝山,193747
龍山寺,港墘,193737
北投,奇岩,193665
南港展覽館,淡水,193635
頭前庄,民權西路,193634
大安森林公園,淡水,193632
北門,南勢角,193583
信義安和,中山國小,193556
木柵,科技大樓,193509
圓山,府中,193438
徐匯中學,松山,193353
南京三民,民權西路,193326
松山機場,忠孝復興,193266
明德,中正紀念堂,193161
忠孝敦化,大坪林,193111
南港展覽館,萬芳醫院,193059
南港展覽館,大湖公園,193015
萬隆,台北小巨蛋,193010
小碧潭,景美,193004
新店,東門,192879
三重,丹鳳,192757
松山,三民高中,192755
亞東醫院,劍潭,192738
新莊,台北橋,192727
港墘,永安市場,192665
劍潭,菜寮,192660
三重,南京復興,192649
三和國中,大安,192557
南勢角,淡水,192530
台大醫院,市政府,192192
景安,昆陽,192188
劍潭,南港展覽館,192171
行天宮,紅樹林,192144
公館,蘆洲,192104
南港展覽館,六張犁,192044
萬隆,新店區公所,192017
東門,新店區公所,192016
善導寺,南京復興,191926
紅樹林,市政府,191894
新埔,劍南路,191827
三重國小,士林,191817
台北橋,新莊,191730
劍潭,七張,191704
南港,海山,191689
海山,劍潭,191661
大橋頭站,頭前庄,191557
海山,北門,191349
木柵,中山國中,191338
國父紀念館,徐匯中學,191271
大安森林公園,劍潭,191266
海山,南港,191254
丹鳳,三重,191253
丹鳳,古亭,191180
台北小巨蛋,新莊,190969
迴龍,南京三民,190919
南港,府中,190896
信義安和,三和國中,190851
後山埤,南京復興,190756
東門,北門,190739
海山,大安,190701
北投,象山,190626
迴龍,忠孝敦化,190536
石牌,善導寺,190536
公館,北投,190506
永安市場,南港,190455
忠孝復興,輔大,190426
輔大,頂溪,190419
萬隆,新店,190362
菜寮,忠孝復興,190345
龍山寺,北投,190331
台北小巨蛋,新店,190317
萬芳醫院,國父紀念館,190259
萬芳醫院,萬芳社區,190163
頂埔,中山,189929
劍潭,三和國中,189872
民權西路,南京三民,189791
菜寮,劍潭,189770
石牌,南港展覽館,189705
南京三民,新莊,189648
信義安和,大坪林,189590
輔大,古亭,189590
科技大樓,忠孝新生,189586
唭哩岸,關渡,189558
南港展覽館,中正紀念堂,189498
北投,南京三民,189416
台大醫院,龍山寺,189323
三重國小,雙連,189201
台電大樓,忠孝復興,189125
龍山寺,南勢角,189029
南港,南港,189011
西湖,龍山寺,188966
淡水,七張,188951
台北101/世貿,大橋頭站,188911
三和國中,三民高中,188894
台電大樓,士林,188843
Y板橋,南勢角,188595
國父紀念館,芝山,188581
頂埔,南京復興,188549
復興崗,士林,188497
萬隆,南京三民,188480
土城,松江南京,188472
台電大樓,行天宮,188463
西湖,海山,188455
善導寺,大坪林,188405
南勢角,大橋頭站,188238
台電大樓,府中,188208
中正紀念堂,善導寺,188188
大湖公園,南港軟體園區,188090
先嗇宮,松江南京,188081
江子翠,台大醫院,188018
丹鳳,頭前庄,187987
新店區公所,東門,187936
市政府,西湖,187862
江子翠,大坪林,187813
忠孝敦化,頂埔,187774
石牌,國父紀念館,187633
士林,三重國小,187598
南勢角,小南門,187589
東門,紅樹林,187570
台大醫院,三重國小,187377
BL板橋,劍南路,187375
南京三民,雙連,187317
公館,中山國小,187134
小碧潭,大坪林,187133
南港,科技大樓,187034
松山,海山,186916
新店區公所,小南門,186842
港墘,府中,186780
東湖,葫洲,186717
永寧,行天宮,186704
亞東醫院,石牌,186694
徐匯中學,南港展覽館,186661
菜寮,圓山,186632
中正紀念堂,國父紀念館,186554
三民高中,圓山,186526
象山,南京復興,186388
關渡,西門,186278
善導寺,石牌,186256
大安森林公園,士林,186203
劍南路,大湖公園,186192
新莊,劍潭,186151
大湖公園,內湖,186062
頂溪,菜寮,186009
圓山,南港展覽館,185974
大安,行天宮,185894
忠孝復興,松山機場,185838
芝山,善導寺,185808
亞東醫院,大坪林,185791
台北小巨蛋,萬隆,185658
亞東醫院,後山埤,185643
松山,民權西路,185532
科技大樓,南港,185506
後山埤,亞東醫院,185469
大橋頭站,南京三民,185399
北門,行天宮,185397
葫洲,中山國中,185371
BL板橋,小南門,185224
紅樹林,中正紀念堂,185223
雙連,奇岩,185164
BL板橋,中山國小,185147
台北橋,南京三民,185138
新店,忠孝復興,185108
東門,迴龍,185080
頭前庄,大橋頭站,184954
信義安和,南京復興,184900
南港展覽館,蘆洲,184742
國父紀念館,三和國中,184604
中山國中,龍山寺,184582
南港軟體園區,台北車站,184576
龍山寺,中山國中,184482
大安森林公園,古亭,184426
雙連,大坪林,184371
雙連,松山,184360
三民高中,國父紀念館,184278
頂溪,江子翠,184180
辛亥,科技大樓,184114
中山,土城,184094
港墘,景安,184047
忠孝敦化,民權西路,184004
亞東醫院,東門,183938
忠孝新生,大安,183881
徐匯中學,大安,183794
新店,忠孝新生,183778
古亭,丹鳳,183711
中山,六張犁,183706
科技大樓,國父紀念館,183665
士林,大安森林公園,183653
市政府,文德,183567
松山,科技大樓,183509
善導寺,芝山,183497
西門,關渡,183468
南港展覽館,三和國中,183468
三重國小,國父紀念館,183415
大直,六張犁,183377
萬芳醫院,西門,183331
七張,大安,183317
善導寺,松江南京,183307
大安森林公園,永安市場,183298
行天宮,北門,183186
科技大樓,麟光,183155
萬芳社區,台北車站,183139
景安,永春,183077
信義安和,府中,182894
南京復興,大湖公園,182856
大橋頭站,公館,182851
士林,台電大樓,182570
三和國中,蘆洲,182508
頂埔,南港展覽館,182475
六張犁,中山,182417
台北101/世貿,景美,182392
中正紀念堂,忠孝敦化,182346
江子翠,淡水,182340
大坪林,江子翠,182188
先嗇宮,行天宮,182175
台北101/世貿,關渡,182160
劍南路,新埔,182137
三和國中,公館,182105
昆陽,永安市場,181917
大安森林公園,景安,181907
北門,東門,181775
大湖公園,劍南路,181744
西門,新北投,181690
士林,善導寺,181583
海山,港墘,181504
南港展覽館,徐匯中學,181488
三重國小,信義安和,181472
新莊,信義安和,181460
忠孝敦化,科技大樓,181439
忠孝敦化,大橋頭站,181412
先嗇宮,台北車站,181409
雙連,松江南京,181321
明德,行天宮,181315
中山國小,公館,181163
國父紀念館,士林,181048
忠義,石牌,181008
海山,士林,180873
台北橋,頂溪,180862
南勢角,龍山寺,180858
丹鳳,忠孝敦化,180784
亞東醫院,中山國中,180715
關渡,唭哩岸,180662
永寧,台北小巨蛋,180622
江子翠,中山國中,180581
圓山,江子翠,180510
亞東醫院,台電大樓,180490
國父紀念館,大坪林,180413
江子翠,頂溪,180316
三民高中,信義安和,180294
新店區公所,萬隆,180177
雙連,亞東醫院,180098
科技大樓,善導寺,180019
忠孝復興,紅樹林,179880
小南門,市政府,179874
雙連,忠孝新生,179872
南京三民,菜寮,179864
頂溪,三和國中,179845
景美,士林,179706
東門,三重,179686
行天宮,南港,179651
後山埤,中山,179585
忠孝復興,萬芳社區,179555
後山埤,港墘,179543
北投,忠孝復興,179506
大安,紅樹林,179444
南港展覽館,民權西路,179418
國父紀念館,石牌,179411
民權西路,台北小巨蛋,179356
大橋頭站,石牌,179318
新店區公所,忠孝復興,179239
永春,永安市場,179177
淡水,景美,179147
新莊,忠孝復興,179119
石牌,七張,178951
菜寮,石牌,178856
劍潭,亞東醫院,178850
東湖,大安,178737
三和國中,頂溪,178650
明德,大安,178648
南京三民,台北橋,178613
劍潭,輔大,178601
雙連,台北橋,178564
府中,科技大樓,178533
七張,劍潭,178489
小南門,新埔,178321
台大醫院,松江南京,178315
頂溪,三重國小,178314
國父紀念館,萬芳醫院,178300
南京三民,萬隆,178299
景美,忠孝復興,178258
土城,南京復興,178036
大安,七張,177926
永安市場,永春,177878
明德,明德,177866
新埔,中山國小,177857
大橋頭站,台北小巨蛋,177789
南京復興,後山埤,177785
頂溪,台北橋,177770
萬隆,松山,177758
台北橋,忠孝敦化,177728
奇岩,台北101/世貿,177655
南港,永安市場,177624
大安,徐匯中學,177613
中山國小,新埔,177559
BL板橋,六張犁,177514
昆陽,昆陽,177374
民權西路,頭前庄,177277
六張犁,BL板橋,177219
科技大樓,松山機場,177083
東門,輔大,177065
中山,後山埤,177021
三民高中,三和國中,177004
菜寮,士林,176973
信義安和,三重國小,176945
台北小巨蛋,菜寮,176932
景美,台北101/世貿,176840
國父紀念館,國父紀念館,176838
三民高中,松山,176836
善導寺,土城,176799
大湖公園,市政府,176744
BL板橋,南港,176669
港墘,松江南京,176626
奇岩,竹圍,176453
府中,大坪林,176322
台北小巨蛋,雙連,175986
萬芳醫院,南港展覽館,175959
南京復興,大橋頭站,175828
東湖,大直,175813
葫洲,西門,175813
中山國小,大坪林,175799
新店,龍山寺,175786
國父紀念館,三民高中,175602
台北車站,三重,175591
大坪林,BL板橋,175563
港墘,台北101/世貿,175469
台北小巨蛋,台北橋,175225
丹鳳,先嗇宮,175167
七張,善導寺,175161
圓山,三和國中,175117
大坪林,中山國小,175100
小南門,景安,175091
台北101/世貿,松山,174993
忠孝新生,科技大樓,174990
永春,景安,174915
亞東醫院,科技大樓,174903
港墘,忠孝新生,174862
港墘,海山,174834
南京三民,科技大樓,174471
北投,龍山寺,174444
中山,新北投,174412
中山國小,頭前庄,174376
西湖,永安市場,174273
忠孝復興,新店,174259
松山,大安,174238
土城,忠孝新生,174117
市政府,六張犁,174081
劍南路,中山,174011
頭前庄,中山國小,174000
台電大樓,雙連,173995
士林,台北橋,173942
忠孝新生,萬芳醫院,173886
台大醫院,江子翠,173844
忠孝新生,北投,173840
松江南京,台大醫院,173781
新莊,松山,173768
南港軟體園區,南京復興,173647
中正紀念堂,南港展覽館,173562
台北橋,士林,173465
台北橋,台北小巨蛋,173451
BL板橋,永安市場,173278
三民高中,大安,173210
東門,海山,173112
忠孝敦化,新莊,172989
關渡,台北101/世貿,172899
輔大,忠孝復興,172853
西湖,忠孝敦化,172783
忠孝敦化,台電大樓,172770
大橋頭站,淡水,172706
劍南路,台北101/世貿,172677
BL板橋,台大醫院,172674
港墘,亞東醫院,172668
亞東醫院,頂溪,172631
七張,雙連,172500
南京復興,三重,172478
南京復興,信義安和,172455
大安,東湖,172357
大橋頭站,雙連,172329
大安,海山,172246
南京三民,北投,172212
港墘,永春,172196
忠孝敦化,迴龍,172182
後山埤,海山,172167
頂溪,新店區公所,172098
忠孝新生,土城,172083
三重國小,石牌,172035
大安森林公園,芝山,171990
中山國中,江子翠,171899
公館,三和國中,171891
忠孝新生,頂埔,171864
信義安和,三民高中,171808
西門,葫洲,171714
南勢角,昆陽,171614
北投,忠孝新生,171602
永寧,南京三民,171581
大安,亞東醫院,171519
信義安和,新莊,171485
台大醫院,行天宮,171442
中山,三重,171438
台北小巨蛋,丹鳳,171311
國父紀念館,中山國中,171298
中山國中,永春,171221
國父紀念館,三重國小,171217
葫洲,東湖,171127
七張,士林,171061
東湖,東湖,171053
景美,永安市場,171044
唭哩岸,雙連,171038
北門,海山,170938
大安,三民高中,170871
江子翠,芝山,170859
菜寮,頂溪,170755
淡水,北門,170728
蘆洲,中正紀念堂,170708
新北投,西門,170693
徐匯中學,頂溪,170685
台電大樓,石牌,170677
丹鳳,南京三民,170665
台北橋,台大醫院,170601
台北小巨蛋,民權西路,170582
景安,大安森林公園,170372
公館,徐匯中學,170285
徐匯中學,圓山,170264
台北小巨蛋,迴龍,170237
淡水,大橋頭站,170211
大安森林公園,石牌,170209
行天宮,永寧,170203
中山國中,文德,170183
三重,台北101/世貿,170113
丹鳳,台北橋,170061
南京三民,大安,170056
新北投,關渡,170003
台北小巨蛋,市政府,169964
公館,國父紀念館,169822
芝山,府中,169782
大安,三和國中,169750
中山國中,府中,169737
圓山,三民高中,169704
港墘,後山埤,169703
士林,景美,169702
永安市場,景美,169663
頭前庄,新莊,169617
忠孝敦化,七張,169511
台大醫院,忠孝復興,169498
劍潭,中山國小,169402
府中,中山國小,169293
士林,菜寮,169271
亞東醫院,民權西路,169252
新店區公所,新店區公所,169239
科技大樓,松江南京,169209
台北橋,圓山,169147
台北小巨蛋,永寧,169129
雙連,南京三民,169017
中山國小,大安,168973
東門,亞東醫院,168964
劍潭,徐匯中學,168933
劍潭,三重,168841
景美,石牌,168792
雙連,唭哩岸,168768
永安市場,BL板橋,168629
辛亥,六張犁,168600
淡水,海山,168585
東湖,中山國中,168565
三重國小,頂溪,168532
頂溪,亞東醫院,168490
大安,大安森林公園,168411
迴龍,圓山,168362
民權西路,松山,168334
紅樹林,大安,168324
中正紀念堂,永寧,168231
台北101/世貿,三重,168148
劍潭,丹鳳,168079
南京三民,輔大,168068
公館,三重國小,168037
南勢角,西湖,168032
善導寺,蘆洲,167869
忠孝敦化,景美,167845
內湖,內湖,167836
南港軟體園區,大湖公園,167722
中山國中,東湖,167500
昆陽,景安,167486
三重,東門,167469
新莊,雙連,167439
台電大樓,忠孝敦化,167381
台北橋,丹鳳,167222
永安市場,大安森林公園,167218
迴龍,劍潭,167081
善導寺,科技大樓,167065
徐匯中學,三民高中,166959
南勢角,芝山,166896
忠孝新生,六張犁,166777
南勢角,港墘,166741
新莊,士林,166707
市政府,紅樹林,166683
關渡,新北投,166679
市政府,大湖公園,166664
後山埤,東湖,166645
三重國小,公館,166604
萬芳醫院,忠孝新生,166473
頂溪,新莊,166467
石牌,菜寮,166464
三民高中,善導寺,166456
劍潭,迴龍,166364
小南門,新店區公所,166310
台北車站,萬芳社區,166279
永寧,中正紀念堂,166254
麟光,科技大樓,166187
雙連,大安森林公園,166179
三重國小,南港展覽館,166132
新莊,石牌,166019
大安,國父紀念館,165954
松山,台北橋,165939
南勢角,南港,165924
石牌,忠義,165901
中山,頂埔,165888
大直,文德,165858
先嗇宮,大橋頭站,165774
大橋頭站,先嗇宮,165716
市政府,明德,165651
動物園,中山,165642
亞東醫院,松山,165627
紅樹林,台北小巨蛋,165610
六張犁,南港展覽館,165601
三和國中,劍潭,165556
海山,東門,165473
南京復興,南港軟體園區,165372
中山,港墘,165355
三重國小,大安,165289
南港,大安,165228
景安,南港,165225
奇岩,南京復興,165127
內湖,六張犁,165086
亞東醫院,北門,165032
國父紀念館,科技大樓,164940
芝山,江子翠,164910
古亭,大安森林公園,164886
大湖公園,西湖,164815
古亭,南港,164772
台北橋,石牌,164737
士林,新莊,164692
行天宮,雙連,164610
西湖,景安,164573
大安,三重國小,164462
石牌,台電大樓,164335
新莊,大安,164190
國父紀念館,中正紀念堂,164184
復興崗,關渡,164146
石牌,大安森林公園,164010
忠孝敦化,丹鳳,163954
海山,民權西路,163929
圓山,徐匯中學,163883
台北小巨蛋,輔大,163830
七張,民權西路,163797
龍山寺,新店,163787
南港展覽館,芝山,163704
士林,海山,163685
市政府,新店,163678
雙連,台北小巨蛋,163501
大直,東湖,163459
葫洲,大湖公園,163402
新店區公所,頂溪,163278
石牌,景美,163260
昆陽,古亭,163239
中山國小,劍潭,163049
善導寺,雙連,163045
丹鳳,劍潭,162866
台大醫院,府中,162818
南京復興,萬芳社區,162814
大安,南港,162759
南港展覽館,頂埔,162625
亞東醫院,圓山,162564
忠孝敦化,中正紀念堂,162549
六張犁,新埔,162521
南港展覽館,三重國小,162449
大安,明德,162434
新店區公所,大安,162415
小南門,東門,162407
海山,石牌,162334
善導寺,台北101/世貿,162238
先嗇宮,台北橋,162237
七張,淡水,162205
石牌,新莊,162126
淡水,新莊,162121
士林,亞東醫院,162112
BL板橋,大坪林,162110
江子翠,江子翠,162106
頂埔,國父紀念館,161935
三民高中,徐匯中學,161907
頂溪,後山埤,161875
蘆洲,石牌,161864
大橋頭站,松山,161842
文德,中山國中,161834
芝山,大安森林公園,161723
劍南路,忠孝敦化,161671
輔大,東門,161654
景美,忠孝敦化,161644
大坪林,亞東醫院,161621
大坪林,府中,161610
萬隆,頂溪,161569
善導寺,七張,161564
頂溪,三民高中,161547
台電大樓,亞東醫院,161507
台北車站,先嗇宮,161427
松山,新莊,161411
台北101/世貿,劍南路,161359
台北小巨蛋,紅樹林,161282
萬芳社區,忠孝復興,161277
海山,後山埤,161143
海山,海山,161009
大橋頭站,信義安和,160922
忠孝復興,北門,160752
六張犁,內湖,160730
淡水,亞東醫院,160718
雙連,台電大樓,160640
永寧,古亭,160491
忠孝敦化,中山國中,160482
景安,龍山寺,160407
石牌,三重國小,160404
台電大樓,淡水,160394
西湖,亞東醫院,160355
行天宮,明德,160282
亞東醫院,信義安和,160264
大湖公園,葫洲,160224
民權西路,七張,160189
淡水,菜寮,160137
內湖,松山機場,160055
公館,永寧,160005
龍山寺,景安,159997
頂溪,劍南路,159914
士林,小南門,159853
忠孝敦化,菜寮,159844
府中,小南門,159840
台北小巨蛋,台北小巨蛋,159708
大橋頭站,西門,159623
士林,七張,159510
北投,古亭,159451
後山埤,頂溪,159448
新店區公所,善導寺,159355
葫洲,忠孝敦化,159219
科技大樓,文德,159188
新莊,頂溪,159181
菜寮,信義安和,159131
古亭,北投,159097
民權西路,新北投,159095
永寧,昆陽,159061
海山,圓山,158945
萬隆,龍山寺,158884
民權西路,海山,158865
新莊,忠孝敦化,158834
景安,景美,158775
龍山寺,新店區公所,158736
文德,大安,158730
雙連,新莊,158719
府中,景美,158694
劍潭,三民高中,158693
中山國小,府中,158621
辛亥,中山國中,158575
中山國小,永春,158548
萬隆,東門,158516
迴龍,松山,158487
唭哩岸,台大醫院,158354
劍南路,頂溪,158255
圓山,菜寮,158190
竹圍,奇岩,158150
南京復興,象山,158078
三重,中山,158074
奇岩,台大醫院,158072
新莊,圓山,158034
石牌,亞東醫院,157996
七張,忠孝敦化,157988
大安,新莊,157934
永春,中山國小,157907
古亭,永寧,157889
雙連,行天宮,157834
蘆洲,永安市場,157772
三重,劍潭,157701
科技大樓,府中,157593
頂溪,關渡,157571
南港,景安,157551
文德,大直,157503
亞東醫院,淡水,157433
善導寺,三民高中,157376
東門,小南門,157338
三和國中,中正紀念堂,157323
古亭,三重,157296
忠孝敦化,葫洲,157277
善導寺,景美,157240
台電大樓,芝山,157208
新店,圓山,157168
象山,關渡,157094
小南門,南勢角,157091
海山,小南門,157078
景美,雙連,156973
東門,永春,156964
菜寮,忠孝敦化,156926
永春,中山國中,156912
北門,忠孝復興,156912
台北橋,松山,156802
丹鳳,東門,156704
海山,台大醫院,156699
大橋頭站,國父紀念館,156628
蘆洲,象山,156595
大橋頭站,劍潭,156585
台北小巨蛋,忠孝復興,156582
迴龍,頂溪,156557
公館,新莊,156546
永春,東門,156504
迴龍,國父紀念館,156464
景美,善導寺,156401
後山埤,古亭,156400
南港,古亭,156352
迴龍,信義安和,156285
小南門,士林,156251
頂溪,萬隆,156228
六張犁,忠孝新生,156227
石牌,台北橋,156139
台北101/世貿,竹圍,156042
新北投,紅樹林,155965
南港軟體園區,新埔,155915
中山,萬芳醫院,155824
行天宮,先嗇宮,155735
雙連,南港展覽館,155731
台大醫院,台北橋,155680
頭前庄,菜寮,155637
忠孝新生,東湖,155565
南京三民,永寧,155476
菜寮,雙連,155460
菜寮,先嗇宮,155432
國父紀念館,公館,155418
三民高中,南港展覽館,155413
徐匯中學,公館,155397
松江南京,土城,155376
明德,信義安和,155368
Y板橋,永安市場,155366
輔大,台北小巨蛋,155320
大安,文德,155289
南京復興,土城,155179
善導寺,頂埔,155174
大直,忠孝敦化,155162
新店區公所,圓山,155162
台電大樓,信義安和,155155
淡水,台北橋,155146
忠孝新生,北門,155132
南港,行天宮,155078
丹鳳,士林,154902
菜寮,頭前庄,154809
西湖,大湖公園,154792
龍山寺,科技大樓,154791
芝山,台電大樓,154733
江子翠,科技大樓,154614
雙連,大橋頭站,154574
土城,南港展覽館,154560
松江南京,港墘,154549
南京三民,紅樹林,154542
台北101/世貿,新店,154499
東門,新店,154483
三民高中,頂溪,154302
圓山,台北橋,154274
士林,三民高中,154184
忠義,竹圍,154166
海山,淡水,154135
永春,大安,154097
BL板橋,動物園,154045
新店,小南門,154041
亞東醫院,芝山,153996
奇岩,西門,153991
南京三民,南京三民,153980
台北橋,先嗇宮,153943
大直,南港軟體園區,153761
劍南路,劍南路,153735
辛亥,萬芳醫院,153660
復興崗,竹圍,153620
港墘,國父紀念館,153583
科技大樓,江子翠,153484
芝山,南港展覽館,153483
行天宮,台大醫院,153366
文德,科技大樓,153361
東門,丹鳳,153300
亞東醫院,台大醫院,153273
南港軟體園區,忠孝敦化,153247
南港,亞東醫院,153240
丹鳳,圓山,153226
市政府,萬隆,153095
新店,大安,153038
台北小巨蛋,台大醫院,153029
東湖,後山埤,152944
信義安和,台電大樓,152899
大安森林公園,南勢角,152860
南勢角,永春,152823
市政府,台北小巨蛋,152706
唭哩岸,紅樹林,152628
芝山,復興崗,152568
明德,東門,152531
北投,忠義,152430
西湖,台北101/世貿,152414
南京三民,迴龍,152380
古亭,昆陽,152354
松山,大橋頭站,152284
新莊,先嗇宮,152247
BL板橋,松山,152060
劍潭,新店區公所,152032
中山,內湖,152000
大直,萬芳醫院,151933
忠孝敦化,大安,151848
龍山寺,劍南路,151838
信義安和,明德,151790
北門,忠孝新生,151714
中山國小,江子翠,151691
新店,BL板橋,151649
景美,淡水,151573
西湖,松江南京,151531
台北101/世貿,奇岩,151510
雙連,中山國小,151412
迴龍,台大醫院,151385
輔大,南京三民,151349
南勢角,大安森林公園,151349
永寧,公館,151240
萬芳醫院,善導寺,151231
民權西路,南港展覽館,151027
萬隆,雙連,150976
唭哩岸,奇岩,150896
中山,劍南路,150862
迴龍,迴龍,150779
南港展覽館,三民高中,150737
中正紀念堂,關渡,150718
忠孝復興,萬隆,150710
萬芳醫院,大直,150707
雙連,菜寮,150649
三和國中,三重,150634
台大醫院,台北小巨蛋,150620
三民高中,蘆洲,150541
古亭,後山埤,150435
忠孝敦化,輔大,150419
蘆洲,三和國中,150395
海山,信義安和,150352
東門,萬隆,150322
迴龍,雙連,150301
輔大,忠孝敦化,150299
新北投,民權西路,150270
石牌,海山,150241
萬隆,行天宮,150134
龍山寺,台大醫院,150045
唭哩岸,台北101/世貿,150028
紅樹林,東門,150021
菜寮,芝山,149960
萬芳醫院,台北101/世貿,149946
小南門,大安,149931
中山國小,圓山,149797
民權西路,國父紀念館,149783
大安森林公園,BL板橋,149749
南港展覽館,士林,149746
迴龍,士林,149619
大安,中山國小,149597
石牌,輔大,149556
新莊,頭前庄,149439
明德,公館,149402
東湖,忠孝新生,149318
丹鳳,松山,149135
奇岩,松江南京,149005
象山,大坪林,149002
南港,南勢角,148988
松山機場,科技大樓,148817
芝山,南勢角,148758
小南門,信義安和,148747
松江南京,南港,148739
三重,台北車站,148664
劍潭,北門,148584
忠孝新生,新店,148430
公館,輔大,148391
府中,劍南路,148355
輔大,士林,148297
紅樹林,南京三民,148270
輔大,劍潭,148236
公館,三民高中,148120
西門,小碧潭,148115
善導寺,萬芳醫院,148027
市政府,小南門,147955
迴龍,丹鳳,147941
圓山,新莊,147882
西門,大橋頭站,147782
府中,永安市場,147778
三民高中,公館,147774
三重,三和國中,147741
景美,民權西路,147737
圓山,中山國小,147720
頂溪,北投,147706
象山,明德,147698
雙連,七張,147685
永春,科技大樓,147671
昆陽,永寧,147668
大坪林,南勢角,147633
徐匯中學,善導寺,147612
劍潭,大橋頭站,147504
萬隆,小南門,147488
江子翠,中山國小,147475
頂溪,迴龍,147431
丹鳳,信義安和,147357
大坪林,象山,147134
萬隆,市政府,147092
三重,永安市場,146954
松山,大直,146898
三重,士林,146880
劍南路,龍山寺,146864
石牌,蘆洲,146837
復興崗,復興崗,146789
松江南京,科技大樓,146751
內湖,中山,146631
土城,國父紀念館,146618
三重,古亭,146618
紅樹林,忠孝復興,146590
圓山,新店區公所,146543
松山,亞東醫院,146494
大安,景美,146373
科技大樓,台大醫院,146344
東湖,科技大樓,146245
迴龍,善導寺,146219
蘆洲,三民高中,146207
萬芳醫院,南港,146186
台北101/世貿,萬芳醫院,146172
蘆洲,大坪林,146145
東門,明德,146016
科技大樓,圓山,145986
科技大樓,東門,145952
中正紀念堂,三和國中,145819
中山國小,士林,145800
北投,忠孝敦化,145784
台北101/世貿,善導寺,145760
公館,明德,145705
善導寺,徐匯中學,145546
先嗇宮,菜寮,145524
三和國中,善導寺,145477
大直,中山,145382
明德,忠孝復興,145322
萬隆,圓山,145313
三和國中,大坪林,145294
善導寺,新店區公所,145278
大橋頭站,士林,145261
景安,徐匯中學,145182
淡水,三重國小,145133
東門,南港,145074
七張,信義安和,145070
士林,三重,145038
東湖,善導寺,145008
南港展覽館,松山機場,144921
信義安和,菜寮,144862
七張,BL板橋,144828
台北橋,信義安和,144796
萬芳醫院,中山,144758
公館,信義安和,144749
明德,台北小巨蛋,144720
科技大樓,龍山寺,144655
淡水,新店區公所,144605
新埔,景美,144593
中正紀念堂,蘆洲,144556
葫洲,國父紀念館,144521
松江南京,先嗇宮,144514
迴龍,大安,144513
關渡,復興崗,144465
北投,BL板橋,144348
亞東醫院,小南門,144293
大橋頭站,南港展覽館,144257
菜寮,台北橋,144174
新店區公所,劍潭,144122
萬隆,忠孝新生,144116
松山機場,內湖,144100
大安,小南門,143946
中山國中,亞東醫院,143869
新北投,新北投,143806
三重國小,芝山,143798
南港軟體園區,忠孝復興,143790
忠孝敦化,內湖,143748
芝山,七張,143708
士林,輔大,143662
三重,徐匯中學,143660
石牌,三民高中,143617
蘆洲,芝山,143585
徐匯中學,劍潭,143585
忠孝敦化,北投,143513
信義安和,小南門,143478
六張犁,善導寺,143394
新店區公所,士林,143351
輔大,石牌,143344
忠孝復興,明德,143269
忠孝新生,紅樹林,143253
永春,葫洲,143251
大直,台北101/世貿,143247
公館,紅樹林,143247
景美,大安,143188
新埔,永安市場,143158
永安市場,蘆洲,143092
南京三民,善導寺,143085
迴龍,南港展覽館,143053
中正紀念堂,徐匯中學,142993
龍山寺,明德,142918
新店區公所,龍山寺,142694
士林,中山國小,142679
新店,忠孝敦化,142616
大安,永春,142556
頭前庄,台北橋,142535
公館,大橋頭站,142492
忠義,北投,142491
公館,菜寮,142456
大安森林公園,新埔,142434
七張,芝山,142411
台北101/世貿,唭哩岸,142356
萬隆,BL板橋,142354
大安,新店區公所,142331
台大醫院,竹圍,142271
台北橋,大安,142255
府中,六張犁,142203
BL板橋,七張,142179
永安市場,七張,142043
萬芳醫院,松江南京,142040
雙連,景美,142038
國父紀念館,台北橋,142016
大安,公館,142008
大直,松山,141915
菜寮,大安,141825
內湖,忠孝敦化,141814
信義安和,七張,141722
海山,大坪林,141661
南港展覽館,台電大樓,141613
松山,輔大,141516
永寧,永春,141319
南京三民,丹鳳,141318
唭哩岸,南京復興,141257
新店,劍潭,141190
圓山,海山,141063
大安,台北橋,141057
新埔,大坪林,141046
行天宮,新店,141032
芝山,菜寮,140983
南京三民,大橋頭站,140970
國父紀念館,雙連,140952
松江南京,頂埔,140944
永安市場,新埔,140939
永寧,台北101/世貿,140820
大橋頭站,大安,140808
芝山,三重國小,140793
內湖,國父紀念館,140764
象山,象山,140686
松山,丹鳳,140652
松山,迴龍,140575
台北101/世貿,港墘,140568
奇岩,唭哩岸,140542
先嗇宮,民權西路,140526
菜寮,公館,140519
徐匯中學,三重,140291
中正紀念堂,三重國小,140146
西湖,忠孝新生,140133
海山,中山國中,140132
丹鳳,國父紀念館,140128
台大醫院,台大醫院,140120
忠孝復興,三重,140116
丹鳳,雙連,140114
民權西路,亞東醫院,140087
三重,石牌,140000
七張,國父紀念館,139998
民權西路,景美,139987
台北橋,公館,139953
BL板橋,北投,139941
北門,淡水,139905
新店,士林,139852
關渡,中正紀念堂,139839
台北橋,台北橋,139806
龍山寺,六張犁,139802
南港,東門,139728
三重國小,中正紀念堂,139712
大直,國父紀念館,139657
永春,永寧,139644
萬隆,劍潭,139599
新店,雙連,139563
輔大,丹鳳,139552
南港展覽館,土城,139469
新莊,淡水,139446
石牌,中山國小,139441
竹圍,復興崗,139334
信義安和,台北橋,139234
三和國中,永安市場,139230
菜寮,淡水,139227
雙連,善導寺,139208
科技大樓,東湖,139201
三重,圓山,139169
公館,台北橋,139144
中山,動物園,139136
芝山,景美,139095
三民高中,劍潭,139069
蘆洲,景安,139001
萬芳醫院,信義安和,138969
龍山寺,萬隆,138944
葫洲,永春,138905
大安,北門,138876
科技大樓,永春,138862
國父紀念館,頂埔,138809
新店區公所,石牌,138788
忠孝新生,港墘,138742
大直,BL板橋,138730
紅樹林,象山,138729
新北產業園區,海山,138728
大安,菜寮,138694
信義安和,北門,138681
徐匯中學,中正紀念堂,138562
昆陽,南勢角,138452
新埔,大安森林公園,138369
永安市場,三重,138279
西門,竹圍,138205
景安,蘆洲,138203
中山國中,辛亥,138177
中山,西湖,138145
新埔,象山,138073
永春,港墘,138025
中山,南港,138018
淡水,小南門,137930
永安市場,輔大,137877
南港展覽館,新莊,137855
國父紀念館,內湖,137797
輔大,永安市場,137740
南港,中山,137710
大坪林,海山,137627
永寧,石牌,137566
台北橋,菜寮,137530
丹鳳,輔大,137528
象山,蘆洲,137403
台北橋,雙連,137321
新莊,國父紀念館,137298
北投,善導寺,137221
頭前庄,南京復興,137178
復興崗,芝山,137150
竹圍,忠義,137107
新店,善導寺,137103
三民高中,石牌,137053
忠孝敦化,新店區公所,137002
景美,芝山,136932
三民高中,士林,136927
新店區公所,忠孝敦化,136923
新北投,雙連,136922
永春,南勢角,136878
台北橋,國父紀念館,136872
新北投,竹圍,136831
科技大樓,亞東醫院,136803
輔大,公館,136801
新埔,南港軟體園區,136772
明德,龍山寺,136766
台北車站,南港軟體園區,136728
海山,芝山,136722
關渡,頂溪,136669
士林,南港展覽館,136652
先嗇宮,丹鳳,136634
松山,菜寮,136612
善導寺,善導寺,136529
西湖,國父紀念館,136492
南京復興,頂埔,136457
新店區公所,雙連,136419
新莊,公館,136416
復興崗,圓山,136101
士林,新店區公所,136044
大湖公園,東湖,136032
景美,信義安和,135944
信義安和,景美,135901
關渡,南京復興,135809
雙連,國父紀念館,135787
雙連,雙連,135766
台大醫院,唭哩岸,135596
南港軟體園區,大直,135553
後山埤,西湖,135499
芝山,亞東醫院,135473
七張,永安市場,135461
淡水,輔大,135460
新店區公所,國父紀念館,135361
忠孝復興,大湖公園,135342
信義安和,輔大,135338
頂溪,紅樹林,135330
雙連,迴龍,135327
永安市場,江子翠,135208
台大醫院,科技大樓,135166
亞東醫院,亞東醫院,135113
新店,信義安和,135088
丹鳳,大安,135033
大坪林,三和國中,135017
忠孝敦化,港墘,134951
亞東醫院,六張犁,134946
輔大,圓山,134930
忠孝復興,台北小巨蛋,134880
台北101/世貿,頭前庄,134860
新莊,南港展覽館,134767
永春,雙連,134745
三和國中,景安,134742
木柵,動物園,134696
南京三民,中山國中,134603
北投,頂溪,134442
南港展覽館,台北橋,134440
西門,台大醫院,134426
中山國中,南京三民,134366
南港,六張犁,134300
台北橋,淡水,134254
頂溪,丹鳳,134170
Y板橋,菜寮,134102
國父紀念館,新莊,134088
中山國小,雙連,134081
善導寺,六張犁,134047
輔大,西門,133977
大湖公園,忠孝復興,133964
關渡,台大醫院,133924
亞東醫院,景美,133842
台電大樓,善導寺,133812
菜寮,松山,133801
景安,輔大,133765
中山國小,石牌,133737
國父紀念館,土城,133722
大橋頭站,芝山,133676
北門,劍潭,133659
善導寺,台電大樓,133639
忠孝敦化,劍南路,133572
中山國小,象山,133462
淡水,三重,133445
三重,頭前庄,133436
中山,大直,133378
先嗇宮,新莊,133337
劍潭,永寧,133311
蘆洲,永春,133310
永寧,士林,133269
信義安和,海山,133166
台電大樓,海山,133101
永寧,雙連,133087
大坪林,輔大,133061
劍潭,永春,133039
中山國小,善導寺,133022
南京復興,南港,133014
西湖,永春,132973
Y板橋,先嗇宮,132913
石牌,新店區公所,132846
信義安和,關渡,132834
六張犁,松江南京,132783
海山,科技大樓,132753
北投,松山,132728
雙連,永春,132649
丹鳳,頂溪,132649
永安市場,徐匯中學,132642
頭前庄,三重,132597
新店,國父紀念館,132573
江子翠,劍南路,132523
唭哩岸,松江南京,132499
奇岩,大安,132488
港墘,南勢角,132443
唭哩岸,竹圍,132441
石牌,大橋頭站,132440
內湖,台北101/世貿,132359
六張犁,市政府,132317
永安市場,府中,132278
台電大樓,南港展覽館,132249
動物園,BL板橋,132218
台北小巨蛋,明德,132207
台電大樓,國父紀念館,132160
北門,忠孝敦化,132142
小碧潭,西門,132127
北門,亞東醫院,132115
後山埤,東門,132074
信義安和,公館,132043
忠孝新生,萬隆,132032
芝山,蘆洲,132020
三重國小,大坪林,132008
台北橋,芝山,132007
信義安和,萬芳醫院,132004
三重,南京三民,132004
小南門,萬隆,131962
南京復興,竹圍,131959
西門,奇岩,131934
三重國小,永安市場,131923
亞東醫院,七張,131901
象山,中山國小,131873
景安,三和國中,131789
麟光,中山國中,131728
南港展覽館,大橋頭站,131686
國父紀念館,大安,131658
台大醫院,海山,131640
竹圍,南京復興,131628
善導寺,北投,131594
劍潭,小南門,131577
竹圍,台大醫院,131525
台北橋,頭前庄,131479
西湖,南勢角,131448
台北橋,南港展覽館,131311
東門,科技大樓,131278
國父紀念館,葫洲,131271
景美,新埔,131254
劍南路,松山,131221
景美,國父紀念館,131171
海山,台電大樓,131161
大坪林,三重國小,131151
菜寮,菜寮,131141
西門,唭哩岸,131117
北門,信義安和,131092
國父紀念館,七張,131087
府中,南勢角,131085
景安,三重國小,131052
信義安和,大橋頭站,131049
淡水,迴龍,130948
國父紀念館,民權西路,130891
台北101/世貿,大直,130868
松山,北投,130844
中山國中,後山埤,130804
信義安和,亞東醫院,130801
菜寮,永安市場,130789
萬芳社區,大安,130696
松山機場,萬芳醫院,130620
國父紀念館,大橋頭站,130613
小南門,海山,130598
永安市場,菜寮,130561
中山國中,麟光,130473
徐匯中學,景安,130441
輔大,松山,130417
萬隆,台北101/世貿,130406
關渡,信義安和,130372
象山,三和國中,130327
永春,圓山,130307
頂溪,中山國中,130304
龍山寺,動物園,130278
台大醫院,關渡,130265
劍南路,府中,130259
紅樹林,忠孝新生,130231
劍南路,國父紀念館,130186
信義安和,丹鳳,130186
忠孝敦化,大直,130176
國父紀念館,台電大樓,130145
西門,輔大,130138
頭前庄,台北101/世貿,130130
南港軟體園區,永春,130120
松山,松山機場,130117
善導寺,東湖,130092
台北橋,永安市場,130082
忠孝敦化,紅樹林,129872
輔大,國父紀念館,129766
公館,大安,129744
南港軟體園區,國父紀念館,129729
劍南路,江子翠,129685
永安市場,三和國中,129684
BL板橋,大安森林公園,129619
後山埤,中山國中,129589
中山國小,海山,129506
萬芳醫院,南京三民,129497
中山國中,海山,129462
江子翠,永安市場,129444
菜寮,國父紀念館,129413
三重國小,善導寺,129347
葫洲,六張犁,129308
海山,中山國小,129305
台大醫院,奇岩,129277
大安,善導寺,129273
行天宮,萬隆,129234
徐匯中學,永安市場,129220
新店,石牌,129167
中山國中,南港,129128
松江南京,萬芳醫院,129098
中山國中,善導寺,129069
Y板橋,三重,129039
圓山,亞東醫院,128954
景美,府中,128912
先嗇宮,中山國小,128890
港墘,善導寺,128877
迴龍,公館,128832
江子翠,七張,128795
芝山,海山,128506
中山國小,中正紀念堂,128463
國父紀念館,迴龍,128419
象山,台電大樓,128357
國父紀念館,輔大,128320
民權西路,中山國小,128318
市政府,台大醫院,128296
明德,南京三民,128206
迴龍,石牌,128186
BL板橋,萬芳醫院,128171
石牌,三重,128160
忠孝新生,頭前庄,128131
圓山,永春,127866
明德,古亭,127824
港墘,古亭,127822
唭哩岸,西門,127803
新莊,芝山,127775
亞東醫院,中山國小,127639
松江南京,竹圍,127606
大直,大直,127592
明德,象山,127590
萬隆,民權西路,127570
新店區公所,民權西路,127568
科技大樓,科技大樓,127555
中山國小,景美,127526
十四張,台北車站,127512
六張犁,麟光,127497
迴龍,淡水,127493
台北小巨蛋,大橋頭站,127436
六張犁,葫洲,127417
頂溪,明德,127410
景美,景美,127401
國父紀念館,景美,127398
松山,台大醫院,127388
中山,復興崗,127378
松山機場,南港展覽館,127362
中正紀念堂,三民高中,127359
景美,中山國小,127349
大安,台電大樓,127232
信義安和,迴龍,127228
江子翠,六張犁,127211
台電大樓,民權西路,127155
三和國中,象山,127137
芝山,三民高中,127136
昆陽,中山,127116
南港,萬芳醫院,127111
BL板橋,大直,127063
內湖,松江南京,127036
大坪林,蘆洲,127030
雙連,新北投,126988
大橋頭站,圓山,126920
永春,內湖,126917
亞東醫院,劍南路,126871
永春,永春,126835
竹圍,台北101/世貿,126803
永安市場,三重國小,126799
江子翠,小南門,126783
行天宮,昆陽,126782
松山,劍南路,126456
三民高中,中正紀念堂,126444
三重國小,淡水,126444
芝山,台北橋,126389
忠孝敦化,新店,126387
台北101/世貿,萬隆,126387
三重,三重國小,126370
劍南路,松江南京,126348
動物園,港墘,126295
輔大,先嗇宮,126256
大橋頭站,大橋頭站,126235
圓山,忠義,126181
復興崗,紅樹林,126089
西門,丹鳳,126067
國父紀念館,新店區公所,126042
丹鳳,南港展覽館,126035
BL板橋,萬隆,126021
雙連,丹鳳,126021
竹圍,松江南京,126013
北投,國父紀念館,125989
圓山,復興崗,125976
三重國小,景安,125879
新店區公所,信義安和,125854
小南門,江子翠,125830
士林,北門,125808
中山國小,先嗇宮,125759
中山,小碧潭,125697
古亭,明德,125594
大安森林公園,忠孝復興,125578
內湖,善導寺,125575
松山機場,西門,125535
西湖,後山埤,125496
士林,大橋頭站,125468
紅樹林,公館,125443
奇岩,市政府,125358
善導寺,中山國中,125346
後山埤,中山國小,125336
輔大,信義安和,125300
萬芳醫院,BL板橋,125297
三重,芝山,125295
萬隆,忠孝復興,125273
南京復興,奇岩,125257
民權西路,台電大樓,125183
港墘,中正紀念堂,125164
松江南京,內湖,125119
丹鳳,公館,125112
三民高中,永安市場,124982
永安市場,關渡,124937
三和國中,BL板橋,124870
關渡,松江南京,124868
忠義,紅樹林,124830
松山,六張犁,124820
象山,三重國小,124778
昆陽,行天宮,124709
明德,忠孝敦化,124708
三民高中,大坪林,124679
景美,南港展覽館,124625
石牌,永春,124602
永春,劍潭,124594
士林,迴龍,124483
台北101/世貿,永寧,124447
先嗇宮,輔大,124442
士林,丹鳳,124428
南港軟體園區,西門,124267
石牌,永寧,124238
南港,松江南京,124215
七張,中山國小,124206
三民高中,芝山,124076
淡水,永寧,124067
中山國小,台大醫院,124065
麟光,木柵,124046
府中,七張,123991
南港軟體園區,後山埤,123960
七張,江子翠,123952
昆陽,東門,123945
明德,忠孝新生,123877
象山,徐匯中學,123814
台電大樓,象山,123796
科技大樓,海山,123762
南京三民,萬芳醫院,123745
明德,新北投,123744
善導寺,三和國中,123727
中山,頭前庄,123708
萬隆,石牌,123686
BL板橋,新店,123665
紅樹林,忠義,123619
永安市場,三民高中,123590
忠孝敦化,北門,123580
台大醫院,亞東醫院,123571
圓山,科技大樓,123570
北門,北門,123565
雙連,輔大,123555
中山國中,忠孝新生,123537
永寧,南港,123520
永寧,劍潭,123508
菜寮,南港展覽館,123222
新店區公所,BL板橋,123219
紅樹林,忠孝敦化,123191
動物園,劍南路,123176
松江南京,劍南路,123080
新北產業園區,Y板橋,123055
永春,南港軟體園區,122954
科技大樓,台北小巨蛋,122943
六張犁,龍山寺,122940
東門,後山埤,122837
淡水,永春,122811
南京復興,頭前庄,122732
劍潭,萬隆,122705
大坪林,新埔,122690
松山機場,BL板橋,122605
民權西路,先嗇宮,122591
松江南京,西湖,122583
劍南路,忠孝新生,122527
關渡,市政府,122504
中山國小,七張,122491
圓山,輔大,122490
BL板橋,新店區公所,122472
忠義,士林,122414
劍潭,新店,122410
萬芳醫院,松山機場,122410
科技大樓,石牌,122376
後山埤,大安,122359
雙連,萬隆,122356
萬隆,善導寺,122345
BL板橋,三和國中,122275
南港展覽館,輔大,122259
圓山,北門,122200
後山埤,科技大樓,122079
善導寺,中山國小,122058
小南門,府中,121919
南京三民,三重,121913
雙連,三重,121879
丹鳳,石牌,121806
永春,西湖,121789
古亭,紅樹林,121788
文德,大湖公園,121757
中正紀念堂,永春,121752
六張犁,南港,121706
新店,淡水,121664
後山埤,葫洲,121620
紅樹林,新北投,121592
圓山,新店,121580
葫洲,後山埤,121547
動物園,松山,121445
忠義,圓山,121418
中正紀念堂,中山國小,121351
丹鳳,台大醫院,121255
淡水,三和國中,121242
圓山,三重,121205
松山機場,松山,121176
小南門,行天宮,121125
中和,七張,121105
三重,雙連,121076
善導寺,三重國小,121022
台北101/世貿,西湖,121016
永春,民權西路,121004
中山國中,信義安和,120952
民權西路,大安森林公園,120943
中山國小,後山埤,120886
BL板橋,南勢角,120613
北投,大坪林,120523
北門,大安,120516
景美,亞東醫院,120502
忠孝敦化,萬隆,120470
中和,Y板橋,120372
後山埤,南港軟體園區,120363
新北投,明德,120352
中山國小,南港,120344
Y板橋,新北產業園區,120344
大橋頭站,永春,120333
台北101/世貿,忠孝敦化,120304
國父紀念館,丹鳳,120284
永春,石牌,120241
國父紀念館,菜寮,120178
大安森林公園,江子翠,119976
中山國小,台電大樓,119954
新店區公所,淡水,119919
古亭,小碧潭,119904
南港展覽館,大坪林,119845
南京三民,明德,119843
後山埤,雙連,119811
忠孝新生,明德,119807
明德,頂溪,119782
芝山,新莊,119763
雙連,永寧,119729
台北橋,景安,119699
南港,南京復興,119698
大安森林公園,民權西路,119673
萬芳醫院,松山,119638
大坪林,三民高中,119627
松江南京,六張犁,119592
亞東醫院,永安市場,119538
圓山,萬隆,119523
大橋頭站,台大醫院,119409
永安市場,台北橋,119349
民權西路,永春,119335
頭前庄,中山,119277
行天宮,大安森林公園,119214
龍山寺,萬芳醫院,119111
公館,迴龍,119096
三重,三民高中,119090
明德,BL板橋,119082
南港展覽館,迴龍,119076
忠孝新生,中山國中,119056
內湖,忠孝新生,119054
象山,新埔,119047
象山,BL板橋,118923
東門,頭前庄,118871
台北車站,大湖公園,118843
紅樹林,唭哩岸,118840
永安市場,後山埤,118783
頂埔,台北小巨蛋,118752
大坪林,北投,118740
新店,民權西路,118661
東湖,大湖公園,118634
六張犁,東門,118633
輔大,雙連,118628
景安,新店,118626
BL板橋,象山,118618
南京復興,唭哩岸,118612
景安,三民高中,118570
BL板橋,徐匯中學,118534
象山,公館,118516
新莊,三民高中,118495
竹圍,西門,118467
三重,南勢角,118449
唭哩岸,市政府,118414
台大醫院,松山,118410
西湖,松山,118366
圓山,迴龍,118327
雙連,新店區公所,118322
永春,士林,118285
新埔,北投,118273
中正紀念堂,港墘,118263
象山,三民高中,118181
輔大,徐匯中學,118128
徐匯中學,輔大,118075
東門,六張犁,118060
古亭,港墘,118015
景安,台北橋,118014
三重國小,象山,117903
土城,台北小巨蛋,117809
大安,大橋頭站,117751
永春,中正紀念堂,117742
六張犁,松山,117685
淡水,新店,117677
公館,丹鳳,117532
大坪林,永春,117492
台北101/世貿,內湖,117451
大直,南港,117435
石牌,徐匯中學,117426
竹圍,唭哩岸,117386
Y板橋,中和,117359
小碧潭,古亭,117345
三重國小,三重,117238
奇岩,奇岩,117229
徐匯中學,BL板橋,117180
松山,萬芳醫院,117113
BL板橋,三民高中,117083
奇岩,中正紀念堂,117072
動物園,東門,117007
大坪林,徐匯中學,117003
奇岩,行天宮,116997
忠孝新生,內湖,116990
新北產業園區,江子翠,116987
紅樹林,古亭,116875
三重,忠孝復興,116839
南勢角,三重,116811
士林,永春,116795
BL板橋,紅樹林,116764
淡水,科技大樓,116666
西門,木柵,116649
三民高中,三重,116624
唭哩岸,大安,116616
大安森林公園,行天宮,116593
中山國中,頂溪,116589
西門,松山機場,116561
石牌,北門,116518
忠孝敦化,明德,116501
台大醫院,迴龍,116480
萬隆,士林,116413
行天宮,小南門,116413
民權西路,新店區公所,116301
科技大樓,淡水,116264
南港展覽館,小南門,116237
復興崗,中山,116224
南勢角,BL板橋,116210
新埔,明德,116168
內湖,永春,116133
善導寺,南京三民,116087
南京復興,關渡,116084
國父紀念館,北投,116051
Y板橋,景安,115982
士林,永寧,115955
士林,忠義,115949
七張,亞東醫院,115938
頭前庄,忠孝新生,115884
中和,景美,115858
後山埤,永安市場,115856
公館,象山,115741
萬芳醫院,辛亥,115704
南港展覽館,景美,115699
大安,後山埤,115696
西門,菜寮,115567
關渡,大安,115562
大安,迴龍,115549
頂埔,行天宮,115528
象山,忠孝新生,115471
三和國中,輔大,115403
景安,菜寮,115379
徐匯中學,大坪林,115354
台電大樓,大安,115342
三民高中,新莊,115333
港墘,東門,115332
新莊,台大醫院,115272
動物園,木柵,115220
象山,小南門,115200
士林,三和國中,115149
三和國中,永春,115133
土城,南京三民,115095
永春,大坪林,115059
中正紀念堂,竹圍,114968
徐匯中學,象山,114931
南勢角,府中,114805
大湖公園,中山國中,114756
大安森林公園,松江南京,114747
士林,徐匯中學,114718
市政府,麟光,114699
善導寺,內湖,114671
萬隆,忠孝敦化,114643
中山,昆陽,114598
大安,台北小巨蛋,114559
中山國小,民權西路,114475
北投,南港展覽館,114442
台大醫院,中山國小,114360
永寧,台大醫院,114303
Y板橋,頂溪,114190
葫洲,松山機場,114121
龍山寺,紅樹林,114115
中山國小,北投,114093
北門,士林,114065
小南門,新店,113923
小碧潭,新店,113922
大安,松山機場,113914
景安,七張,113907
國父紀念館,大直,113900
景安,Y板橋,113894
竹圍,新北投,113881
新埔,大直,113871
三民高中,BL板橋,113800
中山國中,象山,113767
淡水,昆陽,113689
三重,淡水,113669
大安,新店,113660
大安,丹鳳,113604
中山國小,亞東醫院,113590
三重,台北小巨蛋,113589
永安市場,亞東醫院,113557
象山,中山國中,113534
頂溪,海山,113378
大橋頭站,大坪林,113362
Y板橋,台北橋,113291
府中,大安森林公園,113278
民權西路,善導寺,113224
劍南路,永春,113088
中山國中,中山國中,113064
大安,關渡,113060
信義安和,中山國中,113017
中正紀念堂,台北橋,113000
景安,後山埤,112992
芝山,三重,112973
永寧,北門,112961
石牌,迴龍,112702
景安,劍南路,112670
三和國中,三和國中,112665
台北101/世貿,台北小巨蛋,112660
芝山,輔大,112652
台北橋,中正紀念堂,112588
南勢角,輔大,112581
蘆洲,BL板橋,112569
松山,紅樹林,112468
台電大樓,中山國小,112432
南港展覽館,菜寮,112416
信義安和,新店區公所,112372
古亭,頭前庄,112267
國父紀念館,港墘,112255
芝山,大橋頭站,112218
蘆洲,港墘,112188
新店,永安市場,112111
文德,西門,112086
大湖公園,台北車站,112076
大安森林公園,大坪林,112056
江子翠,景美,112030
辛亥,港墘,111952
奇岩,信義安和,111935
劍潭,頭前庄,111933
昆陽,松江南京,111890
內湖,萬芳醫院,111885
丹鳳,善導寺,111810
七張,府中,111762
北投,新埔,111743
大安森林公園,北投,111697
海山,頂溪,111636
大橋頭站,善導寺,111636
萬隆,大安,111462
松山機場,葫洲,111431
象山,竹圍,111348
海山,劍南路,111306
蘆洲,南港,111272
迴龍,永安市場,111255
三民高中,象山,111250
新莊,永安市場,111235
永寧,淡水,111223
台大醫院,忠孝新生,111151
大安森林公園,龍山寺,111110
劍南路,海山,110910
關渡,行天宮,110905
松江南京,奇岩,110863
劍南路,景安,110832
BL板橋,蘆洲,110799
輔大,南港展覽館,110766
大安,輔大,110751
六張犁,江子翠,110726
松山機場,大安,110693
芝山,徐匯中學,110689
大直,南京三民,110620
小南門,忠孝復興,110569
六張犁,府中,110558
先嗇宮,忠孝新生,110487
台大醫院,大橋頭站,110470
新店區公所,芝山,110468
善導寺,大安,110446
南港展覽館,丹鳳,110438
小南門,淡水,110435
國父紀念館,劍南路,110262
圓山,丹鳳,110256
龍山寺,大直,110213
永安市場,劍南路,110086
永春,蘆洲,110002
菜寮,西門,109978
忠孝新生,劍南路,109879
大坪林,菜寮,109864
港墘,北門,109854
關渡,永安市場,109829
府中,象山,109792
民權西路,萬隆,109644
復興崗,民權西路,109617
先嗇宮,市政府,109593
關渡,象山,109591
松江南京,大安森林公園,109579
紅樹林,復興崗,109536
景美,江子翠,109523
台北車站,頭前庄,109466
芝山,永春,109449
徐匯中學,芝山,109414
頂溪,頭前庄,109411
關渡,BL板橋,109376
西門,文德,109349
劍南路,南京三民,109327
港墘,信義安和,109320
萬芳醫院,台北小巨蛋,109278
唭哩岸,中正紀念堂,109232
松江南京,唭哩岸,109201
動物園,忠孝新生,109175
台北小巨蛋,台北101/世貿,109155
芝山,北門,109154
昆陽,科技大樓,109141
民權西路,復興崗,109073
忠孝復興,大安森林公園,108997
中正紀念堂,後山埤,108921
松江南京,關渡,108914
南勢角,蘆洲,108907
忠義,芝山,108879
石牌,科技大樓,108805
復興崗,劍潭,108768
雙連,後山埤,108730
劍南路,永安市場,108700
頂埔,南京三民,108622
永寧,圓山,108594
大坪林,南港展覽館,108593
芝山,忠義,108576
永安市場,新莊,108529
後山埤,永寧,108514
頭前庄,劍潭,108512
明德,新埔,108497
頂埔,昆陽,108451
劍潭,後山埤,108446
六張犁,台大醫院,108411
蘆洲,南勢角,108334
北投,小南門,108314
科技大樓,後山埤,108300
大直,新埔,108245
圓山,大橋頭站,108182
十四張,公館,108168
三民高中,景安,108164
麟光,港墘,108162
紅樹林,松山,108089
忠孝復興,台大醫院,108086
東門,關渡,108022
台電大樓,台電大樓,108016
江子翠,大安森林公園,107954
江子翠,象山,107933
南京三民,劍南路,107872
輔大,淡水,107857
石牌,萬隆,107845
永春,劍南路,107780
十四張,景美,107766
善導寺,大橋頭站,107738
忠孝敦化,六張犁,107704
士林,新店,107619
BL板橋,明德,107616
永春,芝山,107602
新埔,七張,107535
麟光,市政府,107491
菜寮,台大醫院,107483
徐匯中學,石牌,107440
圓山,小南門,107434
善導寺,迴龍,107365
西湖,信義安和,107351
北門,港墘,107264
南港,永寧,107254
西湖,東門,107197
新埔,關渡,107114
科技大樓,頂溪,107092
三和國中,淡水,107065
龍山寺,大安森林公園,107063
中山國中,大湖公園,107051
中山國中,中正紀念堂,107026
菜寮,大坪林,107000
大坪林,迴龍,106952
東湖,松江南京,106905
辛亥,西湖,106894
六張犁,文德,106854
唭哩岸,行天宮,106817
西門,麟光,106744
大坪林,大安森林公園,106715
南港展覽館,台大醫院,106677
後山埤,景安,106649
芝山,新店區公所,106632
善導寺,民權西路,106581
善導寺,萬隆,106489
大坪林,大橋頭站,106445
萬芳醫院,內湖,106444
台北小巨蛋,三重,106407
石牌,丹鳳,106390
關渡,東門,106374
萬芳社區,中山國中,106357
六張犁,六張犁,106337
萬芳醫院,龍山寺,106330
輔大,芝山,106298
迴龍,中正紀念堂,106239
北投,中山國小,106224
動物園,西湖,106206
南港,中山國小,106195
三重,三重,106116
大直,忠孝新生,106069
淡水,丹鳳,106067
公館,南港,105974
三民高中,輔大,105969
竹圍,中正紀念堂,105849
忠孝敦化,三重,105844
信義安和,新店,105776
萬隆,芝山,105745
善導寺,動物園,105619
善導寺,港墘,105583
新北投,台北101/世貿,105491
忠孝敦化,南港軟體園區,105483
三和國中,石牌,105420
後山埤,後山埤,105383
輔大,三民高中,105376
科技大樓,劍潭,105287
港墘,木柵,105256
台北小巨蛋,科技大樓,105192
大坪林,台北橋,105154
忠孝新生,西湖,105141
葫洲,松江南京,105133
新北產業園區,府中,105128
大安森林公園,忠孝新生,105119
忠孝新生,動物園,105117
木柵,西湖,105058
木柵,港墘,105052
府中,北投,105023
忠孝新生,先嗇宮,105002
松山,台北101/世貿,104999
唭哩岸,唭哩岸,104907
南港展覽館,北投,104835
大安森林公園,南京復興,104834
西湖,北門,104825
十四張,西門,104805
三重,信義安和,104802
忠孝新生,象山,104792
象山,龍山寺,104642
丹鳳,西門,104555
BL板橋,松山機場,104531
辛亥,市政府,104478
芝山,中山國小,104392
西湖,南京三民,104327
萬芳社區,港墘,104321
六張犁,忠孝敦化,104295
紅樹林,BL板橋,104275
萬芳社區,科技大樓,104264
紅樹林,善導寺,104205
丹鳳,永安市場,104117
土城,台北101/世貿,104091
輔大,大安,104078
昆陽,大安,104062
頭前庄,頂溪,104044
麟光,西湖,103956
北門,圓山,103854
土城,行天宮,103853
頂埔,古亭,103846
科技大樓,昆陽,103804
大湖公園,文德,103764
西門,新莊,103749
後山埤,內湖,103744
頭前庄,東門,103657
後山埤,中正紀念堂,103620
三重,大安,103482
輔大,三和國中,103468
新北產業園區,亞東醫院,103435
景安,萬隆,103424
北門,西湖,103405
大安,奇岩,103387
台北小巨蛋,土城,103361
西門,南港軟體園區,103357
小南門,亞東醫院,103336
三和國中,芝山,103335
先嗇宮,中山,103297
東門,昆陽,103284
大安,萬隆,103260
永寧,後山埤,103189
西湖,古亭,103186
紅樹林,國父紀念館,103160
科技大樓,士林,103147
蘆洲,三重,103147
行天宮,竹圍,103115
永安市場,北投,103095
永春,大橋頭站,103090
蘆洲,西湖,103060
麟光,西門,103031
台大醫院,新莊,102983
三和國中,士林,102961
頂埔,永春,102929
行天宮,關渡,102875
台北橋,大坪林,102842
萬芳社區,西湖,102805
永寧,民權西路,102753
象山,北門,102657
劍南路,亞東醫院,102510
台大醫院,六張犁,102503
劍潭,南港,102487
大直,龍山寺,102476
芝山,三和國中,102464
忠孝敦化,西湖,102433
松江南京,昆陽,102382
古亭,西湖,102381
信義安和,竹圍,102371
永安市場,新店,102347
信義安和,三重,102297
中正紀念堂,中山國中,102280
麟光,動物園,102214
丹鳳,淡水,102200
永安市場,明德,102190
中正紀念堂,奇岩,102156
中正紀念堂,唭哩岸,102140
北門,石牌,102117
大坪林,紅樹林,102117
台電大樓,小碧潭,102085
北投,大安森林公園,102084
台北橋,南勢角,102057
徐匯中學,徐匯中學,102050
明德,大坪林,101968
府中,大直,101914
關渡,公館,101881
南京三民,六張犁,101855
西湖,善導寺,101789
大直,松江南京,101771
新埔民生,迴龍,101664
松山,西湖,101641
北門,中山國小,101600
新埔,萬芳醫院,101535
龍山寺,東湖,101499
文德,松山機場,101422
BL板橋,三重國小,101399
新店區公所,象山,101301
葫洲,善導寺,101258
石牌,三和國中,101202
三和國中,南港,101196
象山,台北橋,101189
三和國中,南勢角,101186
南港展覽館,北門,101153
輔大,南勢角,101076
松山機場,中山,101066
葫洲,中山,101063
蘆洲,昆陽,101062
松山,明德,101010
民權西路,永寧,100997
善導寺,紅樹林,100968
小南門,忠孝新生,100920
萬隆,南港展覽館,100893
新埔民生,輔大,100873
BL板橋,關渡,100861
六張犁,南京三民,100849
景安,關渡,100810
永春,三和國中,100802
龍山寺,象山,100778
新店區公所,中山國小,100741
明德,松山,100699
三重國小,BL板橋,100680
南港,中山國中,100591
海山,六張犁,100584
六張犁,亞東醫院,100578
公館,關渡,100558
市政府,頭前庄,100544
北門,芝山,100529
劍潭,復興崗,100527
南京三民,土城,100511
動物園,龍山寺,100453
新店,芝山,100431
士林,萬隆,100415
東門,港墘,100391
頭前庄,台北車站,100382
永春,三重國小,100326
後山埤,劍潭,100293
龍山寺,關渡,100276
南勢角,菜寮,100275
大橋頭站,象山,100259
淡水,南港,100256
科技大樓,芝山,100243
葫洲,忠孝新生,100239
淡水,六張犁,100172
景美,南勢角,100138
大安,三重,100066
中山國小,北門,100055
中山國小,芝山,100035
小碧潭,新店區公所,100011
南勢角,三和國中,100010
大橋頭站,中正紀念堂,100001
大橋頭站,北投,99997
關渡,台北小巨蛋,99973
南勢角,新埔,99911
萬隆,永安市場,99906
永安市場,迴龍,99884
北投,永安市場,99865
永安市場,新店區公所,99862
頂溪,先嗇宮,99835
萬芳醫院,南港軟體園區,99795
象山,新莊,99785
南京三民,大直,99754
松江南京,大直,99658
小南門,劍潭,99639
新店,小碧潭,99573
松江南京,東湖,99511
文德,六張犁,99507
三重,忠孝敦化,99415
奇岩,南京三民,99414
雙連,北門,99364
台北101/世貿,南京三民,99356
竹圍,行天宮,99334
麟光,辛亥,99330
唭哩岸,信義安和,99263
南勢角,劍南路,99261
象山,江子翠,99215
北門,雙連,99134
紅樹林,頂溪,99067
景安,三重,99057
台北101/世貿,動物園,99054
港墘,松山,99048
徐匯中學,永春,98997
先嗇宮,頂溪,98987
公館,永春,98948
國父紀念館,紅樹林,98824
萬芳醫院,葫洲,98808
蘆洲,台電大樓,98800
港墘,大坪林,98785
關渡,新埔,98735
科技大樓,南港軟體園區,98696
復興崗,明德,98659
台北橋,象山,98648
新莊,象山,98633
大湖公園,大直,98502
永寧,松山,98500
中正紀念堂,新莊,98467
萬芳醫院,東門,98441
大坪林,西湖,98429
南港,大直,98377
大安,萬芳社區,98352
菜寮,象山,98318
新店,象山,98291
科技大樓,中正紀念堂,98289
淡水,頭前庄,98226
中山,葫洲,98171
Y板橋,幸福,98161
麟光,六張犁,98153
北門,永寧,98133
雙連,新店,98101
奇岩,台北小巨蛋,98099
中山國小,新店區公所,98030
菜寮,中正紀念堂,97991
松山機場,市政府,97970
東湖,龍山寺,97909
永春,萬芳醫院,97858
菜寮,景安,97853
萬芳社區,六張犁,97825
中正紀念堂,菜寮,97789
劍南路,動物園,97789
大坪林,Y板橋,97762
象山,菜寮,97720
頂埔,公館,97695
新北產業園區,新莊,97684
府中,新店,97654
善導寺,新店,97612
關渡,龍山寺,97571
港墘,動物園,97544
石牌,新店,97482
小南門,圓山,97388
圓山,永寧,97381
三重國小,永春,97307
三重國小,三重國小,97305
古亭,關渡,97181
南港,公館,97170
南勢角,江子翠,97147
忠孝復興,小南門,97137
動物園,中正紀念堂,97064
明德,復興崗,97049
紅樹林,龍山寺,97040
永安市場,萬隆,97033
昆陽,南京復興,97032
六張犁,圓山,97023
蘆洲,輔大,96998
善導寺,北門,96971
葫洲,萬芳醫院,96949
大安森林公園,府中,96930
頭前庄,石牌,96929
新店區公所,小碧潭,96902
北投,江子翠,96900
圓山,後山埤,96869
新店,府中,96832
台北小巨蛋,萬芳醫院,96819
永春,徐匯中學,96802
龍山寺,三民高中,96770
北門,國父紀念館,96686
淡水,萬隆,96684
中和,新店,96637
先嗇宮,南京復興,96591
台大醫院,丹鳳,96585
新店區公所,永安市場,96544
南京三民,西湖,96509
內湖,後山埤,96467
南勢角,景美,96440
明德,善導寺,96438
江子翠,北投,96434
三民高中,三民高中,96428
明德,永安市場,96406
蘆洲,龍山寺,96393
木柵,西門,96355
士林,科技大樓,96350
東門,動物園,96325
台電大樓,北投,96260
市政府,辛亥,96249
龍山寺,內湖,96234
國父紀念館,新店,96200
新莊,徐匯中學,96175
南港軟體園區,BL板橋,96171
大坪林,港墘,96128
三重,景安,96091
南港,三和國中,96055
永安市場,中山國中,96052
象山,新店區公所,96033
永春,淡水,96013
土城,中正紀念堂,95967
松江南京,葫洲,95962
萬芳醫院,萬芳醫院,95942
後山埤,圓山,95911
萬隆,新埔,95891
新埔,南勢角,95889
國父紀念館,北門,95866
龍山寺,徐匯中學,95852
中正紀念堂,科技大樓,95758
後山埤,士林,95745
萬隆,國父紀念館,95722
松山,三重,95692
奇岩,東門,95645
港墘,蘆洲,95641
新店,新埔,95613
松山機場,文德,95574
奇岩,公館,95537
象山,輔大,95519
頂埔,台北101/世貿,95514
中正紀念堂,南港,95493
大坪林,明德,95460
南京三民,關渡,95441
忠孝新生,大直,95419
小南門,象山,95390
國父紀念館,南港軟體園區,95328
南港,蘆洲,95297
永安市場,丹鳳,95264
關渡,古亭,95264
信義安和,港墘,95217
永春,公館,95207
忠孝復興,竹圍,95178
北門,劍南路,95176
萬隆,淡水,95145
小碧潭,中山,95134
市政府,松山,95131
丹鳳,芝山,95101
龍山寺,蘆洲,95071
南勢角,三重國小,95057
善導寺,丹鳳,94989
頂埔,中正紀念堂,94970
港墘,台北小巨蛋,94942
頭前庄,古亭,94939
芝山,小南門,94870
中正紀念堂,動物園,94799
石牌,頭前庄,94799
徐匯中學,南港,94775
大安,唭哩岸,94760
中山國中,東門,94745
動物園,忠孝敦化,94724
關渡,忠孝復興,94674
科技大樓,萬芳社區,94606
科技大樓,象山,94599
景安,中山國中,94597
中和,新店區公所,94594
七張,象山,94587
木柵,麟光,94575
北投,台電大樓,94556
三重國小,南勢角,94545
台大醫院,永寧,94535
科技大樓,雙連,94446
港墘,南京三民,94433
紅樹林,大坪林,94387
景平,台北車站,94317
東門,中山國中,94315
小南門,芝山,94299
台北小巨蛋,大安,94262
北門,中山國中,94203
東門,萬芳醫院,94182
新店,中山國小,94154
內湖,龍山寺,94146
南港軟體園區,萬芳醫院,94107
關渡,南京三民,94080
中山,東湖,94056
竹圍,信義安和,94051
象山,忠孝復興,94031
三重,蘆洲,94023
新埔,萬隆,94004
景安,北投,93967
科技大樓,信義安和,93924
蘆洲,明德,93861
南勢角,徐匯中學,93846
圓山,六張犁,93775
三民高中,永春,93763
景安,府中,93688
中山國中,永寧,93676
西湖,大坪林,93661
永安市場,紅樹林,93628
台北101/世貿,新北投,93608
台大醫院,忠孝敦化,93603
南港軟體園區,江子翠,93563
大坪林,丹鳳,93560
信義安和,西湖,93331
松山,永寧,93285
六張犁,萬芳社區,93238
頭前庄,士林,93183
先嗇宮,永安市場,93141
石牌,小南門,93128
新店,江子翠,93127
信義安和,善導寺,93090
徐匯中學,三和國中,93035
菜寮,南勢角,93006
小南門,石牌,92906
三民高中,南港,92893
頭前庄,圓山,92812
明德,國父紀念館,92811
忠孝新生,台大醫院,92804
台北小巨蛋,關渡,92655
永寧,台電大樓,92639
象山,科技大樓,92613
南勢角,迴龍,92607
芝山,科技大樓,92472
景安,明德,92466
昆陽,中正紀念堂,92451
芝山,萬隆,92419
萬芳醫院,永春,92410
江子翠,南勢角,92389
台電大樓,永寧,92361
江子翠,新店區公所,92356
迴龍,芝山,92298
民權西路,後山埤,92230
象山,大橋頭站,92201
三和國中,徐匯中學,92193
信義安和,奇岩,92158
國父紀念館,西湖,92139
大湖公園,大安,92123
淡水,後山埤,92123
丹鳳,象山,92101
忠義,中山,92098
雙連,復興崗,92055
東門,西湖,92045
三民高中,龍山寺,92044
西湖,木柵,92035
頂溪,科技大樓,92020
劍南路,木柵,91992
永寧,中山國中,91983
徐匯中學,士林,91978
木柵,劍南路,91944
行天宮,土城,91923
象山,景美,91917
忠孝復興,南港軟體園區,91909
迴龍,徐匯中學,91892
蘆洲,新莊,91812
劍南路,北門,91736
市政府,南京三民,91731
後山埤,民權西路,91712
南勢角,台北橋,91651
大湖公園,科技大樓,91625
永安市場,先嗇宮,91529
三重國小,南港,91527
民權西路,新店,91526
中正紀念堂,土城,91498
新莊,中正紀念堂,91460
奇岩,忠孝復興,91459
中正紀念堂,大橋頭站,91431
新莊,三和國中,91370
大直,大湖公園,91343
善導寺,台北橋,91288
迴龍,三民高中,91267
士林,頭前庄,91260
南港,徐匯中學,91249
土城,昆陽,91228
三和國中,新莊,91226
南京三民,頂埔,91223
徐匯中學,新莊,91219
象山,七張,91194
劍潭,科技大樓,91176
善導寺,信義安和,91164
中正紀念堂,昆陽,91129
唭哩岸,新北投,91070
科技大樓,民權西路,91057
Y板橋,大坪林,91043
Y板橋,景平,91042
永春,三民高中,91012
景安,新店區公所,90983
大安,竹圍,90910
劍南路,南勢角,90721
六張犁,松山機場,90631
永春,台電大樓,90625
迴龍,南勢角,90621
大安森林公園,公館,90621
忠孝敦化,台北101/世貿,90529
永春,台大醫院,90436
後山埤,石牌,90429
忠孝新生,小南門,90344
唭哩岸,南京三民,90340
松山,市政府,90316
象山,奇岩,90312
松山,善導寺,90301
先嗇宮,台北101/世貿,90288
台電大樓,永春,90287
動物園,松江南京,90277
西湖,中正紀念堂,90258
萬芳醫院,文德,90221
台電大樓,三重國小,90174
港墘,永寧,90153
丹鳳,丹鳳,90101
昆陽,港墘,90071
市政府,先嗇宮,90016
頭前庄,南京三民,90008
西湖,台北小巨蛋,89983
北投,景安,89962
石牌,昆陽,89918
三和國中,台電大樓,89881
小南門,南港展覽館,89770
南港,三民高中,89713
市政府,唭哩岸,89695
新莊,蘆洲,89662
復興崗,雙連,89660
三重,松山,89599
新埔,新店,89580
東湖,六張犁,89553
奇岩,象山,89552
小碧潭,台電大樓,89524
行天宮,奇岩,89519
市政府,關渡,89514
科技大樓,大湖公園,89419
忠孝新生,葫洲,89373
動物園,市政府,89335
大坪林,關渡,89302
永寧,東門,89287
永寧,頂溪,89287
永春,頂埔,89243
南京復興,大安森林公園,89240
三和國中,迴龍,89194
小南門,北投,89180
劍南路,後山埤,89157
劍南路,東門,89126
小南門,善導寺,89020
萬隆,小碧潭,88935
劍潭,六張犁,88911
頂溪,大直,88881
內湖,中正紀念堂,88837
中山國中,松山機場,88818
明德,台電大樓,88764
竹圍,市政府,88702
三重國小,台電大樓,88687
景美,象山,88639
府中,萬芳醫院,88631
永寧,大安,88631
忠孝復興,象山,88529
江子翠,關渡,88459
文德,萬芳醫院,88449
新莊,西門,88412
迴龍,三和國中,88365
大安,昆陽,88362
大安,大湖公園,88319
士林,後山埤,88310
府中,新店區公所,88299
Y板橋,七張,88271
劍南路,信義安和,88229
新北產業園區,迴龍,88177
徐匯中學,龍山寺,88096
中正紀念堂,迴龍,88075
後山埤,劍南路,88028
松江南京,動物園,88012
永春,北門,87957
六張犁,雙連,87929
徐匯中學,南勢角,87853
古亭,頂埔,87837
南勢角,後山埤,87788
南勢角,亞東醫院,87765
萬芳醫院,新埔,87748
內湖,BL板橋,87735
蘆洲,大安森林公園,87725
港墘,辛亥,87684
台北橋,善導寺,87643
六張犁,石牌,87606
大橋頭站,景美,87578
港墘,昆陽,87569
新北投,唭哩岸,87543
南港軟體園區,忠孝新生,87523
忠孝新生,大安森林公園,87506
信義安和,唭哩岸,87444
東門,竹圍,87435
大安森林公園,北門,87432
七張,新埔,87430
東門,劍南路,87287
六張犁,中正紀念堂,87210
南港展覽館,三重,87205
大直,府中,87195
淡水,徐匯中學,87183
景平,Y板橋,87156
永寧,西湖,87139
台電大樓,蘆洲,87129
新店區公所,江子翠,87097
東門,永寧,87021
善導寺,小南門,86950
市政府,奇岩,86907
南港,三重國小,86907
唭哩岸,公館,86881
行天宮,唭哩岸,86873
大橋頭站,台電大樓,86844
善導寺,明德,86823
丹鳳,中正紀念堂,86772
國父紀念館,萬隆,86704
台大醫院,菜寮,86662
奇岩,龍山寺,86656
景安,江子翠,86532
中正紀念堂,西湖,86527
昆陽,東湖,86488
迴龍,象山,86467
公館,昆陽,86464
中和,古亭,86399
南港展覽館,紅樹林,86382
東湖,松山機場,86358
芝山,永寧,86312
善導寺,葫洲,86303
南京三民,台北101/世貿,86284
石牌,後山埤,86267
府中,萬隆,86215
松山機場,南港軟體園區,86201
台電大樓,紅樹林,86201
中正紀念堂,六張犁,86158
古亭,劍南路,86137
永寧,芝山,86119
中山國中,昆陽,86103
動物園,劍潭,86080
昆陽,石牌,86063
萬隆,信義安和,86056
三重,南港展覽館,86024
景安,迴龍,85995
南港,劍潭,85969
土城,公館,85911
台大醫院,永春,85864
劍南路,古亭,85859
輔大,蘆洲,85812
信義安和,萬隆,85807
南港軟體園區,科技大樓,85727
台電大樓,三和國中,85669
頂溪,六張犁,85628
土城,永春,85608
北投,府中,85561
幸福,Y板橋,85528
府中,關渡,85526
蘆洲,景美,85521
永寧,港墘,85486
頂埔,南港,85423
行天宮,頂埔,85400
北門,南港展覽館,85390
信義安和,科技大樓,85302
輔大,台大醫院,85278
輔大,輔大,85260
圓山,南港,85154
菜寮,三民高中,85147
紅樹林,南港展覽館,85065
江子翠,新店,85037
昆陽,淡水,85027
頂溪,永寧,84998
三民高中,菜寮,84997
景安,紅樹林,84993
中正紀念堂,內湖,84969
大坪林,後山埤,84910
頭前庄,市政府,84903
景平,景美,84873
南港軟體園區,南港軟體園區,84850
中山國小,昆陽,84803
善導寺,西湖,84792
明德,蘆洲,84781
石牌,六張犁,84770
徐匯中學,迴龍,84678
北門,象山,84619
忠孝復興,關渡,84595
港墘,麟光,84590
三和國中,昆陽,84532
中正紀念堂,小碧潭,84508
淡水,先嗇宮,84494
大橋頭站,龍山寺,84466
新埔,動物園,84462
府中,明德,84416
頭前庄,雙連,84346
竹圍,大安,84243
六張犁,劍潭,84220
永春,土城,84193
昆陽,公館,84190
台北小巨蛋,頂埔,84101
劍潭,昆陽,84074
中山國中,北門,84023
台北橋,蘆洲,83993
六張犁,東湖,83982
象山,丹鳳,83969
昆陽,中山國小,83967
市政府,松山機場,83947
先嗇宮,徐匯中學,83937
奇岩,忠孝敦化,83924
新莊,善導寺,83907
善導寺,新莊,83899
小碧潭,萬隆,83821
圓山,昆陽,83814
台北小巨蛋,善導寺,83801
台電大樓,明德,83758
龍山寺,三和國中,83738
三民高中,迴龍,83737
東湖,中山,83723
徐匯中學,先嗇宮,83687
後山埤,台大醫院,83622
亞東醫院,大直,83609
象山,府中,83578
公館,三重,83556
圓山,頭前庄,83544
六張犁,海山,83538
明德,南港展覽館,83530
台北小巨蛋,竹圍,83508
大安森林公園,紅樹林,83439
後山埤,大坪林,83392
南港展覽館,萬隆,83364
昆陽,頂埔,83286
迴龍,港墘,83279
大橋頭站,BL板橋,83259
松山機場,中山國中,83121
松山,港墘,83099
公館,後山埤,83096
昆陽,蘆洲,83052
國父紀念館,六張犁,82975
北投,大橋頭站,82964
萬隆,中山國小,82947
關渡,景安,82922
中正紀念堂,劍南路,82884
六張犁,淡水,82841
台大醫院,輔大,82780
大安,永寧,82737
台電大樓,徐匯中學,82645
中山國小,大安森林公園,82572
先嗇宮,三和國中,82562
南京三民,頭前庄,82537
公館,頂埔,82533
南京三民,信義安和,82531
BL板橋,內湖,82508
土城,古亭,82497
中山國小,紅樹林,82491
蘆洲,先嗇宮,82483
中山國中,永安市場,82453
三和國中,先嗇宮,82413
松江南京,中山國中,82390
輔大,三重國小,82383
大直,永春,82377
丹鳳,三民高中,82343
南港,中正紀念堂,82318
南港軟體園區,頂溪,82274
頂溪,奇岩,82268
府中,動物園,82228
象山,唭哩岸,82137
徐匯中學,昆陽,82120
公館,土城,82103
台大醫院,南港展覽館,82101
大橋頭站,七張,82084
奇岩,頂溪,82081
中和,南勢角,82076
蘆洲,蘆洲,82070
國父紀念館,明德,82069
關渡,忠孝新生,82065
公館,竹圍,82062
古亭,中山國中,82055
竹圍,台北小巨蛋,82043
三重國小,輔大,81990
北投,北門,81983
石牌,南港,81969
亞東醫院,南勢角,81960
新店,南港展覽館,81950
昆陽,士林,81945
唭哩岸,台北小巨蛋,81917
府中,大橋頭站,81888
江子翠,南港軟體園區,81870
土城,松山,81853
奇岩,忠孝新生,81813
松山機場,東湖,81811
海山,大安森林公園,81726
三和國中,港墘,81650
忠孝復興,奇岩,81623
小碧潭,頂溪,81562
菜寮,永春,81552
中山,松山機場,81495
台北小巨蛋,劍南路,81471
竹圍,忠孝復興,81467
松山,信義安和,81459
東湖,新埔,81409
永寧,永寧,81409
葫洲,龍山寺,81394
南港,淡水,81314
善導寺,劍南路,81287
府中,三和國中,81286
海山,七張,81276
芝山,丹鳳,81146
動物園,麟光,81076
劍南路,台北小巨蛋,80970
動物園,善導寺,80899
西湖,永寧,80896
信義安和,劍南路,80896
南勢角,先嗇宮,80853
大安森林公園,中山國小,80841
唭哩岸,忠孝新生,80710
大安森林公園,蘆洲,80690
大直,台北小巨蛋,80638
新埔,葫洲,80605
後山埤,南勢角,80565
頭前庄,淡水,80563
大直,頂溪,80546
中山國中,景安,80542
台北101/世貿,土城,80538
南港展覽館,明德,80533
小碧潭,台大醫院,80530
七張,南港展覽館,80530
淡水,萬芳醫院,80454
南港軟體園區,松山機場,80385
東門,奇岩,80382
西湖,蘆洲,80378
昆陽,土城,80369
芝山,迴龍,80344
南京三民,市政府,80270
萬隆,府中,80255
北門,永春,80237
芝山,後山埤,80183
永春,大直,80113
民權西路,北門,80057
內湖,新埔,80050
關渡,大坪林,80001
中山,先嗇宮,79998
大直,善導寺,79980
永春,菜寮,79966
南港,石牌,79940
松山機場,六張犁,79885
頂溪,小碧潭,79848
唭哩岸,忠孝復興,79843
西湖,辛亥,79831
新埔,東湖,79827
善導寺,台北小巨蛋,79814
古亭,土城,79810
竹圍,公館,79790
忠孝新生,竹圍,79786
文德,忠孝敦化,79757
台北小巨蛋,港墘,79755
善導寺,松山,79734
象山,迴龍,79656
市政府,竹圍,79634
士林,昆陽,79630
江子翠,明德,79621
景美,大橋頭站,79614
頂埔,民權西路,79556
南京復興,昆陽,79496
明德,景安,79458
後山埤,芝山,79436
南勢角,中山國中,79419
台北橋,永春,79411
劍南路,中正紀念堂,79408
芝山,新店,79405
南京三民,奇岩,79399
國父紀念館,三重,79374
新北投,頂溪,79253
府中,紅樹林,79250
奇岩,復興崗,79210
後山埤,頂埔,79177
景安,亞東醫院,79153
龍山寺,大橋頭站,79137
葫洲,新埔,79120
南港,圓山,79104
大安森林公園,三民高中,79091
昆陽,圓山,79052
徐匯中學,台電大樓,79040
劍南路,善導寺,78936
三和國中,七張,78915
大安森林公園,小南門,78882
台北橋,三和國中,78839
江子翠,大直,78833
三和國中,龍山寺,78830
科技大樓,永安市場,78810
永春,台北橋,78785
秀朗橋,台北車站,78774
麟光,中山,78771
永寧,小南門,78762
永寧,大坪林,78704
關渡,忠孝敦化,78685
六張犁,士林,78670
海山,景美,78595
六張犁,頂溪,78590
關渡,松山,78584
頂埔,劍潭,78501
南港展覽館,新店區公所,78455
關渡,江子翠,78429
雙連,六張犁,78415
龍山寺,葫洲,78383
士林,六張犁,78322
頂埔,頂埔,78320
新店,亞東醫院,78318
忠孝敦化,動物園,78317
大坪林,新莊,78278
大坪林,昆陽,78259
小南門,忠孝敦化,78243
北門,善導寺,78169
公館,大安森林公園,78167
頂埔,後山埤,78149
台北101/世貿,先嗇宮,78121
中山,文德,78046
蘆洲,七張,77975
輔大,中正紀念堂,77970
中山國小,萬隆,77932
新埔,紅樹林,77921
中山國小,新店,77911
台北橋,北投,77883
大安森林公園,市政府,77867
大安森林公園,海山,77805
萬芳醫院,台大醫院,77778
雙連,科技大樓,77733
小南門,雙連,77714
永寧,中山國小,77687
大直,江子翠,77682
新埔,內湖,77670
明德,江子翠,77620
江子翠,景安,77609
南港展覽館,七張,77575
亞東醫院,大安森林公園,77554
忠義,劍潭,77538
大安,頭前庄,77515
小南門,台大醫院,77451
頭前庄,台北小巨蛋,77434
台北101/世貿,六張犁,77413
公館,奇岩,77406
昆陽,萬芳醫院,77368
中山,忠義,77343
東湖,BL板橋,77327
松山,關渡,77288
萬芳醫院,昆陽,77274
後山埤,公館,77239
萬芳醫院,圓山,77227
中正紀念堂,新北投,77226
萬隆,萬隆,77218
紅樹林,台電大樓,77205
府中,徐匯中學,77196
大安森林公園,七張,77187
新北投,龍山寺,77181
唭哩岸,象山,77177
中山,麟光,77169
台大醫院,萬芳醫院,77162
紅樹林,永安市場,77147
雙連,頭前庄,77133
新莊,新莊,77113
大安森林公園,明德,77064
民權西路,科技大樓,77033
萬隆,江子翠,76995
東湖,昆陽,76959
南京復興,先嗇宮,76906
明德,大安森林公園,76867
三重國小,北投,76856
三民高中,先嗇宮,76819
迴龍,三重國小,76818
南京三民,港墘,76810
辛亥,麟光,76720
永春,小南門,76672
忠孝復興,唭哩岸,76671
大安森林公園,台電大樓,76652
頂溪,新北投,76619
淡水,頂埔,76570
竹圍,忠孝新生,76555
中正紀念堂,丹鳳,76522
中和,頂溪,76508
南勢角,關渡,76474
昆陽,劍潭,76460
大橋頭站,府中,76389
小南門,國父紀念館,76378
奇岩,善導寺,76370
小碧潭,中正紀念堂,76302
竹圍,東門,76294
台電大樓,三民高中,76265
奇岩,古亭,76167
迴龍,西湖,76158
中正紀念堂,輔大,76003
龍山寺,新北投,75968
北門,大安森林公園,75963
公館,唭哩岸,75954
大安森林公園,景美,75944
先嗇宮,東門,75855
亞東醫院,新店區公所,75760
萬芳醫院,府中,75670
大橋頭站,後山埤,75654
頂埔,雙連,75586
科技大樓,景安,75564
唭哩岸,東門,75555
圓山,萬芳醫院,75550
徐匯中學,淡水,75546
幸福,市政府,75544
七張,大橋頭站,75544
劍潭,萬芳醫院,75482
頂埔,松山,75451
大安森林公園,三重國小,75417
三和國中,台北橋,75391
六張犁,國父紀念館,75310
台電大樓,台北橋,75276
新北投,中正紀念堂,75234
南京三民,唭哩岸,75183
蘆洲,科技大樓,75130
內湖,東門,75122
中山國中,古亭,75088
三民高中,大安森林公園,75054
信義安和,松山,74973
昆陽,三重國小,74958
萬隆,亞東醫院,74878
台北小巨蛋,頭前庄,74877
土城,大安,74875
南勢角,三民高中,74864
大坪林,永寧,74850
先嗇宮,圓山,74837
三和國中,府中,74823
中和,公館,74806
西湖,麟光,74698
頂埔,頂溪,74696
頭前庄,大安,74683
台大醫院,小南門,74641
新莊,港墘,74624
新店區公所,西湖,74617
台電大樓,大橋頭站,74580
國父紀念館,小南門,74572
麟光,劍南路,74553
新店區公所,府中,74546
北門,北投,74482
頂埔,大坪林,74402
蘆洲,台北橋,74383
信義安和,頭前庄,74366
三重,公館,74356
科技大樓,行天宮,74353
中山國中,松江南京,74316
先嗇宮,古亭,74306
中正紀念堂,頂埔,74297
三重,國父紀念館,74185
文德,中山,74183
三重國小,昆陽,74180
南港,士林,74175
文德,台北101/世貿,74095
小南門,大安森林公園,74069
府中,蘆洲,74064
蘆洲,迴龍,74060
昆陽,中山國中,74055
復興崗,台大醫院,73999
萬芳醫院,象山,73992
頭前庄,信義安和,73968
景美,海山,73962
中山國中,萬芳社區,73944
台大醫院,國父紀念館,73937
新北產業園區,輔大,73921
三重國小,景美,73892
西湖,動物園,73886
南勢角,北投,73811
台電大樓,南港,73742
輔大,象山,73674
南港展覽館,台北101/世貿,73634
台北小巨蛋,大直,73613
頂溪,頂埔,73548
三和國中,景美,73496
民權西路,忠義,73482
奇岩,松山,73436
大直,動物園,73430
動物園,南京三民,73405
中山國小,永寧,73398
景安,科技大樓,73390
先嗇宮,三民高中,73334
明德,府中,73323
大安森林公園,徐匯中學,73306
台大醫院,新北投,73280
六張犁,南港軟體園區,73270
大橋頭站,南港,73263
亞東醫院,南港軟體園區,73227
忠孝新生,唭哩岸,73171
大橋頭站,大安森林公園,73125
劍潭,頂埔,73080
後山埤,土城,73073
蘆洲,北門,73051
辛亥,忠孝敦化,73027
文德,永春,73027
中正紀念堂,大直,73008
科技大樓,北門,73008
六張犁,北門,72976
南勢角,明德,72960
新北投,東門,72953
善導寺,大直,72811
雙連,南港,72781
菜寮,明德,72760
新莊,三重國小,72750
大安森林公園,大安森林公園,72739
新莊,南勢角,72733
東湖,萬芳醫院,72637
永春,輔大,72622
新北投,台大醫院,72620
港墘,三和國中,72611
南京復興,小碧潭,72608
信義安和,南京三民,72574
麟光,忠孝新生,72566
台電大樓,新莊,72563
土城,雙連,72558
竹圍,象山,72539
三民高中,台電大樓,72536
台北小巨蛋,奇岩,72501
台北橋,三民高中,72482
東門,內湖,72481
十四張,七張,72480
三重國小,大安森林公園,72438
江子翠,萬隆,72380
奇岩,BL板橋,72371
南勢角,新莊,72341
先嗇宮,忠孝復興,72320
景美,蘆洲,72317
松山機場,南港,72311
忠孝新生,關渡,72311
BL板橋,東湖,72262
大安,南港軟體園區,72249
三民高中,丹鳳,72226
亞東醫院,新店,72223
台北橋,南港,72218
三民高中,南勢角,72170
士林,南港,72165
文德,松江南京,72145
丹鳳,三和國中,72135
紅樹林,中山國小,72034
七張,海山,72007
丹鳳,徐匯中學,71921
三重國小,新莊,71901
後山埤,淡水,71897
先嗇宮,蘆洲,71896
芝山,六張犁,71886
丹鳳,西湖,71852
南港軟體園區,龍山寺,71839
先嗇宮,士林,71832
新店區公所,南港展覽館,71824
松江南京,小碧潭,71818
後山埤,台電大樓,71764
中山國中,台北小巨蛋,71764
松山機場,新埔,71761
迴龍,南港,71755
後山埤,大橋頭站,71706
三和國中,後山埤,71692
六張犁,芝山,71680
昆陽,徐匯中學,71664
昆陽,大坪林,71647
大坪林,劍南路,71623
動物園,大直,71599
大直,東門,71556
東湖,古亭,71550
幸福,西門,71531
劍潭,動物園,71506
大直,亞東醫院,71491
頂溪,南港軟體園區,71481
三和國中,西湖,71430
七張,永春,71424
土城,後山埤,71395
忠孝敦化,小南門,71355
萬芳醫院,劍潭,71335
先嗇宮,淡水,71331
明德,三民高中,71264
蘆洲,後山埤,71243
南港軟體園區,大安,71243
台北小巨蛋,西湖,71219
菜寮,北投,71218
善導寺,輔大,71210
三民高中,西湖,71149
象山,萬芳醫院,71101
竹圍,南京三民,71095
東門,唭哩岸,71061
忠孝敦化,台大醫院,71047
七張,北投,71038
台電大樓,菜寮,70997
大直,中正紀念堂,70875
新北產業園區,永安市場,70856
先嗇宮,南勢角,70827
行天宮,科技大樓,70759
新埔,新店區公所,70715
松山,先嗇宮,70680
台北101/世貿,頂埔,70653
新北投,南京復興,70578
景美,三重國小,70562
亞東醫院,象山,70549
大坪林,南港,70532
忠孝復興,頭前庄,70513
台北橋,台電大樓,70500
景安,大直,70471
土城,南港,70455
北門,民權西路,70448
六張犁,民權西路,70419
景美,北投,70399
三重國小,港墘,70380
忠孝新生,麟光,70349
北投,景美,70346
府中,三民高中,70326
奇岩,新埔,70293
明德,菜寮,70288
台北小巨蛋,中山國中,70285
大直,信義安和,70282
新店,南勢角,70268
新店區公所,亞東醫院,70249
唭哩岸,善導寺,70246
北投,南勢角,70241
台北橋,明德,70236
七張,大安森林公園,70232
龍山寺,竹圍,70152
台大醫院,小碧潭,70097
府中,三重國小,70088
三民高中,港墘,70008
南港軟體園區,六張犁,70006
東門,大直,69975
先嗇宮,松山,69966
港墘,三重國小,69958
萬芳醫院,東湖,69934
徐匯中學,西湖,69886
忠義,民權西路,69877
景美,輔大,69838
忠義,明德,69825
迴龍,台電大樓,69803
先嗇宮,劍潭,69760
迴龍,昆陽,69746
劍潭,忠義,69742
葫洲,BL板橋,69730
台大醫院,後山埤,69707
忠孝敦化,文德,69697
北投,三重國小,69683
亞東醫院,明德,69575
南港展覽館,動物園,69568
劍南路,大坪林,69498
昆陽,三和國中,69462
台北橋,徐匯中學,69453
永春,景美,69390
動物園,淡水,69382
古亭,先嗇宮,69379
市政府,大安森林公園,69321
新北投,BL板橋,69315
北門,六張犁,69272
南勢角,紅樹林,69243
大安森林公園,亞東醫院,69217
龍山寺,奇岩,69131
新莊,西湖,69124
新店,西湖,69117
大橋頭站,明德,69111
小南門,永春,69073
三民高中,頭前庄,69055
小南門,永寧,69020
松山,頭前庄,69001
永春,七張,68991
徐匯中學,府中,68987
南港,台電大樓,68984
頂埔,淡水,68982
永安市場,大直,68944
昆陽,雙連,68914
小碧潭,南京復興,68879
三重國小,七張,68859
BL板橋,大橋頭站,68851
頂埔,西湖,68823
南港,頂埔,68812
迴龍,蘆洲,68810
奇岩,新北投,68790
松山機場,龍山寺,68766
蘆洲,府中,68674
十四張,中山,68665
中原,Y板橋,68618
台北小巨蛋,唭哩岸,68618
雙連,萬芳醫院,68605
景平,西門,68576
文德,善導寺,68535
北投,七張,68520
頭前庄,芝山,68484
先嗇宮,南京三民,68472
大湖公園,西門,68441
菜寮,台電大樓,68424
幸福,松江南京,68421
先嗇宮,石牌,68399
亞東醫院,萬隆,68394
南勢角,新店,68341
新莊,明德,68318
徐匯中學,大安森林公園,68318
土城,北門,68294
南港軟體園區,府中,68270
BL板橋,南港軟體園區,68223
三重國小,迴龍,68191
唭哩岸,忠孝敦化,68163
台電大樓,昆陽,68158
萬芳醫院,淡水,68140
江子翠,萬芳醫院,68125
七張,南勢角,68124
亞東醫院,萬芳醫院,68113
丹鳳,南勢角,68060
松山,土城,68057
蘆洲,菜寮,68032
景安,新莊,67988
石牌,萬芳醫院,67979
土城,西湖,67966
新埔,松山機場,67941
紅樹林,大安森林公園,67936
六張犁,台北101/世貿,67923
東湖,中正紀念堂,67917
西湖,新店區公所,67885
土城,士林,67872
景美,三和國中,67872
台電大樓,後山埤,67848
科技大樓,永寧,67831
東門,先嗇宮,67803
台北101/世貿,南港展覽館,67738
三民高中,明德,67696
三和國中,頭前庄,67593
古亭,東湖,67583
中和,輔大,67582
南勢角,七張,67551
松江南京,文德,67521
劍潭,先嗇宮,67481
信義安和,大直,67469
亞東醫院,北投,67426
雙連,小南門,67422
松山,忠孝敦化,67420
七張,三重國小,67379
圓山,動物園,67375
關渡,府中,67343
芝山,頭前庄,67335
南京三民,竹圍,67287
府中,南港軟體園區,67261
景美,大安森林公園,67173
西門,大湖公園,67139
昆陽,六張犁,67127
大坪林,中山國中,67104
辛亥,台北101/世貿,67103
頂埔,中山國中,67090
丹鳳,昆陽,67070
三重國小,西湖,67056
淡水,三民高中,67030
古亭,竹圍,66997
忠孝新生,南港軟體園區,66993
BL板橋,景安,66966
七張,三和國中,66954
土城,石牌,66942
中山,木柵,66934
南港展覽館,信義安和,66901
北門,大直,66899
忠孝敦化,松山,66888
南港軟體園區,永安市場,66877
景美,昆陽,66871
徐匯中學,景美,66861
中和,台北101/世貿,66847
小南門,龍山寺,66841
麟光,善導寺,66757
西門,辛亥,66736
大安森林公園,三和國中,66733
徐匯中學,港墘,66704
七張,港墘,66636
龍山寺,台北橋,66617
大橋頭站,新埔,66593
頭前庄,永安市場,66578
三民高中,昆陽,66555
頂埔,士林,66510
新北產業園區,新埔民生,66461
明德,中山國小,66426
民權西路,南港,66421
六張犁,行天宮,66400
南港,台北橋,66399
港墘,萬芳社區,66379
江子翠,紅樹林,66373
昆陽,芝山,66344
忠孝敦化,奇岩,66340
南港,雙連,66337
象山,新店,66334
七張,蘆洲,66323
萬隆,象山,66297
明德,南勢角,66295
松山,動物園,66265
後山埤,萬芳醫院,66264
松山,小碧潭,66262
內湖,動物園,66256
新北產業園區,南勢角,66250
象山,三重,66235
市政府,動物園,66233
永寧,科技大樓,66173
新北投,行天宮,66126
新店區公所,港墘,66106
港墘,新莊,66090
芝山,昆陽,66090
中山國小,關渡,66085
蘆洲,小南門,66068
頭前庄,松山,66037
永春,文德,66037
萬芳醫院,石牌,66020
十四張,頂溪,66011
南京復興,新北投,65961
中正紀念堂,東湖,65946
昆陽,西湖,65908
民權西路,六張犁,65899
大直,景安,65872
復興崗,奇岩,65870
大橋頭站,紅樹林,65810
三民高中,台北橋,65801
景安,先嗇宮,65787
後山埤,三和國中,65769
明德,新莊,65762
科技大樓,北投,65724
景美,永春,65711
市政府,小碧潭,65653
大安森林公園,台北橋,65631
台北橋,景美,65619
民權西路,小南門,65591
大坪林,頂埔,65487
南港軟體園區,亞東醫院,65480
三重,象山,65461
三和國中,丹鳳,65457
木柵,忠孝新生,65428
台電大樓,輔大,65395
大橋頭站,江子翠,65390
BL板橋,奇岩,65380
景美,南港,65362
北投,台北橋,65338
輔大,台電大樓,65311
菜寮,徐匯中學,65298
南勢角,丹鳳,65252
台電大樓,大安森林公園,65250
東門,新北投,65231
台北101/世貿,國父紀念館,65218
台大醫院,復興崗,65160
竹圍,古亭,65154
西湖,西湖,65152
大湖公園,大湖公園,65112
台北橋,龍山寺,65092
南港展覽館,新店,65056
菜寮,關渡,65036
景美,徐匯中學,65021
麟光,松江南京,64966
西湖,三民高中,64954
北投,菜寮,64941
頭前庄,三民高中,64918
關渡,國父紀念館,64917
紅樹林,景安,64877
淡水,土城,64861
麟光,松山,64854
中山國小,小南門,64843
頭前庄,三和國中,64835
忠孝復興,先嗇宮,64826
幸福,迴龍,64792
明德,忠義,64771
輔大,七張,64756
土城,劍潭,64726
新店,永春,64713
文德,後山埤,64656
動物園,台北小巨蛋,64630
永春,六張犁,64627
新莊,台電大樓,64620
丹鳳,三重國小,64612
大直,永安市場,64580
BL板橋,新北投,64574
科技大樓,蘆洲,64556
台北101/世貿,文德,64535
松山,麟光,64483
大直,後山埤,64427
景安,丹鳳,64399
內湖,古亭,64392
大直,古亭,64367
永安市場,科技大樓,64284
關渡,中山國小,64283
徐匯中學,台北橋,64280
西湖,新莊,64270
徐匯中學,頭前庄,64269
頂埔,石牌,64254
三重國小,關渡,64250
永安市場,海山,64242
新店區公所,新埔,64224
竹圍,龍山寺,64217
三和國中,大安森林公園,64200
小碧潭,松江南京,64180
後山埤,六張犁,64165
文德,國父紀念館,64163
大安森林公園,新店區公所,64161
淡水,動物園,64156
台北橋,七張,64137
唭哩岸,國父紀念館,64098
雙連,土城,64097
劍南路,麟光,64092
新北產業園區,頂溪,64079
海山,象山,64078
西湖,三重國小,64062
輔大,善導寺,64052
萬芳醫院,雙連,64048
南京三民,動物園,64045
台北101/世貿,小碧潭,64038
新店,港墘,64030
忠孝新生,奇岩,64029
三民高中,北投,63983
大安,土城,63973
西門,三重,63962
菜寮,蘆洲,63936
新店區公所,永春,63919
七張,輔大,63918
動物園,國父紀念館,63912
北門,蘆洲,63882
港墘,七張,63868
三重國小,府中,63862
南港展覽館,關渡,63861
市政府,信義安和,63819
科技大樓,南勢角,63819
台北橋,大安森林公園,63807
先嗇宮,三重國小,63787
萬芳醫院,後山埤,63781
景美,永寧,63773
頭前庄,頭前庄,63742
大安森林公園,新莊,63733
港墘,台電大樓,63730
頭前庄,徐匯中學,63707
徐匯中學,七張,63701
亞東醫院,關渡,63693
Y板橋,中原,63675
景美,明德,63651
龍山寺,迴龍,63645
中和,永安市場,63634
板新,輔大,63624
新莊,永春,63616
西湖,徐匯中學,63603
石牌,先嗇宮,63590
港墘,公館,63584
大直,北門,63581
北投,科技大樓,63557
三民高中,府中,63542
輔大,景美,63439
蘆洲,劍南路,63430
行天宮,萬芳醫院,63388
內湖,信義安和,63384
動物園,新埔,63377
紅樹林,新埔,63370
北門,三民高中,63339
昆陽,台電大樓,63317
明德,台北橋,63314
關渡,南勢角,63309
南京三民,先嗇宮,63307
葫洲,台北101/世貿,63288
麟光,南港展覽館,63277
辛亥,劍南路,63258
七張,菜寮,63245
芝山,南港,63241
港墘,三民高中,63231
劍潭,土城,63222
永春,新莊,63211
景安,BL板橋,63210
永寧,景美,63210
頂溪,動物園,63186
先嗇宮,台北小巨蛋,63087
辛亥,國父紀念館,63085
奇岩,國父紀念館,63083
關渡,南港展覽館,63058
大坪林,三重,63047
明德,景美,63022
紅樹林,北門,63022
信義安和,市政府,63021
南港,芝山,62990
萬芳醫院,江子翠,62987
新埔民生,新北產業園區,62981
三重,北投,62954
景美,台北橋,62920
葫洲,葫洲,62908
蘆洲,新埔,62897
後山埤,大直,62861
三和國中,北投,62843
迴龍,永春,62832
北門,科技大樓,62829
龍山寺,三重國小,62817
西湖,三和國中,62768
Y板橋,新店,62763
Y板橋,新店區公所,62692
新莊,大安森林公園,62690
後山埤,徐匯中學,62668
輔大,南港,62659
忠孝新生,木柵,62639
輔大,永春,62637
三重國小,後山埤,62617
菜寮,七張,62600
頂埔,大安,62576
三和國中,新埔,62555
奇岩,南港展覽館,62555
秀朗橋,西門,62519
景安,六張犁,62512
後山埤,北門,62494
唭哩岸,復興崗,62470
迴龍,龍山寺,62439
內湖,北門,62426
丹鳳,台電大樓,62425
海山,永安市場,62424
後山埤,蘆洲,62408
頭前庄,先嗇宮,62381
菜寮,港墘,62368
小南門,民權西路,62362
南京三民,忠孝敦化,62292
永寧,信義安和,62292
芝山,先嗇宮,62279
北投,亞東醫院,62273
三和國中,科技大樓,62272
港墘,迴龍,62260
松江南京,新北投,62241
先嗇宮,芝山,62239
萬隆,南勢角,62239
中山國小,明德,62193
昆陽,三民高中,62187
江子翠,大橋頭站,62185
台電大樓,關渡,62152
菜寮,三和國中,62108
中山國中,大坪林,62098
港墘,新店區公所,62085
徐匯中學,菜寮,62069
新埔,徐匯中學,62061
三重國小,先嗇宮,62056
南港軟體園區,海山,62005
動物園,雙連,61985
國父紀念館,台大醫院,61932
象山,亞東醫院,61889
文德,忠孝新生,61845
南港,新莊,61834
七張,台北橋,61830
古亭,大直,61814
中山國中,台大醫院,61813
麟光,東門,61810
雙連,昆陽,61802
頂溪,竹圍,61796
蘆洲,六張犁,61776
七張,明德,61745
後山埤,三重國小,61713
港墘,徐匯中學,61695
忠孝敦化,唭哩岸,61649
中和,行天宮,61646
忠孝敦化,竹圍,61626
大湖公園,國父紀念館,61624
後山埤,文德,61551
信義安和,內湖,61514
頂埔,北門,61511
丹鳳,永春,61506
昆陽,台大醫院,61437
徐匯中學,丹鳳,61381
府中,內湖,61376
行天宮,六張犁,61375
台大醫院,善導寺,61356
信義安和,永寧,61345
徐匯中學,後山埤,61335
台北101/世貿,復興崗,61275
雙連,頂埔,61265
西湖,台電大樓,61249
新莊,北投,61242
新北投,奇岩,61221
新莊,昆陽,61214
龍山寺,木柵,61178
西湖,七張,61162
新埔,蘆洲,61149
新店,大安森林公園,61124
唭哩岸,龍山寺,61115
科技大樓,紅樹林,61082
古亭,內湖,61008
七張,紅樹林,60954
丹鳳,港墘,60951
動物園,府中,60939
北投,新莊,60938
三和國中,北門,60935
行天宮,新北投,60886
大安森林公園,大橋頭站,60880
土城,港墘,60859
民權西路,頂埔,60827
北投,永春,60786
三和國中,菜寮,60775
永春,新店區公所,60742
三民高中,七張,60732
三重國小,丹鳳,60721
中山國中,南勢角,60717
中和,松江南京,60704
台北101/世貿,辛亥,60623
七張,徐匯中學,60609
昆陽,新莊,60608
土城,圓山,60604
萬芳醫院,行天宮,60595
府中,奇岩,60542
南港,大橋頭站,60535
徐匯中學,新埔,60449
忠孝敦化,關渡,60432
海山,關渡,60431
BL板橋,葫洲,60358
台電大樓,迴龍,60318
北門,徐匯中學,60315
南港,大坪林,60311
復興崗,南京復興,60303
新北投,大安,60260
龍山寺,松山機場,60223
麟光,忠孝敦化,60196
先嗇宮,信義安和,60171
大安森林公園,六張犁,60160
新店區公所,大安森林公園,60151
忠孝敦化,辛亥,60141
麟光,南港,60133
頂埔,港墘,60120
七張,關渡,60112
明德,亞東醫院,60072
小碧潭,台北101/世貿,60063
府中,台北橋,60051
龍山寺,南港軟體園區,60045
南港,迴龍,60044
三重國小,明德,59980
松山,頂埔,59972
松山機場,動物園,59971
關渡,台電大樓,59962
六張犁,昆陽,59948
台大醫院,中山國中,59935
大安,新北投,59912
象山,新北投,59908
新埔,奇岩,59904
小南門,中山國小,59893
北門,小碧潭,59879
大安森林公園,科技大樓,59874
文德,BL板橋,59819
幸福,行天宮,59785
木柵,松江南京,59781
昆陽,民權西路,59777
新北投,松江南京,59754
昆陽,小南門,59745
唭哩岸,松山,59738
西門,復興崗,59735
土城,淡水,59730
中原,頂溪,59709
士林,先嗇宮,59669
永春,北投,59666
新北產業園區,七張,59656
中正紀念堂,萬芳醫院,59621
松山,奇岩,59544
先嗇宮,忠孝敦化,59544
南勢角,萬隆,59525
亞東醫院,徐匯中學,59519
南港,民權西路,59494
頂埔,芝山,59484
大安森林公園,菜寮,59457
北門,三重國小,59405
竹圍,忠孝敦化,59404
北投,三重,59387
海山,南港軟體園區,59375
士林,動物園,59354
明德,三重國小,59353
忠義,雙連,59336
明德,大橋頭站,59335
三民高中,新埔,59333
台北101/世貿,松山機場,59330
明德,七張,59319
關渡,三重國小,59316
大橋頭站,昆陽,59315
唭哩岸,古亭,59308
復興崗,松江南京,59300
石牌,土城,59296
辛亥,南港展覽館,59295
六張犁,後山埤,59283
海山,大直,59251
大橋頭站,新店區公所,59056
新埔,三民高中,59037
奇岩,大坪林,59032
奇岩,永安市場,59029
麟光,台大醫院,59012
萬芳醫院,士林,59005
南勢角,科技大樓,58977
菜寮,西湖,58932
三重,明德,58877
新埔,三和國中,58862
先嗇宮,雙連,58854
土城,信義安和,58843
動物園,南港,58835
台北101/世貿,市政府,58816
動物園,南港展覽館,58769
七張,西湖,58764
科技大樓,中山國小,58743
西湖,萬芳社區,58729
中和,忠孝新生,58577
新店,海山,58577
土城,民權西路,58565
辛亥,善導寺,58529
明德,北門,58525
動物園,內湖,58505
台大醫院,動物園,58499
中正紀念堂,三重,58395
台北小巨蛋,動物園,58391
國父紀念館,文德,58336
南港,土城,58320
新埔,大橋頭站,58303
南港,景美,58297
內湖,府中,58285
昆陽,輔大,58275
科技大樓,三和國中,58242
動物園,松山機場,58231
古亭,奇岩,58208
十四張,古亭,58183
七張,三民高中,58162
後山埤,三民高中,58131
六張犁,永春,58127
六張犁,景安,58119
北門,三和國中,58076
大安森林公園,松山,58052
信義安和,南港展覽館,58002
迴龍,大安森林公園,57998
昆陽,景美,57984
復興崗,台北101/世貿,57911
昆陽,丹鳳,57904
善導寺,奇岩,57891
港墘,台大醫院,57865
新莊,南港,57851
南港,輔大,57850
北投,三民高中,57812
蘆洲,北投,57792
關渡,善導寺,57779
台北橋,昆陽,57716
東門,麟光,57706
永安市場,南港軟體園區,57659
萬芳醫院,中正紀念堂,57626
辛亥,西門,57618
中和,市政府,57617
南港軟體園區,善導寺,57609
動物園,士林,57603
士林,萬芳醫院,57570
景美,紅樹林,57533
徐匯中學,科技大樓,57520
昆陽,內湖,57487
動物園,台大醫院,57434
大安森林公園,萬芳醫院,57433
昆陽,南港軟體園區,57390
三重,大坪林,57388
新北投,復興崗,57387
明德,輔大,57378
十四張,Y板橋,57354
海山,新店區公所,57323
木柵,木柵,57307
北投,輔大,57304
輔大,昆陽,57304
台北小巨蛋,六張犁,57300
景美,關渡,57234
徐匯中學,亞東醫院,57205
象山,海山,57164
西湖,昆陽,57133
木柵,忠孝敦化,57116
永寧,永安市場,57077
大坪林,景安,57045
紅樹林,江子翠,56984
龍山寺,唭哩岸,56983
大安森林公園,關渡,56966
大坪林,大直,56934
明德,三重,56908
萬芳社區,劍南路,56888
忠義,關渡,56866
關渡,七張,56865
善導寺,菜寮,56862
松山機場,海山,56842
復興崗,西門,56834
徐匯中學,江子翠,56826
菜寮,大安森林公園,56825
十四張,新店,56796
台北橋,關渡,56790
科技大樓,大安森林公園,56749
劍南路,辛亥,56746
辛亥,松江南京,56724
南港展覽館,麟光,56706
大直,海山,56655
民權西路,昆陽,56648
南港展覽館,先嗇宮,56648
北門,內湖,56612
中山,辛亥,56605
三民高中,淡水,56538
台北橋,後山埤,56518
台電大樓,丹鳳,56468
後山埤,小南門,56417
迴龍,七張,56398
菜寮,昆陽,56398
北門,紅樹林,56397
頂埔,東門,56387
西湖,公館,56380
忠孝敦化,麟光,56380
秀朗橋,Y板橋,56379
公館,新北投,56362
菜寮,善導寺,56341
三民高中,後山埤,56322
北投,三和國中,56318
忠孝敦化,南京三民,56297
圓山,先嗇宮,56285
三民高中,亞東醫院,56274
台北101/世貿,葫洲,56269
小碧潭,松山,56264
松山,竹圍,56228
永春,丹鳳,56228
麟光,南京三民,56218
府中,東湖,56217
三重國小,龍山寺,56213
忠孝敦化,頭前庄,56204
西湖,迴龍,56160
動物園,圓山,56154
北門,土城,56141
動物園,動物園,56138
三和國中,亞東醫院,56130
亞東醫院,三民高中,56105
士林,土城,56016
永春,迴龍,55991
亞東醫院,動物園,55979
頂埔,圓山,55921
土城,東門,55879
善導寺,文德,55849
忠孝新生,文德,55814
南港,動物園,55797
江子翠,動物園,55722
善導寺,台大醫院,55719
六張犁,台北小巨蛋,55718
南京三民,大安森林公園,55711
松江南京,木柵,55700
新埔民生,丹鳳,55694
大直,大坪林,55682
丹鳳,大安森林公園,55679
港墘,象山,55677
六張犁,大湖公園,55648
大安森林公園,南京三民,55624
大湖公園,六張犁,55622
海山,新店,55593
古亭,唭哩岸,55554
麟光,麟光,55535
新北投,市政府,55524
頂溪,內湖,55517
土城,台大醫院,55513
景平,新店,55454
紅樹林,府中,55454
中山國小,科技大樓,55445
北投,昆陽,55411
輔大,北投,55410
景平,松江南京,55396
三和國中,小南門,55375
台大醫院,北門,55348
東門,東湖,55327
新北投,象山,55286
松江南京,麟光,55274
西湖,土城,55207
大橋頭站,科技大樓,55198
幸福,新莊,55195
亞東醫院,大橋頭站,55192
木柵,大直,55177
江子翠,徐匯中學,55142
南勢角,海山,55141
新北投,忠孝復興,55139
奇岩,中山國小,55137
港墘,小南門,55117
景美,後山埤,55102
港墘,景美,55039
亞東醫院,三重國小,55016
三民高中,北門,54956
永寧,劍南路,54948
關渡,菜寮,54925
海山,松山機場,54907
象山,萬隆,54907
科技大樓,徐匯中學,54871
明德,三和國中,54862
菜寮,南港,54858
台北橋,府中,54839
府中,松山機場,54833
小碧潭,市政府,54832
芝山,頂埔,54827
橋和,Y板橋,54806
竹圍,善導寺,54797
萬芳醫院,亞東醫院,54773
先嗇宮,頭前庄,54744
港墘,菜寮,54737
台北101/世貿,麟光,54735
BL板橋,台北橋,54730
辛亥,中山,54727
南港,麟光,54700
台電大樓,港墘,54671
小南門,小南門,54600
民權西路,萬芳醫院,54574
內湖,頂溪,54570
頂埔,台電大樓,54558
松山機場,府中,54514
劍南路,象山,54502
民權西路,土城,54395
丹鳳,南港,54375
士林,頂埔,54367
南港軟體園區,景安,54303
板新,頂溪,54285
三和國中,江子翠,54249
東門,土城,54224
竹圍,松山,54201
奇岩,府中,54199
三重,西門,54114
大湖公園,忠孝敦化,54112
動物園,頂溪,54109
三和國中,明德,54100
紅樹林,七張,54079
北門,明德,54060
頭前庄,忠孝復興,54049
劍南路,永寧,54041
雙連,動物園,54014
象山,劍南路,53994
新北投,公館,53969
小南門,蘆洲,53965
南港展覽館,奇岩,53957
港墘,土城,53908
新北產業園區,頂埔,53894
信義安和,新北投,53894
台北橋,BL板橋,53889
西湖,丹鳳,53886
Y板橋,秀朗橋,53880
中和,台北車站,53843
亞東醫院,三和國中,53840
永安市場,永寧,53778
松山機場,江子翠,53772
永安市場,奇岩,53771
昆陽,迴龍,53769
景平,頂溪,53737
中正紀念堂,葫洲,53720
奇岩,景安,53717
新店區公所,大橋頭站,53709
新北投,信義安和,53664
十四張,南京復興,53652
復興崗,唭哩岸,53592
中和,東門,53590
昆陽,台北橋,53576
大安森林公園,善導寺,53565
復興崗,忠義,53561
三重,中正紀念堂,53512
土城,芝山,53497
松山,大安森林公園,53480
徐匯中學,北門,53474
劍南路,七張,53437
明德,徐匯中學,53436
萬芳醫院,大安森林公園,53428
南港,菜寮,53404
新埔,文德,53393
先嗇宮,南港展覽館,53363
國父紀念館,大湖公園,53325
文德,文德,53307
新店區公所,劍南路,53298
大直,木柵,53293
木柵,辛亥,53291
頂埔,台大醫院,53289
龍山寺,麟光,53262
石牌,頂埔,53257
內湖,台大醫院,53219
松山機場,忠孝新生,53207
亞東醫院,松山機場,53206
後山埤,台北橋,53202
景平,南京復興,53173
小碧潭,北門,53126
紅樹林,科技大樓,53119
萬芳醫院,民權西路,53107
徐匯中學,小南門,53087
大坪林,奇岩,53087
科技大樓,三重國小,53065
小南門,港墘,53064
徐匯中學,北投,53041
萬芳社區,西門,52945
龍山寺,小南門,52942
竹圍,國父紀念館,52931
新北投,忠孝新生,52922
芝山,萬芳醫院,52914
三重國小,小南門,52913
木柵,中山,52910
龍山寺,文德,52884
大湖公園,松山機場,52877
動物園,信義安和,52863
唭哩岸,BL板橋,52849
小南門,徐匯中學,52846
港墘,丹鳳,52844
景美,港墘,52820
後山埤,景美,52819
辛亥,忠孝新生,52813
木柵,龍山寺,52795
善導寺,唭哩岸,52792
頂埔,小南門,52777
內湖,江子翠,52775
劍南路,蘆洲,52764
竹圍,頂溪,52724
六張犁,大安森林公園,52714
紅樹林,大橋頭站,52710
七張,劍南路,52709
大橋頭站,關渡,52688
昆陽,菜寮,52678
國父紀念館,辛亥,52670
大安森林公園,新店,52649
海山,南勢角,52633
關渡,大安森林公園,52576
新北產業園區,永寧,52560
萬隆,輔大,52558
大橋頭站,亞東醫院,52527
大坪林,竹圍,52524
三重國小,亞東醫院,52523
土城,中山國中,52522
台北小巨蛋,忠孝敦化,52483
國父紀念館,唭哩岸,52478
頂溪,萬芳醫院,52452
唭哩岸,南港展覽館,52426
善導寺,竹圍,52425
西湖,景美,52418
善導寺,關渡,52409
大直,象山,52386
關渡,海山,52362
台北小巨蛋,先嗇宮,52351
關渡,亞東醫院,52327
大橋頭站,海山,52322
台大醫院,港墘,52314
海山,北投,52308
竹圍,BL板橋,52297
萬芳社區,忠孝敦化,52294
雙連,忠義,52280
土城,土城,52264
三民高中,江子翠,52247
蘆洲,亞東醫院,52244
松山,唭哩岸,52201
忠孝新生,辛亥,52186
南勢角,南港軟體園區,52165
奇岩,忠義,52160
後山埤,輔大,52151
江子翠,松山機場,52115
葫洲,中正紀念堂,52112
中山國中,頂埔,52111
台電大樓,土城,52095
木柵,台大醫院,52071
江子翠,三民高中,52064
土城,大坪林,52063
景安,奇岩,52041
大坪林,土城,52017
新莊,關渡,52013
萬芳醫院,頂溪,51988
景美,三民高中,51973
景美,菜寮,51966
新北投,新埔,51965
關渡,台北橋,51928
土城,台電大樓,51886
東湖,東門,51882
永寧,大直,51775
小南門,中山國中,51748
新店區公所,輔大,51746
南京三民,小碧潭,51727
淡水,中山國中,51700
圓山,土城,51699
信義安和,土城,51699
輔大,明德,51678
台北101/世貿,忠義,51648
台大醫院,內湖,51637
頂埔,信義安和,51622
信義安和,先嗇宮,51610
善導寺,大安森林公園,51602
公館,港墘,51557
海山,大橋頭站,51556
文德,新埔,51553
忠孝敦化,大湖公園,51549
江子翠,東湖,51531
東門,小碧潭,51518
台北101/世貿,南港,51506
北投,蘆洲,51474
頂溪,松山機場,51442
南港軟體園區,昆陽,51417
台北小巨蛋,大安森林公園,51407
北門,後山埤,51401
淡水,蘆洲,51401
北門,動物園,51393
象山,港墘,51373
文德,龍山寺,51344
台大醫院,南港,51322
江子翠,三和國中,51302
麟光,龍山寺,51280
大橋頭站,萬隆,51255
台電大樓,西湖,51249
大湖公園,永春,51206
景平,中山,51204
東湖,江子翠,51171
Y板橋,十四張,51128
麟光,BL板橋,51089
江子翠,葫洲,51059
亞東醫院,葫洲,50969
海山,萬芳醫院,50963
新北產業園區,丹鳳,50942
國父紀念館,關渡,50915
蘆洲,頭前庄,50864
三民高中,景美,50859
科技大樓,大橋頭站,50797
葫洲,古亭,50759
北投,徐匯中學,50752
Y板橋,景美,50731
菜寮,景美,50710
公館,頭前庄,50707
中山國中,小南門,50700
紅樹林,小南門,50688
萬隆,關渡,50679
科技大樓,三民高中,50666
三重國小,科技大樓,50661
麟光,大直,50660
明德,永春,50655
象山,大直,50632
麟光,台北101/世貿,50602
BL板橋,麟光,50589
大安森林公園,丹鳳,50588
板新,七張,50577
三重國小,江子翠,50515
大安森林公園,台北小巨蛋,50510
忠孝敦化,木柵,50486
海山,明德,50470
新店,關渡,50462
關渡,景美,50457
忠孝新生,新北投,50402
紅樹林,南勢角,50383
蘆洲,丹鳳,50379
復興崗,新北投,50319
復興崗,大安,50314
三民高中,科技大樓,50307
劍南路,公館,50288
三民高中,六張犁,50282
土城,科技大樓,50278
南勢角,大直,50248
東湖,亞東醫院,50244
迴龍,景美,50223
明德,小南門,50212
東門,頂埔,50189
古亭,葫洲,50187
紅樹林,景美,50139
Y板橋,橋和,50136
新埔,新北投,50135
中山國小,竹圍,50097
BL板橋,文德,50068
景安,松山機場,50065
松江南京,復興崗,50055
萬隆,南港,49991
大湖公園,中山,49981
大安森林公園,迴龍,49978
萬芳社區,中山,49952
七張,中山國中,49940
三和國中,劍南路,49931
府中,葫洲,49920
江子翠,內湖,49908
動物園,北門,49906
輔大,Y板橋,49877
六張犁,永安市場,49864
葫洲,江子翠,49859
秀朗橋,中山,49858
國父紀念館,竹圍,49857
新埔,三重國小,49850
竹圍,大坪林,49819
龍山寺,丹鳳,49809
永春,新店,49798
南港展覽館,竹圍,49794
新店區公所,昆陽,49747
麟光,國父紀念館,49713
北投,海山,49704
忠孝復興,新北投,49665
南港,丹鳳,49661
竹圍,中山國小,49660
大安森林公園,輔大,49653
中山國中,淡水,49644
新店區公所,海山,49633
頭前庄,忠孝敦化,49621
松山機場,大湖公園,49604
台北小巨蛋,內湖,49581
奇岩,台電大樓,49579
松山機場,亞東醫院,49559
南京復興,復興崗,49537
丹鳳,明德,49535
葫洲,東門,49522
國父紀念館,麟光,49517
頂溪,東湖,49506
辛亥,木柵,49491
三民高中,小南門,49441
內湖,台北小巨蛋,49415
六張犁,中山國小,49412
南港軟體園區,南勢角,49379
萬芳社區,動物園,49285
西湖,菜寮,49282
善導寺,辛亥,49278
忠孝復興,小碧潭,49267
台大醫院,麟光,49210
三重國小,劍南路,49207
新店,輔大,49168
科技大樓,台北橋,49123
中山,大湖公園,49092
萬芳醫院,芝山,49086
唭哩岸,忠義,49071
小南門,南港,49066
象山,西湖,49043
西湖,象山,48999
頭前庄,蘆洲,48994
公館,劍南路,48923
忠孝新生,松山機場,48918
大安森林公園,忠孝敦化,48916
三和國中,新店區公所,48881
萬隆,大橋頭站,48856
松山機場,頂溪,48831
BL板橋,竹圍,48801
芝山,土城,48794
萬芳社區,松江南京,48790
關渡,大橋頭站,48787
土城,小南門,48779
亞東醫院,蘆洲,48773
國父紀念館,松山,48739
南港展覽館,辛亥,48736
先嗇宮,大安,48717
萬隆,北投,48707
松山,內湖,48695
港墘,頂埔,48669
三重國小,北門,48656
蘆洲,江子翠,48650
小碧潭,東門,48620
忠孝敦化,先嗇宮,48600
三重國小,新埔,48599
善導寺,麟光,48587
新店,三重國小,48548
頂埔,七張,48545
迴龍,明德,48535
小碧潭,永安市場,48529
頂溪,葫洲,48526
新北投,松山,48517
七張,南港,48483
景安,南港軟體園區,48480
徐匯中學,明德,48475
大安,頂埔,48466
奇岩,大安森林公園,48462
景美,新莊,48452
新埔民生,新莊,48450
西門,萬芳社區,48416
大直,小南門,48411
東門,葫洲,48394
中和,萬隆,48393
民權西路,動物園,48367
江子翠,三重國小,48364
木柵,BL板橋,48357
辛亥,動物園,48348
葫洲,動物園,48314
新店,中山國中,48279
台北小巨蛋,信義安和,48277
雙連,先嗇宮,48242
南港展覽館,台北小巨蛋,48145
南港展覽館,大安森林公園,48136
東湖,府中,48099
大坪林,十四張,48040
劍南路,新店區公所,48018
大直,麟光,48001
昆陽,北投,47997
國父紀念館,動物園,47992
新店區公所,中山國中,47966
三重國小,六張犁,47935
幸福,輔大,47909
劍南路,三和國中,47903
新店,大橋頭站,47884
市政府,新北投,47877
忠義,台北101/世貿,47852
大橋頭站,新店,47826
大安森林公園,中山國中,47799
石牌,動物園,47774
昆陽,葫洲,47733
葫洲,頂溪,47721
南港軟體園區,中山,47702
景安,小碧潭,47689
國父紀念館,台北101/世貿,47689
台北橋,海山,47665
亞東醫院,東湖,47651
忠孝新生,小碧潭,47650
丹鳳,七張,47638
松山機場,台北101/世貿,47626
文德,中正紀念堂,47612
昆陽,大橋頭站,47603
明德,海山,47587
小南門,三和國中,47535
新店區公所,南勢角,47527
淡水,港墘,47503
三和國中,六張犁,47493
小南門,三重國小,47481
南京三民,麟光,47481
丹鳳,龍山寺,47464
小碧潭,行天宮,47445
永安市場,六張犁,47425
十四張,永安市場,47421
小南門,紅樹林,47404
三和國中,關渡,47394
新店,北投,47366
小南門,昆陽,47364
頂埔,科技大樓,47341
景安,大坪林,47325
後山埤,新莊,47324
永安市場,頂埔,47306
台電大樓,頂埔,47286
西湖,頂埔,47280
輔大,龍山寺,47277
景安,新北投,47271
新店區公所,北投,47246
南港軟體園區,古亭,47220
大安森林公園,三重,47216
頂埔,中山國小,47213
萬隆,永春,47201
三和國中,海山,47176
永春,明德,47170
葫洲,台北小巨蛋,47147
北投,六張犁,47124
昆陽,七張,47120
小南門,三民高中,47099
港墘,輔大,47097
國父紀念館,奇岩,47096
南勢角,新店區公所,47014
板新,永安市場,47009
劍南路,台電大樓,47003
大坪林,中和,46997
頂埔,景美,46985
台大醫院,昆陽,46945
中山國中,土城,46922
新北投,台北小巨蛋,46908
永春,三重,46878
新店區公所,關渡,46868
景平,行天宮,46861
南京三民,新北投,46854
台北橋,新店區公所,46844
永春,大湖公園,46807
永寧,北投,46800
大橋頭站,六張犁,46789
小碧潭,南京三民,46757
北門,頂埔,46748
大湖公園,松江南京,46718
三重國小,新店,46709
永春,萬隆,46699
善導寺,南港軟體園區,46652
新莊,景美,46650
景美,西湖,46642
小碧潭,小碧潭,46637
幸福,海山,46633
唭哩岸,大坪林,46627
十四張,輔大,46602
南港,萬隆,46599
丹鳳,蘆洲,46581
葫洲,亞東醫院,46549
景平,市政府,46528
輔大,新店區公所,46500
松江南京,辛亥,46444
南港,七張,46439
中和,大坪林,46414
松山機場,景安,46402
六張犁,蘆洲,46396
六張犁,北投,46387
唭哩岸,頂溪,46378
西湖,新店,46365
新北投,古亭,46325
關渡,忠義,46308
復興崗,行天宮,46294
後山埤,菜寮,46284
象山,頭前庄,46282
菜寮,三重國小,46266
台電大樓,三重,46241
新埔民生,三重,46206
內湖,亞東醫院,46199
輔大,後山埤,46192
景美,迴龍,46187
昆陽,劍南路,46184
江子翠,奇岩,46183
十四張,大坪林,46143
辛亥,南京三民,46142
萬隆,昆陽,46140
永安市場,松山機場,46134
萬芳社區,木柵,46125
菜寮,紅樹林,46102
台北橋,江子翠,46070
行天宮,小碧潭,46052
新店,菜寮,46052
新北投,南京三民,46049
奇岩,江子翠,46026
奇岩,南勢角,46013
三重國小,新店區公所,46008
頭前庄,三重國小,45996
萬芳醫院,海山,45984
蘆洲,新店,45983
葫洲,府中,45981
三重國小,菜寮,45979
新店區公所,明德,45937
新店,蘆洲,45922
府中,新北投,45912
七張,迴龍,45907
三重,關渡,45903
大安森林公園,動物園,45892
木柵,善導寺,45887
忠義,忠義,45866
港墘,行天宮,45848
迴龍,科技大樓,45837
內湖,景安,45829
唭哩岸,大安森林公園,45807
關渡,新莊,45781
景平,忠孝新生,45771
復興崗,市政府,45760
內湖,昆陽,45741
港墘,新店,45720
科技大樓,菜寮,45719
新莊,科技大樓,45706
復興崗,中正紀念堂,45683
東湖,頂溪,45644
十四張,松山,45610
小南門,後山埤,45603
七張,昆陽,45595
土城,中山國小,45580
亞東醫院,紅樹林,45577
龍山寺,輔大,45570
竹圍,南港展覽館,45522
大安森林公園,萬隆,45510
松山機場,木柵,45504
善導寺,木柵,45489
新埔,麟光,45467
中原,永安市場,45457
南港,台大醫院,45424
台電大樓,中山國中,45417
迴龍,北投,45393
秀朗橋,景美,45391
內湖,小南門,45344
劍南路,昆陽,45337
南勢角,奇岩,45329
府中,菜寮,45325
北投,新店區公所,45317
西湖,輔大,45300
頭前庄,南勢角,45295
明德,新店區公所,45275
公館,內湖,45253
菜寮,後山埤,45249
三重,永春,45228
蘆洲,淡水,45216
海山,三和國中,45203
忠義,奇岩,45195
北投,南港,45185
景平,七張,45182
木柵,松山機場,45180
新店,南港,45177
大直,永寧,45155
迴龍,劍南路,45141
木柵,萬芳社區,45135
永寧,明德,45124
台北小巨蛋,新北投,45120
南勢角,六張犁,45110
唭哩岸,中山國小,45083
頂埔,永安市場,45082
中山國小,六張犁,45078
忠義,唭哩岸,45064
大橋頭站,竹圍,45019
亞東醫院,內湖,45013
文德,東門,45003
科技大樓,土城,44954
小碧潭,忠孝新生,44945
台北橋,紅樹林,44923
大直,公館,44916
劍南路,三重國小,44916
BL板橋,唭哩岸,44861
明德,科技大樓,44854
菜寮,科技大樓,44804
動物園,葫洲,44801
新店,台北橋,44781
新莊,後山埤,44773
輔大,港墘,44770
BL板橋,木柵,44764
南港,北投,44720
永安市場,小碧潭,44669
萬芳社區,善導寺,44667
中山國小,奇岩,44641
中山國中,七張,44632
新店區公所,南港,44623
奇岩,七張,44594
中和,府中,44589
海山,動物園,44570
景平,古亭,44554
大安森林公園,國父紀念館,44544
東門,木柵,44539
Y板橋,頭前庄,44531
公館,中山國中,44525
內湖,大坪林,44509
科技大樓,新莊,44494
中原,南勢角,44475
台大醫院,土城,44466
南港,新店區公所,44460
幸福,永安市場,44453
昆陽,新店區公所,44449
六張犁,三民高中,44447
信義安和,動物園,44444
新北投,景安,44444
關渡,三和國中,44435
新北投,永安市場,44421
頂溪,土城,44412
內湖,木柵,44397
內湖,永安市場,44396
萬芳醫院,中山國小,44357
北投,萬隆,44350
海山,紅樹林,44335
麟光,新埔,44327
新店區公所,紅樹林,44290
新店,昆陽,44272
頂溪,唭哩岸,44267
復興崗,信義安和,44262
景平,台北101/世貿,44258
松山機場,松江南京,44245
十四張,新店區公所,44241
大安,復興崗,44237
台北橋,小南門,44224
北門,台北橋,44223
北門,台大醫院,44222
木柵,台北小巨蛋,44184
江子翠,蘆洲,44177
中和,迴龍,44171
劍南路,三民高中,44154
科技大樓,明德,44134
新埔,木柵,44128
圓山,頂埔,44117
奇岩,大橋頭站,44106
芝山,動物園,44102
三民高中,劍南路,44081
景安,萬芳醫院,44058
新莊,紅樹林,44053
中和,亞東醫院,44009
幸福,頂溪,43866
十四張,中正紀念堂,43815
永寧,南勢角,43806
台北橋,新店,43762
丹鳳,關渡,43759
台北橋,科技大樓,43745
新北產業園區,土城,43732
台北小巨蛋,葫洲,43724
忠孝敦化,台北小巨蛋,43691
永寧,七張,43689
台北小巨蛋,小碧潭,43681
幸福,台北車站,43665
景安,內湖,43643
木柵,南京三民,43631
新店,明德,43629
公館,西湖,43607
頭前庄,象山,43604
大坪林,唭哩岸,43599
先嗇宮,先嗇宮,43569
明德,永寧,43547
動物園,江子翠,43446
北投,永寧,43438
中正紀念堂,復興崗,43422
中山國中,公館,43393
公館,大直,43393
南港展覽館,頭前庄,43391
新店區公所,後山埤,43372
信義安和,頂埔,43334
頂溪,忠義,43305
中正紀念堂,文德,43297
新店,劍南路,43282
秀朗橋,松江南京,43274
葫洲,信義安和,43264
紅樹林,永春,43251
松江南京,松山機場,43246
三重,紅樹林,43224
丹鳳,劍南路,43184
港墘,台北橋,43174
台北小巨蛋,國父紀念館,43166
松山,木柵,43166
忠孝敦化,大安森林公園,43135
三重,港墘,43132
象山,忠義,43082
信義安和,葫洲,43069
動物園,大安森林公園,43058
板新,迴龍,43040
迴龍,關渡,43003
三重,台大醫院,42992
南港展覽館,唭哩岸,42974
輔大,大安森林公園,42957
台北橋,亞東醫院,42955
萬隆,海山,42952
大安森林公園,南港展覽館,42876
港墘,淡水,42874
動物園,萬芳社區,42869
六張犁,三重國小,42865
景美,丹鳳,42844
中山國小,萬芳醫院,42813
永寧,六張犁,42809
關渡,萬隆,42798
景安,海山,42795
後山埤,大湖公園,42776
松山機場,永安市場,42753
十四張,松江南京,42741
六張犁,徐匯中學,42740
新店,三和國中,42730
新北產業園區,龍山寺,42726
後山埤,新店區公所,42697
徐匯中學,六張犁,42683
永安市場,竹圍,42677
忠孝敦化,信義安和,42666
永安市場,新北投,42623
新店區公所,三重國小,42617
松山機場,永寧,42610
木柵,新埔,42594
南勢角,永寧,42587
迴龍,北門,42586
菜寮,新店,42551
三和國中,新店,42541
文德,北門,42477
萬隆,明德,42390
行天宮,動物園,42363
七張,三重,42357
劍南路,徐匯中學,42352
麟光,中正紀念堂,42347
信義安和,台北小巨蛋,42310
永安市場,內湖,42295
海山,台北橋,42279
三重國小,頭前庄,42271
丹鳳,景美,42265
幸福,大橋頭站,42262
萬芳社區,台大醫院,42195
三重,七張,42186
新店區公所,台北橋,42184
昆陽,大直,42178
永寧,大安森林公園,42159
台電大樓,劍南路,42154
大直,南勢角,42120
七張,頂埔,42091
動物園,亞東醫院,42085
小南門,台北橋,42031
台大醫院,三重,41987
中山國中,台電大樓,41947
萬隆,大安森林公園,41931
輔大,萬隆,41921
海山,徐匯中學,41899
葫洲,昆陽,41897
中山,萬芳社區,41889
台電大樓,奇岩,41886
丹鳳,北投,41865
南勢角,松山機場,41861
小南門,明德,41857
新店區公所,三和國中,41842
古亭,新北投,41839
北門,南港,41799
徐匯中學,海山,41799
土城,劍南路,41776
丹鳳,科技大樓,41743
東門,文德,41715
關渡,新店區公所,41711
幸福,中山國小,41702
麟光,松山機場,41693
劍南路,景美,41678
北門,松山機場,41606
關渡,三重,41570
先嗇宮,國父紀念館,41551
動物園,辛亥,41529
台北小巨蛋,東湖,41525
三重國小,海山,41525
松江南京,大湖公園,41523
北投,先嗇宮,41507
中山國小,頂埔,41486
幸福,龍山寺,41450
七張,丹鳳,41403
台北橋,港墘,41377
內湖,公館,41372
頭前庄,公館,41306
永安市場,萬芳醫院,41302
永安市場,葫洲,41298
昆陽,北門,41276
中山國中,大安森林公園,41216
西湖,小南門,41190
景安,竹圍,41185
迴龍,後山埤,41174
辛亥,信義安和,41161
南京三民,內湖,41154
新北投,府中,41135
景美,頂埔,41097
三民高中,海山,41090
台北小巨蛋,南港展覽館,41075
松山,國父紀念館,41067
蘆洲,萬芳醫院,41055
三重國小,紅樹林,40979
永春,麟光,40959
橋和,南勢角,40942
萬芳醫院,北門,40937
亞東醫院,台北橋,40912
大直,昆陽,40901
海山,三重國小,40880
景美,中山國中,40868
大安森林公園,竹圍,40839
新北產業園區,大坪林,40830
江子翠,台北橋,40817
台電大樓,大直,40817
徐匯中學,關渡,40801
三重,台電大樓,40783
新店,紅樹林,40782
南港,小南門,40776
萬芳社區,忠孝新生,40767
新北產業園區,新店區公所,40763
麟光,圓山,40761
明德,丹鳳,40738
幸福,府中,40709
小南門,內湖,40704
文德,動物園,40672
大坪林,新北產業園區,40631
土城,頂溪,40630
板新,南勢角,40623
大湖公園,萬芳醫院,40621
輔大,科技大樓,40616
大橋頭站,奇岩,40614
萬芳醫院,景安,40606
紅樹林,菜寮,40599
中山國小,動物園,40585
松山,新北投,40547
十四張,台大醫院,40531
橋和,七張,40525
蘆洲,新店區公所,40470
十四張,台北101/世貿,40454
永春,紅樹林,40446
中山國中,新店區公所,40419
唭哩岸,台電大樓,40409
奇岩,北門,40403
大安森林公園,奇岩,40346
內湖,松山,40346
大安森林公園,唭哩岸,40327
先嗇宮,北投,40297
迴龍,六張犁,40276
菜寮,府中,40269
新北投,中山國小,40249
新北投,江子翠,40243
永安市場,動物園,40237
東湖,台北小巨蛋,40213
西湖,台大醫院,40190
永寧,松山機場,40164
科技大樓,頂埔,40135
景安,新北產業園區,40131
北投,迴龍,40115
大湖公園,善導寺,40102
大湖公園,後山埤,40095
幸福,亞東醫院,40091
中正紀念堂,麟光,40073
信義安和,文德,40070
文德,信義安和,40063
南港,松山機場,40035
新埔,景安,40016
辛亥,南港,40008
信義安和,忠孝敦化,39970
中山國小,土城,39968
新店,三民高中,39967
板新,新店,39947
紅樹林,亞東醫院,39944
古亭,南港軟體園區,39923
小南門,西湖,39916
南港軟體園區,松江南京,39896
動物園,石牌,39876
台北小巨蛋,木柵,39869
木柵,內湖,39845
南港軟體園區,蘆洲,39844
六張犁,三和國中,39812
頭前庄,Y板橋,39810
紅樹林,三重,39733
後山埤,北投,39713
秀朗橋,新店,39653
大安森林公園,永寧,39618
辛亥,東門,39615
中和,中山,39590
松山機場,北門,39583
辛亥,松山,39578
輔大,西湖,39573
南京三民,木柵,39556
復興崗,台北小巨蛋,39542
東湖,動物園,39527
後山埤,迴龍,39522
三重,大安森林公園,39503
關渡,永春,39499
海山,三民高中,39477
亞東醫院,奇岩,39466
台北橋,西湖,39465
南港,北門,39459
公館,東湖,39452
大湖公園,台北101/世貿,39449
大安森林公園,港墘,39440
新莊,劍南路,39392
唭哩岸,新埔,39383
信義安和,復興崗,39339
科技大樓,關渡,39304
大安,先嗇宮,39271
六張犁,紅樹林,39262
七張,奇岩,39252
北門,昆陽,39242
行天宮,復興崗,39223
內湖,南京三民,39211
松山機場,南勢角,39207
新店,後山埤,39180
劍南路,新莊,39172
景平,台大醫院,39153
頭前庄,南港展覽館,39139
後山埤,七張,39128
辛亥,大直,39110
景平,公館,39102
小南門,小碧潭,39085
東湖,台北101/世貿,39076
明德,迴龍,39064
永寧,萬芳醫院,39058
關渡,徐匯中學,39056
七張,後山埤,39044
大直,台電大樓,39044
木柵,松山,39036
動物園,行天宮,39036
三和國中,永寧,39034
竹圍,永安市場,39032
北門,文德,39015
麟光,永春,39003
景安,永寧,38986
葫洲,永安市場,38976
忠義,西門,38951
中和,忠孝復興,38898
忠義,東門,38883
新埔民生,台北橋,38879
科技大樓,輔大,38867
新北產業園區,新店,38863
輔大,海山,38847
幸福,民權西路,38831
七張,永寧,38827
辛亥,南港軟體園區,38820
動物園,文德,38803
府中,竹圍,38782
小碧潭,台北小巨蛋,38777
北投,新店,38758
劍南路,新店,38727
象山,復興崗,38691
三民高中,新店,38655
徐匯中學,劍南路,38654
中原,古亭,38639
十四張,行天宮,38629
昆陽,萬隆,38625
動物園,民權西路,38608
奇岩,亞東醫院,38602
新北產業園區,景安,38594
新店,徐匯中學,38593
劍南路,丹鳳,38560
徐匯中學,新店區公所,38528
國父紀念館,頭前庄,38527
西湖,台北橋,38470
幸福,台北101/世貿,38467
輔大,江子翠,38462
萬隆,港墘,38432
永寧,關渡,38419
北投,後山埤,38394
先嗇宮,公館,38374
中原,迴龍,38348
景安,新埔,38337
新店區公所,徐匯中學,38334
頂埔,劍南路,38327
劍南路,萬芳社區,38304
木柵,頂溪,38269
善導寺,象山,38247
淡水,西湖,38229
蘆洲,動物園,38204
十四張,北門,38202
動物園,芝山,38158
先嗇宮,明德,38157
港墘,大安森林公園,38146
萬芳醫院,永安市場,38127
小碧潭,忠孝復興,38127
台電大樓,唭哩岸,38089
後山埤,丹鳳,38079
市政府,復興崗,38069
輔大,新店,38044
台大醫院,頂埔,38042
景平,亞東醫院,38029
新北投,三重國小,38015
昆陽,紅樹林,37943
頭前庄,明德,37939
西湖,行天宮,37928
善導寺,三重,37924
忠孝敦化,萬芳社區,37893
小南門,大直,37884
輔大,紅樹林,37876
府中,唭哩岸,37874
景平,新店區公所,37864
幸福,古亭,37851
北門,萬芳醫院,37829
後山埤,三重,37788
頂溪,木柵,37771
奇岩,三重國小,37743
科技大樓,小南門,37710
六張犁,大橋頭站,37681
中和,新北產業園區,37665
萬隆,西湖,37642
六張犁,南勢角,37604
行天宮,港墘,37593
西門,忠義,37586
板新,景美,37582
台電大樓,竹圍,37561
奇岩,景美,37542
行天宮,東湖,37525
紅樹林,新莊,37508
中山國小,唭哩岸,37482
辛亥,台大醫院,37448
三重,南港,37433
龍山寺,新莊,37432
港墘,雙連,37407
辛亥,台北小巨蛋,37395
科技大樓,丹鳳,37387
紅樹林,台北橋,37376
蘆洲,南港軟體園區,37371
明德,昆陽,37366
江子翠,新北投,37311
大直,辛亥,37309
頭前庄,西門,37304
復興崗,公館,37280
忠義,頂溪,37228
幸福,丹鳳,37218
北投,頭前庄,37200
頭前庄,北投,37199
海山,萬隆,37197
頂溪,文德,37175
萬芳醫院,大湖公園,37163
景平,輔大,37154
景美,劍南路,37133
新北產業園區,中和,37126
劍南路,迴龍,37119
紅樹林,新店區公所,37096
萬芳社區,市政府,37087
永安市場,東湖,37083
辛亥,松山機場,37072
紅樹林,六張犁,37059
大坪林,內湖,37054
東門,辛亥,37053
竹圍,景安,37009
輔大,府中,37007
板新,新店區公所,37005
蘆洲,海山,36986
文德,昆陽,36927
新店區公所,菜寮,36891
六張犁,小南門,36890
明德,先嗇宮,36855
南港,台北101/世貿,36837
三重,昆陽,36803
十四張,萬隆,36799
象山,台北小巨蛋,36779
東湖,小南門,36779
小南門,六張犁,36770
幸福,南京復興,36767
龍山寺,小碧潭,36742
菜寮,新店區公所,36731
木柵,東門,36730
景平,永安市場,36721
善導寺,新北投,36696
板新,丹鳳,36687
新埔,唭哩岸,36686
徐匯中學,永寧,36683
新北產業園區,景美,36677
科技大樓,迴龍,36669
頭前庄,台大醫院,36667
葫洲,景安,36643
三和國中,動物園,36643
文德,古亭,36641
徐匯中學,新店,36639
三重,西湖,36637
奇岩,三民高中,36607
先嗇宮,象山,36603
紅樹林,輔大,36593
三重國小,永寧,36577
港墘,萬隆,36551
復興崗,南京三民,36534
紅樹林,先嗇宮,36519
萬隆,紅樹林,36517
東門,忠義,36507
蘆洲,大直,36502
奇岩,菜寮,36500
西湖,萬隆,36484
公館,復興崗,36456
劍南路,土城,36447
丹鳳,後山埤,36444
動物園,南港軟體園區,36417
十四張,台電大樓,36400
徐匯中學,動物園,36382
景安,東湖,36315
中正紀念堂,忠義,36306
永寧,三和國中,36302
國父紀念館,大安森林公園,36265
景安,葫洲,36247
東湖,景安,36218
新埔民生,菜寮,36200
大湖公園,忠孝新生,36196
台北101/世貿,東湖,36177
六張犁,永寧,36169
文德,頂溪,36134
秀朗橋,台大醫院,36132
景美,三重,36125
劍南路,菜寮,36101
復興崗,忠孝新生,36082
土城,七張,36069
唭哩岸,府中,36053
迴龍,紅樹林,36040
市政府,台北101/世貿,36016
新埔,竹圍,35983
圓山,麟光,35953
小碧潭,小南門,35936
新北投,大安森林公園,35935
中原,海山,35926
南港,新店,35925
麟光,雙連,35924
南京三民,辛亥,35905
紅樹林,昆陽,35884
文德,南京三民,35857
關渡,北門,35823
新莊,奇岩,35808
劍南路,淡水,35792
南港,信義安和,35769
松山機場,麟光,35756
奇岩,新莊,35756
萬芳社區,南京三民,35749
奇岩,輔大,35733
松山機場,松山機場,35707
秀朗橋,輔大,35702
紅樹林,海山,35697
十四張,市政府,35691
南港,三重,35687
萬芳醫院,永寧,35677
幸福,中山,35674
淡水,麟光,35674
中山國小,新北投,35635
南勢角,頂埔,35599
東湖,行天宮,35595
劍南路,頂埔,35586
小南門,土城,35585
行天宮,劍南路,35552
Y板橋,大橋頭站,35512
迴龍,小南門,35502
永寧,徐匯中學,35488
大坪林,先嗇宮,35483
忠孝新生,大湖公園,35419
三重國小,台北橋,35412
南勢角,新北投,35399
關渡,迴龍,35399
港墘,中山國小,35365
江子翠,文德,35357
景平,府中,35349
北門,迴龍,35348
忠義,南京復興,35335
大橋頭站,新北投,35333
松山機場,善導寺,35312
奇岩,台北橋,35309
永寧,紅樹林,35272
西湖,雙連,35265
竹圍,大橋頭站,35261
葫洲,小南門,35244
三重,景美,35220
萬隆,三重國小,35197
忠義,松江南京,35197
東湖,信義安和,35175
新北投,台北橋,35168
頭前庄,國父紀念館,35151
東湖,永安市場,35146
景美,奇岩,35141
忠義,中正紀念堂,35131
幸福,忠孝復興,35126
文德,台北小巨蛋,35125
關渡,丹鳳,35116
北投,丹鳳,35063
中和,南京復興,35048
萬隆,後山埤,35004
新北投,菜寮,34995
信義安和,南港,34993
南港軟體園區,東門,34964
明德,頭前庄,34893
菜寮,劍南路,34893
中山國中,景美,34887
古亭,文德,34883
南港軟體園區,三重國小,34878
景安,頂埔,34854
關渡,後山埤,34798
景安,忠義,34791
國父紀念館,台北小巨蛋,34790
淡水,松山機場,34766
中和,西門,34765
紅樹林,三重國小,34748
土城,景美,34748
東湖,公館,34739
公館,先嗇宮,34733
劍南路,行天宮,34722
明德,萬隆,34719
辛亥,象山,34716
新店區公所,蘆洲,34696
東湖,台大醫院,34693
橋和,景美,34687
行天宮,內湖,34674
台北小巨蛋,復興崗,34667
景平,東門,34664
府中,文德,34661
關渡,永寧,34661
台大醫院,西湖,34622
忠義,市政府,34620
萬隆,三和國中,34598
中和,信義安和,34594
菜寮,奇岩,34573
麟光,南港軟體園區,34558
六張犁,輔大,34552
松山機場,辛亥,34537
東門,松山機場,34533
文德,江子翠,34519
三重,後山埤,34503
內湖,永寧,34502
海山,蘆洲,34488
西湖,淡水,34478
新店,永寧,34467
永春,關渡,34444
台北小巨蛋,象山,34418
劍潭,小碧潭,34410
忠義,復興崗,34408
萬芳社區,國父紀念館,34343
松江南京,萬芳社區,34343
萬隆,徐匯中學,34336
唭哩岸,永安市場,34323
十四張,忠孝新生,34259
台大醫院,頭前庄,34258
三重國小,南港軟體園區,34238
中和,新莊,34233
永寧,三重國小,34226
港墘,三重,34215
板新,大坪林,34194
三和國中,萬隆,34184
關渡,科技大樓,34178
大直,七張,34174
大坪林,板新,34172
輔大,六張犁,34150
松山,文德,34136
新北投,忠孝敦化,34134
中原,台北車站,34109
台北橋,三重國小,34096
七張,新莊,34094
小南門,科技大樓,34083
新莊,七張,34056
象山,善導寺,34054
淡水,東湖,34042
十四張,南京三民,34028
府中,輔大,34023
松山,辛亥,34021
新店,新莊,34010
大安森林公園,西湖,33972
府中,麟光,33954
昆陽,三重,33950
松山機場,東門,33921
動物園,永安市場,33914
台北橋,北門,33896
萬隆,台北橋,33894
劍南路,台北橋,33887
信義安和,辛亥,33885
竹圍,台電大樓,33885
信義安和,忠義,33881
大安森林公園,新北投,33877
土城,六張犁,33875
萬芳醫院,蘆洲,33870
竹圍,大安森林公園,33859
小碧潭,雙連,33842
明德,南港,33810
新北投,大橋頭站,33795
淡水,劍南路,33772
頂埔,南勢角,33738
復興崗,善導寺,33720
台北橋,奇岩,33692
大安森林公園,頭前庄,33690
內湖,台電大樓,33685
關渡,新店,33676
海山,輔大,33645
大直,台大醫院,33596
中原,西門,33589
秀朗橋,古亭,33577
台大醫院,木柵,33568
新北投,南勢角,33555
七張,大直,33555
新莊,龍山寺,33532
奇岩,永春,33525
唭哩岸,科技大樓,33516
港墘,民權西路,33513
三和國中,紅樹林,33511
台北橋,萬隆,33505
永寧,新店區公所,33493
中和,忠孝敦化,33461
三民高中,奇岩,33453
動物園,東湖,33440
小碧潭,龍山寺,33429
南京三民,文德,33426
中山國中,新店,33401
秀朗橋,行天宮,33387
中和,丹鳳,33376
三重國小,奇岩,33356
象山,先嗇宮,33301
南京三民,復興崗,33273
幸福,江子翠,33271
三重國小,萬芳醫院,33237
公館,葫洲,33224
葫洲,南京三民,33195
劍南路,小南門,33189
內湖,象山,33183
北投,萬芳醫院,33155
景平,忠孝復興,33153
國父紀念館,先嗇宮,33142
忠義,信義安和,33133
善導寺,松山機場,33118
迴龍,新店,33087
動物園,海山,33052
南港軟體園區,徐匯中學,33020
先嗇宮,永春,33016
內湖,海山,32992
永寧,新店,32990
萬芳醫院,北投,32975
動物園,中山國小,32972
唭哩岸,江子翠,32947
海山,菜寮,32944
葫洲,公館,32916
台電大樓,內湖,32906
新店區公所,三民高中,32905
台大醫院,大直,32895
忠孝敦化,新北投,32885
昆陽,新店,32855
大橋頭站,永寧,32851
中和,大安,32844
三重國小,新北投,32842
關渡,輔大,32817
麟光,劍潭,32812
南港,紅樹林,32801
大安,小碧潭,32792
麟光,淡水,32789
三民高中,新店區公所,32784
菜寮,海山,32778
後山埤,關渡,32774
中原,七張,32744
台北橋,六張犁,32734
三重國小,萬隆,32731
昆陽,明德,32731
幸福,公館,32730
明德,六張犁,32712
亞東醫院,菜寮,32708
忠孝復興,復興崗,32699
秀朗橋,南京復興,32693
三重,善導寺,32680
新北投,大坪林,32677
內湖,行天宮,32667
忠孝新生,萬芳社區,32658
唭哩岸,北門,32648
淡水,內湖,32631
昆陽,文德,32624
台大醫院,劍南路,32624
文德,府中,32620
大直,蘆洲,32595
小南門,東湖,32579
麟光,石牌,32561
新店區公所,大直,32558
新莊,六張犁,32556
麟光,萬芳社區,32554
新店,迴龍,32537
海山,奇岩,32522
永寧,內湖,32495
辛亥,辛亥,32493
六張犁,新莊,32486
雙連,麟光,32482
大橋頭站,唭哩岸,32480
幸福,忠孝敦化,32470
復興崗,象山,32460
板新,公館,32457
文德,台大醫院,32438
葫洲,北門,32420
永安市場,忠義,32377
龍山寺,復興崗,32377
大安森林公園,劍南路,32375
東門,復興崗,32357
劍潭,麟光,32338
明德,後山埤,32332
府中,木柵,32324
景美,竹圍,32318
迴龍,新店區公所,32300
忠義,台大醫院,32285
萬隆,蘆洲,32268
明德,新店,32252
唭哩岸,景美,32238
蘆洲,中山國中,32224
松江南京,南港軟體園區,32210
圓山,小碧潭,32185
善導寺,大湖公園,32162
新北投,忠義,32141
大直,新店區公所,32131
麟光,葫洲,32125
葫洲,台大醫院,32123
六張犁,象山,32119
南港展覽館,南京三民,32117
十四張,迴龍,32113
大安森林公園,永春,32113
丹鳳,紅樹林,32106
復興崗,龍山寺,32103
內湖,麟光,32098
台大醫院,辛亥,32080
橋和,頂溪,32053
圓山,木柵,32041
南港,辛亥,32011
新店區公所,永寧,31998
小碧潭,南勢角,31989
幸福,南港展覽館,31987
信義安和,東湖,31916
復興崗,東門,31894
海山,內湖,31882
復興崗,忠孝復興,31809
十四張,東門,31799
後山埤,明德,31754
復興崗,古亭,31752
大坪林,新北投,31737
亞東醫院,文德,31732
台北橋,劍南路,31711
南勢角,竹圍,31709
竹圍,新埔,31705
萬芳社區,東門,31700
永安市場,土城,31690
西湖,三重,31687
萬隆,永寧,31675
新北投,蘆洲,31669
辛亥,BL板橋,31645
頭前庄,關渡,31643
秀朗橋,頂溪,31627
麟光,北門,31601
頂埔,六張犁,31568
中原,輔大,31547
幸福,新店,31544
後山埤,紅樹林,31538
頂溪,復興崗,31516
竹圍,府中,31513
菜寮,新北投,31503
丹鳳,六張犁,31487
後山埤,新店,31485
奇岩,海山,31470
十四張,南勢角,31467
忠義,BL板橋,31460
小碧潭,圓山,31457
關渡,三民高中,31439
港墘,大橋頭站,31429
忠孝新生,復興崗,31428
新北產業園區,板新,31385
大橋頭站,港墘,31380
永春,先嗇宮,31378
內湖,淡水,31369
萬芳社區,台北101/世貿,31368
三民高中,動物園,31363
新店,丹鳳,31356
六張犁,迴龍,31354
新莊,新店,31340
麟光,昆陽,31327
南港軟體園區,三和國中,31312
萬芳醫院,三重國小,31307
松山機場,永春,31294
徐匯中學,萬芳醫院,31278
後山埤,松山機場,31264
中和,小碧潭,31223
永春,松山機場,31204
小南門,頂埔,31203
丹鳳,新店,31182
新埔,忠義,31154
忠義,大安,31141
南港,明德,31129
中和,江子翠,31126
北投,動物園,31101
劍南路,輔大,31096
新北投,三民高中,31091
文德,亞東醫院,31076
景平,中正紀念堂,31059
新北投,三和國中,31030
奇岩,三重,31026
迴龍,江子翠,31017
幸福,菜寮,31009
台北橋,新北投,31008
象山,六張犁,31002
萬芳社區,松山,30991
象山,松山,30980
龍山寺,大湖公園,30970
麟光,行天宮,30969
小碧潭,大安,30961
石牌,麟光,30958
六張犁,台北橋,30956
新北投,台電大樓,30939
大坪林,景平,30935
大湖公園,BL板橋,30934
新北投,國父紀念館,30930
小南門,劍南路,30914
先嗇宮,紅樹林,30901
秀朗橋,忠孝新生,30894
永寧,萬隆,30892
內湖,輔大,30889
幸福,忠孝新生,30870
六張犁,土城,30863
江子翠,竹圍,30840
景美,土城,30827
唭哩岸,昆陽,30795
台北小巨蛋,辛亥,30781
蘆洲,葫洲,30755
台大醫院,東湖,30749
奇岩,三和國中,30737
三民高中,萬芳醫院,30730
板新,新北產業園區,30720
南港展覽館,木柵,30692
三重,奇岩,30678
秀朗橋,公館,30671
辛亥,龍山寺,30639
幸福,景美,30615
小碧潭,劍潭,30605
秀朗橋,中正紀念堂,30601
東湖,雙連,30601
大安森林公園,內湖,30595
六張犁,古亭,30564
東湖,南京三民,30560
南勢角,萬芳醫院,30547
唭哩岸,大橋頭站,30545
永春,大安森林公園,30519
動物園,象山,30510
中和,中山國小,30502
徐匯中學,萬隆,30494
麟光,內湖,30448
景平,小碧潭,30435
中原,新店區公所,30435
麟光,士林,30433
江子翠,輔大,30410
麟光,亞東醫院,30408
幸福,南勢角,30405
新店,大直,30393
永寧,台北橋,30367
竹圍,景美,30357
菜寮,竹圍,30355
紅樹林,南港,30354
西湖,大安森林公園,30328
科技大樓,古亭,30318
市政府,萬芳社區,30294
小南門,迴龍,30284
永寧,大橋頭站,30284
台北橋,新埔,30281
新北投,北門,30272
台北橋,永寧,30259
輔大,關渡,30247
板新,菜寮,30234
三和國中,萬芳醫院,30233
輔大,劍南路,30228
萬隆,新莊,30149
十四張,台北小巨蛋,30112
麟光,民權西路,30108
麟光,府中,30105
台北小巨蛋,文德,30087
永安市場,唭哩岸,30063
木柵,府中,30038
松山機場,淡水,29980
松山機場,忠孝敦化,29979
唭哩岸,景安,29947
江子翠,迴龍,29920
萬芳社區,大直,29892
劍潭,木柵,29811
幸福,國父紀念館,29778
新北投,善導寺,29777
奇岩,小南門,29775
新店,三重,29768
七張,土城,29767
竹圍,南勢角,29766
中和,台電大樓,29756
善導寺,小碧潭,29748
劍南路,劍潭,29723
三民高中,關渡,29722
六張犁,明德,29710
科技大樓,唭哩岸,29692
中正紀念堂,頭前庄,29685
三重國小,動物園,29662
劍南路,大安森林公園,29629
亞東醫院,麟光,29615
蘆洲,萬隆,29607
府中,迴龍,29594
三和國中,南港軟體園區,29579
雙連,港墘,29548
景平,大坪林,29482
永寧,動物園,29462
新店區公所,迴龍,29430
南京三民,葫洲,29420
新北投,新莊,29401
板新,新莊,29392
菜寮,萬芳醫院,29361
忠義,象山,29359
古亭,六張犁,29339
小碧潭,善導寺,29337
中和,海山,29317
西湖,中山國小,29302
永寧,蘆洲,29299
土城,永安市場,29298
六張犁,菜寮,29287
台電大樓,新北投,29267
萬隆,菜寮,29257
後山埤,萬隆,29256
大橋頭站,動物園,29234
唭哩岸,小南門,29234
六張犁,關渡,29225
東湖,淡水,29222
蘆洲,永寧,29219
台電大樓,東湖,29213
中和,台大醫院,29206
六張犁,信義安和,29194
雙連,東湖,29168
丹鳳,奇岩,29162
中原,景美,29130
奇岩,丹鳳,29099
江子翠,唭哩岸,29097
文德,松山,29093
關渡,頭前庄,29087
北門,輔大,29086
中原,市政府,29077
雙連,小碧潭,29048
台大醫院,忠義,29030
劍南路,中山國小,29016
三民高中,頂埔,29016
南京三民,國父紀念館,28992
中原,新店,28986
大湖公園,龍山寺,28954
麟光,台北小巨蛋,28952
復興崗,BL板橋,28943
府中,忠義,28942
新莊,萬隆,28929
北門,關渡,28923
善導寺,萬芳社區,28918
亞東醫院,新北投,28903
麟光,後山埤,28886
忠義,行天宮,28860
幸福,台北橋,28855
忠義,永安市場,28834
江子翠,麟光,28827
迴龍,動物園,28827
竹圍,江子翠,28822
中山國小,港墘,28818
劍南路,台大醫院,28818
頭前庄,大安森林公園,28817
士林,小碧潭,28782
秀朗橋,市政府,28774
南京三民,松山機場,28759
奇岩,科技大樓,28754
港墘,石牌,28737
中山,南港軟體園區,28726
奇岩,徐匯中學,28721
萬芳醫院,南勢角,28720
新埔,台北橋,28714
台北101/世貿,大湖公園,28697
行天宮,麟光,28696
松山機場,南京三民,28666
竹圍,北門,28659
松山機場,國父紀念館,28649
永安市場,文德,28636
忠義,新北投,28631
三民高中,永寧,28626
永寧,三民高中,28616
秀朗橋,七張,28613
忠義,公館,28612
古亭,動物園,28599
景安,唭哩岸,28598
辛亥,昆陽,28592
萬芳醫院,徐匯中學,28591
東湖,台電大樓,28589
葫洲,海山,28586
迴龍,奇岩,28560
龍山寺,辛亥,28558
芝山,小碧潭,28528
中山國中,劍潭,28502
菜寮,亞東醫院,28498
國父紀念館,松山機場,28484
南港軟體園區,永寧,28439
紅樹林,新店,28428
亞東醫院,木柵,28418
菜寮,六張犁,28405
北門,新北投,28402
雙連,西湖,28375
幸福,劍潭,28356
萬芳社區,麟光,28350
景安,動物園,28340
大湖公園,中正紀念堂,28336
大安森林公園,南港,28311
南勢角,小碧潭,28309
東湖,永寧,28283
小碧潭,石牌,28277
木柵,南港展覽館,28277
行天宮,西湖,28243
南京復興,忠義,28242
麟光,江子翠,28235
台北小巨蛋,永春,28221
唭哩岸,七張,28212
竹圍,菜寮,28199
萬芳醫院,三民高中,28197
大直,景美,28189
南港軟體園區,三民高中,28188
中正紀念堂,木柵,28186
景美,唭哩岸,28183
BL板橋,大湖公園,28173
象山,內湖,28156
萬芳社區,BL板橋,28131
麟光,象山,28125
木柵,圓山,28108
大橋頭站,萬芳醫院,28106
麟光,文德,28094
景安,木柵,28087
松山機場,後山埤,28073
中山國中,石牌,28068
徐匯中學,南港軟體園區,28056
辛亥,中正紀念堂,28008
輔大,北門,27995
幸福,新北產業園區,27995
大安,忠義,27991
劍潭,中山國中,27974
中原,府中,27959
小碧潭,士林,27951
木柵,永安市場,27949
士林,麟光,27940
南勢角,Y板橋,27925
秀朗橋,東門,27909
大安森林公園,麟光,27905
南勢角,內湖,27902
復興崗,忠孝敦化,27901
永春,台北小巨蛋,27898
中原,行天宮,27888
紅樹林,後山埤,27888
松江南京,忠義,27861
南勢角,東湖,27833
台大醫院,萬芳社區,27826
內湖,南勢角,27824
BL板橋,忠義,27822
唭哩岸,菜寮,27814
淡水,小碧潭,27808
新北產業園區,西門,27807
木柵,中正紀念堂,27781
後山埤,先嗇宮,27780
小碧潭,芝山,27778
公館,忠義,27775
徐匯中學,奇岩,27749
海山,葫洲,27734
中原,公館,27731
大直,三重國小,27722
辛亥,圓山,27704
木柵,文德,27697
辛亥,永春,27689
江子翠,木柵,27684
景平,萬隆,27683
台大醫院,葫洲,27677
內湖,大安森林公園,27669
三和國中,大直,27632
板新,Y板橋,27616
新埔民生,大橋頭站,27605
東湖,海山,27589
海山,東湖,27576
南勢角,葫洲,27570
新埔民生,先嗇宮,27567
Y板橋,板新,27565
大直,徐匯中學,27564
劍南路,雙連,27557
唭哩岸,永春,27528
劍南路,萬隆,27524
台電大樓,頭前庄,27523
復興崗,頂溪,27519
菜寮,小南門,27515
北門,竹圍,27510
忠義,忠孝復興,27493
十四張,府中,27471
紅樹林,三和國中,27450
中山國中,士林,27446
三民高中,南港軟體園區,27439
BL板橋,菜寮,27437
東門,南港軟體園區,27425
三重,科技大樓,27413
石牌,港墘,27395
萬隆,迴龍,27378
板新,先嗇宮,27373
信義安和,六張犁,27372
萬芳社區,南港展覽館,27367
新北投,徐匯中學,27358
萬芳社區,松山機場,27351
南勢角,木柵,27344
古亭,復興崗,27331
後山埤,麟光,27318
國父紀念館,小碧潭,27311
動物園,徐匯中學,27284
萬芳社區,信義安和,27272
古亭,忠義,27261
徐匯中學,大直,27253
關渡,六張犁,27240
北門,奇岩,27223
忠孝敦化,小碧潭,27211
麟光,大安森林公園,27209
動物園,古亭,27201
南京三民,東湖,27196
中和,南京三民,27187
萬隆,頂埔,27183
橋和,永安市場,27169
奇岩,六張犁,27160
古亭,科技大樓,27154
科技大樓,奇岩,27137
景平,松山,27133
北門,丹鳳,27130
七張,竹圍,27114
三和國中,奇岩,27113
石牌,中山國中,27112
忠義,新埔,27109
文德,大坪林,27087
信義安和,木柵,27060
輔大,內湖,27047
葫洲,麟光,27027
永寧,東湖,27009
象山,南京三民,27007
紅樹林,丹鳳,27005
竹圍,永春,26993
中正紀念堂,辛亥,26990
中原,菜寮,26977
橋和,新店區公所,26972
忠義,古亭,26972
紅樹林,永寧,26953
科技大樓,大坪林,26927
奇岩,昆陽,26921
辛亥,雙連,26899
紅樹林,迴龍,26898
國父紀念館,南京三民,26890
萬隆,三民高中,26890
木柵,景安,26886
雙連,木柵,26883
大安森林公園,大直,26877
葫洲,台電大樓,26872
頭前庄,中正紀念堂,26867
忠義,景安,26855
龍山寺,菜寮,26853
萬芳社區,南港軟體園區,26828
忠孝敦化,復興崗,26798
中原,亞東醫院,26778
北門,新莊,26769
萬芳醫院,三和國中,26746
台大醫院,文德,26741
竹圍,小南門,26728
永春,辛亥,26706
新莊,動物園,26706
南港軟體園區,行天宮,26701
大直,大安森林公園,26686
文德,永安市場,26682
景平,新北產業園區,26675
新莊,新北投,26665
動物園,蘆洲,26657
小南門,葫洲,26643
橋和,古亭,26639
南京三民,忠義,26617
中山國中,蘆洲,26590
永寧,象山,26565
忠孝敦化,松山機場,26547
唭哩岸,輔大,26544
菜寮,BL板橋,26542
信義安和,小碧潭,26537
頂埔,大直,26510
丹鳳,新店區公所,26509
徐匯中學,頂埔,26508
南港軟體園區,辛亥,26506
萬隆,劍南路,26505
淡水,葫洲,26505
萬芳醫院,紅樹林,26503
奇岩,頭前庄,26497
石牌,小碧潭,26490
頂埔,三民高中,26477
中原,丹鳳,26476
圓山,中山國中,26473
國父紀念館,信義安和,26470
三民高中,萬隆,26458
先嗇宮,善導寺,26452
十四張,丹鳳,26439
先嗇宮,南港,26415
新北產業園區,幸福,26400
小南門,竹圍,26391
葫洲,木柵,26387
小碧潭,國父紀念館,26382
頭前庄,海山,26357
七張,先嗇宮,26355
國父紀念館,新北投,26327
菜寮,萬隆,26304
紅樹林,萬隆,26303
忠義,台北小巨蛋,26300
古亭,松山機場,26285
忠義,南京三民,26261
三重國小,大直,26240
丹鳳,小南門,26233
BL板橋,辛亥,26213
唭哩岸,三重,26206
中和,中正紀念堂,26204
海山,新北投,26203
新北投,亞東醫院,26179
六張犁,丹鳳,26178
新埔,大湖公園,26165
大直,三和國中,26159
中和,淡水,26151
輔大,奇岩,26146
三民高中,大直,26143
永春,動物園,26127
小碧潭,象山,26112
秀朗橋,新店區公所,26108
幸福,七張,26102
頂溪,麟光,26089
台北小巨蛋,麟光,26023
江子翠,忠義,26022
菜寮,北門,26000
十四張,海山,25982
木柵,南勢角,25957
文德,木柵,25948
昆陽,麟光,25940
萬芳社區,龍山寺,25938
北門,葫洲,25936
木柵,葫洲,25932
南港軟體園區,麟光,25901
中山國中,圓山,25873
板新,古亭,25859
永安市場,木柵,25852
府中,三重,25848
象山,辛亥,25837
新北產業園區,景平,25816
BL板橋,復興崗,25794
三和國中,新北投,25773
頂埔,北投,25757
景平,南京三民,25756
頂埔,徐匯中學,25745
南京三民,南港展覽館,25735
先嗇宮,七張,25728
迴龍,萬芳醫院,25718
小南門,菜寮,25713
關渡,小南門,25701
東湖,南勢角,25694
秀朗橋,台北101/世貿,25619
南港軟體園區,石牌,25568
南勢角,動物園,25567
復興崗,南港展覽館,25556
動物園,三和國中,25553
大湖公園,東門,25545
蘆洲,新北投,25509
關渡,南港,25481
萬芳醫院,關渡,25468
復興崗,國父紀念館,25466
台北橋,動物園,25448
中正紀念堂,松山機場,25448
新店區公所,先嗇宮,25425
頭前庄,奇岩,25390
土城,大安森林公園,25386
民權西路,麟光,25380
永安市場,復興崗,25375
南港展覽館,新北投,25373
大湖公園,新埔,25368
景平,南港展覽館,25365
萬芳社區,南港,25333
奇岩,新店區公所,25324
淡水,木柵,25311
亞東醫院,竹圍,25306
西湖,頭前庄,25302
三和國中,頂埔,25300
松山機場,古亭,25300
迴龍,萬隆,25278
南勢角,忠義,25275
麟光,芝山,25272
頭前庄,西湖,25266
後山埤,動物園,25255
十四張,亞東醫院,25251
新莊,新店區公所,25245
明德,萬芳醫院,25226
輔大,亞東醫院,25214
丹鳳,北門,25209
板新,台北橋,25203
橋和,丹鳳,25195
復興崗,新埔,25192
六張犁,頂埔,25154
中正紀念堂,大湖公園,25154
幸福,台北小巨蛋,25144
幸福,永寧,25143
松山機場,中正紀念堂,25133
民權西路,小碧潭,25125
中和,台北小巨蛋,25119
先嗇宮,台電大樓,25104
中和,國父紀念館,25102
雙連,劍南路,25099
木柵,信義安和,25089
奇岩,迴龍,25084
頂埔,紅樹林,25082
科技大樓,三重,25073
萬芳醫院,菜寮,25067
木柵,國父紀念館,25066
象山,小碧潭,25058
萬芳社區,台北小巨蛋,25041
新埔民生,永安市場,25023
輔大,萬芳醫院,25023
士林,中山國中,25020
頭前庄,紅樹林,25011
小碧潭,信義安和,24996
新店,頂埔,24993
三民高中,新北投,24973
三重,新店,24970
南勢角,唭哩岸,24958
中原,忠孝新生,24958
善導寺,復興崗,24955
小碧潭,民權西路,24955
景美,大直,24951
幸福,南京三民,24947
信義安和,永春,24933
頂埔,大安森林公園,24929
府中,丹鳳,24923
木柵,劍潭,24920
中原,台北101/世貿,24918
萬芳社區,中正紀念堂,24897
奇岩,蘆洲,24896
新店,奇岩,24893
台北橋,竹圍,24892
龍山寺,忠義,24891
先嗇宮,後山埤,24887
新店,土城,24885
台電大樓,葫洲,24879
十四張,忠孝復興,24878
土城,大直,24877
麟光,信義安和,24829
土城,象山,24829
葫洲,淡水,24807
海山,三重,24799
頂埔,三和國中,24772
永春,奇岩,24766
新莊,萬芳醫院,24762
木柵,江子翠,24762
士林,木柵,24752
中和,新埔民生,24713
葫洲,南勢角,24708
新埔,復興崗,24702
新北投,南港展覽館,24694
公館,文德,24676
永寧,南港軟體園區,24670
台北小巨蛋,南港,24665
景安,文德,24636
迴龍,府中,24631
頭前庄,港墘,24631
新北投,海山,24609
三重,劍南路,24603
北投,港墘,24600
頂埔,明德,24588
小南門,關渡,24580
東湖,北門,24549
三重,海山,24533
大坪林,科技大樓,24495
科技大樓,七張,24477
永春,竹圍,24477
三重,六張犁,24458
忠義,龍山寺,24457
劍南路,三重,24457
動物園,三民高中,24451
萬隆,丹鳳,24436
幸福,東門,24425
行天宮,大直,24387
十四張,劍潭,24381
景美,新北投,24381
新店區公所,丹鳳,24379
南港,先嗇宮,24369
唭哩岸,南勢角,24367
三重,新店區公所,24363
海山,竹圍,24361
內湖,雙連,24352
新店區公所,三重,24345
台北小巨蛋,後山埤,24320
劍潭,東湖,24318
六張犁,奇岩,24315
動物園,景安,24302
辛亥,劍潭,24297
景平,迴龍,24287
景平,海山,24280
丹鳳,動物園,24274
萬芳社區,雙連,24273
松山機場,大坪林,24264
菜寮,龍山寺,24264
中山國小,劍南路,24250
先嗇宮,台大醫院,24250
大坪林,松山機場,24232
木柵,行天宮,24230
新莊,大直,24220
北門,麟光,24219
先嗇宮,西門,24203
南港,大安森林公園,24195
土城,南港軟體園區,24185
明德,頂埔,24173
北門,菜寮,24172
松山,葫洲,24139
科技大樓,竹圍,24132
丹鳳,大直,24131
新店區公所,新莊,24126
新北投,三重,24112
中和,先嗇宮,24099
頂埔,新店區公所,24088
三重國小,頂埔,24084
行天宮,木柵,24054
奇岩,後山埤,24053
十四張,淡水,24051
新埔民生,南勢角,24036
中和,南港展覽館,24017
七張,新北投,24000
北門,唭哩岸,23998
海山,文德,23995
大坪林,文德,23992
葫洲,蘆洲,23971
大橋頭站,小南門,23966
台北101/世貿,萬芳社區,23957
民權西路,木柵,23944
三重,新北投,23944
新店區公所,頂埔,23939
頂埔,萬芳醫院,23932
民權西路,港墘,23928
文德,公館,23922
板新,三重,23910
國父紀念館,木柵,23909
雙連,內湖,23907
復興崗,松山,23902
秀朗橋,小碧潭,23895
蘆洲,奇岩,23872
竹圍,七張,23861
動物園,北投,23858
新北投,景美,23841
萬芳醫院,大橋頭站,23839
石牌,松山機場,23836
中原,松江南京,23836
輔大,大直,23831
萬芳醫院,新莊,23820
松山機場,石牌,23802
文德,小南門,23802
新店區公所,奇岩,23798
先嗇宮,新店區公所,23699
台北橋,唭哩岸,23685
萬芳社區,辛亥,23662
竹圍,亞東醫院,23660
大坪林,中原,23660
象山,忠孝敦化,23659
象山,麟光,23651
復興崗,永安市場,23644
木柵,亞東醫院,23638
迴龍,Y板橋,23637
景平,中山國小,23634
奇岩,南港,23629
唭哩岸,新莊,23619
奇岩,永寧,23613
東門,大湖公園,23607
動物園,三重國小,23602
北投,頂埔,23589
唭哩岸,台北橋,23584
象山,永寧,23579
蘆洲,關渡,23574
秀朗橋,府中,23572
港墘,頭前庄,23572
劍南路,圓山,23566
忠孝復興,忠義,23557
東湖,石牌,23532
萬芳醫院,輔大,23512
新北產業園區,行天宮,23505
台北小巨蛋,忠義,23503
關渡,昆陽,23494
菜寮,南港軟體園區,23485
菜寮,唭哩岸,23471
石牌,南港軟體園區,23463
小南門,丹鳳,23444
六張犁,三重,23441
文德,麟光,23439
信義安和,麟光,23433
忠義,江子翠,23430
台電大樓,先嗇宮,23412
秀朗橋,松山,23395
南港展覽館,復興崗,23387
唭哩岸,亞東醫院,23380
中山國小,西湖,23371
新北投,七張,23371
中和,菜寮,23371
幸福,新店區公所,23366
橋和,新店,23363
善導寺,先嗇宮,23347
雙連,辛亥,23339
七張,唭哩岸,23336
北門,東湖,23309
內湖,景美,23295
龍山寺,萬芳社區,23275
小碧潭,忠孝敦化,23271
文德,景安,23239
十四張,小碧潭,23238
紅樹林,頭前庄,23231
松山,復興崗,23226
小碧潭,BL板橋,23225
東門,萬芳社區,23197
亞東醫院,三重,23182
輔大,永寧,23181
頂埔,萬隆,23179
中和,劍潭,23163
萬芳醫院,台北橋,23158
文德,海山,23128
丹鳳,新北投,23116
幸福,信義安和,23106
行天宮,葫洲,23081
西湖,民權西路,23076
三民高中,中山國中,23063
土城,萬芳醫院,23042
景平,江子翠,23005
大橋頭站,劍南路,22993
幸福,大坪林,22993
頂埔,松山機場,22988
南京三民,象山,22988
頭前庄,龍山寺,22983
頂埔,三重國小,22973
大直,新店,22968
大安森林公園,土城,22964
小碧潭,淡水,22961
BL板橋,小碧潭,22957
松山,萬芳社區,22956
十四張,龍山寺,22951
景美,先嗇宮,22924
大安森林公園,葫洲,22915
景平,台北小巨蛋,22904
信義安和,國父紀念館,22892
國父紀念館,萬芳社區,22889
中原,中山,22889
先嗇宮,大安森林公園,22886
紅樹林,萬芳醫院,22876
永春,頭前庄,22862
景平,劍潭,22845
萬芳社區,萬芳社區,22830
動物園,永春,22824
亞東醫院,輔大,22813
頂埔,大橋頭站,22813
南港軟體園區,淡水,22774
南京三民,萬芳社區,22759
丹鳳,Y板橋,22744
小南門,大橋頭站,22725
松山機場,萬芳社區,22710
小南門,奇岩,22697
中原,大坪林,22694
新莊,北門,22691
大直,土城,22691
永春,信義安和,22688
關渡,萬芳醫院,22677
中和,民權西路,22675
木柵,士林,22659
新莊,Y板橋,22655
府中,新莊,22649
南港,關渡,22642
三重,府中,22620
中山國小,小碧潭,22605
小南門,唭哩岸,22601
芝山,木柵,22600
竹圍,三重國小,22585
幸福,雙連,22575
竹圍,台北橋,22554
南港軟體園區,雙連,22549
古亭,萬芳醫院,22528
動物園,新莊,22495
木柵,雙連,22487
幸福,淡水,22486
幸福,善導寺,22474
劍潭,劍南路,22463
大橋頭站,西湖,22457
大坪林,幸福,22456
大直,新莊,22456
小碧潭,中山國小,22441
土城,新店區公所,22426
大坪林,秀朗橋,22396
木柵,南港軟體園區,22381
新店,先嗇宮,22377
大直,行天宮,22376
南港軟體園區,土城,22374
內湖,辛亥,22341
辛亥,內湖,22337
港墘,劍潭,22321
江子翠,菜寮,22316
動物園,後山埤,22311
迴龍,新北投,22298
萬芳醫院,古亭,22281
頭前庄,景美,22279
萬芳醫院,明德,22264
大安森林公園,辛亥,22245
橋和,輔大,22244
大湖公園,南京三民,22241
麟光,頂溪,22231
大安森林公園,木柵,22213
行天宮,忠義,22177
劍潭,辛亥,22169
景安,復興崗,22158
蘆洲,內湖,22151
十四張,圓山,22123
石牌,木柵,22123
松山,象山,22111
大直,萬芳社區,22103
永寧,輔大,22101
雙連,中山國中,22090
芝山,麟光,22086
象山,動物園,22085
唭哩岸,三重國小,22070
葫洲,行天宮,22063
橋和,海山,22062
萬芳社區,行天宮,22026
十四張,雙連,22025
幸福,頂埔,22016
大直,三民高中,22010
海山,迴龍,21982
南港軟體園區,菜寮,21979
十四張,民權西路,21977
大直,輔大,21972
北投,中山國中,21962
復興崗,中山國小,21962
石牌,東湖,21951
新埔民生,中和,21946
台北101/世貿,後山埤,21941
永春,南京三民,21937
三重,唭哩岸,21915
輔大,動物園,21901
忠義,忠孝新生,21872
七張,忠義,21860
大安森林公園,先嗇宮,21848
奇岩,新店,21841
丹鳳,萬芳醫院,21839
新埔,辛亥,21814
三和國中,中山國中,21799
葫洲,大坪林,21798
三重,竹圍,21794
圓山,辛亥,21791
大湖公園,昆陽,21790
中和,三重,21780
頭前庄,台電大樓,21777
辛亥,民權西路,21775
秀朗橋,永安市場,21772
菜寮,江子翠,21770
新莊,唭哩岸,21753
三重國小,竹圍,21746
唭哩岸,南港,21734
景安,土城,21725
國父紀念館,復興崗,21723
頂溪,大湖公園,21710
秀朗橋,南京三民,21666
橋和,萬隆,21637
南港展覽館,萬芳社區,21609
丹鳳,萬隆,21609
中和,景平,21603
奇岩,先嗇宮,21575
中和,松山,21571
永安市場,大坪林,21563
南港軟體園區,劍潭,21560
竹圍,海山,21531
動物園,大橋頭站,21526
台電大樓,復興崗,21523
中山國中,雙連,21507
竹圍,三重,21497
南港軟體園區,動物園,21491
頂埔,新店,21488
景美,內湖,21487
先嗇宮,關渡,21472
內湖,新店區公所,21468
忠義,府中,21462
昆陽,辛亥,21445
圓山,劍南路,21438
復興崗,台電大樓,21417
昆陽,唭哩岸,21392
小南門,輔大,21391
頂埔,象山,21385
善導寺,頭前庄,21382
土城,新店,21377
辛亥,石牌,21361
小南門,新莊,21348
先嗇宮,港墘,21343
菜寮,大直,21324
景平,善導寺,21307
永春,唭哩岸,21304
動物園,南勢角,21302
東湖,中山國小,21283
辛亥,行天宮,21282
景平,丹鳳,21247
竹圍,科技大樓,21242
昆陽,大安森林公園,21217
南港軟體園區,中山國小,21213
中原,三重,21212
頂埔,台北橋,21209
輔大,小南門,21209
橋和,亞東醫院,21205
大湖公園,北門,21202
石牌,內湖,21174
大湖公園,台北小巨蛋,21155
萬芳社區,新埔,21153
徐匯中學,新北投,21137
南港軟體園區,台電大樓,21136
中山國小,東湖,21133
港墘,北投,21129
三和國中,葫洲,21120
南勢角,土城,21116
芝山,中山國中,21112
頂埔,內湖,21095
忠孝敦化,象山,21093
先嗇宮,昆陽,21087
頭前庄,江子翠,21083
台北橋,萬芳醫院,21079
中山國中,北投,21076
迴龍,中山國中,21043
菜寮,動物園,21026
中和,象山,21019
中山國小,內湖,20995
台北橋,頂埔,20992
辛亥,士林,20974
新北投,丹鳳,20965
忠義,七張,20956
新店,竹圍,20951
辛亥,淡水,20949
秀朗橋,忠孝復興,20947
葫洲,大安森林公園,20946
松山機場,信義安和,20940
三重國小,唭哩岸,20940
動物園,永寧,20932
幸福,三重,20916
新北投,輔大,20903
內湖,蘆洲,20891
小南門,萬芳醫院,20889
大直,頂埔,20885
北門,大橋頭站,20884
景平,新莊,20868
復興崗,大坪林,20862
中和,十四張,20853
大直,淡水,20842
台大醫院,先嗇宮,20837
動物園,台北橋,20824
內湖,石牌,20803
橋和,迴龍,20790
橋和,府中,20787
先嗇宮,景美,20783
新莊,竹圍,20780
迴龍,大直,20776
木柵,民權西路,20736
後山埤,大安森林公園,20730
頂埔,關渡,20721
景平,忠孝敦化,20719
永安市場,麟光,20691
劍潭,內湖,20687
萬隆,大直,20687
三和國中,土城,20676
永寧,奇岩,20660
辛亥,芝山,20653
大坪林,忠義,20638
象山,松山機場,20632
大橋頭站,復興崗,20617
萬芳社區,圓山,20609
南港軟體園區,新莊,20606
民權西路,辛亥,20604
小南門,動物園,20599
三重,龍山寺,20596
行天宮,南港軟體園區,20588
中和,石牌,20585
大湖公園,古亭,20563
港墘,圓山,20562
西湖,大橋頭站,20561
頭前庄,府中,20560
輔大,唭哩岸,20557
橋和,台北車站,20553
中山國中,芝山,20553
幸福,士林,20549
秀朗橋,民權西路,20542
北門,木柵,20535
中原,新莊,20534
中原,東門,20515
府中,大湖公園,20495
昆陽,關渡,20487
明德,土城,20484
南港軟體園區,圓山,20481
葫洲,永寧,20478
淡水,南港軟體園區,20440
辛亥,新埔,20438
南京三民,永春,20430
東湖,輔大,20425
永寧,葫洲,20402
新莊,府中,20366
劍潭,葫洲,20336
信義安和,松山機場,20334
新莊,海山,20334
竹圍,輔大,20332
木柵,石牌,20331
土城,明德,20320
新店,松山機場,20306
麟光,中山國小,20300
市政府,忠義,20297
Y板橋,三重國小,20289
十四張,景安,20283
竹圍,新莊,20280
辛亥,大安森林公園,20279
東湖,劍潭,20275
府中,小碧潭,20259
淡水,辛亥,20247
中山國中,徐匯中學,20245
土城,北投,20240
中原,忠孝復興,20235
大直,丹鳳,20233
十四張,大安,20228
內湖,頂埔,20224
竹圍,昆陽,20216
新店區公所,土城,20214
景平,北門,20211
台北小巨蛋,大湖公園,20198
十四張,新莊,20196
亞東醫院,唭哩岸,20191
萬隆,先嗇宮,20190
西門,先嗇宮,20176
中山國中,三民高中,20165
十四張,江子翠,20160
大安森林公園,後山埤,20158
新埔民生,幸福,20144
科技大樓,新北投,20139
海山,木柵,20126
菜寮,永寧,20112
十四張,中和,20109
南港,木柵,20103
土城,關渡,20096
萬隆,中山國中,20094
幸福,圓山,20079
萬芳社區,劍潭,20072
木柵,南港,20061
劍潭,港墘,20049
中和,士林,20040
大安森林公園,東湖,20030
葫洲,輔大,20004
南港,台北小巨蛋,19999
大坪林,復興崗,19989
橋和,市政府,19983
徐匯中學,紅樹林,19978
丹鳳,府中,19969
BL板橋,萬芳社區,19967
亞東醫院,小碧潭,19962
海山,忠義,19957
港墘,芝山,19943
民權西路,西湖,19923
木柵,市政府,19921
菜寮,忠義,19920
後山埤,頭前庄,19916
葫洲,徐匯中學,19910
永寧,菜寮,19907
市政府,木柵,19901
唭哩岸,三民高中,19894
劍南路,大橋頭站,19877
十四張,善導寺,19869
大湖公園,頂溪,19868
Y板橋,三和國中,19862
新北投,永春,19852
蘆洲,松山機場,19831
萬隆,三重,19821
七張,科技大樓,19805
大湖公園,信義安和,19803
景安,麟光,19784
忠義,大坪林,19783
景美,忠義,19769
大橋頭站,頂埔,19768
東湖,大坪林,19757
中正紀念堂,萬芳社區,19755
麟光,東湖,19751
內湖,中山國小,19734
象山,土城,19719
Y板橋,新埔民生,19718
江子翠,丹鳳,19715
大橋頭站,北門,19714
明德,動物園,19695
昆陽,先嗇宮,19694
永安市場,Y板橋,19680
新埔,小碧潭,19676
秀朗橋,北門,19668
忠義,忠孝敦化,19666
徐匯中學,葫洲,19664
龍山寺,三重,19663
幸福,大安,19661
石牌,葫洲,19657
行天宮,辛亥,19657
萬隆,竹圍,19654
動物園,迴龍,19650
復興崗,景安,19643
永寧,竹圍,19627
新北產業園區,中原,19624
松山機場,頂埔,19620
後山埤,台北小巨蛋,19619
信義安和,大湖公園,19605
景平,中和,19601
亞東醫院,忠義,19600
土城,三和國中,19595
丹鳳,江子翠,19588
辛亥,文德,19584
三重,亞東醫院,19569
新北投,迴龍,19563
木柵,北門,19547
土城,南勢角,19544
萬隆,奇岩,19539
昆陽,大湖公園,19537
新店,內湖,19535
幸福,新埔民生,19533
木柵,芝山,19530
輔大,葫洲,19526
大坪林,橋和,19512
萬芳醫院,迴龍,19510
中和,頂埔,19510
葫洲,石牌,19507
府中,復興崗,19499
東湖,麟光,19496
新埔,萬芳社區,19487
昆陽,奇岩,19478
南港軟體園區,公館,19476
後山埤,奇岩,19468
新北產業園區,市政府,19464
秀朗橋,台北小巨蛋,19464
木柵,大安森林公園,19462
動物園,輔大,19460
木柵,淡水,19460
景安,中原,19459
小碧潭,南港展覽館,19457
三民高中,土城,19449
淡水,大直,19444
民權西路,東湖,19421
景平,台電大樓,19389
葫洲,松山,19382
中山國中,紅樹林,19381
港墘,士林,19380
景安,十四張,19379
動物園,小南門,19377
中山國中,三和國中,19350
十四張,小南門,19336
Y板橋,徐匯中學,19316
西湖,劍潭,19287
西湖,石牌,19250
板新,東門,19183
中原,新北產業園區,19176
木柵,東湖,19172
大湖公園,動物園,19171
新莊,南港軟體園區,19168
景美,景安,19151
松山,南港展覽館,19124
頭前庄,永春,19101
海山,新莊,19096
劍南路,石牌,19095
萬芳醫院,丹鳳,19094
民權西路,內湖,19088
奇岩,萬隆,19085
三重,動物園,19067
劍南路,民權西路,19061
景平,大安,19054
頂埔,蘆洲,19052
頂埔,南港軟體園區,19046
先嗇宮,奇岩,19043
關渡,蘆洲,19031
東湖,木柵,19031
南港展覽館,松山,19027
石牌,辛亥,19009
南港,唭哩岸,19008
輔大,竹圍,19001
丹鳳,中山國中,18990
大直,台北橋,18987
秀朗橋,亞東醫院,18974
橋和,江子翠,18969
北投,土城,18960
南港展覽館,小碧潭,18941
三重,萬隆,18936
象山,頂埔,18931
唭哩岸,永寧,18917
中山國小,復興崗,18908
十四張,國父紀念館,18893
幸福,石牌,18878
萬芳社區,石牌,18877
中和,台北橋,18872
忠義,南勢角,18843
中山國中,新莊,18840
永寧,新北投,18831
土城,松山機場,18817
唭哩岸,後山埤,18817
十四張,士林,18796
中和,雙連,18793
昆陽,竹圍,18788
大直,菜寮,18786
大安森林公園,昆陽,18785
迴龍,南港軟體園區,18768
唭哩岸,新店區公所,18767
新北產業園區,台北橋,18766
南京三民,大湖公園,18743
內湖,七張,18734
蘆洲,頂埔,18728
中山國中,萬隆,18727
小南門,文德,18722
南港軟體園區,信義安和,18716
忠義,國父紀念館,18714
中原,永寧,18704
動物園,公館,18695
輔大,東湖,18692
秀朗橋,新北產業園區,18690
麟光,景安,18684
新店,新北投,18667
新北投,科技大樓,18665
科技大樓,公館,18660
內湖,徐匯中學,18630
頭前庄,新北產業園區,18614
十四張,信義安和,18613
萬芳醫院,土城,18605
古亭,大湖公園,18602
大湖公園,江子翠,18588
東湖,大安森林公園,18584
新莊,忠義,18544
葫洲,景美,18543
木柵,海山,18542
內湖,新店,18530
雙連,萬芳社區,18517
南港軟體園區,中正紀念堂,18516
南港,萬芳社區,18513
小碧潭,府中,18504
秀朗橋,中山國小,18482
大橋頭站,內湖,18481
景平,士林,18479
迴龍,海山,18469
松山機場,公館,18464
港墘,紅樹林,18448
大直,萬隆,18446
南港,奇岩,18440
新店區公所,竹圍,18435
江子翠,小碧潭,18433
土城,徐匯中學,18421
中山國小,麟光,18411
信義安和,昆陽,18407
頂埔,東湖,18401
十四張,石牌,18389
七張,松山機場,18386
內湖,劍潭,18356
紅樹林,頂埔,18352
松山機場,七張,18351
板新,行天宮,18344
中原,台北橋,18343
昆陽,信義安和,18341
新店區公所,新北投,18340
中和,圓山,18319
大橋頭站,土城,18310
大坪林,葫洲,18291
橋和,菜寮,18284
象山,文德,18278
萬隆,新北投,18275
士林,辛亥,18259
橋和,台北橋,18254
先嗇宮,中正紀念堂,18252
東湖,民權西路,18243
麟光,永安市場,18241
秀朗橋,劍潭,18232
景平,石牌,18226
葫洲,三和國中,18226
忠孝新生,忠義,18210
忠義,善導寺,18206
土城,大橋頭站,18193
萬芳醫院,頂埔,18190
中原,南京復興,18189
亞東醫院,復興崗,18184
北門,大湖公園,18170
十四張,忠孝敦化,18157
文德,大安森林公園,18122
新莊,小南門,18121
秀朗橋,大坪林,18112
紅樹林,徐匯中學,18080
江子翠,大湖公園,18069
徐匯中學,土城,18065
內湖,民權西路,18047
辛亥,萬芳社區,18045
Y板橋,小碧潭,18042
板新,市政府,18026
永春,新北投,18020
南港,頭前庄,18015
新店區公所,內湖,18014
景平,國父紀念館,18010
辛亥,葫洲,18001
動物園,大湖公園,17945
七張,復興崗,17940
文德,象山,17937
復興崗,大橋頭站,17922
大安森林公園,頂埔,17921
土城,動物園,17918
紅樹林,中山國中,17917
竹圍,新店區公所,17909
大安森林公園,小碧潭,17894
徐匯中學,中山國中,17886
新北產業園區,大橋頭站,17881
板新,海山,17879
大直,迴龍,17875
萬芳醫院,小南門,17875
關渡,先嗇宮,17874
景平,頂埔,17872
中原,萬隆,17871
紅樹林,港墘,17853
橋和,西門,17839
永寧,唭哩岸,17824
新北投,新店區公所,17821
小碧潭,江子翠,17812
松山機場,土城,17811
新北產業園區,十四張,17805
松山機場,新店,17788
中和,永寧,17788
六張犁,竹圍,17784
唭哩岸,徐匯中學,17782
中和,大橋頭站,17760
頭前庄,七張,17743
葫洲,雙連,17741
萬芳社區,民權西路,17741
圓山,東湖,17730
復興崗,府中,17718
內湖,三重國小,17711
十四張,中山國小,17709
橋和,公館,17686
南港軟體園區,丹鳳,17684
新莊,江子翠,17670
南港軟體園區,芝山,17662
中山國中,三重國小,17660
十四張,菜寮,17651
南港軟體園區,北投,17651
輔大,中山國中,17648
萬芳社區,士林,17648
忠義,松山,17636
木柵,台北101/世貿,17635
雙連,葫洲,17627
十四張,象山,17622
辛亥,後山埤,17599
秀朗橋,善導寺,17584
中山國小,木柵,17565
板新,亞東醫院,17554
橋和,大坪林,17553
西湖,圓山,17549
景平,信義安和,17544
景平,民權西路,17527
大橋頭站,南港軟體園區,17523
萬隆,土城,17502
板新,西門,17477
文德,台電大樓,17469
十四張,新北產業園區,17459
海山,麟光,17457
西湖,北投,17455
七張,內湖,17443
台電大樓,南港軟體園區,17424
土城,三民高中,17423
三重國小,內湖,17422
板新,台北車站,17420
中原,景安,17393
頭前庄,新店,17392
台北橋,大直,17391
板新,景安,17386
唭哩岸,先嗇宮,17384
港墘,先嗇宮,17381
土城,萬隆,17374
南勢角,復興崗,17371
大坪林,東湖,17370
內湖,三民高中,17368
土城,紅樹林,17354
圓山,內湖,17338
頭前庄,南港,17337
中原,忠孝敦化,17328
科技大樓,新店區公所,17317
東湖,頂埔,17308
圓山,港墘,17308
三民高中,紅樹林,17307
中正紀念堂,先嗇宮,17282
石牌,西湖,17273
中原,大橋頭站,17270
景平,淡水,17247
幸福,芝山,17245
幸福,中正紀念堂,17229
台北小巨蛋,萬芳社區,17226
萬芳社區,內湖,17218
忠義,景美,17215
復興崗,七張,17202
唭哩岸,海山,17191
頭前庄,善導寺,17188
新莊,中山國中,17181
芝山,港墘,17175
三重國小,土城,17168
石牌,劍南路,17131
迴龍,竹圍,17113
新北投,小南門,17095
麟光,海山,17087
松山,忠義,17080
公館,科技大樓,17067
先嗇宮,新店,17067
竹圍,六張犁,17031
信義安和,後山埤,17023
東湖,圓山,17017
文德,辛亥,16998
竹圍,先嗇宮,16996
大安森林公園,文德,16992
萬芳社區,文德,16989
秀朗橋,南港展覽館,16985
景安,板新,16978
民權西路,劍南路,16971
頭前庄,新店區公所,16957
後山埤,辛亥,16941
輔大,新北投,16934
徐匯中學,內湖,16931
三重,忠義,16926
大湖公園,府中,16888
新埔民生,頂溪,16883
劍南路,士林,16882
南港軟體園區,民權西路,16862
秀朗橋,小南門,16862
中和,板新,16838
三民高中,唭哩岸,16837
南港軟體園區,台北小巨蛋,16826
景平,芝山,16819
景平,龍山寺,16818
文德,南勢角,16814
幸福,中和,16804
Y板橋,蘆洲,16776
中正紀念堂,南港軟體園區,16764
頭前庄,亞東醫院,16763
橋和,忠孝新生,16758
大湖公園,台大醫院,16756
南港軟體園區,木柵,16750
麟光,小南門,16749
小碧潭,亞東醫院,16735
先嗇宮,萬隆,16735
台電大樓,忠義,16730
竹圍,永寧,16726
台電大樓,文德,16714
小碧潭,西湖,16702
南港軟體園區,台北橋,16694
景平,小南門,16692
三民高中,內湖,16678
北投,南港軟體園區,16657
關渡,土城,16653
劍潭,西湖,16627
秀朗橋,萬隆,16625
幸福,三和國中,16619
芝山,東湖,16619
台北101/世貿,木柵,16618
六張犁,頭前庄,16607
芝山,內湖,16599
萬芳社區,北門,16547
秀朗橋,迴龍,16537
芝山,辛亥,16534
三重,萬芳醫院,16533
中山國中,迴龍,16530
紅樹林,動物園,16522
十四張,三民高中,16506
內湖,圓山,16502
大湖公園,小南門,16497
橋和,台北101/世貿,16488
麟光,關渡,16482
南港軟體園區,新店區公所,16479
台北小巨蛋,松山機場,16460
南港軟體園區,迴龍,16456
忠孝敦化,忠義,16439
頭前庄,後山埤,16437
內湖,新莊,16426
新北投,永寧,16416
葫洲,劍潭,16414
東湖,蘆洲,16407
丹鳳,南港軟體園區,16405
海山,先嗇宮,16382
唭哩岸,三和國中,16367
劍南路,頭前庄,16367
新店區公所,唭哩岸,16363
小南門,新北投,16338
大橋頭站,忠義,16318
南港軟體園區,士林,16317
竹圍,南港,16311
土城,台北橋,16296
大直,中山國小,16284
蘆洲,木柵,16253
台北101/世貿,昆陽,16211
萬隆,忠義,16209
大坪林,新埔民生,16208
動物園,丹鳳,16192
新北產業園區,先嗇宮,16179
台北橋,土城,16172
公館,松山機場,16162
幸福,景安,16161
公館,動物園,16151
小碧潭,新埔,16141
新店,景安,16141
信義安和,萬芳社區,16128
劍潭,南港軟體園區,16119
中原,江子翠,16105
新店,忠義,16095
土城,三重國小,16084
新北產業園區,秀朗橋,16077
丹鳳,海山,16073
先嗇宮,西湖,16067
十四張,三重,16060
頂埔,動物園,16058
東湖,景美,16053
蘆洲,東湖,16052
南勢角,文德,16038
秀朗橋,淡水,16032
亞東醫院,大湖公園,16026
芝山,南港軟體園區,16016
奇岩,萬芳醫院,16006
萬芳社區,淡水,15976
三重國小,忠義,15975
木柵,中山國小,15972
新店區公所,科技大樓,15964
新北投,後山埤,15964
海山,丹鳳,15956
松山機場,台大醫院,15945
十四張,南港展覽館,15943
科技大樓,頭前庄,15939
新北投,頭前庄,15935
南港軟體園區,紅樹林,15934
葫洲,新莊,15932
秀朗橋,士林,15930
竹圍,新店,15918
橋和,松江南京,15912
松山機場,蘆洲,15907
Y板橋,三民高中,15883
松山機場,台電大樓,15880
竹圍,萬隆,15866
新店,科技大樓,15860
蘆洲,文德,15857
丹鳳,葫洲,15852
圓山,葫洲,15844
景美,葫洲,15838
內湖,芝山,15837
忠義,海山,15822
科技大樓,台電大樓,15821
萬芳社區,昆陽,15819
亞東醫院,新莊,15804
十四張,蘆洲,15800
萬芳社區,芝山,15800
海山,唭哩岸,15796
松山機場,台北小巨蛋,15791
中山國中,丹鳳,15788
萬芳醫院,三重,15781
昆陽,台北小巨蛋,15767
昆陽,頭前庄,15766
板新,景平,15765
景平,圓山,15756
中和,三民高中,15754
葫洲,圓山,15750
板新,中和,15742
新店,唭哩岸,15736
南港軟體園區,大橋頭站,15718
幸福,松山,15707
內湖,三和國中,15700
新北投,萬隆,15693
後山埤,新北投,15692
新北投,新店,15692
松山機場,迴龍,15686
三和國中,木柵,15684
中山國中,輔大,15665
動物園,菜寮,15664
迴龍,松山機場,15656
迴龍,葫洲,15646
奇岩,頂埔,15638
南港,竹圍,15628
十四張,芝山,15620
府中,辛亥,15597
橋和,東門,15584
中和,景安,15584
中原,信義安和,15569
三和國中,內湖,15566
大橋頭站,麟光,15551
景平,先嗇宮,15532
新莊,葫洲,15506
頂埔,奇岩,15502
南港軟體園區,景美,15483
幸福,先嗇宮,15482
景美,東湖,15477
忠義,台電大樓,15458
昆陽,動物園,15455
景安,中和,15452
國父紀念館,忠義,15445
圓山,西湖,15438
三民高中,葫洲,15427
新莊,內湖,15424
先嗇宮,竹圍,15402
士林,東湖,15401
新北產業園區,菜寮,15380
台北小巨蛋,昆陽,15369
十四張,三重國小,15365
東湖,芝山,15363
劍南路,北投,15359
萬芳社區,葫洲,15359
秀朗橋,海山,15324
萬芳社區,府中,15324
後山埤,信義安和,15323
內湖,大橋頭站,15314
新埔民生,景平,15314
板新,大橋頭站,15310
新店區公所,忠義,15305
動物園,三重,15304
十四張,徐匯中學,15304
中和,幸福,15285
內湖,菜寮,15279
復興崗,昆陽,15276
新北投,動物園,15260
唭哩岸,迴龍,15257
北投,西湖,15253
復興崗,亞東醫院,15247
三重,江子翠,15246
雙連,南港軟體園區,15243
內湖,萬芳社區,15242
景安,新埔民生,15236
忠義,菜寮,15234
橋和,新莊,15228
小碧潭,大安森林公園,15217
唭哩岸,六張犁,15208
景平,永寧,15198
三重國小,木柵,15198
中和,中原,15175
六張犁,新北投,15172
台北橋,忠義,15163
雙連,大直,15156
松山機場,紅樹林,15155
關渡,頂埔,15153
秀朗橋,台電大樓,15129
圓山,萬芳社區,15128
劍潭,萬芳社區,15128
松山機場,象山,15126
唭哩岸,萬隆,15118
頂埔,菜寮,15115
台北橋,南港軟體園區,15109
蘆洲,土城,15103
公館,大湖公園,15091
中和,大安森林公園,15090
三重國小,中山國中,15088
幸福,永春,15059
西湖,芝山,15058
中和,西湖,15056
中山國小,大直,15052
中山國小,南港軟體園區,15051
東湖,辛亥,15048
石牌,萬芳社區,15047
景平,新埔民生,15045
明德,中山國中,15041
後山埤,唭哩岸,15022
大直,雙連,15021
江子翠,新莊,15014
台北101/世貿,永春,15007
新莊,亞東醫院,15002
大湖公園,亞東醫院,14995
善導寺,忠義,14994
唭哩岸,新店,14990
松山機場,劍潭,14960
橋和,行天宮,14958
橋和,三重,14942
台大醫院,松山機場,14935
新北投,六張犁,14933
竹圍,迴龍,14932
科技大樓,新店,14928
竹圍,後山埤,14926
東湖,士林,14922
復興崗,南勢角,14921
南港軟體園區,大坪林,14918
景平,象山,14893
淡水,文德,14884
木柵,古亭,14872
大橋頭站,東湖,14871
行天宮,萬芳社區,14850
南港軟體園區,頂埔,14825
西湖,紅樹林,14815
淡水,萬芳社區,14806
江子翠,復興崗,14783
辛亥,東湖,14780
景美,復興崗,14771
幸福,三民高中,14758
景平,南勢角,14758
景平,板新,14748
紅樹林,三民高中,14745
中原,中山國小,14730
秀朗橋,先嗇宮,14712
頭前庄,劍南路,14710
松山機場,中山國小,14700
新埔,菜寮,14696
秀朗橋,龍山寺,14672
江子翠,三重,14652
BL板橋,三重,14646
板新,府中,14642
板新,民權西路,14642
大安森林公園,復興崗,14622
三重國小,葫洲,14613
龍山寺,先嗇宮,14597
中山國中,明德,14591
頭前庄,六張犁,14591
中和,善導寺,14588
新北產業園區,頭前庄,14583
葫洲,三民高中,14579
辛亥,亞東醫院,14577
先嗇宮,海山,14569
辛亥,頂溪,14561
南港,南京三民,14559
板新,松江南京,14554
先嗇宮,科技大樓,14543
永安市場,大湖公園,14523
新北產業園區,松江南京,14511
劍南路,芝山,14501
新埔民生,大坪林,14493
麟光,輔大,14487
葫洲,辛亥,14486
新店,東湖,14485
橋和,中山,14484
景安,幸福,14473
中和,永春,14468
松山機場,雙連,14457
頂溪,Y板橋,14423
板新,十四張,14416
徐匯中學,唭哩岸,14408
唭哩岸,萬芳醫院,14400
迴龍,唭哩岸,14399
唭哩岸,蘆洲,14380
頭前庄,科技大樓,14380
菜寮,頂埔,14374
秀朗橋,圓山,14357
頂溪,辛亥,14342
紅樹林,土城,14332
南港展覽館,忠義,14331
台北橋,復興崗,14321
台電大樓,松山機場,14320
府中,萬芳社區,14318
新店區公所,松山機場,14316
三和國中,麟光,14316
中和,徐匯中學,14302
永寧,木柵,14297
復興崗,景美,14285
圓山,南港軟體園區,14260
台北小巨蛋,南港軟體園區,14259
橋和,忠孝復興,14246
麟光,頂埔,14238
公館,南港軟體園區,14235
景平,中原,14231
松山機場,新店區公所,14214
幸福,象山,14202
迴龍,內湖,14191
內湖,迴龍,14180
忠義,亞東醫院,14176
幸福,板新,14158
忠義,新莊,14155
秀朗橋,頂埔,14148
景平,菜寮,14142
先嗇宮,龍山寺,14141
唭哩岸,頭前庄,14139
中原,景平,14132
麟光,北投,14130
松山,東湖,14130
松山機場,新莊,14130
頂埔,葫洲,14104
復興崗,大安森林公園,14097
小碧潭,三重國小,14094
頭前庄,新北投,14071
土城,蘆洲,14070
頭前庄,竹圍,14066
麟光,大橋頭站,14046
中原,南京三民,14044
十四張,三和國中,14037
文德,雙連,14030
大安森林公園,松山機場,14028
昆陽,松山機場,14021
動物園,明德,14013
先嗇宮,府中,14008
信義安和,南港軟體園區,13995
幸福,西湖,13991
動物園,昆陽,13986
文德,永寧,13980
南勢角,麟光,13965
永春,木柵,13960
北投,麟光,13953
士林,內湖,13945
中原,中和,13944
三和國中,東湖,13935
新北產業園區,忠孝新生,13923
景平,雙連,13921
大坪林,頭前庄,13916
萬隆,唭哩岸,13894
復興崗,北門,13893
大坪林,六張犁,13878
新莊,東湖,13867
永寧,忠義,13863
葫洲,三重國小,13863
秀朗橋,象山,13860
南港軟體園區,萬芳社區,13859
三和國中,忠義,13830
內湖,台北橋,13812
南港軟體園區,小南門,13803
劍潭,大直,13801
亞東醫院,辛亥,13794
新北產業園區,萬隆,13791
丹鳳,內湖,13787
景平,大橋頭站,13787
十四張,台北橋,13782
南港軟體園區,南京三民,13780
科技大樓,景美,13779
菜寮,葫洲,13766
忠義,中山國小,13766
迴龍,忠義,13763
葫洲,丹鳳,13761
中原,大安,13750
松山機場,景美,13736
景平,永春,13736
南港軟體園區,萬隆,13734
三重,復興崗,13716
橋和,新埔民生,13714
江子翠,辛亥,13706
新北投,昆陽,13691
三重,BL板橋,13676
先嗇宮,江子翠,13663
秀朗橋,大安,13659
中原,南港展覽館,13653
中和,蘆洲,13652
復興崗,輔大,13629
東湖,先嗇宮,13622
後山埤,台北101/世貿,13620
中山國小,忠義,13616
動物園,紅樹林,13612
忠義,三重,13601
大湖公園,公館,13589
三重國小,東湖,13586
辛亥,江子翠,13579
南京三民,南港,13579
中山國中,中山國小,13574
三和國中,唭哩岸,13566
內湖,丹鳳,13554
海山,復興崗,13521
小南門,麟光,13516
後山埤,竹圍,13510
古亭,麟光,13507
中原,頂埔,13504
丹鳳,唭哩岸,13503
三和國中,松山機場,13493
新莊,松山機場,13488
丹鳳,松山機場,13488
忠義,三重國小,13487
行天宮,文德,13483
文德,淡水,13473
復興崗,江子翠,13460
士林,劍南路,13458
動物園,土城,13451
幸福,萬隆,13446
南勢角,大坪林,13437
木柵,三重國小,13418
秀朗橋,國父紀念館,13417
萬隆,南港軟體園區,13408
府中,先嗇宮,13408
辛亥,府中,13396
竹圍,頭前庄,13395
大湖公園,景安,13376
中山國小,中山國中,13368
民權西路,萬芳社區,13366
東湖,三和國中,13366
中和,三和國中,13339
松山機場,北投,13336
中和,三重國小,13333
松山機場,士林,13325
文德,蘆洲,13305
芝山,西湖,13303
西湖,先嗇宮,13299
大湖公園,永安市場,13286
永寧,三重,13285
土城,奇岩,13283
萬芳社區,江子翠,13272
關渡,動物園,13271
昆陽,新北投,13269
唭哩岸,丹鳳,13257
秀朗橋,石牌,13236
東湖,新莊,13225
永春,小碧潭,13212
景平,三重,13203
北門,復興崗,13200
頭前庄,萬隆,13197
芝山,葫洲,13183
土城,內湖,13175
中原,民權西路,13170
先嗇宮,唭哩岸,13165
劍南路,紅樹林,13163
葫洲,迴龍,13139
徐匯中學,東湖,13136
永寧,文德,13134
頭前庄,唭哩岸,13122
中原,新埔民生,13118
奇岩,動物園,13118
頭前庄,昆陽,13111
萬芳社區,東湖,13103
公館,六張犁,13100
松山機場,大安森林公園,13094
新北產業園區,忠孝復興,13082
秀朗橋,永寧,13078
中和,芝山,13078
台電大樓,科技大樓,13075
萬芳社區,大安森林公園,13067
三民高中,松山機場,13064
橋和,淡水,13060
忠義,永春,13057
士林,港墘,13057
菜寮,新埔,13055
關渡,麟光,13049
南京三民,後山埤,13040
幸福,昆陽,13031
中原,士林,13018
蘆洲,唭哩岸,13006
新店,葫洲,13002
新埔民生,橋和,13000
大直,劍潭,12987
士林,萬芳社區,12984
奇岩,土城,12968
幸福,台電大樓,12963
復興崗,台北橋,12950
文德,行天宮,12943
橋和,新北產業園區,12929
秀朗橋,雙連,12925
西湖,小碧潭,12923
新北投,南港,12912
秀朗橋,丹鳳,12895
萬芳社區,中山國小,12894
西湖,士林,12886
東湖,徐匯中學,12848
頭前庄,大坪林,12845
小碧潭,海山,12842
大直,三重,12823
三重,南港軟體園區,12822
菜寮,內湖,12798
內湖,北投,12795
忠義,台北橋,12790
土城,葫洲,12771
小南門,大湖公園,12768
幸福,徐匯中學,12756
松山機場,圓山,12752
十四張,先嗇宮,12740
忠義,南港展覽館,12723
東湖,三重國小,12721
松山,南港,12718
中山國小,葫洲,12711
新北產業園區,橋和,12706
木柵,三和國中,12701
忠義,大橋頭站,12699
古亭,木柵,12694
六張犁,大坪林,12688
台北101/世貿,南港軟體園區,12685
十四張,頂埔,12682
小南門,松山機場,12680
土城,菜寮,12680
雙連,文德,12664
辛亥,北門,12659
秀朗橋,忠孝敦化,12659
幸福,土城,12653
象山,國父紀念館,12637
丹鳳,忠義,12631
景平,三重國小,12625
新北產業園區,中山國小,12613
復興崗,三重,12606
麟光,紅樹林,12602
新埔民生,景安,12598
輔大,復興崗,12578
南港軟體園區,輔大,12552
台北橋,內湖,12537
三重,Y板橋,12534
中和,昆陽,12521
三和國中,小碧潭,12516
頂埔,麟光,12503
中原,國父紀念館,12493
徐匯中學,松山機場,12488
唭哩岸,動物園,12484
輔大,景安,12466
葫洲,民權西路,12457
松山,大湖公園,12448
松山機場,徐匯中學,12445
蘆洲,麟光,12432
復興崗,海山,12423
松山機場,三和國中,12423
大橋頭站,中山國中,12417
動物園,頂埔,12414
景平,十四張,12413
亞東醫院,迴龍,12411
科技大樓,先嗇宮,12400
南港,新北投,12398
三和國中,竹圍,12398
景安,大湖公園,12392
動物園,新北投,12387
松山機場,丹鳳,12383
後山埤,南京三民,12368
松山機場,三民高中,12357
木柵,昆陽,12354
景美,松山機場,12353
新北產業園區,民權西路,12346
小南門,三重,12337
海山,新北產業園區,12324
幸福,景平,12320
竹圍,三和國中,12312
文德,三重國小,12309
大橋頭站,小碧潭,12305
中原,徐匯中學,12289
大直,士林,12288
麟光,古亭,12285
東湖,七張,12283
海山,小碧潭,12276
南港軟體園區,三重,12257
十四張,BL板橋,12256
秀朗橋,中和,12255
台大醫院,大湖公園,12254
十四張,景平,12251
板新,幸福,12240
六張犁,台電大樓,12230
圓山,松山機場,12227
新北產業園區,公館,12226
三重國小,小碧潭,12225
中原,淡水,12215
公館,十四張,12209
忠義,萬隆,12203
十四張,板新,12191
中原,三和國中,12175
大橋頭站,木柵,12174
劍潭,松山機場,12165
松山機場,萬隆,12164
小碧潭,永春,12160
大安森林公園,忠義,12152
秀朗橋,中原,12148
忠義,新店區公所,12146
南港軟體園區,明德,12139
忠義,大安森林公園,12138
永寧,麟光,12138
台北橋,東湖,12136
紅樹林,西湖,12135
台電大樓,六張犁,12130
中原,龍山寺,12129
士林,葫洲,12112
文德,三和國中,12093
民權西路,葫洲,12092
葫洲,士林,12087
輔大,文德,12086
幸福,港墘,12083
七張,景安,12073
大橋頭站,大直,12068
文德,景美,12060
菜寮,Y板橋,12052
葫洲,新店,12050
後山埤,木柵,12049
中原,三民高中,12048
中原,台電大樓,12041
葫洲,中山國小,12040
木柵,永寧,12028
文德,萬芳社區,12027
科技大樓,復興崗,12025
三和國中,復興崗,12019
亞東醫院,丹鳳,12006
木柵,蘆洲,11979
板新,忠孝新生,11959
東湖,大橋頭站,11958
大橋頭站,葫洲,11957
內湖,士林,11956
十四張,大橋頭站,11946
文德,輔大,11944
小碧潭,明德,11931
復興崗,永春,11922
中和,南港,11918
六張犁,公館,11918
頭前庄,永寧,11914
景平,三和國中,11909
北投,內湖,11909
三重,大直,11908
葫洲,芝山,11901
內湖,三重,11884
輔大,麟光,11881
葫洲,土城,11881
新埔民生,中原,11864
新北產業園區,古亭,11859
台北車站,十四張,11850
菜寮,土城,11846
幸福,蘆洲,11832
板新,萬隆,11828
葫洲,菜寮,11824
辛亥,中山國小,11813
行天宮,中山國中,11806
葫洲,頂埔,11790
東湖,三民高中,11771
松山,永春,11766
中原,石牌,11764
三重國小,復興崗,11734
迴龍,大坪林,11730
葫洲,七張,11722
松山機場,昆陽,11722
景美,十四張,11721
南港軟體園區,北門,11720
復興崗,小南門,11717
昆陽,台北101/世貿,11711
大湖公園,大安森林公園,11710
永春,復興崗,11694
迴龍,亞東醫院,11692
民權西路,南港軟體園區,11688
菜寮,東湖,11677
六張犁,唭哩岸,11674
板新,江子翠,11670
蘆洲,紅樹林,11665
萬芳醫院,新北投,11662
麟光,三和國中,11661
北投,松山機場,11650
東湖,新店,11648
士林,南港軟體園區,11644
先嗇宮,劍南路,11628
葫洲,新店區公所,11625
小南門,復興崗,11609
中山國中,菜寮,11606
芝山,萬芳社區,11595
輔大,新埔民生,11577
東湖,紅樹林,11568
幸福,後山埤,11566
七張,東湖,11549
中和,港墘,11540
中山國小,辛亥,11539
板新,中山國小,11536
新店,中和,11533
丹鳳,亞東醫院,11528
幸福,三重國小,11523
橋和,中山國小,11519
大湖公園,松山,11518
幸福,中原,11515
中和,頭前庄,11508
松山機場,芝山,11496
東湖,迴龍,11487
景美,中和,11475
麟光,永寧,11475
大安森林公園,萬芳社區,11475
中山國中,行天宮,11471
南港軟體園區,七張,11465
迴龍,新埔民生,11462
景平,台北橋,11461
大安森林公園,大湖公園,11457
新北投,萬芳醫院,11451
雙連,松山機場,11449
小碧潭,三和國中,11448
三民高中,東湖,11441
輔大,大坪林,11440
萬隆,松山機場,11436
幸福,關渡,11435
橋和,永寧,11434
北投,劍南路,11431
府中,景安,11421
三重國小,文德,11411
大湖公園,行天宮,11408
復興崗,南港,11395
木柵,後山埤,11395
昆陽,木柵,11394
秀朗橋,南港,11384
萬芳醫院,唭哩岸,11384
萬芳醫院,奇岩,11381
丹鳳,永寧,11373
中原,土城,11365
中山國中,大橋頭站,11356
東湖,台北橋,11351
復興崗,新店區公所,11349
景平,南港,11334
北門,辛亥,11333
菜寮,復興崗,11317
文德,徐匯中學,11316
新埔民生,七張,11312
永寧,大湖公園,11309
六張犁,先嗇宮,11307
先嗇宮,東湖,11302
三和國中,文德,11298
松山機場,小南門,11273
松山機場,行天宮,11272
小碧潭,港墘,11262
丹鳳,東湖,11249
行天宮,大湖公園,11249
新莊,復興崗,11240
小碧潭,大橋頭站,11210
內湖,土城,11210
萬芳社區,永春,11208
木柵,北投,11198
忠義,永寧,11196
大直,圓山,11191
麟光,蘆洲,11190
十四張,大安森林公園,11189
新北產業園區,台北車站,11181
十四張,永寧,11172
景平,昆陽,11160
芝山,劍南路,11154
板新,台北101/世貿,11141
台電大樓,動物園,11139
葫洲,大橋頭站,11138
七張,Y板橋,11132
小南門,南港軟體園區,11121
紅樹林,麟光,11110
景安,頭前庄,11080
頭前庄,新埔民生,11076
動物園,台電大樓,11067
復興崗,菜寮,11065
幸福,科技大樓,11062
景美,科技大樓,11061
景平,港墘,11050
萬隆,景安,11049
南港軟體園區,台北101/世貿,11048
秀朗橋,新莊,11047
三重,永寧,11029
新店,Y板橋,11028
海山,大湖公園,11028
奇岩,中山國中,11024
麟光,南勢角,11009
景安,景平,11007
昆陽,復興崗,11003
台北車站,景平,10991
秀朗橋,芝山,10978
先嗇宮,Y板橋,10976
小碧潭,南港,10968
丹鳳,竹圍,10949
丹鳳,木柵,10949
輔大,土城,10941
江子翠,先嗇宮,10940
萬芳社區,亞東醫院,10939
內湖,關渡,10933
新埔民生,Y板橋,10932
南港,小碧潭,10917
大坪林,大湖公園,10906
先嗇宮,內湖,10895
中原,幸福,10892
頭前庄,中和,10874
大直,石牌,10868
大湖公園,大坪林,10850
頂埔,文德,10842
內湖,萬隆,10818
迴龍,東湖,10813
新北產業園區,南港展覽館,10805
復興崗,三重國小,10794
中山國小,松山機場,10789
頂埔,輔大,10786
台北橋,小碧潭,10784
十四張,新埔民生,10783
國父紀念館,象山,10780
先嗇宮,六張犁,10774
新店,復興崗,10765
中和,龍山寺,10756
中原,台北小巨蛋,10735
江子翠,萬芳社區,10722
港墘,關渡,10704
木柵,永春,10703
萬芳醫院,先嗇宮,10693
永春,台北101/世貿,10677
亞東醫院,萬芳社區,10672
南港軟體園區,台大醫院,10666
港墘,小碧潭,10659
東湖,土城,10647
明德,麟光,10637
六張犁,新店區公所,10628
葫洲,象山,10612
蘆洲,小碧潭,10596
文德,新店區公所,10588
中山國中,台北橋,10587
景美,文德,10586
士林,松山機場,10579
中原,蘆洲,10578
小碧潭,北投,10575
忠義,輔大,10571
圓山,大直,10567
復興崗,新莊,10565
小碧潭,台北橋,10555
菜寮,中山國中,10555
文德,三民高中,10549
南勢角,大湖公園,10545
北投,木柵,10538
輔大,南港軟體園區,10537
幸福,南港,10534
紅樹林,松山機場,10531
關渡,港墘,10519
板新,中山,10504
大湖公園,海山,10502
明德,小碧潭,10499
萬芳社區,小南門,10497
十四張,永春,10496
景美,南港軟體園區,10494
南港,復興崗,10494
徐匯中學,小碧潭,10488
葫洲,萬芳社區,10487
BL板橋,新莊,10486
新埔民生,十四張,10483
永寧,丹鳳,10473
十四張,西湖,10472
中原,劍潭,10459
民權西路,中山國中,10449
木柵,菜寮,10444
昆陽,南京三民,10435
中和,秀朗橋,10433
十四張,昆陽,10426
萬芳醫院,竹圍,10421
新店,文德,10409
台北橋,Y板橋,10400
新店區公所,葫洲,10399
中和,北門,10393
忠義,三和國中,10383
永春,萬芳社區,10377
府中,新北產業園區,10369
台北車站,秀朗橋,10361
迴龍,復興崗,10360
復興崗,三和國中,10357
大坪林,南港軟體園區,10351
中原,芝山,10349
新北產業園區,三和國中,10344
BL板橋,迴龍,10330
十四張,南港,10327
新店區公所,南港軟體園區,10317
文德,新店,10304
中和,土城,10288
北投,小碧潭,10286
景安,橋和,10284
中原,善導寺,10284
新埔民生,新店,10283
象山,市政府,10283
萬隆,內湖,10282
科技大樓,忠義,10274
文德,民權西路,10272
徐匯中學,麟光,10257
新莊,木柵,10257
東湖,關渡,10245
永寧,迴龍,10242
萬芳社區,頂溪,10241
Y板橋,萬隆,10234
秀朗橋,南勢角,10234
士林,大直,10234
土城,輔大,10230
迴龍,永寧,10223
內湖,先嗇宮,10214
大湖公園,永寧,10213
市政府,象山,10200
復興崗,迴龍,10197
復興崗,先嗇宮,10193
新埔民生,中山國小,10182
大湖公園,輔大,10175
土城,新北投,10169
輔大,小碧潭,10164
南京三民,南港軟體園區,10164
竹圍,萬芳醫院,10164
文德,丹鳳,10154
三民高中,麟光,10154
文德,七張,10151
大橋頭站,辛亥,10137
文德,石牌,10137
景平,幸福,10135
港墘,明德,10134
忠義,迴龍,10128
東湖,菜寮,10119
關渡,中山國中,10113
三重,內湖,10109
永寧,先嗇宮,10107
七張,中和,10092
三民高中,文德,10086
北投,東湖,10084
竹圍,丹鳳,10077
麟光,明德,10070
關渡,內湖,10065
辛亥,關渡,10060
三重,小南門,10052
忠義,科技大樓,10038
橋和,三和國中,10038
土城,東湖,10026
頭前庄,景安,10005
BL板橋,丹鳳,10002
木柵,大湖公園,9996
景平,景安,9989
大橋頭站,松山機場,9987
石牌,大直,9967
景平,蘆洲,9955
板新,永寧,9955
石牌,文德,9954
公館,麟光,9950
古亭,辛亥,9950
行天宮,松山機場,9949
三重,頂埔,9947
新店區公所,復興崗,9937
BL板橋,輔大,9936
辛亥,大橋頭站,9933
忠義,新店,9928
東湖,北投,9914
民權西路,大直,9900
中原,三重國小,9888
明德,南港軟體園區,9883
葫洲,台北橋,9882
昆陽,萬芳社區,9880
紅樹林,劍南路,9878
文德,頂埔,9877
秀朗橋,十四張,9876
板新,三和國中,9869
菜寮,木柵,9869
橋和,徐匯中學,9865
中山國中,民權西路,9864
古亭,中和,9860
三重,東湖,9856
台電大樓,麟光,9855
新莊,新北產業園區,9850
秀朗橋,永春,9848
關渡,小碧潭,9847
大直,大橋頭站,9842
中和,後山埤,9840
七張,文德,9831
南港,松山,9820
奇岩,南港軟體園區,9817
迴龍,木柵,9816
葫洲,明德,9810
頂埔,三重,9809
小碧潭,關渡,9803
動物園,關渡,9797
七張,葫洲,9788
西門,十四張,9785
中原,中正紀念堂,9780
頂埔,迴龍,9778
橋和,台電大樓,9775
紅樹林,蘆洲,9774
橋和,景平,9753
木柵,新莊,9746
永寧,新莊,9743
東湖,三重,9739
麟光,徐匯中學,9731
板新,蘆洲,9718
淡水,大湖公園,9716
後山埤,小碧潭,9711
亞東醫院,先嗇宮,9700
橋和,忠孝敦化,9699
小碧潭,紅樹林,9689
中和,北投,9687
秀朗橋,信義安和,9679
橋和,南京三民,9668
板新,橋和,9667
橋和,頂埔,9646
頭前庄,板新,9645
東湖,丹鳳,9642
大湖公園,麟光,9642
大直,民權西路,9642
板新,忠孝復興,9636
港墘,唭哩岸,9635
迴龍,景安,9630
文德,菜寮,9627
十四張,土城,9621
先嗇宮,萬芳醫院,9619
內湖,紅樹林,9618
大湖公園,台電大樓,9616
木柵,大橋頭站,9609
輔大,頂埔,9609
徐匯中學,木柵,9598
永春,忠義,9585
三重,中山國中,9582
橋和,景安,9580
萬隆,復興崗,9567
竹圍,徐匯中學,9565
新埔民生,板新,9554
明德,港墘,9550
奇岩,港墘,9549
木柵,小南門,9548
葫洲,三重,9547
中原,象山,9545
木柵,徐匯中學,9541
大湖公園,南勢角,9538
唭哩岸,頂埔,9535
中山國中,竹圍,9533
頂溪,萬芳社區,9530
徐匯中學,文德,9521
台北橋,中山國中,9519
北門,南港軟體園區,9509
士林,西湖,9499
復興崗,科技大樓,9497
東湖,新店區公所,9496
後山埤,忠義,9492
大湖公園,木柵,9488
橋和,民權西路,9477
六張犁,七張,9472
先嗇宮,亞東醫院,9471
麟光,新莊,9465
小碧潭,徐匯中學,9460
關渡,東湖,9446
新北產業園區,忠孝敦化,9443
麟光,迴龍,9436
輔大,忠義,9436
徐匯中學,竹圍,9436
景平,大安森林公園,9433
文德,芝山,9426
亞東醫院,新北產業園區,9421
唭哩岸,港墘,9419
先嗇宮,新北投,9394
麟光,台電大樓,9393
芝山,松山機場,9393
板新,頂埔,9383
復興崗,徐匯中學,9380
三民高中,木柵,9379
辛亥,北投,9379
台北橋,木柵,9377
大橋頭站,文德,9376
竹圍,動物園,9373
中山國小,萬芳社區,9372
劍潭,文德,9366
中山國中,關渡,9366
辛亥,古亭,9349
小碧潭,後山埤,9348
新莊,永寧,9339
西湖,明德,9333
木柵,輔大,9332
北門,萬芳社區,9324
橋和,板新,9321
三重國小,麟光,9319
板新,大安,9315
辛亥,輔大,9313
秀朗橋,板新,9310
象山,葫洲,9310
台北橋,葫洲,9308
十四張,港墘,9306
西門,秀朗橋,9289
板新,頭前庄,9288
小碧潭,三民高中,9285
新店,六張犁,9281
幸福,橋和,9269
中山國中,奇岩,9265
中山國中,三重,9264
景平,西湖,9258
新北產業園區,徐匯中學,9257
中原,永春,9256
小碧潭,輔大,9252
景平,土城,9249
小南門,木柵,9243
新北產業園區,BL板橋,9240
忠義,丹鳳,9239
橋和,南京復興,9234
大安森林公園,南港軟體園區,9217
港墘,竹圍,9215
三民高中,小碧潭,9191
木柵,丹鳳,9190
松山機場,輔大,9190
新店區公所,東湖,9185
台北橋,麟光,9180
新北投,土城,9159
新北產業園區,國父紀念館,9158
橋和,信義安和,9149
小碧潭,蘆洲,9147
丹鳳,文德,9142
辛亥,景安,9133
台大醫院,南港軟體園區,9125
菜寮,麟光,9123
丹鳳,大坪林,9122
幸福,小南門,9118
幸福,台大醫院,9108
象山,南港展覽館,9066
麟光,三重國小,9052
板新,小碧潭,9048
劍南路,先嗇宮,9047
新北產業園區,小碧潭,9046
葫洲,北投,9042
唭哩岸,中山國中,9037
三重,土城,9036
台電大樓,大湖公園,9033
中原,秀朗橋,9029
景平,橋和,9021
十四張,秀朗橋,9016
大湖公園,淡水,9013
新店區公所,景安,9008
新埔民生,頭前庄,9003
板新,新埔民生,9002
土城,三重,8990
輔大,木柵,8977
麟光,台北橋,8974
幸福,十四張,8974
西門,幸福,8969
復興崗,頭前庄,8964
小碧潭,菜寮,8951
葫洲,紅樹林,8936
麟光,奇岩,8909
頂埔,竹圍,8907
文德,新莊,8906
麟光,三民高中,8905
頭前庄,復興崗,8902
頭前庄,幸福,8893
秀朗橋,江子翠,8886
頂埔,唭哩岸,8879
迴龍,頂埔,8860
麟光,大湖公園,8859
木柵,台北橋,8854
十四張,紅樹林,8848
景美,景平,8839
永春,松山,8833
板新,徐匯中學,8832
萬芳醫院,公館,8829
新莊,文德,8828
北門,頭前庄,8813
辛亥,海山,8800
頂溪,新北產業園區,8795
紅樹林,葫洲,8788
北投,葫洲,8787
明德,葫洲,8784
幸福,劍南路,8782
Y板橋,公館,8780
中和,劍南路,8778
東湖,萬芳社區,8765
南港展覽館,象山,8757
頭前庄,頂埔,8751
松山,後山埤,8742
竹圍,港墘,8739
徐匯中學,復興崗,8736
復興崗,六張犁,8724
迴龍,麟光,8724
紅樹林,內湖,8720
先嗇宮,復興崗,8712
竹圍,中山國中,8711
松山機場,明德,8709
江子翠,新北產業園區,8701
松江南京,幸福,8693
土城,忠義,8691
頭前庄,動物園,8682
菜寮,文德,8680
新北產業園區,永春,8674
劍南路,關渡,8667
竹圍,西湖,8666
西門,景平,8640
海山,辛亥,8619
南勢角,新北產業園區,8617
文德,大橋頭站,8610
輔大,BL板橋,8604
迴龍,新北產業園區,8583
六張犁,忠義,8580
忠義,北門,8579
麟光,菜寮,8564
三重,葫洲,8545
新莊,麟光,8534
市政府,幸福,8530
昆陽,小碧潭,8530
北門,三重,8530
六張犁,新店,8529
中山國小,文德,8529
萬芳社區,象山,8519
忠義,後山埤,8512
動物園,奇岩,8507
民權西路,文德,8500
秀朗橋,橋和,8492
丹鳳,麟光,8491
行天宮,幸福,8486
文德,圓山,8486
萬芳社區,永安市場,8485
頂埔,丹鳳,8466
菜寮,小碧潭,8465
板新,三民高中,8465
圓山,文德,8464
文德,劍潭,8464
復興崗,萬隆,8462
松山機場,三重國小,8453
迴龍,文德,8451
南港軟體園區,關渡,8447
新店區公所,文德,8446
板新,中原,8441
小碧潭,中山國中,8440
景平,北投,8431
萬芳社區,大橋頭站,8426
橋和,大橋頭站,8416
南港軟體園區,奇岩,8408
明德,松山機場,8408
輔大,松山機場,8408
紅樹林,南港軟體園區,8407
中原,北投,8402
頭前庄,大直,8402
辛亥,頂埔,8397
動物園,唭哩岸,8395
明德,西湖,8391
新莊,幸福,8390
松山機場,大橋頭站,8390
新北產業園區,士林,8382
七張,十四張,8371
丹鳳,復興崗,8371
新北產業園區,淡水,8367
紅樹林,東湖,8366
景安,辛亥,8363
竹圍,頂埔,8363
小南門,頭前庄,8353
輔大,板新,8352
新店區公所,Y板橋,8323
秀朗橋,三重,8312
復興崗,後山埤,8308
公館,萬芳醫院,8303
新埔民生,三和國中,8298
迴龍,幸福,8290
東湖,松山,8270
奇岩,麟光,8260
萬芳社區,關渡,8243
橋和,三民高中,8240
文德,台北橋,8220
十四張,北投,8220
丹鳳,頂埔,8216
頂溪,中原,8216
象山,南港,8211
奇岩,小碧潭,8210
雙連,大湖公園,8203
先嗇宮,永寧,8203
三重,北門,8197
中山國中,小碧潭,8188
大直,北投,8186
復興崗,三民高中,8183
新北產業園區,東門,8181
三民高中,復興崗,8181
幸福,北投,8181
板新,土城,8180
新埔民生,新店區公所,8173
小碧潭,昆陽,8165
橋和,芝山,8155
內湖,頭前庄,8154
南港軟體園區,大安森林公園,8152
頂溪,板新,8139
松山機場,民權西路,8137
劍南路,明德,8132
中原,雙連,8099
忠義,六張犁,8084
新北投,先嗇宮,8084
大直,頭前庄,8077
頭前庄,忠義,8077
十四張,幸福,8064
明德,內湖,8058
港墘,奇岩,8044
中和,紅樹林,8034
南京三民,昆陽,8034
葫洲,萬隆,8030
麟光,大坪林,8028
麟光,三重,8023
輔大,辛亥,8021
木柵,三民高中,8010
幸福,六張犁,8003
先嗇宮,大直,8000
劍南路,小碧潭,7998
辛亥,永寧,7992
明德,木柵,7987
土城,竹圍,7973
橋和,幸福,7973
永安市場,辛亥,7962
中原,先嗇宮,7959
板新,秀朗橋,7928
景平,紅樹林,7915
北投,辛亥,7909
新北產業園區,劍潭,7899
十四張,新埔,7898
麟光,丹鳳,7897
公館,中和,7896
三重,麟光,7892
七張,大湖公園,7892
大湖公園,雙連,7891
麟光,公館,7885
七張,六張犁,7882
橋和,南港展覽館,7875
土城,麟光,7870
木柵,迴龍,7865
竹圍,土城,7858
萬芳社區,景安,7855
新店區公所,中和,7843
新埔,三重,7832
徐匯中學,忠義,7826
橋和,大安,7810
新店,景平,7792
中原,圓山,7786
關渡,南港軟體園區,7783
十四張,中山國中,7783
三重,木柵,7779
新店區公所,六張犁,7779
七張,南港軟體園區,7776
唭哩岸,南港軟體園區,7764
三重國小,松山機場,7761
頭前庄,小南門,7758
中原,後山埤,7757
永安市場,新北產業園區,7748
新莊,大坪林,7724
大直,芝山,7724
板新,南京復興,7724
木柵,關渡,7716
新店,南港軟體園區,7716
輔大,中和,7692
新店,動物園,7688
文德,中山國小,7687
小碧潭,劍南路,7684
忠義,徐匯中學,7681
大湖公園,石牌,7680
萬隆,東湖,7679
忠義,頭前庄,7679
內湖,明德,7674
紅樹林,木柵,7671
輔大,大湖公園,7667
大湖公園,七張,7663
台北車站,幸福,7659
中山,秀朗橋,7649
文德,三重,7643
關渡,木柵,7632
頂埔,木柵,7625
頭前庄,十四張,7615
木柵,三重,7613
動物園,頭前庄,7611
科技大樓,萬隆,7609
萬芳社區,後山埤,7598
後山埤,復興崗,7596
中和,中山國中,7586
萬隆,葫洲,7583
景平,三民高中,7582
中原,台大醫院,7572
芝山,文德,7570
市政府,中和,7569
辛亥,永安市場,7559
復興崗,丹鳳,7558
萬芳醫院,頭前庄,7555
秀朗橋,港墘,7550
紅樹林,小碧潭,7543
板新,劍潭,7537
大橋頭站,萬芳社區,7535
景平,徐匯中學,7534
橋和,蘆洲,7531
亞東醫院,景安,7517
輔大,新北產業園區,7507
橋和,國父紀念館,7499
十四張,後山埤,7494
橋和,劍潭,7489
萬芳社區,輔大,7485
秀朗橋,大橋頭站,7484
永寧,復興崗,7484
中山,十四張,7481
大坪林,麟光,7480
中和,科技大樓,7470
大湖公園,民權西路,7465
新北投,中山國中,7457
迴龍,BL板橋,7451
新北投,劍南路,7432
新埔民生,徐匯中學,7428
圓山,大湖公園,7414
橋和,士林,7413
板新,三重國小,7411
板新,忠孝敦化,7396
關渡,西湖,7391
象山,木柵,7381
辛亥,小南門,7371
頭前庄,土城,7364
頂埔,復興崗,7362
中山,景平,7358
復興崗,永寧,7347
大湖公園,象山,7338
木柵,公館,7337
秀朗橋,昆陽,7317
木柵,明德,7316
徐匯中學,大湖公園,7312
板新,台電大樓,7311
民權西路,松山機場,7310
橋和,龍山寺,7299
葫洲,關渡,7290
十四張,中原,7281
唭哩岸,土城,7280
頂溪,十四張,7278
麟光,土城,7268
石牌,大湖公園,7267
先嗇宮,北門,7266
奇岩,西湖,7265
文德,迴龍,7242
新店,十四張,7241
丹鳳,景安,7232
永安市場,板新,7224
新店,新北產業園區,7216
大直,紅樹林,7208
景平,劍南路,7206
復興崗,頂埔,7203
小南門,辛亥,7193
新店,板新,7189
新埔民生,景美,7184
橋和,三重國小,7182
中和,明德,7174
後山埤,松山,7150
頭前庄,萬芳醫院,7144
南勢角,中原,7139
景平,後山埤,7130
Y板橋,中山國小,7125
明德,東湖,7123
景美,Y板橋,7121
幸福,明德,7117
幸福,小碧潭,7117
新北產業園區,南京復興,7116
新莊,BL板橋,7114
大湖公園,中山國小,7113
新北產業園區,三民高中,7109
奇岩,葫洲,7107
迴龍,板新,7092
新店,大湖公園,7072
中和,六張犁,7072
奇岩,東湖,7049
文德,士林,7047
新北產業園區,台北101/世貿,7041
六張犁,景美,7036
橋和,秀朗橋,7033
民權西路,大湖公園,7027
大湖公園,劍潭,7024
動物園,竹圍,7012
中山國中,唭哩岸,7007
復興崗,新店,7006
橋和,台北小巨蛋,7006
萬芳社區,古亭,7003
市政府,景平,6979
頂埔,新北投,6967
迴龍,小碧潭,6958
秀朗橋,關渡,6942
景安,萬芳社區,6935
新北產業園區,中山,6923
西湖,竹圍,6905
三重,文德,6896
十四張,橋和,6896
台北車站,中和,6892
行天宮,中和,6889
板新,國父紀念館,6888
劍南路,新北投,6878
麟光,新北投,6876
中山國中,新北投,6875
三重,新埔,6871
小碧潭,奇岩,6869
公館,木柵,6864
中原,板新,6862
明德,辛亥,6857
迴龍,土城,6856
竹圍,三民高中,6856
萬芳社區,大湖公園,6855
關渡,劍南路,6839
劍潭,大湖公園,6827
十四張,關渡,6824
辛亥,紅樹林,6824
南勢角,中和,6802
松江南京,景平,6800
中原,小碧潭,6786
西湖,關渡,6785
六張犁,復興崗,6784
秀朗橋,新埔民生,6779
忠義,萬芳醫院,6779
新埔民生,行天宮,6777
永寧,辛亥,6777
新北產業園區,三重國小,6769
大直,小碧潭,6766
萬芳社區,永寧,6756
十四張,頭前庄,6753
新埔,迴龍,6753
秀朗橋,紅樹林,6744
忠義,南港,6743
松山機場,三重,6741
萬隆,文德,6734
文德,土城,6729
台北橋,文德,6726
辛亥,大湖公園,6722
板新,信義安和,6713
奇岩,木柵,6712
丹鳳,BL板橋,6709
新埔民生,秀朗橋,6709
忠義,土城,6693
橋和,十四張,6685
新北產業園區,石牌,6675
土城,新莊,6667
唭哩岸,松山機場,6656
動物園,新店,6656
辛亥,明德,6652
秀朗橋,景安,6648
頂溪,中和,6642
土城,迴龍,6641
橋和,土城,6637
板新,南港展覽館,6635
土城,文德,6632
中原,十四張,6615
小南門,萬芳社區,6614
唭哩岸,西湖,6612
萬芳社區,北投,6610
小南門,忠義,6606
丹鳳,小碧潭,6604
關渡,葫洲,6603
芝山,大直,6603
東湖,奇岩,6588
新埔民生,三重國小,6570
南港軟體園區,松山,6560
景安,秀朗橋,6544
松山機場,菜寮,6542
大湖公園,景美,6541
秀朗橋,菜寮,6535
先嗇宮,動物園,6530
關渡,辛亥,6527
復興崗,萬芳醫院,6526
頂埔,先嗇宮,6521
象山,東湖,6512
木柵,頂埔,6506
行天宮,景平,6504
小碧潭,永寧,6503
東湖,明德,6497
南港,象山,6482
大湖公園,圓山,6479
南港軟體園區,唭哩岸,6455
景平,頭前庄,6447
新莊,景安,6435
文德,北投,6433
橋和,北投,6433
頂埔,新莊,6430
葫洲,奇岩,6430
頭前庄,景平,6421
南京復興,景平,6417
麟光,先嗇宮,6405
北門,忠義,6404
板新,淡水,6398
秀朗橋,幸福,6376
明德,劍南路,6369
西湖,奇岩,6359
大湖公園,三和國中,6355
頭前庄,北門,6350
東湖,萬隆,6344
新埔民生,蘆洲,6342
橋和,石牌,6342
三民高中,竹圍,6342
古亭,十四張,6334
七張,板新,6325
劍南路,竹圍,6324
秀朗橋,三重國小,6324
木柵,象山,6322
古亭,萬芳社區,6319
新莊,新埔民生,6316
松山機場,唭哩岸,6303
永安市場,萬芳社區,6301
七張,新北產業園區,6301
木柵,土城,6293
中山國小,大湖公園,6278
蘆洲,大湖公園,6277
唭哩岸,葫洲,6276
大直,先嗇宮,6275
麟光,竹圍,6274
大湖公園,三民高中,6263
木柵,紅樹林,6259
秀朗橋,三和國中,6242
南港軟體園區,新店,6240
新莊,土城,6238
幸福,大安森林公園,6235
大坪林,木柵,6232
三和國中,大湖公園,6231
萬芳醫院,大坪林,6224
台北101/世貿,中和,6223
小碧潭,景安,6222
大湖公園,大橋頭站,6206
北投,大直,6202
小碧潭,丹鳳,6196
橋和,永春,6187
北門,先嗇宮,6179
大湖公園,新店,6170
三民高中,忠義,6168
土城,唭哩岸,6159
動物園,大坪林,6155
辛亥,三重國小,6149
新莊,頂埔,6145
菜寮,松山機場,6141
大湖公園,頂埔,6136
忠義,三民高中,6128
頂埔,辛亥,6126
先嗇宮,葫洲,6125
中原,昆陽,6121
橋和,小碧潭,6119
頭前庄,中山國中,6118
Y板橋,行天宮,6117
東門,中和,6116
南港軟體園區,竹圍,6103
松山機場,台北橋,6100
秀朗橋,中山國中,6100
秀朗橋,徐匯中學,6099
輔大,幸福,6096
秀朗橋,台北橋,6096
板新,士林,6080
忠孝新生,中和,6078
松山機場,竹圍,6075
公館,秀朗橋,6073
大坪林,動物園,6067
中原,松山,6051
文德,萬隆,6044
台電大樓,萬芳醫院,6044
Y板橋,民權西路,6033
小碧潭,大直,6030
中原,東湖,6018
秀朗橋,明德,6011
萬芳醫院,復興崗,6010
大湖公園,辛亥,6009
永安市場,頭前庄,6009
三重,松山機場,6006
三民高中,大湖公園,6001
橋和,雙連,5989
土城,木柵,5988
十四張,劍南路,5986
萬芳社區,海山,5977
幸福,秀朗橋,5972
古亭,中原,5966
新北產業園區,後山埤,5952
新北投,內湖,5951
頭前庄,內湖,5945
萬芳醫院,台電大樓,5945
後山埤,萬芳社區,5940
景美,大湖公園,5930
萬芳社區,三民高中,5912
中山國中,頭前庄,5911
迴龍,中原,5909
新北產業園區,芝山,5902
中和,大直,5900
景美,六張犁,5897
頂溪,景平,5897
葫洲,先嗇宮,5897
小碧潭,迴龍,5896
松山機場,關渡,5891
新埔,輔大,5890
幸福,紅樹林,5889
大橋頭站,大湖公園,5886
大湖公園,徐匯中學,5886
秀朗橋,三民高中,5858
象山,萬芳社區,5850
麟光,新店,5843
忠義,小南門,5840
松山,昆陽,5837
辛亥,新莊,5836
辛亥,菜寮,5833
板新,台北小巨蛋,5824
新店區公所,新北產業園區,5808
竹圍,松山機場,5806
蘆洲,復興崗,5799
台北101/世貿,幸福,5786
蘆洲,辛亥,5784
秀朗橋,西湖,5767
橋和,中正紀念堂,5751
萬芳醫院,景美,5750
永寧,小碧潭,5749
中山,幸福,5748
新北投,頂埔,5747
公館,景平,5746
秀朗橋,頭前庄,5742
新莊,大湖公園,5742
三重,新埔民生,5732
小碧潭,土城,5731
中原,頭前庄,5731
新店區公所,大湖公園,5725
Y板橋,古亭,5724
景平,關渡,5716
奇岩,劍南路,5715
幸福,動物園,5709
忠孝新生,景平,5701
辛亥,三和國中,5690
西湖,唭哩岸,5687
先嗇宮,景安,5679
永安市場,十四張,5679
松山,南港軟體園區,5674
士林,文德,5670
新店,秀朗橋,5668
秀朗橋,大安森林公園,5662
松山,十四張,5660
南勢角,板新,5659
府中,中和,5655
迴龍,辛亥,5652
東湖,頭前庄,5648
中山國小,幸福,5643
景美,新北產業園區,5636
板新,善導寺,5632
港墘,新北投,5631
永安市場,幸福,5630
丹鳳,新北產業園區,5625
動物園,先嗇宮,5625
三重國小,大湖公園,5625
大橋頭站,幸福,5624
北投,文德,5616
新北投,港墘,5615
橋和,先嗇宮,5614
關渡,萬芳社區,5614
民權西路,幸福,5611
松江南京,中和,5609
頂埔,大湖公園,5608
南港,忠義,5607
中和,中和,5592
大湖公園,土城,5588
景美,板新,5587
小碧潭,頂埔,5586
忠義,昆陽,5585
台北橋,辛亥,5577
新埔,丹鳳,5577
竹圍,麟光,5572
新埔民生,民權西路,5570
紅樹林,大直,5562
三重國小,辛亥,5557
象山,大湖公園,5555
文德,紅樹林,5542
景平,大直,5540
新北產業園區,蘆洲,5538
古亭,景平,5536
秀朗橋,土城,5531
府中,幸福,5531
大湖公園,新店區公所,5517
大湖公園,迴龍,5516
新北產業園區,新埔,5498
景美,秀朗橋,5498
迴龍,大湖公園,5494
劍南路,唭哩岸,5492
徐匯中學,辛亥,5484
中原,港墘,5483
新埔民生,三民高中,5471
南港軟體園區,復興崗,5470
新北投,東湖,5470
新店,中原,5469
新北產業園區,圓山,5458
橋和,松山,5456
新莊,小碧潭,5454
唭哩岸,小碧潭,5454
萬芳社區,菜寮,5438
新店,麟光,5438
十四張,明德,5435
七張,橋和,5421
新店,萬芳醫院,5414
東湖,象山,5412
古亭,幸福,5411
辛亥,徐匯中學,5401
板新,芝山,5393
新北投,麟光,5378
幸福,頭前庄,5374
萬隆,科技大樓,5371
南港軟體園區,頭前庄,5368
新北產業園區,台北小巨蛋,5366
先嗇宮,中山國中,5362
景平,中山國中,5361
丹鳳,新埔民生,5358
新店,幸福,5351
頂埔,新北產業園區,5345
中和,新埔,5345
木柵,台電大樓,5344
萬芳社區,紅樹林,5341
辛亥,台北橋,5340
大湖公園,新莊,5336
土城,復興崗,5327
萬芳醫院,忠義,5327
永安市場,中和,5317
麟光,忠義,5312
忠孝復興,景平,5311
中山國中,先嗇宮,5309
小碧潭,新莊,5297
永安市場,中原,5291
大湖公園,三重國小,5287
橋和,中和,5281
忠孝復興,中和,5280
三和國中,辛亥,5271
Y板橋,Y板橋,5269
南勢角,橋和,5267
內湖,新北投,5259
先嗇宮,麟光,5258
海山,萬芳社區,5256
景平,明德,5255
永寧,新北產業園區,5254
秀朗橋,蘆洲,5247
台北101/世貿,景平,5237
復興崗,南港軟體園區,5235
萬芳醫院,新店,5233
頂溪,幸福,5217
新北投,西湖,5205
新莊,辛亥,5197
新北產業園區,昆陽,5195
先嗇宮,忠義,5195
關渡,松山機場,5168
昆陽,忠義,5162
三重,小碧潭,5159
迴龍,中和,5152
秀朗橋,劍南路,5138
劍潭,幸福,5134
唭哩岸,東湖,5127
橋和,後山埤,5125
小碧潭,先嗇宮,5123
萬芳社區,三重國小,5106
辛亥,迴龍,5105
萬芳社區,奇岩,5102
唭哩岸,木柵,5096
中原,紅樹林,5090
中原,北門,5083
頂埔,小碧潭,5082
板新,石牌,5069
忠孝復興,幸福,5064
新店區公所,十四張,5060
中和,小南門,5055
劍南路,奇岩,5054
秀朗橋,北投,5047
松山機場,頭前庄,5044
頭前庄,中原,5039
大湖公園,萬芳社區,5034
土城,大湖公園,5030
中和,橋和,5024
中原,明德,5021
新北產業園區,南京三民,5016
亞東醫院,中和,5015
土城,丹鳳,5012
公館,幸福,5008
新北產業園區,信義安和,5005
士林,大湖公園,5002
中和,關渡,5001
丹鳳,板新,4999
丹鳳,中原,4995
北投,萬芳社區,4993
紅樹林,辛亥,4991
七張,中原,4989
麟光,七張,4987
景平,新埔,4985
辛亥,奇岩,4978
新北投,松山機場,4974
內湖,奇岩,4970
萬芳社區,南勢角,4965
港墘,復興崗,4958
景美,橋和,4956
東湖,唭哩岸,4953
萬芳社區,先嗇宮,4948
奇岩,松山機場,4944
幸福,中山國中,4941
十四張,奇岩,4937
大坪林,萬芳醫院,4932
新北投,葫洲,4930
小碧潭,三重,4917
萬隆,十四張,4907
景平,BL板橋,4904
板新,南京三民,4901
蘆洲,忠義,4893
新店區公所,板新,4889
芝山,大湖公園,4887
亞東醫院,景平,4880
麟光,景美,4879
Y板橋,西門,4871
頂埔,忠義,4865
竹圍,蘆洲,4860
土城,小碧潭,4860
新北產業園區,三重,4859
橋和,紅樹林,4851
南勢角,辛亥,4841
辛亥,南勢角,4824
迴龍,十四張,4822
復興崗,蘆洲,4822
丹鳳,大湖公園,4819
萬芳社區,土城,4813
昆陽,松山,4811
新埔,新莊,4810
萬芳社區,三重,4787
萬隆,中和,4783
葫洲,頭前庄,4783
辛亥,蘆洲,4775
奇岩,內湖,4773
台電大樓,十四張,4772
古亭,秀朗橋,4770
唭哩岸,內湖,4765
松山機場,新北投,4758
七張,景平,4742
松山機場,奇岩,4742
七張,麟光,4738
頭前庄,東湖,4731
大湖公園,蘆洲,4729
菜寮,辛亥,4722
西門,頭前庄,4720
丹鳳,中和,4719
橋和,象山,4716
南京復興,十四張,4713
輔大,萬芳社區,4711
公館,板新,4707
西門,中和,4707
復興崗,動物園,4706
中和,內湖,4696
南京三民,十四張,4689
先嗇宮,頂埔,4685
大湖公園,士林,4683
唭哩岸,劍南路,4681
中山,中和,4681
葫洲,唭哩岸,4680
南勢角,幸福,4678
土城,先嗇宮,4672
中和,萬芳醫院,4670
輔大,景平,4669
中原,科技大樓,4668
大湖公園,台北橋,4663
丹鳳,土城,4660
木柵,奇岩,4659
三民高中,辛亥,4650
頭前庄,南港軟體園區,4647
中原,南港,4642
三重國小,萬芳社區,4634
輔大,十四張,4616
新北產業園區,雙連,4611
十四張,大直,4610
中和,動物園,4607
蘆洲,竹圍,4593
松江南京,秀朗橋,4589
幸福,北門,4586
萬芳醫院,七張,4570
板新,圓山,4569
幸福,南港軟體園區,4565
秀朗橋,BL板橋,4558
橋和,昆陽,4554
台北橋,松山機場,4553
東湖,竹圍,4546
橋和,圓山,4542
板新,中正紀念堂,4538
中和,竹圍,4525
科技大樓,小碧潭,4525
台北橋,大湖公園,4522
菜寮,板新,4521
海山,幸福,4517
幸福,大直,4509
中正紀念堂,十四張,4494
紅樹林,文德,4493
萬芳社區,三和國中,4489
辛亥,三民高中,4488
先嗇宮,土城,4488
新北產業園區,台電大樓,4479
小碧潭,竹圍,4475
大湖公園,丹鳳,4469
新北投,小碧潭,4464
景美,麟光,4450
永寧,萬芳社區,4442
三民高中,萬芳社區,4433
Y板橋,台北車站,4431
景美,幸福,4431
新北產業園區,北投,4429
復興崗,土城,4422
頭前庄,葫洲,4420
頭前庄,秀朗橋,4417
菜寮,萬芳社區,4412
迴龍,萬芳社區,4408
輔大,新埔,4403
橋和,頭前庄,4403
市政府,秀朗橋,4401
先嗇宮,小碧潭,4394
東門,景平,4389
萬芳醫院,新店區公所,4381
動物園,景美,4376
台北橋,新埔民生,4374
台電大樓,木柵,4372
東門,幸福,4366
幸福,新北投,4365
竹圍,劍南路,4356
頭前庄,松山機場,4347
中原,大安森林公園,4345
龍山寺,新北產業園區,4343
木柵,大坪林,4343
小碧潭,內湖,4342
南勢角,萬芳社區,4332
南京復興,幸福,4331
菜寮,幸福,4324
忠孝敦化,幸福,4323
忠孝新生,幸福,4318
新北產業園區,善導寺,4316
幸福,BL板橋,4308
麟光,新店區公所,4296
南勢角,頭前庄,4286
萬芳社區,新莊,4283
新北產業園區,南港,4283
丹鳳,幸福,4282
板新,雙連,4276
丹鳳,橋和,4276
龍山寺,幸福,4272
大湖公園,芝山,4267
小碧潭,唭哩岸,4265
亞東醫院,中原,4262
中正紀念堂,秀朗橋,4258
內湖,唭哩岸,4255
頭前庄,橋和,4252
內湖,忠義,4250
丹鳳,十四張,4243
板新,龍山寺,4228
板新,象山,4218
新店區公所,萬芳醫院,4218
木柵,唭哩岸,4212
三重,板新,4210
萬芳社區,徐匯中學,4206
忠義,麟光,4195
葫洲,新北投,4192
三和國中,萬芳社區,4191
迴龍,新埔,4173
先嗇宮,南港軟體園區,4173
幸福,奇岩,4168
中和,松山機場,4145
忠孝敦化,中和,4142
台大醫院,景平,4135
萬芳社區,頂埔,4134
永安市場,景平,4125
中原,內湖,4124
菜寮,新埔民生,4123
行天宮,中原,4122
橋和,南港,4120
橋和,善導寺,4118
海山,景安,4116
象山,永春,4104
淡水,幸福,4101
十四張,十四張,4100
頭前庄,小碧潭,4098
永寧,景安,4092
新莊,中和,4092
西湖,新北投,4091
文德,先嗇宮,4072
明德,大直,4072
幸福,萬芳醫院,4070
行天宮,十四張,4058
台北橋,萬芳社區,4056
海山,中原,4052
萬芳社區,台北橋,4049
新店區公所,中原,4048
信義安和,幸福,4042
新店,橋和,4037
菜寮,中原,4036
橋和,大安森林公園,4032
府中,景平,4029
唭哩岸,文德,4028
橋和,明德,4023
古亭,橋和,4016
萬芳社區,迴龍,4015
東湖,新北投,4011
大直,關渡,4008
象山,後山埤,4001
萬隆,大湖公園,4001
小碧潭,景平,3998
台北車站,中原,3990
忠義,蘆洲,3990
徐匯中學,萬芳社區,3986
唭哩岸,麟光,3985
明德,文德,3975
新北投,南港軟體園區,3974
菜寮,大湖公園,3968
新店區公所,景平,3959
西門,中原,3947
內湖,小碧潭,3944
橋和,北門,3937
海山,十四張,3931
辛亥,土城,3929
忠義,先嗇宮,3925
中原,西湖,3919
橋和,台大醫院,3914
竹圍,南港軟體園區,3913
萬芳社區,蘆洲,3911
復興崗,中山國中,3909
新店區公所,動物園,3902
竹圍,東湖,3902
北投,大湖公園,3901
景美,中原,3896
新北產業園區,松山,3887
亞東醫院,幸福,3884
大湖公園,先嗇宮,3876
先嗇宮,BL板橋,3868
內湖,竹圍,3866
公館,中原,3863
萬芳社區,明德,3858
竹圍,小碧潭,3858
景美,動物園,3857
忠孝新生,十四張,3844
秀朗橋,後山埤,3843
迴龍,橋和,3829
中正紀念堂,景平,3822
文德,明德,3818
輔大,秀朗橋,3815
大橋頭站,新埔民生,3812
辛亥,先嗇宮,3806
松江南京,十四張,3800
新店區公所,麟光,3798
七張,動物園,3795
市政府,中原,3795
忠孝新生,秀朗橋,3794
BL板橋,先嗇宮,3792
南勢角,新埔民生,3791
頭前庄,BL板橋,3785
辛亥,新北投,3782
江子翠,幸福,3781
忠義,動物園,3774
土城,辛亥,3770
秀朗橋,奇岩,3769
辛亥,三重,3766
奇岩,辛亥,3763
大直,明德,3758
行天宮,秀朗橋,3754
萬隆,橋和,3750
忠義,內湖,3748
復興崗,港墘,3746
小南門,先嗇宮,3743
中和,新北投,3743
新北產業園區,新北產業園區,3730
淡水,中和,3729
大湖公園,萬隆,3725
信義安和,中和,3722
先嗇宮,木柵,3715
新莊,板新,3714
南京復興,秀朗橋,3712
葫洲,竹圍,3710
橋和,港墘,3707
中和,奇岩,3703
府中,中原,3703
台北橋,板新,3701
台大醫院,秀朗橋,3698
中原,中山國中,3690
淡水,十四張,3690
亞東醫院,十四張,3678
先嗇宮,文德,3671
紅樹林,萬芳社區,3667
景平,葫洲,3667
南京三民,景平,3667
先嗇宮,新埔民生,3666
新店區公所,橋和,3665
景美,萬芳醫院,3660
中和,唭哩岸,3657
大湖公園,三重,3656
十四張,內湖,3649
板新,西湖,3648
土城,新北產業園區,3639
丹鳳,萬芳社區,3628
大安,中和,3624
大橋頭站,Y板橋,3618
新北投,辛亥,3617
永安市場,新埔民生,3611
大湖公園,北投,3608
景平,科技大樓,3599
小碧潭,新北投,3591
南京復興,中和,3590
台大醫院,十四張,3580
辛亥,竹圍,3579
頭前庄,文德,3574
海山,中和,3562
市政府,新北產業園區,3555
板新,永春,3552
江子翠,中和,3545
輔大,中原,3544
市政府,十四張,3543
古亭,板新,3530
西門,新北產業園區,3527
文德,頭前庄,3517
動物園,七張,3516
亞東醫院,橋和,3514
台電大樓,中和,3507
Y板橋,府中,3507
板新,昆陽,3506
台北橋,幸福,3501
幸福,竹圍,3499
麟光,唭哩岸,3494
頭前庄,木柵,3474
劍潭,十四張,3470
新北產業園區,大安,3447
景平,奇岩,3446
小碧潭,科技大樓,3434
大直,竹圍,3431
南京三民,幸福,3430
木柵,新店區公所,3428
幸福,葫洲,3421
松山,景平,3415
劍潭,景平,3404
木柵,先嗇宮,3402
新莊,萬芳社區,3397
行天宮,新北產業園區,3394
木柵,新店,3391
中和,葫洲,3384
府中,秀朗橋,3383
頂溪,秀朗橋,3379
木柵,頭前庄,3372
先嗇宮,大坪林,3371
蘆洲,萬芳社區,3371
大湖公園,菜寮,3369
辛亥,丹鳳,3364
先嗇宮,辛亥,3358
公館,辛亥,3358
東門,中原,3350
頂溪,橋和,3348
新北投,木柵,3338
海山,景平,3330
六張犁,小碧潭,3319
竹圍,內湖,3319
頂埔,景安,3316
忠義,頂埔,3313
新北產業園區,紅樹林,3309
文德,唭哩岸,3306
中原,六張犁,3303
頭前庄,麟光,3297
新北產業園區,中正紀念堂,3292
南港軟體園區,新北投,3291
小碧潭,文德,3282
小碧潭,東湖,3275
麟光,頭前庄,3271
先嗇宮,萬芳社區,3265
復興崗,內湖,3257
內湖,復興崗,3254
中原,劍南路,3249
小碧潭,中和,3247
關渡,大直,3247
秀朗橋,新埔,3243
松山,秀朗橋,3243
三重,萬芳社區,3234
三重,大湖公園,3223
萬芳社區,丹鳳,3220
十四張,科技大樓,3216
竹圍,木柵,3212
台大醫院,中和,3211
中山國小,景平,3209
台北101/世貿,十四張,3204
台北小巨蛋,幸福,3198
六張犁,萬隆,3190
復興崗,葫洲,3182
昆陽,象山,3172
橋和,西湖,3171
新店,頭前庄,3171
動物園,復興崗,3167
松江南京,中原,3149
新莊,中原,3143
台北101/世貿,秀朗橋,3140
竹圍,辛亥,3139
動物園,新店區公所,3127
中正紀念堂,中和,3124
台北小巨蛋,十四張,3120
府中,十四張,3112
萬隆,新北產業園區,3102
十四張,新北投,3102
國父紀念館,幸福,3095
忠孝敦化,景平,3093
先嗇宮,小南門,3087
木柵,竹圍,3084
大安,幸福,3082
土城,萬芳社區,3082
木柵,新北投,3078
南港展覽館,幸福,3076
台電大樓,景平,3075
先嗇宮,板新,3075
七張,幸福,3065
台電大樓,秀朗橋,3058
大橋頭站,中原,3057
迴龍,景平,3054
復興崗,小碧潭,3042
大湖公園,紅樹林,3037
忠義,中山國中,3030
橋和,科技大樓,3030
葫洲,小碧潭,3029
幸福,東湖,3027
石牌,幸福,3021
新北投,大直,3018
象山,昆陽,3017
小碧潭,Y板橋,3016
雙連,幸福,3016
東門,十四張,3015
忠孝新生,中原,3012
劍潭,中和,3011
景平,松山機場,3009
淡水,景平,3002
士林,幸福,3000
市政府,板新,2992
永春,象山,2991
新北產業園區,六張犁,2986
中正紀念堂,幸福,2983
台北101/世貿,中原,2981
七張,秀朗橋,2981
菜寮,中和,2979
萬隆,景平,2975
丹鳳,辛亥,2971
竹圍,葫洲,2970
三重,辛亥,2970
中原,奇岩,2960
東湖,小碧潭,2959
南勢角,十四張,2950
明德,萬芳社區,2942
台北車站,板新,2942
南港展覽館,景平,2939
丹鳳,新埔,2935
北門,十四張,2928
龍山寺,十四張,2928
復興崗,劍南路,2926
竹圍,大直,2918
景平,內湖,2917
台北小巨蛋,景平,2917
板新,港墘,2913
葫洲,復興崗,2910
中原,大直,2910
十四張,竹圍,2908
小碧潭,十四張,2906
三重,中原,2904
府中,頭前庄,2903
麟光,復興崗,2900
南京三民,秀朗橋,2898
永寧,幸福,2890
奇岩,萬芳社區,2887
板新,後山埤,2885
大直,奇岩,2881
秀朗橋,秀朗橋,2877
新店,木柵,2876
劍南路,復興崗,2875
中山國中,復興崗,2866
復興崗,西湖,2865
大直,新北投,2864
中原,唭哩岸,2861
中山國小,中和,2853
小碧潭,六張犁,2849
士林,十四張,2848
新北產業園區,西湖,2828
海山,橋和,2828
南港軟體園區,小碧潭,2825
橋和,劍南路,2821
小碧潭,復興崗,2812
丹鳳,景平,2810
紅樹林,大湖公園,2802
七張,萬芳醫院,2796
復興崗,松山機場,2790
中原,新埔,2788
松山,中和,2787
南京三民,中和,2785
景美,頭前庄,2782
橋和,東湖,2780
台電大樓,辛亥,2764
板新,北門,2761
復興崗,麟光,2757
後山埤,象山,2754
永安市場,橋和,2751
幸福,幸福,2747
小碧潭,秀朗橋,2744
文德,關渡,2743
橋和,新埔,2739
淡水,秀朗橋,2737
幸福,唭哩岸,2737
先嗇宮,中和,2735
東門,秀朗橋,2732
中原,小南門,2730
竹圍,文德,2725
中和,東湖,2724
橋和,大直,2723
圓山,十四張,2720
新埔民生,小碧潭,2716
新莊,新埔,2711
民權西路,中和,2702
奇岩,文德,2700
景平,忠義,2699
忠孝復興,十四張,2691
新北產業園區,大安森林公園,2682
頂埔,萬芳社區,2679
板新,大安森林公園,2679
文德,小碧潭,2669
三重,幸福,2667
小碧潭,葫洲,2666
劍潭,秀朗橋,2665
松山機場,小碧潭,2660
新埔民生,西門,2651
萬隆,中原,2651
新埔民生,府中,2646
Y板橋,東門,2640
大湖公園,關渡,2639
萬芳社區,竹圍,2638
海山,頭前庄,2637
西門,板新,2631
善導寺,景平,2628
國父紀念館,中和,2624
輔大,橋和,2619
新北投,文德,2619
菜寮,橋和,2616
府中,橋和,2614
十四張,松山機場,2608
江子翠,橋和,2606
奇岩,大直,2604
文德,竹圍,2603
江子翠,十四張,2600
新莊,十四張,2600
唭哩岸,辛亥,2594
新北產業園區,明德,2585
板新,紅樹林,2580
辛亥,唭哩岸,2575
中和,木柵,2569
小碧潭,忠義,2561
石牌,中和,2558
中和,文德,2553
新埔民生,台北車站,2545
幸福,內湖,2544
辛亥,公館,2541
大橋頭站,板新,2539
大安,景平,2538
士林,景平,2537
板新,中山國中,2536
大湖公園,頭前庄,2535
秀朗橋,新北投,2534
板新,明德,2527
新北投,大湖公園,2524
頂埔,景平,2522
新埔民生,新埔民生,2521
板新,南港,2516
萬芳社區,新北投,2514
中和,BL板橋,2513
忠孝復興,中原,2513
松山機場,復興崗,2511
十四張,六張犁,2505
板新,新埔,2501
文德,新北投,2500
忠孝復興,秀朗橋,2500
南港軟體園區,先嗇宮,2496
十四張,東湖,2493
新店區公所,木柵,2491
木柵,七張,2488
小碧潭,松山機場,2486
木柵,景美,2483
景平,秀朗橋,2482
台北車站,橋和,2478
南港軟體園區,象山,2474
先嗇宮,大湖公園,2470
三重,橋和,2467
北門,秀朗橋,2466
新北產業園區,科技大樓,2460
中山,中原,2454
三重,中和,2453
景平,文德,2451
東門,板新,2451
民權西路,景平,2450
中原,葫洲,2441
景平,景平,2440
橋和,唭哩岸,2435
板新,台大醫院,2433
大直,唭哩岸,2433
新店區公所,幸福,2431
大坪林,辛亥,2430
台北橋,中原,2425
萬芳社區,忠義,2424
關渡,文德,2417
台北小巨蛋,中和,2417
行天宮,橋和,2417
西湖,復興崗,2411
石牌,十四張,2400
中和,麟光,2398
龍山寺,景平,2395
橋和,內湖,2392
士林,中和,2383
景平,竹圍,2370
大安,十四張,2370
南港展覽館,中和,2369
龍山寺,頭前庄,2366
象山,中和,2362
頂埔,中原,2356
新莊,景平,2354
江子翠,景平,2347
新店區公所,秀朗橋,2333
公館,橋和,2328
松江南京,新北產業園區,2328
圓山,幸福,2323
府中,板新,2316
板新,科技大樓,2313
萬隆,六張犁,2312
頂溪,新埔民生,2311
Y板橋,淡水,2307
南港展覽館,中原,2306
行天宮,板新,2304
文德,奇岩,2303
市政府,橋和,2299
明德,大湖公園,2297
菜寮,十四張,2297
十四張,唭哩岸,2295
忠義,木柵,2295
秀朗橋,景平,2290
海山,板新,2290
象山,南港軟體園區,2288
竹圍,萬芳社區,2287
大湖公園,奇岩,2279
秀朗橋,忠義,2279
新北產業園區,港墘,2277
中原,關渡,2275
中山國中,忠義,2271
南京復興,中原,2266
幸福,松山機場,2264
Y板橋,松江南京,2264
民權西路,十四張,2256
善導寺,幸福,2242
橋和,竹圍,2236
芝山,幸福,2236
萬芳社區,台電大樓,2230
辛亥,台電大樓,2224
關渡,大湖公園,2223
大橋頭站,新北產業園區,2222
大湖公園,新北投,2218
新北產業園區,動物園,2214
永寧,中和,2214
板新,劍南路,2207
頂埔,幸福,2201
新北產業園區,東湖,2199
新北產業園區,奇岩,2194
民權西路,板新,2193
淡水,中原,2188
秀朗橋,南港軟體園區,2188
淡水,橋和,2183
新店,新埔民生,2181
十四張,文德,2181
小南門,十四張,2178
Y板橋,台電大樓,2178
石牌,景平,2170
新北產業園區,象山,2167
景平,新北投,2158
頭前庄,新埔,2157
台北橋,橋和,2151
松江南京,板新,2146
忠孝新生,橋和,2139
亞東醫院,板新,2138
土城,景安,2136
萬隆,秀朗橋,2133
奇岩,大湖公園,2129
新店區公所,頭前庄,2126
徐匯中學,十四張,2123
忠義,小碧潭,2122
亞東醫院,秀朗橋,2119
忠孝敦化,中原,2117
大湖公園,明德,2116
圓山,中和,2110
三重國小,Y板橋,2109
辛亥,大坪林,2109
秀朗橋,大直,2107
景美,木柵,2103
民權西路,秀朗橋,2102
西門,橋和,2102
Y板橋,江子翠,2098
忠義,松山機場,2091
十四張,動物園,2089
中山國小,十四張,2086
龍山寺,秀朗橋,2083
中原,竹圍,2082
善導寺,秀朗橋,2081
台北橋,十四張,2079
三和國中,幸福,2077
芝山,十四張,2073
古亭,新北產業園區,2072
十四張,復興崗,2067
松山機場,先嗇宮,2064
忠孝敦化,十四張,2058
唭哩岸,萬芳社區,2053
動物園,忠義,2051
台電大樓,中原,2051
新北產業園區,劍南路,2047
國父紀念館,景平,2046
台北小巨蛋,秀朗橋,2045
先嗇宮,松山機場,2042
三重國小,十四張,2039
永寧,景平,2037
辛亥,七張,2036
辛亥,忠義,2035
南京三民,中原,2034
橋和,六張犁,2034
台電大樓,幸福,2033
板新,松山,2029
小碧潭,大湖公園,2029
大橋頭站,中和,2028
台北101/世貿,橋和,2022
七張,頭前庄,2016
新埔,先嗇宮,2009
板新,北投,2005
十四張,葫洲,2005
忠義,西湖,2001
江子翠,頭前庄,2001
忠孝復興,新北產業園區,1998
信義安和,景平,1991
亞東醫院,頭前庄,1988
永春,景平,1986
新北投,萬芳社區,1983
港墘,忠義,1980
萬芳醫院,萬隆,1977
雙連,景平,1977
板新,六張犁,1969
善導寺,十四張,1968
大橋頭站,景平,1965
芝山,景平,1965
公館,新北產業園區,1963
松江南京,橋和,1962
萬隆,板新,1961
中原,南港軟體園區,1961
雙連,中和,1954
士林,秀朗橋,1953
萬隆,動物園,1953
新北產業園區,內湖,1941
景平,東湖,1940
公館,萬芳社區,1938
木柵,忠義,1937
台北橋,中和,1927
蘆洲,十四張,1917
公館,Y板橋,1916
麟光,小碧潭,1915
萬芳社區,公館,1912
忠孝敦化,秀朗橋,1901
信義安和,十四張,1900
信義安和,中原,1899
頭前庄,大湖公園,1892
台電大樓,萬芳社區,1883
圓山,景平,1880
十四張,忠義,1867
景平,六張犁,1866
大安,秀朗橋,1866
永安市場,秀朗橋,1863
中山國小,板新,1863
徐匯中學,Y板橋,1857
淡水,新北產業園區,1857
劍潭,中原,1854
動物園,小碧潭,1853
景平,南港軟體園區,1851
石牌,中原,1849
Y板橋,海山,1847
麟光,萬隆,1845
永寧,中原,1840
三和國中,Y板橋,1839
先嗇宮,景平,1837
三重國小,幸福,1835
迴龍,秀朗橋,1834
動物園,萬隆,1834
萬芳社區,復興崗,1832
忠義,港墘,1832
小碧潭,麟光,1828
雙連,十四張,1827
徐匯中學,幸福,1821
新埔民生,江子翠,1818
中山國小,新北產業園區,1818
東湖,復興崗,1813
圓山,秀朗橋,1811
萬芳社區,頭前庄,1810
秀朗橋,內湖,1806
Y板橋,中山,1806
南港展覽館,新北產業園區,1802
東門,橋和,1799
先嗇宮,新北產業園區,1792
三民高中,幸福,1792
七張,木柵,1786
松山,幸福,1785
三和國中,十四張,1783
石牌,秀朗橋,1783
中原,動物園,1783
幸福,木柵,1781
大湖公園,小碧潭,1781
士林,中原,1771
象山,十四張,1771
民權西路,新北產業園區,1764
三重,十四張,1762
中山國小,中原,1761
萬芳醫院,小碧潭,1759
景平,動物園,1759
Y板橋,忠孝新生,1758
唭哩岸,大直,1755
萬隆,麟光,1753
先嗇宮,新埔,1750
北門,景平,1749
江子翠,中原,1745
三和國中,中原,1742
菜寮,新北產業園區,1741
復興崗,東湖,1734
Y板橋,亞東醫院,1734
土城,中原,1733
大橋頭站,十四張,1732
板新,板新,1726
幸福,新埔,1726
忠孝新生,新北產業園區,1722
新北產業園區,萬芳醫院,1722
幸福,忠義,1718
Y板橋,市政府,1717
先嗇宮,幸福,1717
Y板橋,劍潭,1713
松山機場,忠義,1712
大安,中原,1707
東湖,忠義,1706
象山,幸福,1702
西湖,忠義,1697
善導寺,中和,1696
萬隆,萬芳醫院,1695
Y板橋,龍山寺,1693
海山,秀朗橋,1690
萬隆,幸福,1690
民權西路,中原,1690
板新,關渡,1689
忠孝復興,橋和,1688
橋和,麟光,1685
蘆洲,景平,1683
復興崗,木柵,1680
劍潭,新北產業園區,1677
Y板橋,台北101/世貿,1673
橋和,中山國中,1670
忠孝復興,板新,1664
辛亥,頭前庄,1662
頂埔,中和,1662
龍山寺,中和,1647
小南門,秀朗橋,1645
中和,辛亥,1643
大安森林公園,中和,1642
中原,新北投,1637
永春,幸福,1631
三民高中,十四張,1629
新埔民生,淡水,1627
新北產業園區,南港軟體園區,1627
關渡,幸福,1626
南京三民,橋和,1625
葫洲,忠義,1624
三民高中,中原,1621
永春,中和,1619
秀朗橋,復興崗,1619
大安森林公園,十四張,1618
民權西路,橋和,1614
小南門,景平,1613
象山,景平,1612
台北車站,新北產業園區,1605
西湖,幸福,1598
徐匯中學,中原,1595
板新,動物園,1595
永寧,十四張,1591
復興崗,萬芳社區,1591
大安森林公園,景平,1590
丹鳳,秀朗橋,1590
小碧潭,動物園,1588
蘆洲,中原,1588
秀朗橋,文德,1576
大直,復興崗,1574
忠義,南港軟體園區,1574
新北產業園區,竹圍,1573
新莊,橋和,1561
萬芳社區,唭哩岸,1559
三和國中,景平,1554
新埔民生,古亭,1553
Y板橋,新埔,1544
新北產業園區,唭哩岸,1541
十四張,南港軟體園區,1541
忠孝新生,板新,1536
新店,辛亥,1536
西湖,景平,1534
士林,新北產業園區,1532
景美,辛亥,1532
三重國小,景平,1530
萬隆,Y板橋,1527
復興崗,大直,1527
南港展覽館,十四張,1519
後山埤,中原,1518
中原,文德,1514
國父紀念館,新北產業園區,1509
木柵,復興崗,1508
台電大樓,橋和,1507
新北產業園區,關渡,1504
中和,南港軟體園區,1504
頭前庄,辛亥,1504
橋和,奇岩,1502
辛亥,新店,1499
橋和,關渡,1495
國父紀念館,秀朗橋,1490
菜寮,景平,1490
新埔民生,公館,1489
中原,中原,1486
國父紀念館,十四張,1482
龍山寺,中原,1479
三民高中,Y板橋,1479
秀朗橋,萬芳醫院,1473
三重,景平,1472
頂埔,頭前庄,1472
三民高中,橋和,1470
善導寺,中原,1468
七張,新埔民生,1467
板新,大直,1467
新北產業園區,台大醫院,1467
橋和,小南門,1466
東門,新北產業園區,1463
新埔民生,萬隆,1458
辛亥,復興崗,1457
台北橋,新北產業園區,1450
新埔民生,海山,1442
忠孝敦化,新北產業園區,1437
Y板橋,士林,1436
新北產業園區,文德,1430
唭哩岸,大湖公園,1429
台北101/世貿,新北產業園區,1426
三和國中,橋和,1418
新莊,秀朗橋,1414
新埔民生,BL板橋,1413
七張,辛亥,1409
景平,唭哩岸,1408
秀朗橋,竹圍,1408
台北橋,景平,1407
大安,板新,1402
幸福,復興崗,1401
永寧,秀朗橋,1401
秀朗橋,松山機場,1399
三民高中,板新,1399
雙連,秀朗橋,1398
港墘,景平,1398
北投,十四張,1397
辛亥,新店區公所,1394
景美,新埔民生,1393
南港,景平,1393
南港展覽館,橋和,1393
蘆洲,幸福,1391
文德,復興崗,1389
永春,新北產業園區,1389
幸福,文德,1384
大湖公園,竹圍,1382
秀朗橋,唭哩岸,1379
忠義,萬芳社區,1379
頂埔,秀朗橋,1377
忠義,劍南路,1376
萬隆,頭前庄,1374
十四張,萬芳醫院,1373
永春,十四張,1373
台北101/世貿,板新,1371
景平,木柵,1371
中山國小,橋和,1369
南港,中和,1363
台北小巨蛋,中原,1362
徐匯中學,中和,1359
芝山,中原,1354
頂埔,橋和,1352
新埔民生,亞東醫院,1347
中山,橋和,1344
小碧潭,南港軟體園區,1341
幸福,麟光,1340
劍南路,景平,1336
北投,景平,1335
國父紀念館,中原,1333
三和國中,板新,1332
芝山,新北產業園區,1330
三和國中,新北產業園區,1329
徐匯中學,新北產業園區,1326
永寧,橋和,1324
徐匯中學,板新,1323
大安森林公園,幸福,1317
中原,橋和,1317
復興崗,辛亥,1317
中山國小,秀朗橋,1316
Y板橋,BL板橋,1307
新北產業園區,新北投,1306
中山,板新,1306
昆陽,景平,1302
小碧潭,板新,1300
新北產業園區,葫洲,1296
木柵,萬隆,1294
忠義,東湖,1289
科技大樓,幸福,1287
劍潭,橋和,1286
江子翠,板新,1285
西湖,十四張,1284
十四張,大湖公園,1282
秀朗橋,動物園,1274
中正紀念堂,中原,1270
土城,十四張,1269
蘆洲,板新,1269
Y板橋,圓山,1268
板新,奇岩,1266
南港展覽館,秀朗橋,1265
南港,幸福,1262
橋和,葫洲,1259
土城,景平,1258
秀朗橋,科技大樓,1256
土城,幸福,1256
大湖公園,唭哩岸,1252
北投,中原,1247
永寧,頭前庄,1246
土城,中和,1245
後山埤,十四張,1245
昆陽,中和,1242
中原,萬芳醫院,1241
永春,秀朗橋,1240
南勢角,景平,1235
新店區公所,新埔民生,1235
中和,復興崗,1234
小碧潭,萬芳醫院,1234
頂埔,板新,1234
大橋頭站,秀朗橋,1233
橋和,橋和,1230
景平,復興崗,1229
芝山,中和,1224
忠孝敦化,橋和,1219
芝山,秀朗橋,1217
港墘,中和,1216
竹圍,大湖公園,1214
新埔民生,市政府,1214
板新,萬芳醫院,1213
新埔民生,龍山寺,1213
徐匯中學,橋和,1211
劍南路,忠義,1211
新北產業園區,北門,1210
蘆洲,橋和,1208
芝山,橋和,1207
Y板橋,石牌,1201
西湖,中和,1200
木柵,小碧潭,1200
三民高中,景平,1198
頭前庄,萬芳社區,1197
新埔民生,松江南京,1197
辛亥,景美,1196
新店區公所,辛亥,1192
昆陽,幸福,1191
大橋頭站,橋和,1190
三重國小,板新,1189
忠義,葫洲,1185
新北產業園區,小南門,1183
三民高中,中和,1182
永春,中原,1180
中和,忠義,1180
南港軟體園區,忠義,1179
蘆洲,中和,1176
象山,中原,1173
石牌,新北產業園區,1161
淡水,板新,1160
北投,幸福,1158
信義安和,秀朗橋,1157
南京復興,板新,1155
台大醫院,幸福,1152
劍潭,板新,1151
中原,松山機場,1147
橋和,中原,1146
中和,萬芳社區,1143
新埔民生,中山,1139
港墘,幸福,1131
橋和,新北投,1130
先嗇宮,中原,1123
十四張,木柵,1122
南勢角,秀朗橋,1122
頂埔,十四張,1118
忠孝敦化,板新,1117
忠義,辛亥,1115
象山,秀朗橋,1113
萬芳社區,大坪林,1112
南京復興,新北產業園區,1109
中和,大湖公園,1106
中原,麟光,1105
秀朗橋,葫洲,1104
蘆洲,Y板橋,1100
橋和,大湖公園,1094
板新,小南門,1091
江子翠,秀朗橋,1090
信義安和,橋和,1085
Y板橋,中正紀念堂,1085
小碧潭,新北產業園區,1076
景平,萬芳醫院,1072
信義安和,板新,1067
大安,橋和,1065
明德,幸福,1065
新埔民生,新埔,1063
北門,中和,1056
大安,新北產業園區,1051
後山埤,景平,1044
景平,大湖公園,1039
徐匯中學,景平,1034
新北產業園區,中山國中,1032
台北小巨蛋,橋和,1028
台電大樓,新北產業園區,1028
三重國小,中和,1019
Y板橋,六張犁,1019
新埔民生,南京三民,1018
松山,新北產業園區,1017
景平,麟光,1015
小南門,幸福,1014
板新,新北投,1014
大安森林公園,秀朗橋,1012
秀朗橋,東湖,1011
後山埤,新北產業園區,1011
南京三民,新北產業園區,1009
小碧潭,幸福,1007
六張犁,幸福,1007
台北小巨蛋,板新,1001
松山,中原,995
Y板橋,永寧,994
三重,秀朗橋,994
國父紀念館,橋和,990
三重國小,橋和,988
雙連,中原,986
Y板橋,紅樹林,986
後山埤,幸福,980
Y板橋,忠孝復興,978
十四張,麟光,978
昆陽,新北產業園區,976
板新,唭哩岸,974
圓山,新北產業園區,974
三重國小,中原,971
先嗇宮,十四張,969
新北產業園區,大直,968
三和國中,中和,967
後山埤,中和,965
明德,中原,963
土城,板新,962
小碧潭,木柵,958
中原,復興崗,958
明德,十四張,951
新埔民生,劍潭,941
橋和,文德,940
板新,松山機場,935
三民高中,新北產業園區,934
士林,板新,932
劍南路,幸福,930
台電大樓,板新,929
龍山寺,橋和,929
Y板橋,南京復興,928
南港,十四張,923
松山,橋和,921
劍南路,中和,919
萬芳社區,新店,918
新埔民生,永寧,917
明德,中和,914
Y板橋,松山,913
北投,中和,913
芝山,板新,908
中山國小,新埔民生,901
新北產業園區,復興崗,899
信義安和,新北產業園區,897
土城,橋和,897
新埔民生,士林,894
秀朗橋,六張犁,894
小南門,中和,893
北投,橋和,891
小碧潭,中原,890
BL板橋,幸福,885
Y板橋,芝山,879
永春,橋和,878
南港,秀朗橋,874
徐匯中學,新埔民生,874
三和國中,新埔民生,873
南港,新北產業園區,867
行天宮,新埔民生,866
昆陽,中原,865
Y板橋,雙連,861
蘆洲,新埔民生,860
昆陽,十四張,859
新北產業園區,麟光,858
善導寺,板新,851
中山,新北產業園區,850
小碧潭,橋和,846
萬芳社區,七張,845
BL板橋,新北產業園區,842
石牌,橋和,832
Y板橋,土城,831
南京復興,橋和,827
板新,BL板橋,820
Y板橋,頂埔,820
台大醫院,中原,815
昆陽,橋和,812
永寧,板新,811
土城,頭前庄,808
台北小巨蛋,新北產業園區,803
紅樹林,十四張,803
東湖,中原,800
萬芳社區,新店區公所,796
國父紀念館,板新,796
港墘,中原,795
港墘,十四張,793
大直,十四張,792
大坪林,萬芳社區,789
新店,萬芳社區,783
新埔,中和,781
忠義,文德,778
新埔民生,石牌,775
大安森林公園,中原,775
劍南路,十四張,774
幸福,大湖公園,771
新北投,幸福,771
南港展覽館,板新,771
復興崗,文德,770
板新,木柵,769
中正紀念堂,橋和,768
石牌,板新,764
南京三民,板新,764
板新,內湖,759
中原,BL板橋,757
六張犁,中和,755
北投,新北產業園區,754
中山國中,中和,752
板新,南港軟體園區,747
板新,東湖,746
新埔民生,圓山,746
西湖,秀朗橋,743
大湖公園,復興崗,738
中山國中,景平,738
橋和,動物園,737
秀朗橋,木柵,736
雙連,橋和,735
昆陽,秀朗橋,735
奇岩,幸福,731
三重國小,秀朗橋,723
永春,板新,720
新埔,新北產業園區,715
圓山,中原,714
民權西路,Y板橋,713
圓山,橋和,711
新北產業園區,大湖公園,710
Y板橋,國父紀念館,709
紅樹林,新北產業園區,709
關渡,中和,707
紅樹林,景平,707
古亭,Y板橋,705
新埔民生,忠孝新生,705
板新,麟光,704
關渡,十四張,704
中山國中,十四張,703
文德,忠義,701
三重國小,新北產業園區,700
科技大樓,中和,700
行天宮,Y板橋,698
善導寺,新北產業園區,696
中山國小,Y板橋,691
新埔民生,忠孝復興,689
Y板橋,忠孝敦化,688
台大醫院,橋和,688
徐匯中學,秀朗橋,687
西湖,新北產業園區,686
幸福,辛亥,685
三重國小,新埔民生,684
萬芳社區,景美,683
南港,中原,680
新埔民生,東門,679
大直,忠義,678
劍南路,秀朗橋,675
新北產業園區,木柵,671
士林,橋和,670
Y板橋,台北小巨蛋,670
內湖,十四張,669
大直,中和,666
唭哩岸,中和,664
Y板橋,北投,664
中正紀念堂,新北產業園區,661
景美,萬芳社區,660
Y板橋,信義安和,659
動物園,幸福,658
三民高中,新埔民生,655
台北橋,秀朗橋,654
關渡,秀朗橋,654
先嗇宮,秀朗橋,652
三和國中,秀朗橋,652
六張犁,新北產業園區,647
明德,橋和,647
新埔,十四張,646
象山,橋和,646
西湖,橋和,646
圓山,板新,645
紅樹林,中和,644
港墘,秀朗橋,642
中原,辛亥,640
橋和,BL板橋,639
明德,景平,638
橋和,萬芳醫院,638
善導寺,橋和,637
紅樹林,橋和,635
西湖,中原,626
新埔,幸福,626
雙連,新北產業園區,624
雙連,板新,624
明德,秀朗橋,622
忠義,大直,620
新埔民生,芝山,618
秀朗橋,大湖公園,617
紅樹林,幸福,616
新北產業園區,忠義,614
Y板橋,南京三民,611
內湖,橋和,610
大湖公園,忠義,607
辛亥,小碧潭,607
土城,秀朗橋,606
科技大樓,景平,604
橋和,萬芳社區,601
大直,景平,601
新北產業園區,松山機場,600
龍山寺,板新,600
民權西路,新埔民生,600
Y板橋,動物園,599
復興崗,大湖公園,594
明德,新北產業園區,591
葫洲,中原,590
港墘,板新,590
BL板橋,頭前庄,586
南港,橋和,583
辛亥,萬隆,583
內湖,中原,581
奇岩,中原,576
內湖,中和,576
七張,萬芳社區,575
萬隆,木柵,572
BL板橋,十四張,571
竹圍,幸福,571
Y板橋,大安森林公園,564
奇岩,新北產業園區,563
劍南路,中原,563
西湖,板新,560
中原,忠義,558
大安森林公園,橋和,556
北投,秀朗橋,556
科技大樓,十四張,556
北門,橋和,554
菜寮,秀朗橋,554
中山國中,中原,552
新埔民生,土城,551
橋和,松山機場,551
小碧潭,頭前庄,551
象山,板新,550
奇岩,十四張,548
科技大樓,中原,548
蘆洲,秀朗橋,547
Y板橋,大安,547
中山國中,秀朗橋,547
板新,文德,546
蘆洲,新北產業園區,546
北門,幸福,545
紅樹林,中原,541
BL板橋,中和,541
中山國中,幸福,541
三重,新北產業園區,541
中原,木柵,541
先嗇宮,橋和,541
萬芳醫院,中和,540
小碧潭,辛亥,540
中原,大湖公園,539
新埔民生,頂埔,536
小碧潭,新埔民生,536
動物園,中和,536
奇岩,景平,535
唭哩岸,新北產業園區,535
木柵,景平,533
Y板橋,北門,530
新埔,板新,529
萬隆,辛亥,529
港墘,橋和,528
中正紀念堂,板新,527
後山埤,板新,522
新埔民生,忠孝敦化,519
新店區公所,萬芳社區,518
板新,竹圍,518
象山,新北產業園區,514
大安森林公園,板新,513
新埔民生,台電大樓,512
中山國中,板新,510
橋和,忠義,506
北門,中原,506
唭哩岸,十四張,504
葫洲,景平,504
Y板橋,南港展覽館,499
木柵,中和,498
後山埤,秀朗橋,497
新埔民生,雙連,496
橋和,南港軟體園區,495
新埔民生,台北101/世貿,493
小南門,中原,492
紅樹林,秀朗橋,491
Y板橋,明德,489
南港軟體園區,幸福,486
後山埤,橋和,485
新北投,中和,484
新埔民生,國父紀念館,479
關渡,景平,478
萬芳醫院,幸福,475
大直,中原,475
Y板橋,象山,471
葫洲,中和,471
新埔民生,南港展覽館,465
板新,葫洲,464
十四張,辛亥,458
忠義,大湖公園,456
大直,秀朗橋,450
新埔民生,南京復興,449
秀朗橋,麟光,447
Y板橋,善導寺,446
六張犁,中原,439
葫洲,橋和,438
公館,新埔民生,437
明德,板新,434
新埔民生,紅樹林,433
葫洲,幸福,427
南港,板新,425
三民高中,秀朗橋,415
松山,板新,415
松山機場,中和,413
中原,萬芳社區,413
東湖,十四張,409
東門,Y板橋,408
竹圍,十四張,408
橋和,復興崗,406
唭哩岸,中原,406
新埔,頭前庄,406
東湖,景平,403
新北投,秀朗橋,403
唭哩岸,橋和,403
科技大樓,橋和,400
東湖,橋和,397
新北產業園區,萬芳社區,394
南港軟體園區,中原,394
昆陽,板新,391
新埔民生,松山,390
文德,中原,388
新埔民生,南港,387
景平,辛亥,387
南港軟體園區,新北產業園區,385
劍南路,板新,385
板新,大湖公園,383
新埔,景平,382
科技大樓,新北產業園區,381
板新,復興崗,381
幸福,萬芳社區,379
松山機場,景平,378
奇岩,中和,377
BL板橋,景平,377
東湖,幸福,373
復興崗,新北產業園區,366
台電大樓,Y板橋,365
關渡,中原,365
奇岩,秀朗橋,365
新北投,十四張,364
葫洲,十四張,360
文德,十四張,351
大安森林公園,新北產業園區,350
板新,忠義,350
唭哩岸,幸福,347
大直,幸福,347
港墘,新北產業園區,345
橋和,木柵,344
萬芳社區,小碧潭,344
東湖,新北產業園區,340
劍南路,橋和,339
關渡,新北產業園區,339
劍南路,新北產業園區,339
竹圍,橋和,334
六張犁,十四張,333
新埔民生,北投,332
新北產業園區,辛亥,329
萬隆,新埔民生,329
新埔民生,台北小巨蛋,326
忠義,十四張,325
新埔,秀朗橋,321
內湖,幸福,317
西門,Y板橋,317
北投,板新,316
Y板橋,台大醫院,316
竹圍,景平,315
科技大樓,板新,314
竹圍,中原,312
Y板橋,南港,311
新埔民生,中正紀念堂,310
大湖公園,橋和,309
北門,板新,306
麟光,中和,305
台北車站,Y板橋,302
小南門,板新,301
忠義,秀朗橋,299
竹圍,中和,299
關渡,橋和,298
新埔民生,信義安和,297
Y板橋,關渡,297
Y板橋,新北投,295
忠義,幸福,292
東湖,中和,292
BL板橋,板新,289
文德,新北產業園區,289
新北投,景平,288
動物園,十四張,283
復興崗,十四張,282
新埔,中原,280
奇岩,橋和,279
南港軟體園區,秀朗橋,279
麟光,新北產業園區,277
唭哩岸,景平,277
新埔民生,善導寺,277
古亭,新埔民生,274
萬芳社區,萬隆,273
北門,新北產業園區,271
南港軟體園區,中和,271
動物園,新北產業園區,269
唭哩岸,秀朗橋,267
Y板橋,永春,267
奇岩,板新,266
內湖,景平,266
新北投,中原,265
台大醫院,板新,265
新埔民生,明德,263
BL板橋,中原,261
松江南京,Y板橋,260
小南門,新北產業園區,259
秀朗橋,辛亥,259
復興崗,秀朗橋,253
紅樹林,板新,252
淡水,Y板橋,247
六張犁,板新,240
台北101/世貿,Y板橋,239
麟光,幸福,236
麟光,十四張,236
六張犁,橋和,232
新埔民生,北門,229
萬隆,萬芳社區,227
BL板橋,秀朗橋,226
小碧潭,萬芳社區,225
新埔民生,關渡,225
Y板橋,後山埤,223
Y板橋,科技大樓,223
Y板橋,昆陽,221
橋和,辛亥,220
忠孝新生,Y板橋,220
BL板橋,橋和,219
葫洲,新北產業園區,219
中正紀念堂,Y板橋,217
Y板橋,萬芳醫院,217
南港軟體園區,景平,216
中山國中,新北產業園區,214
竹圍,秀朗橋,213
Y板橋,竹圍,213
Y板橋,小南門,212
松山機場,十四張,212
板新,萬芳社區,211
Y板橋,奇岩,211
新埔,橋和,207
新北投,新北產業園區,207
Y板橋,劍南路,206
新埔民生,大安,206
新埔,新埔民生,206
小南門,橋和,206
中山,Y板橋,206
科技大樓,秀朗橋,204
六張犁,景平,204
新埔民生,永春,204
Y板橋,中山國中,201
劍潭,新埔民生,201
Y板橋,港墘,200
內湖,秀朗橋,199
內湖,新北產業園區,199
復興崗,中原,198
新埔民生,昆陽,197
木柵,新北產業園區,196
文德,景平,194
Y板橋,松山機場,193
松山機場,幸福,192
台北車站,新埔民生,191
台大醫院,新北產業園區,190
府中,Y板橋,189
木柵,幸福,189
新埔民生,後山埤,188
關渡,板新,186
動物園,中原,186
松江南京,新埔民生,183
劍潭,Y板橋,183
復興崗,中和,182
士林,Y板橋,181
文德,中和,181
大湖公園,十四張,177
萬芳醫院,新北產業園區,176
淡水,新埔民生,176
復興崗,幸福,173
東湖,板新,171
中山國中,橋和,170
西門,新埔民生,169
東門,新埔民生,168
板新,辛亥,168
新埔民生,新北投,168
府中,新埔民生,167
唭哩岸,板新,167
大直,橋和,166
動物園,橋和,166
松山機場,秀朗橋,166
木柵,秀朗橋,165
動物園,景平,163
Y板橋,唭哩岸,163
東湖,秀朗橋,162
南港軟體園區,板新,161
動物園,板新,161
麟光,中原,160
新埔民生,象山,158
松山機場,中原,158
新埔民生,竹圍,157
文德,幸福,157
新埔民生,大安森林公園,155
復興崗,景平,152
新埔民生,台大醫院,151
竹圍,新北產業園區,150
士林,新埔民生,149
忠義,景平,148
圓山,Y板橋,147
海山,新埔民生,147
萬芳醫院,景平,146
Y板橋,內湖,140
亞東醫院,新埔民生,140
辛亥,中和,139
萬芳醫院,橋和,138
萬芳醫院,秀朗橋,138
萬芳醫院,十四張,137
南港軟體園區,十四張,137
木柵,十四張,137
辛亥,幸福,137
新北投,板新,136
新埔民生,動物園,136
Y板橋,復興崗,135
忠義,新北產業園區,135
大湖公園,中和,134
Y板橋,西湖,132
Y板橋,大直,131
新埔民生,科技大樓,131
Y板橋,木柵,130
大直,板新,129
內湖,板新,126
動物園,秀朗橋,125
新北投,橋和,125
市政府,Y板橋,123
大安森林公園,Y板橋,121
新埔民生,中山國中,121
大湖公園,景平,120
大湖公園,幸福,117
文德,橋和,116
木柵,板新,116
六張犁,Y板橋,114
台北小巨蛋,Y板橋,114
萬芳社區,橋和,114
木柵,中原,112
景平,萬芳社區,112
忠孝復興,Y板橋,110
新埔民生,奇岩,110
大湖公園,中原,110
市政府,新埔民生,108
六張犁,秀朗橋,108
大湖公園,板新,107
萬芳醫院,中原,107
大安,Y板橋,106
文德,秀朗橋,106
新埔民生,唭哩岸,105
江子翠,新埔民生,105
圓山,新埔民生,104
新埔民生,小南門,104
中山,新埔民生,102
新埔民生,港墘,100
大湖公園,秀朗橋,99
萬芳醫院,板新,99
新埔民生,六張犁,99
南港軟體園區,橋和,99
十四張,萬芳社區,99
忠孝新生,新埔民生,98
南京復興,Y板橋,98
松山機場,板新,98
新埔民生,劍南路,98
BL板橋,Y板橋,96
新埔民生,萬芳醫院,95
忠義,中和,95
大直,新北產業園區,95
雙連,Y板橋,95
辛亥,景平,94
石牌,Y板橋,93
麟光,板新,93
Y板橋,東湖,91
南京三民,Y板橋,91
龍山寺,Y板橋,90
海山,Y板橋,90
BL板橋,新埔民生,89
葫洲,秀朗橋,89
新埔民生,內湖,88
石牌,新埔民生,88
亞東醫院,Y板橋,88
台電大樓,新埔民生,87
南京三民,新埔民生,87
Y板橋,忠義,86
麟光,橋和,86
Y板橋,麟光,86
萬芳社區,中和,85
台北101/世貿,新埔民生,84
松山機場,新北產業園區,83
新埔民生,大直,83
信義安和,Y板橋,82
松山,Y板橋,81
新埔,Y板橋,80
辛亥,中原,79
竹圍,板新,79
麟光,景平,78
Y板橋,葫洲,78
新埔民生,東湖,77
新埔民生,復興崗,77
忠義,板新,76
文德,板新,76
葫洲,板新,76
忠孝復興,新埔民生,74
新埔民生,西湖,74
芝山,新埔民生,74
Y板橋,文德,73
中正紀念堂,新埔民生,72
松山機場,橋和,71
江子翠,Y板橋,70
善導寺,Y板橋,67
象山,Y板橋,65
南港軟體園區,新埔民生,64
芝山,Y板橋,64
關渡,新埔民生,63
龍山寺,新埔民生,63
南京復興,新埔民生,61
忠孝敦化,Y板橋,59
大湖公園,新北產業園區,58
台大醫院,Y板橋,58
小南門,Y板橋,57
雙連,新埔民生,57
Y板橋,大湖公園,56
紅樹林,新埔民生,56
新埔民生,松山機場,56
北門,Y板橋,55
大安,新埔民生,53
永寧,Y板橋,53
大安森林公園,新埔民生,52
萬芳社區,幸福,52
永寧,新埔民生,51
Y板橋,辛亥,51
木柵,橋和,51
新埔民生,文德,50
新埔民生,忠義,50
信義安和,新埔民生,49
松山,新埔民生,48
秀朗橋,萬芳社區,48
國父紀念館,Y板橋,47
紅樹林,Y板橋,47
麟光,秀朗橋,46
永春,Y板橋,46
忠義,中原,45
復興崗,板新,44
新埔民生,麟光,43
辛亥,十四張,43
辛亥,新北產業園區,42
台北小巨蛋,新埔民生,40
新埔民生,木柵,40
南港展覽館,新埔民生,40
復興崗,橋和,39
Y板橋,南港軟體園區,39
南港展覽館,Y板橋,39
關渡,Y板橋,38
新北投,Y板橋,38
新埔民生,葫洲,37
動物園,Y板橋,37
忠孝敦化,新埔民生,37
辛亥,橋和,36
北投,Y板橋,36
頂埔,Y板橋,36
港墘,Y板橋,36
忠義,橋和,35
頂埔,新埔民生,35
國父紀念館,新埔民生,35
劍南路,新埔民生,34
土城,Y板橋,34
萬芳社區,十四張,34
新埔民生,大湖公園,34
台大醫院,新埔民生,33
北投,新埔民生,32
西湖,Y板橋,32
萬芳醫院,Y板橋,30
新北投,新埔民生,29
萬芳社區,中原,28
木柵,Y板橋,27
萬芳社區,景平,27
象山,新埔民生,27
Y板橋,萬芳社區,26
劍南路,Y板橋,26
辛亥,板新,26
竹圍,新埔民生,26
明德,Y板橋,26
辛亥,秀朗橋,25
科技大樓,Y板橋,25
善導寺,新埔民生,24
永春,新埔民生,22
新埔民生,辛亥,21
萬芳社區,秀朗橋,20
竹圍,Y板橋,20
南港,新埔民生,20
南港,Y板橋,20
新埔民生,南港軟體園區,19
昆陽,新埔民生,19
土城,新埔民生,19
小南門,新埔民生,19
西湖,新埔民生,19
唭哩岸,新埔民生,19
後山埤,Y板橋,18
新埔民生,萬芳社區,18
科技大樓,新埔民生,18
萬芳社區,新北產業園區,17
明德,新埔民生,16
北門,新埔民生,15
中山國中,Y板橋,15
奇岩,Y板橋,15
昆陽,Y板橋,15
松山機場,Y板橋,15
港墘,新埔民生,15
大直,Y板橋,14
動物園,新埔民生,14
奇岩,新埔民生,13
內湖,Y板橋,13
唭哩岸,Y板橋,13
萬芳社區,板新,13
後山埤,新埔民生,12
文德,Y板橋,11
六張犁,新埔民生,9
中山國中,新埔民生,9
復興崗,新埔民生,8
大湖公園,Y板橋,8
木柵,新埔民生,8
忠義,Y板橋,7
復興崗,Y板橋,7
萬芳醫院,新埔民生,6
內湖,新埔民生,6
辛亥,新埔民生,6
松山機場,新埔民生,5
文德,新埔民生,5
麟光,新埔民生,5
南港軟體園區,Y板橋,5
東湖,Y板橋,5
麟光,Y板橋,5
葫洲,Y板橋,5
葫洲,新埔民生,4
東湖,新埔民生,3
忠義,新埔民生,3
辛亥,Y板橋,3
大直,新埔民生,3
大湖公園,新埔民生,2
萬芳社區,新埔民生,1
萬芳社區,Y板橋,1
