station,hour,daytype,total_trips,avg_per_day
BL板橋,0,weekday,145279,163.79
BL板橋,0,weekend,89294,252.24
BL板橋,1,weekday,4243,4.78
BL板橋,1,weekend,2484,7.02
BL板橋,5,weekday,428,0.48
BL板橋,5,weekend,782,2.22
BL板橋,6,weekday,437483,493.22
BL板橋,6,weekend,97673,275.91
BL板橋,7,weekday,2262434,2550.66
BL板橋,7,weekend,240836,680.33
BL板橋,8,weekday,4878825,5500.37
BL板橋,8,weekend,466516,1317.84
BL板橋,9,weekday,2677786,3018.92
BL板橋,9,weekend,589099,1664.12
BL板橋,10,weekday,1641133,1850.21
BL板橋,10,weekend,723427,2043.58
BL板橋,11,weekday,1477424,1665.64
BL板橋,11,weekend,899231,2540.2
BL板橋,12,weekday,1542193,1738.66
BL板橋,12,weekend,875184,2472.27
BL板橋,13,weekday,1643034,1852.35
BL板橋,13,weekend,950085,2683.86
BL板橋,14,weekday,1480604,1669.23
BL板橋,14,weekend,931132,2630.32
BL板橋,15,weekday,1434987,1617.8
BL板橋,15,weekend,943359,2664.86
BL板橋,16,weekday,1668306,1880.84
BL板橋,16,weekend,977408,2761.04
BL板橋,17,weekday,2500685,2819.26
BL板橋,17,weekend,1088332,3074.38
BL板橋,18,weekday,3290651,3709.87
BL板橋,18,weekend,1034090,2921.16
BL板橋,19,weekday,2277579,2567.73
BL板橋,19,weekend,871837,2462.82
BL板橋,20,weekday,1524114,1718.28
BL板橋,20,weekend,813724,2298.66
BL板橋,21,weekday,1440727,1624.27
BL板橋,21,weekend,801221,2263.34
BL板橋,22,weekday,1208522,1362.48
BL板橋,22,weekend,680579,1922.54
BL板橋,23,weekday,493205,556.04
BL板橋,23,weekend,302718,855.14
Y板橋,0,weekday,21974,24.77
Y板橋,0,weekend,14438,40.79
Y板橋,1,weekday,76,0.09
Y板橋,1,weekend,48,0.14
Y板橋,5,weekday,2,0.0
Y板橋,5,weekend,3,0.01
Y板橋,6,weekday,27196,30.66
Y板橋,6,weekend,8071,22.8
Y板橋,7,weekday,138173,155.78
Y板橋,7,weekend,17405,49.17
Y板橋,8,weekday,221477,249.69
Y板橋,8,weekend,27025,76.34
Y板橋,9,weekday,140440,158.33
Y板橋,9,weekend,34126,96.4
Y板橋,10,weekday,81024,91.35
Y板橋,10,weekend,40631,114.78
Y板橋,11,weekday,72906,82.19
Y板橋,11,weekend,45209,127.71
Y板橋,12,weekday,79954,90.14
Y板橋,12,weekend,47285,133.57
Y板橋,13,weekday,93943,105.91
Y板橋,13,weekend,54448,153.81
Y板橋,14,weekday,90159,101.64
Y板橋,14,weekend,58969,166.58
Y板橋,15,weekday,100534,113.34
Y板橋,15,weekend,69819,197.23
Y板橋,16,weekday,125694,141.71
Y板橋,16,weekend,81565,230.41
Y板橋,17,weekday,210504,237.32
Y板橋,17,weekend,93532,264.21
Y板橋,18,weekday,310890,350.5
Y板橋,18,weekend,97486,275.38
Y板橋,19,weekday,223666,252.16
Y板橋,19,weekend,90705,256.23
Y板橋,20,weekday,156424,176.35
Y板橋,20,weekend,97248,274.71
Y板橋,21,weekday,158608,178.81
Y板橋,21,weekend,104563,295.38
Y板橋,22,weekday,163166,183.95
Y板橋,22,weekend,99827,282.0
Y板橋,23,weekday,74870,84.41
Y板橋,23,weekend,50479,142.6
七張,0,weekday,33407,37.66
七張,0,weekend,16030,45.28
七張,1,weekday,731,0.82
七張,1,weekend,339,0.96
七張,5,weekday,434,0.49
七張,5,weekend,351,0.99
七張,6,weekday,268887,303.14
七張,6,weekend,60308,170.36
七張,7,weekday,1275800,1438.33
七張,7,weekend,135238,382.03
七張,8,weekday,2186552,2465.11
七張,8,weekend,233833,660.55
七張,9,weekday,1226556,1382.81
七張,9,weekend,267306,755.1
七張,10,weekday,717459,808.86
七張,10,weekend,296177,836.66
七張,11,weekday,665530,750.32
七張,11,weekend,352489,995.73
七張,12,weekday,614188,692.43
七張,12,weekend,321354,907.78
七張,13,weekday,649421,732.15
七張,13,weekend,340195,961.0
七張,14,weekday,545660,615.17
七張,14,weekend,307453,868.51
七張,15,weekday,492067,554.75
七張,15,weekend,272430,769.58
七張,16,weekday,649657,732.42
七張,16,weekend,269315,760.78
七張,17,weekday,889020,1002.28
七張,17,weekend,310438,876.94
七張,18,weekday,1223253,1379.09
七張,18,weekend,266799,753.67
七張,19,weekday,787222,887.51
七張,19,weekend,188470,532.4
七張,20,weekday,425486,479.69
七張,20,weekend,146602,414.13
七張,21,weekday,365392,411.94
七張,21,weekend,130061,367.4
七張,22,weekday,267545,301.63
七張,22,weekend,99464,280.97
七張,23,weekday,115970,130.74
七張,23,weekend,52112,147.21
三和國中,0,weekday,24351,27.45
三和國中,0,weekend,14067,39.74
三和國中,1,weekday,355,0.4
三和國中,1,weekend,208,0.59
三和國中,5,weekday,189,0.21
三和國中,5,weekend,266,0.75
三和國中,6,weekday,422385,476.2
三和國中,6,weekend,89445,252.67
三和國中,7,weekday,1598945,1802.64
三和國中,7,weekend,150382,424.81
三和國中,8,weekday,2909735,3280.42
三和國中,8,weekend,234043,661.14
三和國中,9,weekday,1352097,1524.35
三和國中,9,weekend,266840,753.79
三和國中,10,weekday,723617,815.8
三和國中,10,weekend,302290,853.93
三和國中,11,weekday,531077,598.73
三和國中,11,weekend,316396,893.77
三和國中,12,weekday,475355,535.91
三和國中,12,weekend,270019,762.77
三和國中,13,weekday,462134,521.01
三和國中,13,weekend,276929,782.29
三和國中,14,weekday,359276,405.05
三和國中,14,weekend,235078,664.06
三和國中,15,weekday,309319,348.72
三和國中,15,weekend,194254,548.74
三和國中,16,weekday,420698,474.29
三和國中,16,weekend,184933,522.41
三和國中,17,weekday,457393,515.66
三和國中,17,weekend,207236,585.41
三和國中,18,weekday,577413,650.97
三和國中,18,weekend,174765,493.69
三和國中,19,weekday,336228,379.06
三和國中,19,weekend,115462,326.16
三和國中,20,weekday,199884,225.35
三和國中,20,weekend,86584,244.59
三和國中,21,weekday,182280,205.5
三和國中,21,weekend,76525,216.17
三和國中,22,weekday,138842,156.53
三和國中,22,weekend,58494,165.24
三和國中,23,weekday,68507,77.23
三和國中,23,weekend,33779,95.42
三民高中,0,weekday,20154,22.72
三民高中,0,weekend,11177,31.57
三民高中,1,weekday,282,0.32
三民高中,1,weekend,147,0.42
三民高中,5,weekday,80,0.09
三民高中,5,weekend,203,0.58
三民高中,6,weekday,348383,392.77
三民高中,6,weekend,73209,206.81
三民高中,7,weekday,1499058,1690.03
三民高中,7,weekend,142901,403.68
三民高中,8,weekday,2727112,3074.53
三民高中,8,weekend,224490,634.15
三民高中,9,weekday,1189620,1341.17
三民高中,9,weekend,235901,666.39
三民高中,10,weekday,654713,738.12
三民高中,10,weekend,267334,755.18
三民高中,11,weekday,481606,542.96
三民高中,11,weekend,290640,821.02
三民高中,12,weekday,449517,506.78
三民高中,12,weekend,259163,732.1
三民高中,13,weekday,453331,511.08
三民高中,13,weekend,266121,751.75
三民高中,14,weekday,359425,405.21
三民高中,14,weekend,221705,626.29
三民高中,15,weekday,282569,318.57
三民高中,15,weekend,180490,509.86
三民高中,16,weekday,472460,532.65
三民高中,16,weekend,171942,485.71
三民高中,17,weekday,483532,545.13
三民高中,17,weekend,195255,551.57
三民高中,18,weekday,439688,495.7
三民高中,18,weekend,155955,440.55
三民高中,19,weekday,262100,295.49
三民高中,19,weekend,105233,297.27
三民高中,20,weekday,166384,187.58
三民高中,20,weekend,81547,230.36
三民高中,21,weekday,170987,192.77
三民高中,21,weekend,70077,197.96
三民高中,22,weekday,147021,165.75
三民高中,22,weekend,56292,159.02
三民高中,23,weekday,60701,68.43
三民高中,23,weekend,29371,82.97
三重,0,weekday,49230,55.5
三重,0,weekend,26322,74.36
三重,1,weekday,1613,1.82
三重,1,weekend,822,2.32
三重,5,weekday,88,0.1
三重,5,weekend,118,0.33
三重,6,weekday,133082,150.04
三重,6,weekend,26799,75.7
三重,7,weekday,871654,982.7
三重,7,weekend,73638,208.02
三重,8,weekday,1563237,1762.39
三重,8,weekend,111488,314.94
三重,9,weekday,681599,768.43
三重,9,weekend,138719,391.86
三重,10,weekday,347436,391.7
三重,10,weekend,162977,460.39
三重,11,weekday,304405,343.18
三重,11,weekend,192221,543.0
三重,12,weekday,290199,327.17
三重,12,weekend,186702,527.41
三重,13,weekday,294115,331.58
三重,13,weekend,187090,528.5
三重,14,weekday,253604,285.91
三重,14,weekend,174639,493.33
三重,15,weekday,256065,288.69
三重,15,weekend,165916,468.69
三重,16,weekday,311099,350.73
三重,16,weekend,183329,517.88
三重,17,weekday,497503,560.88
三重,17,weekend,220222,622.1
三重,18,weekday,676369,762.54
三重,18,weekend,216922,612.77
三重,19,weekday,413615,466.31
三重,19,weekend,169634,479.19
三重,20,weekday,262324,295.74
三重,20,weekend,147603,416.96
三重,21,weekday,233384,263.12
三重,21,weekend,140958,398.19
三重,22,weekday,209526,236.22
三重,22,weekend,125498,354.51
三重,23,weekday,104221,117.5
三重,23,weekend,66757,188.58
三重國小,0,weekday,34215,38.57
三重國小,0,weekend,18510,52.29
三重國小,1,weekday,367,0.41
三重國小,1,weekend,241,0.68
三重國小,5,weekday,205,0.23
三重國小,5,weekend,223,0.63
三重國小,6,weekday,384506,433.49
三重國小,6,weekend,84911,239.86
三重國小,7,weekday,1465958,1652.71
三重國小,7,weekend,147037,415.36
三重國小,8,weekday,2275444,2565.33
三重國小,8,weekend,207928,587.37
三重國小,9,weekday,1268850,1430.5
三重國小,9,weekend,252699,713.84
三重國小,10,weekday,678033,764.41
三重國小,10,weekend,276271,780.43
三重國小,11,weekday,488347,550.56
三重國小,11,weekend,286978,810.67
三重國小,12,weekday,460224,518.85
三重國小,12,weekend,253578,716.32
三重國小,13,weekday,465277,524.55
三重國小,13,weekend,266185,751.94
三重國小,14,weekday,378633,426.87
三重國小,14,weekend,237997,672.31
三重國小,15,weekday,319562,360.27
三重國小,15,weekend,203229,574.09
三重國小,16,weekday,322558,363.65
三重國小,16,weekend,189425,535.1
三重國小,17,weekday,410667,462.98
三重國小,17,weekend,206285,582.73
三重國小,18,weekday,502927,567.0
三重國小,18,weekend,183061,517.12
三重國小,19,weekday,337458,380.45
三重國小,19,weekend,132180,373.39
三重國小,20,weekday,244627,275.79
三重國小,20,weekend,108798,307.34
三重國小,21,weekday,240263,270.87
三重國小,21,weekend,102447,289.4
三重國小,22,weekday,184477,207.98
三重國小,22,weekend,82033,231.73
三重國小,23,weekday,82840,93.39
三重國小,23,weekend,42803,120.91
中原,0,weekday,3242,3.66
中原,0,weekend,1018,2.88
中原,1,weekday,39,0.04
中原,1,weekend,25,0.07
中原,5,weekday,1,0.0
中原,5,weekend,6,0.02
中原,6,weekday,10765,12.14
中原,6,weekend,3149,8.9
中原,7,weekday,57251,64.54
中原,7,weekend,7349,20.76
中原,8,weekday,99892,112.62
中原,8,weekend,10057,28.41
中原,9,weekday,54472,61.41
中原,9,weekend,12696,35.86
中原,10,weekday,32688,36.85
中原,10,weekend,12884,36.4
中原,11,weekday,33302,37.54
中原,11,weekend,16017,45.25
中原,12,weekday,39699,44.76
中原,12,weekend,15672,44.27
中原,13,weekday,40310,45.45
中原,13,weekend,15949,45.05
中原,14,weekday,33608,37.89
中原,14,weekend,14361,40.57
中原,15,weekday,35751,40.31
中原,15,weekend,13532,38.23
中原,16,weekday,47965,54.08
中原,16,weekend,15205,42.95
中原,17,weekday,144344,162.73
中原,17,weekend,21855,61.74
中原,18,weekday,428258,482.82
中原,18,weekend,22710,64.15
中原,19,weekday,232233,261.82
中原,19,weekend,13477,38.07
中原,20,weekday,68101,76.78
中原,20,weekend,8307,23.47
中原,21,weekday,37263,42.01
中原,21,weekend,7602,21.47
中原,22,weekday,24545,27.67
中原,22,weekend,6506,18.38
中原,23,weekday,12916,14.56
中原,23,weekend,3676,10.38
中和,0,weekday,8457,9.53
中和,0,weekend,4170,11.78
中和,1,weekday,115,0.13
中和,1,weekend,77,0.22
中和,5,weekday,3,0.0
中和,5,weekend,17,0.05
中和,6,weekday,37557,42.34
中和,6,weekend,11017,31.12
中和,7,weekday,211669,238.63
中和,7,weekend,23655,66.82
中和,8,weekday,380955,429.49
中和,8,weekend,34996,98.86
中和,9,weekday,208122,234.64
中和,9,weekend,44844,126.68
中和,10,weekday,106615,120.2
中和,10,weekend,48208,136.18
中和,11,weekday,101691,114.65
中和,11,weekend,58623,165.6
中和,12,weekday,105165,118.56
中和,12,weekend,58618,165.59
中和,13,weekday,102808,115.91
中和,13,weekend,58204,164.42
中和,14,weekday,89288,100.66
中和,14,weekend,56464,159.5
中和,15,weekday,86017,96.98
中和,15,weekend,51663,145.94
中和,16,weekday,98011,110.5
中和,16,weekend,53819,152.03
中和,17,weekday,150307,169.46
中和,17,weekend,60665,171.37
中和,18,weekday,267132,301.16
中和,18,weekend,55801,157.63
中和,19,weekday,175739,198.13
中和,19,weekend,39173,110.66
中和,20,weekday,85265,96.13
中和,20,weekend,32428,91.6
中和,21,weekday,78179,88.14
中和,21,weekend,30033,84.84
中和,22,weekday,60929,68.69
中和,22,weekend,25362,71.64
中和,23,weekday,28984,32.68
中和,23,weekend,13587,38.38
中山,0,weekday,406512,458.3
中山,0,weekend,180851,510.88
中山,1,weekday,22714,25.61
中山,1,weekend,9572,27.04
中山,5,weekday,462,0.52
中山,5,weekend,576,1.63
中山,6,weekday,186455,210.21
中山,6,weekend,60067,169.68
中山,7,weekday,628311,708.36
中山,7,weekend,100522,283.96
中山,8,weekday,1297554,1462.86
中山,8,weekend,177813,502.3
中山,9,weekday,922309,1039.81
中山,9,weekend,250759,708.36
中山,10,weekday,779580,878.9
中山,10,weekend,329270,930.14
中山,11,weekday,972559,1096.46
中山,11,weekend,461064,1302.44
中山,12,weekday,1369146,1543.57
中山,12,weekend,642809,1815.84
中山,13,weekday,1804208,2034.06
中山,13,weekend,932557,2634.34
中山,14,weekday,2126296,2397.18
中山,14,weekend,1221165,3449.62
中山,15,weekday,2393461,2698.38
中山,15,weekend,1475771,4168.84
中山,16,weekday,2801831,3158.77
中山,16,weekend,1672862,4725.6
中山,17,weekday,3836370,4325.11
中山,17,weekend,1919034,5421.0
中山,18,weekday,5365297,6048.81
中山,18,weekend,1840658,5199.6
中山,19,weekday,4364980,4921.06
中山,19,weekend,1634316,4616.71
中山,20,weekday,3683952,4153.27
中山,20,weekend,1618898,4573.16
中山,21,weekday,4167680,4698.62
中山,21,weekend,1725936,4875.53
中山,22,weekday,3256557,3671.43
中山,22,weekend,1359205,3839.56
中山,23,weekday,1061413,1196.63
中山,23,weekend,483002,1364.41
中山國中,0,weekday,49166,55.43
中山國中,0,weekend,18865,53.29
中山國中,1,weekday,2160,2.44
中山國中,1,weekend,855,2.42
中山國中,5,weekday,50,0.06
中山國中,5,weekend,303,0.86
中山國中,6,weekday,153075,172.58
中山國中,6,weekend,38020,107.4
中山國中,7,weekday,717600,809.02
中山國中,7,weekend,74100,209.32
中山國中,8,weekday,1412100,1592.0
中山國中,8,weekend,130679,369.15
中山國中,9,weekday,778382,877.54
中山國中,9,weekend,158870,448.79
中山國中,10,weekday,424621,478.72
中山國中,10,weekend,176022,497.24
中山國中,11,weekday,426998,481.4
中山國中,11,weekend,214802,606.79
中山國中,12,weekday,479119,540.16
中山國中,12,weekend,217986,615.78
中山國中,13,weekday,502760,566.81
中山國中,13,weekend,234601,662.71
中山國中,14,weekday,445262,501.99
中山國中,14,weekend,228862,646.5
中山國中,15,weekday,438525,494.39
中山國中,15,weekend,215904,609.9
中山國中,16,weekday,501886,565.82
中山國中,16,weekend,223063,630.12
中山國中,17,weekday,882536,994.97
中山國中,17,weekend,248549,702.12
中山國中,18,weekday,1873518,2112.2
中山國中,18,weekend,219491,620.03
中山國中,19,weekday,1270004,1431.8
中山國中,19,weekend,165474,467.44
中山國中,20,weekday,669377,754.65
中山國中,20,weekend,136963,386.9
中山國中,21,weekday,583730,658.09
中山國中,21,weekend,133555,377.27
中山國中,22,weekday,400754,451.81
中山國中,22,weekend,101483,286.68
中山國中,23,weekday,132973,149.91
中山國中,23,weekend,44494,125.69
中山國小,0,weekday,155745,175.59
中山國小,0,weekend,65360,184.63
中山國小,1,weekday,6045,6.82
中山國小,1,weekend,2675,7.56
中山國小,5,weekday,568,0.64
中山國小,5,weekend,631,1.79
中山國小,6,weekday,226971,255.89
中山國小,6,weekend,71400,201.69
中山國小,7,weekday,716636,807.93
中山國小,7,weekend,109839,310.28
中山國小,8,weekday,1314885,1482.4
中山國小,8,weekend,173355,489.7
中山國小,9,weekday,869966,980.8
中山國小,9,weekend,222456,628.41
中山國小,10,weekday,579210,653.0
中山國小,10,weekend,248439,701.81
中山國小,11,weekday,553229,623.71
中山國小,11,weekend,285767,807.25
中山國小,12,weekday,615362,693.76
中山國小,12,weekend,291068,822.23
中山國小,13,weekday,607748,685.17
中山國小,13,weekend,288480,814.92
中山國小,14,weekday,573551,646.62
中山國小,14,weekend,293280,828.47
中山國小,15,weekday,590172,665.36
中山國小,15,weekend,286558,809.49
中山國小,16,weekday,890102,1003.5
中山國小,16,weekend,311225,879.17
中山國小,17,weekday,1426318,1608.02
中山國小,17,weekend,363922,1028.03
中山國小,18,weekday,2283301,2574.18
中山國小,18,weekend,353982,999.95
中山國小,19,weekday,1495844,1686.41
中山國小,19,weekend,286069,808.1
中山國小,20,weekday,877698,989.51
中山國小,20,weekend,242549,685.17
中山國小,21,weekday,805281,907.87
中山國小,21,weekend,241031,680.88
中山國小,22,weekday,638829,720.21
中山國小,22,weekend,204996,579.08
中山國小,23,weekday,318163,358.7
中山國小,23,weekend,126576,357.56
中正紀念堂,0,weekday,86198,97.18
中正紀念堂,0,weekend,35960,101.58
中正紀念堂,1,weekday,4772,5.38
中正紀念堂,1,weekend,1974,5.58
中正紀念堂,5,weekday,441,0.5
中正紀念堂,5,weekend,394,1.12
中正紀念堂,6,weekday,151070,170.32
中正紀念堂,6,weekend,38884,109.84
中正紀念堂,7,weekday,702575,792.08
中正紀念堂,7,weekend,87142,246.16
中正紀念堂,8,weekday,1328448,1497.69
中正紀念堂,8,weekend,161139,455.19
中正紀念堂,9,weekday,855536,964.53
中正紀念堂,9,weekend,229071,647.09
中正紀念堂,10,weekday,780689,880.15
中正紀念堂,10,weekend,331522,936.5
中正紀念堂,11,weekday,1038681,1171.0
中正紀念堂,11,weekend,469220,1325.48
中正紀念堂,12,weekday,1459374,1645.29
中正紀念堂,12,weekend,607695,1716.65
中正紀念堂,13,weekday,1285447,1449.21
中正紀念堂,13,weekend,617305,1743.8
中正紀念堂,14,weekday,1219521,1374.88
中正紀念堂,14,weekend,619818,1750.9
中正紀念堂,15,weekday,1355135,1527.77
中正紀念堂,15,weekend,660694,1866.37
中正紀念堂,16,weekday,2061550,2324.18
中正紀念堂,16,weekend,810851,2290.54
中正紀念堂,17,weekday,3748059,4225.55
中正紀念堂,17,weekend,999893,2824.56
中正紀念堂,18,weekday,3536044,3986.52
中正紀念堂,18,weekend,693072,1957.83
中正紀念堂,19,weekday,1679117,1893.03
中正紀念堂,19,weekend,380373,1074.5
中正紀念堂,20,weekday,1011203,1140.03
中正紀念堂,20,weekend,308403,871.19
中正紀念堂,21,weekday,1165644,1314.14
中正紀念堂,21,weekend,341817,965.58
中正紀念堂,22,weekday,1015635,1145.02
中正紀念堂,22,weekend,321190,907.32
中正紀念堂,23,weekday,253663,285.98
中正紀念堂,23,weekend,100438,283.72
丹鳳,0,weekday,17650,19.9
丹鳳,0,weekend,9856,27.84
丹鳳,1,weekday,389,0.44
丹鳳,1,weekend,241,0.68
丹鳳,5,weekday,108,0.12
丹鳳,5,weekend,158,0.45
丹鳳,6,weekday,226565,255.43
丹鳳,6,weekend,48965,138.32
丹鳳,7,weekday,1317734,1485.61
丹鳳,7,weekend,127050,358.9
丹鳳,8,weekday,2138362,2410.78
丹鳳,8,weekend,182602,515.82
丹鳳,9,weekday,1003107,1130.9
丹鳳,9,weekend,204647,578.1
丹鳳,10,weekday,521831,588.31
丹鳳,10,weekend,233120,658.53
丹鳳,11,weekday,375811,423.69
丹鳳,11,weekend,233223,658.82
丹鳳,12,weekday,328886,370.78
丹鳳,12,weekend,199802,564.41
丹鳳,13,weekday,332160,374.48
丹鳳,13,weekend,199175,562.64
丹鳳,14,weekday,251504,283.54
丹鳳,14,weekend,164586,464.93
丹鳳,15,weekday,204636,230.71
丹鳳,15,weekend,133792,377.94
丹鳳,16,weekday,227455,256.43
丹鳳,16,weekend,127063,358.94
丹鳳,17,weekday,383431,432.28
丹鳳,17,weekend,138585,391.48
丹鳳,18,weekday,436274,491.85
丹鳳,18,weekend,121886,344.31
丹鳳,19,weekday,228811,257.96
丹鳳,19,weekend,82314,232.53
丹鳳,20,weekday,131194,147.91
丹鳳,20,weekend,60392,170.6
丹鳳,21,weekday,112120,126.4
丹鳳,21,weekend,51035,144.17
丹鳳,22,weekday,94961,107.06
丹鳳,22,weekend,42982,121.42
丹鳳,23,weekday,50674,57.13
丹鳳,23,weekend,24356,68.8
亞東醫院,0,weekday,42714,48.16
亞東醫院,0,weekend,18296,51.68
亞東醫院,1,weekday,1319,1.49
亞東醫院,1,weekend,594,1.68
亞東醫院,5,weekday,172,0.19
亞東醫院,5,weekend,550,1.56
亞東醫院,6,weekday,614873,693.21
亞東醫院,6,weekend,120086,339.23
亞東醫院,7,weekday,2655543,2993.85
亞東醫院,7,weekend,216977,612.93
亞東醫院,8,weekday,4644873,5236.61
亞東醫院,8,weekend,375711,1061.33
亞東醫院,9,weekday,2330969,2627.92
亞東醫院,9,weekend,435017,1228.86
亞東醫院,10,weekday,1361728,1535.21
亞東醫院,10,weekend,491789,1389.23
亞東醫院,11,weekday,1173617,1323.13
亞東醫院,11,weekend,537947,1519.62
亞東醫院,12,weekday,1100393,1240.58
亞東醫院,12,weekend,479171,1353.59
亞東醫院,13,weekday,964702,1087.6
亞東醫院,13,weekend,461853,1304.67
亞東醫院,14,weekday,852778,961.42
亞東醫院,14,weekend,390752,1103.82
亞東醫院,15,weekday,904352,1019.56
亞東醫院,15,weekend,339690,959.58
亞東醫院,16,weekday,1060758,1195.89
亞東醫院,16,weekend,337052,952.12
亞東醫院,17,weekday,1499114,1690.09
亞東醫院,17,weekend,373341,1054.64
亞東醫院,18,weekday,1561442,1760.36
亞東醫院,18,weekend,280140,791.36
亞東醫院,19,weekday,1018072,1147.77
亞東醫院,19,weekend,190238,537.4
亞東醫院,20,weekday,570960,643.7
亞東醫院,20,weekend,141560,399.89
亞東醫院,21,weekday,426767,481.14
亞東醫院,21,weekend,120868,341.44
亞東醫院,22,weekday,256091,288.72
亞東醫院,22,weekend,85102,240.4
亞東醫院,23,weekday,118006,133.04
亞東醫院,23,weekend,48494,136.99
信義安和,0,weekday,164097,185.0
信義安和,0,weekend,76586,216.34
信義安和,1,weekday,12729,14.35
信義安和,1,weekend,8455,23.88
信義安和,5,weekday,113,0.13
信義安和,5,weekend,223,0.63
信義安和,6,weekday,148989,167.97
信義安和,6,weekend,50318,142.14
信義安和,7,weekday,575429,648.74
信義安和,7,weekend,90290,255.06
信義安和,8,weekday,1115353,1257.44
信義安和,8,weekend,141371,399.35
信義安和,9,weekday,716331,807.59
信義安和,9,weekend,172848,488.27
信義安和,10,weekday,476990,537.76
信義安和,10,weekend,192532,543.88
信義安和,11,weekday,512643,577.95
信義安和,11,weekend,233185,658.71
信義安和,12,weekday,599409,675.77
信義安和,12,weekend,252928,714.49
信義安和,13,weekday,660618,744.78
信義安和,13,weekend,284194,802.81
信義安和,14,weekday,655457,738.96
信義安和,14,weekend,308489,871.44
信義安和,15,weekday,660095,744.19
信義安和,15,weekend,302644,854.93
信義安和,16,weekday,809334,912.44
信義安和,16,weekend,302370,854.15
信義安和,17,weekday,1497300,1688.05
信義安和,17,weekend,336730,951.21
信義安和,18,weekday,3103056,3498.37
信義安和,18,weekend,331619,936.78
信義安和,19,weekday,2126447,2397.35
信義安和,19,weekend,293964,830.41
信義安和,20,weekday,1096337,1236.01
信義安和,20,weekend,297553,840.55
信義安和,21,weekday,1005663,1133.78
信義安和,21,weekend,314143,887.41
信義安和,22,weekday,765291,862.79
信義安和,22,weekend,254414,718.68
信義安和,23,weekday,376127,424.04
信義安和,23,weekend,153534,433.71
先嗇宮,0,weekday,16312,18.39
先嗇宮,0,weekend,6514,18.4
先嗇宮,1,weekday,474,0.53
先嗇宮,1,weekend,189,0.53
先嗇宮,5,weekday,47,0.05
先嗇宮,5,weekend,44,0.12
先嗇宮,6,weekday,72367,81.59
先嗇宮,6,weekend,17027,48.1
先嗇宮,7,weekday,325071,366.48
先嗇宮,7,weekend,32772,92.58
先嗇宮,8,weekday,508026,572.75
先嗇宮,8,weekend,39149,110.59
先嗇宮,9,weekday,249955,281.8
先嗇宮,9,weekend,45331,128.05
先嗇宮,10,weekday,131153,147.86
先嗇宮,10,weekend,50828,143.58
先嗇宮,11,weekday,115178,129.85
先嗇宮,11,weekend,56905,160.75
先嗇宮,12,weekday,125893,141.93
先嗇宮,12,weekend,57139,161.41
先嗇宮,13,weekday,132232,149.08
先嗇宮,13,weekend,56106,158.49
先嗇宮,14,weekday,118586,133.69
先嗇宮,14,weekend,53992,152.52
先嗇宮,15,weekday,129409,145.9
先嗇宮,15,weekend,56256,158.92
先嗇宮,16,weekday,174812,197.08
先嗇宮,16,weekend,64207,181.38
先嗇宮,17,weekday,480707,541.95
先嗇宮,17,weekend,83904,237.02
先嗇宮,18,weekday,1122638,1265.66
先嗇宮,18,weekend,76082,214.92
先嗇宮,19,weekday,506084,570.56
先嗇宮,19,weekend,50509,142.68
先嗇宮,20,weekday,180054,202.99
先嗇宮,20,weekend,33861,95.65
先嗇宮,21,weekday,123987,139.78
先嗇宮,21,weekend,34622,97.8
先嗇宮,22,weekday,80620,90.89
先嗇宮,22,weekend,28200,79.66
先嗇宮,23,weekday,36079,40.68
先嗇宮,23,weekend,13877,39.2
內湖,0,weekday,24813,27.97
內湖,0,weekend,10855,30.66
內湖,1,weekday,1202,1.36
內湖,1,weekend,584,1.65
內湖,5,weekday,170,0.19
內湖,5,weekend,220,0.62
內湖,6,weekday,133518,150.53
內湖,6,weekend,33388,94.32
內湖,7,weekday,852287,960.86
內湖,7,weekend,75431,213.08
內湖,8,weekday,1724571,1944.27
內湖,8,weekend,137487,388.38
內湖,9,weekday,913874,1030.3
內湖,9,weekend,172686,487.81
內湖,10,weekday,474446,534.89
內湖,10,weekend,194584,549.67
內湖,11,weekday,445032,501.73
內湖,11,weekend,247163,698.2
內湖,12,weekday,409531,461.7
內湖,12,weekend,241292,681.62
內湖,13,weekday,432478,487.57
內湖,13,weekend,260758,736.6
內湖,14,weekday,360560,406.49
內湖,14,weekend,235901,666.39
內湖,15,weekday,337465,380.46
內湖,15,weekend,213788,603.92
內湖,16,weekday,379426,427.76
內湖,16,weekend,208669,589.46
內湖,17,weekday,552625,623.03
內湖,17,weekend,238561,673.9
內湖,18,weekday,618084,696.83
內湖,18,weekend,197257,557.22
內湖,19,weekday,415896,468.88
內湖,19,weekend,134155,378.97
內湖,20,weekday,284506,320.75
內湖,20,weekend,98270,277.6
內湖,21,weekday,285127,321.45
內湖,21,weekend,88931,251.22
內湖,22,weekday,197922,223.14
內湖,22,weekend,63311,178.84
內湖,23,weekday,68787,77.55
內湖,23,weekend,26929,76.07
公館,0,weekday,220227,248.28
公館,0,weekend,81474,230.15
公館,1,weekday,9344,10.53
公館,1,weekend,3613,10.21
公館,5,weekday,199,0.22
公館,5,weekend,187,0.53
公館,6,weekday,257179,289.94
公館,6,weekend,71764,202.72
公館,7,weekday,791984,892.88
公館,7,weekend,123924,350.07
公館,8,weekday,1328081,1497.27
公館,8,weekend,200545,566.51
公館,9,weekday,948553,1069.39
公館,9,weekend,261915,739.87
公館,10,weekday,729691,822.65
公館,10,weekend,317276,896.26
公館,11,weekday,812898,916.46
公館,11,weekend,397486,1122.84
公館,12,weekday,1103699,1244.31
公館,12,weekend,500999,1415.25
公館,13,weekday,1189601,1341.15
公館,13,weekend,617391,1744.04
公館,14,weekday,1140470,1285.76
公館,14,weekend,630073,1779.87
公館,15,weekday,1308000,1474.63
公館,15,weekend,627390,1772.29
公館,16,weekday,1680683,1894.79
公館,16,weekend,737096,2082.19
公館,17,weekday,2722124,3068.91
公館,17,weekend,910919,2573.22
公館,18,weekday,3015698,3399.89
公館,18,weekend,823700,2326.84
公館,19,weekday,1941840,2189.22
公館,19,weekend,626593,1770.04
公館,20,weekday,1403403,1582.19
公館,20,weekend,542479,1532.43
公館,21,weekday,1433997,1616.68
公館,21,weekend,503433,1422.13
公館,22,weekday,1256786,1416.9
公館,22,weekend,409533,1156.87
公館,23,weekday,526633,593.72
公館,23,weekend,197738,558.58
六張犁,0,weekday,56091,63.24
六張犁,0,weekend,25420,71.81
六張犁,1,weekday,4198,4.73
六張犁,1,weekend,2606,7.36
六張犁,5,weekday,124,0.14
六張犁,5,weekend,87,0.25
六張犁,6,weekday,150218,169.36
六張犁,6,weekend,37702,106.5
六張犁,7,weekday,730581,823.65
六張犁,7,weekend,71936,203.21
六張犁,8,weekday,1468554,1655.64
六張犁,8,weekend,130694,369.19
六張犁,9,weekday,803501,905.86
六張犁,9,weekend,157611,445.23
六張犁,10,weekday,433086,488.26
六張犁,10,weekend,171437,484.29
六張犁,11,weekday,384669,433.67
六張犁,11,weekend,197119,556.83
六張犁,12,weekday,398335,449.08
六張犁,12,weekend,190811,539.01
六張犁,13,weekday,413563,466.25
六張犁,13,weekend,202914,573.2
六張犁,14,weekday,360309,406.21
六張犁,14,weekend,190249,537.43
六張犁,15,weekday,335881,378.67
六張犁,15,weekend,165934,468.74
六張犁,16,weekday,493261,556.1
六張犁,16,weekend,160934,454.62
六張犁,17,weekday,772352,870.75
六張犁,17,weekend,189831,536.25
六張犁,18,weekday,1168934,1317.85
六張犁,18,weekend,172905,488.43
六張犁,19,weekday,778639,877.83
六張犁,19,weekend,126454,357.21
六張犁,20,weekday,394761,445.05
六張犁,20,weekend,106170,299.92
六張犁,21,weekday,328851,370.75
六張犁,21,weekend,101988,288.1
六張犁,22,weekday,261639,294.97
六張犁,22,weekend,87642,247.58
六張犁,23,weekday,120032,135.32
六張犁,23,weekend,47795,135.01
劍南路,0,weekday,71499,80.61
劍南路,0,weekend,34812,98.34
劍南路,1,weekday,4097,4.62
劍南路,1,weekend,2253,6.36
劍南路,5,weekday,318,0.36
劍南路,5,weekend,180,0.51
劍南路,6,weekday,75037,84.6
劍南路,6,weekend,17353,49.02
劍南路,7,weekday,411939,464.42
劍南路,7,weekend,40414,114.16
劍南路,8,weekday,757840,854.39
劍南路,8,weekend,72167,203.86
劍南路,9,weekday,442413,498.77
劍南路,9,weekend,90516,255.69
劍南路,10,weekday,241964,272.79
劍南路,10,weekend,100053,282.64
劍南路,11,weekday,254090,286.46
劍南路,11,weekend,137587,388.66
劍南路,12,weekday,320801,361.67
劍南路,12,weekend,155747,439.96
劍南路,13,weekday,378267,426.46
劍南路,13,weekend,207221,585.37
劍南路,14,weekday,426629,480.98
劍南路,14,weekend,253443,715.94
劍南路,15,weekday,480383,541.58
劍南路,15,weekend,341276,964.06
劍南路,16,weekday,586993,661.77
劍南路,16,weekend,360886,1019.45
劍南路,17,weekday,973758,1097.81
劍南路,17,weekend,369396,1043.49
劍南路,18,weekday,1505521,1697.32
劍南路,18,weekend,323585,914.08
劍南路,19,weekday,1087701,1226.27
劍南路,19,weekend,263963,745.66
劍南路,20,weekday,622653,701.98
劍南路,20,weekend,243910,689.01
劍南路,21,weekday,735011,828.65
劍南路,21,weekend,319306,901.99
劍南路,22,weekday,730192,823.22
劍南路,22,weekend,314920,889.6
劍南路,23,weekday,228255,257.33
劍南路,23,weekend,106158,299.88
劍潭,0,weekday,217519,245.23
劍潭,0,weekend,121700,343.79
劍潭,1,weekday,8778,9.9
劍潭,1,weekend,4964,14.02
劍潭,5,weekday,534,0.6
劍潭,5,weekend,622,1.76
劍潭,6,weekday,374972,422.74
劍潭,6,weekend,90714,256.25
劍潭,7,weekday,1253933,1413.68
劍潭,7,weekend,173163,489.16
劍潭,8,weekday,1830293,2063.46
劍潭,8,weekend,284954,804.95
劍潭,9,weekday,1255804,1415.79
劍潭,9,weekend,352396,995.47
劍潭,10,weekday,944083,1064.36
劍潭,10,weekend,414237,1170.16
劍潭,11,weekday,949878,1070.89
劍潭,11,weekend,505339,1427.51
劍潭,12,weekday,1087620,1226.18
劍潭,12,weekend,489247,1382.05
劍潭,13,weekday,1019614,1149.51
劍潭,13,weekend,519512,1467.55
劍潭,14,weekday,967227,1090.45
劍潭,14,weekend,521223,1472.38
劍潭,15,weekday,1142295,1287.82
劍潭,15,weekend,534285,1509.28
劍潭,16,weekday,1744970,1967.27
劍潭,16,weekend,610198,1723.72
劍潭,17,weekday,2153473,2427.82
劍潭,17,weekend,764264,2158.94
劍潭,18,weekday,2478816,2794.61
劍潭,18,weekend,754807,2132.22
劍潭,19,weekday,1844140,2079.08
劍潭,19,weekend,699141,1974.97
劍潭,20,weekday,1375753,1551.02
劍潭,20,weekend,692603,1956.51
劍潭,21,weekday,1394919,1572.63
劍潭,21,weekend,684026,1932.28
劍潭,22,weekday,1128796,1272.6
劍潭,22,weekend,528233,1492.18
劍潭,23,weekday,568755,641.21
劍潭,23,weekend,311127,878.89
動物園,0,weekday,11327,12.77
動物園,0,weekend,3741,10.57
動物園,1,weekday,690,0.78
動物園,1,weekend,402,1.14
動物園,5,weekday,3,0.0
動物園,5,weekend,19,0.05
動物園,6,weekday,26777,30.19
動物園,6,weekend,5118,14.46
動物園,7,weekday,290957,328.02
動物園,7,weekend,20743,58.6
動物園,8,weekday,676790,763.01
動物園,8,weekend,42270,119.41
動物園,9,weekday,292643,329.92
動物園,9,weekend,52794,149.14
動物園,10,weekday,142286,160.41
動物園,10,weekend,63886,180.47
動物園,11,weekday,152643,172.09
動物園,11,weekend,98547,278.38
動物園,12,weekday,217327,245.01
動物園,12,weekend,137546,388.55
動物園,13,weekday,279801,315.45
動物園,13,weekend,178736,504.9
動物園,14,weekday,321493,362.45
動物園,14,weekend,221856,626.71
動物園,15,weekday,440664,496.8
動物園,15,weekend,283860,801.86
動物園,16,weekday,608872,686.44
動物園,16,weekend,372484,1052.21
動物園,17,weekday,833984,940.23
動物園,17,weekend,505470,1427.88
動物園,18,weekday,540386,609.23
動物園,18,weekend,285660,806.95
動物園,19,weekday,246710,278.14
動物園,19,weekend,131613,371.79
動物園,20,weekday,132954,149.89
動物園,20,weekend,92005,259.9
動物園,21,weekday,99818,112.53
動物園,21,weekend,68041,192.21
動物園,22,weekday,72532,81.77
動物園,22,weekend,33790,95.45
動物園,23,weekday,28868,32.55
動物園,23,weekend,12208,34.49
北投,0,weekday,41419,46.7
北投,0,weekend,19844,56.06
北投,1,weekday,2695,3.04
北投,1,weekend,1369,3.87
北投,5,weekday,342,0.39
北投,5,weekend,412,1.17
北投,6,weekday,412484,465.03
北投,6,weekend,79459,224.46
北投,7,weekday,1677136,1890.8
北投,7,weekend,165717,468.13
北投,8,weekday,2380998,2684.33
北投,8,weekend,279297,788.97
北投,9,weekday,1339318,1509.94
北投,9,weekend,326538,922.42
北投,10,weekday,887745,1000.84
北投,10,weekend,378922,1070.4
北投,11,weekday,845709,953.45
北投,11,weekend,457186,1291.49
北投,12,weekday,823810,928.76
北投,12,weekend,435894,1231.34
北投,13,weekday,839159,946.06
北投,13,weekend,446161,1260.34
北投,14,weekday,743182,837.86
北投,14,weekend,415238,1172.99
北投,15,weekday,661814,746.13
北投,15,weekend,369452,1043.65
北投,16,weekday,920124,1037.34
北投,16,weekend,373136,1054.06
北投,17,weekday,1201049,1354.06
北投,17,weekend,419831,1185.96
北投,18,weekday,1222642,1378.4
北投,18,weekend,355755,1004.96
北投,19,weekday,705068,794.89
北投,19,weekend,253168,715.16
北投,20,weekday,479702,540.81
北投,20,weekend,187467,529.57
北投,21,weekday,439659,495.67
北投,21,weekend,146571,414.04
北投,22,weekday,264357,298.03
北投,22,weekend,96561,272.77
北投,23,weekday,110590,124.68
北投,23,weekend,49209,139.01
北門,0,weekday,103082,116.21
北門,0,weekend,48746,137.7
北門,1,weekday,5238,5.91
北門,1,weekend,2650,7.49
北門,5,weekday,26,0.03
北門,5,weekend,87,0.25
北門,6,weekday,116385,131.21
北門,6,weekend,21742,61.42
北門,7,weekday,785667,885.76
北門,7,weekend,71340,201.53
北門,8,weekday,1694962,1910.89
北門,8,weekend,125695,355.07
北門,9,weekday,837289,943.96
北門,9,weekend,144642,408.59
北門,10,weekday,491699,554.34
北門,10,weekend,174777,493.72
北門,11,weekday,519517,585.7
北門,11,weekend,242154,684.05
北門,12,weekday,597157,673.23
北門,12,weekend,279621,789.89
北門,13,weekday,634959,715.85
北門,13,weekend,317416,896.66
北門,14,weekday,638806,720.19
北門,14,weekend,350448,989.97
北門,15,weekday,694419,782.89
北門,15,weekend,388999,1098.87
北門,16,weekday,851616,960.11
北門,16,weekend,440820,1245.25
北門,17,weekday,1432351,1614.83
北門,17,weekend,520611,1470.65
北門,18,weekday,1940830,2188.08
北門,18,weekend,483439,1365.65
北門,19,weekday,1214281,1368.98
北門,19,weekend,364238,1028.92
北門,20,weekday,687241,774.79
北門,20,weekend,298724,843.85
北門,21,weekday,581752,655.86
北門,21,weekend,282845,799.0
北門,22,weekday,400017,450.98
北門,22,weekend,201369,568.84
北門,23,weekday,205624,231.82
北門,23,weekend,102052,288.28
十四張,0,weekday,5487,6.19
十四張,0,weekend,2465,6.96
十四張,1,weekday,144,0.16
十四張,1,weekend,40,0.11
十四張,5,weekday,1,0.0
十四張,5,weekend,3,0.01
十四張,6,weekday,22062,24.87
十四張,6,weekend,4807,13.58
十四張,7,weekday,190270,214.51
十四張,7,weekend,15226,43.01
十四張,8,weekday,341693,385.22
十四張,8,weekend,27759,78.42
十四張,9,weekday,167884,189.27
十四張,9,weekend,32762,92.55
十四張,10,weekday,93049,104.9
十四張,10,weekend,42032,118.73
十四張,11,weekday,92066,103.79
十四張,11,weekend,55960,158.08
十四張,12,weekday,91849,103.55
十四張,12,weekend,54015,152.58
十四張,13,weekday,93837,105.79
十四張,13,weekend,52808,149.18
十四張,14,weekday,79495,89.62
十四張,14,weekend,49910,140.99
十四張,15,weekday,82000,92.45
十四張,15,weekend,48867,138.04
十四張,16,weekday,152064,171.44
十四張,16,weekend,52875,149.36
十四張,17,weekday,252615,284.8
十四張,17,weekend,61370,173.36
十四張,18,weekday,214492,241.82
十四張,18,weekend,49714,140.44
十四張,19,weekday,86853,97.92
十四張,19,weekend,25067,70.81
十四張,20,weekday,42590,48.02
十四張,20,weekend,13862,39.16
十四張,21,weekday,37108,41.84
十四張,21,weekend,11416,32.25
十四張,22,weekday,26828,30.25
十四張,22,weekend,8044,22.72
十四張,23,weekday,12953,14.6
十四張,23,weekend,5819,16.44
南京三民,0,weekday,95855,108.07
南京三民,0,weekend,33857,95.64
南京三民,1,weekday,13233,14.92
南京三民,1,weekend,3014,8.51
南京三民,5,weekday,115,0.13
南京三民,5,weekend,120,0.34
南京三民,6,weekday,188189,212.16
南京三民,6,weekend,48756,137.73
南京三民,7,weekday,882899,995.38
南京三民,7,weekend,111248,314.26
南京三民,8,weekday,1704574,1921.73
南京三民,8,weekend,184497,521.18
南京三民,9,weekday,957115,1079.05
南京三民,9,weekend,235363,664.87
南京三民,10,weekday,657862,741.67
南京三民,10,weekend,261913,739.87
南京三民,11,weekday,690102,778.02
南京三民,11,weekend,327799,925.99
南京三民,12,weekday,770459,868.61
南京三民,12,weekend,327777,925.92
南京三民,13,weekday,826133,931.38
南京三民,13,weekend,361319,1020.68
南京三民,14,weekday,776080,874.95
南京三民,14,weekend,333989,943.47
南京三民,15,weekday,783327,883.12
南京三民,15,weekend,317715,897.5
南京三民,16,weekday,1287633,1451.67
南京三民,16,weekend,344785,973.97
南京三民,17,weekday,2357834,2658.21
南京三民,17,weekend,436485,1233.01
南京三民,18,weekday,4086296,4606.87
南京三民,18,weekend,408018,1152.59
南京三民,19,weekday,2549903,2874.75
南京三民,19,weekend,288089,813.81
南京三民,20,weekday,1215533,1370.39
南京三民,20,weekend,222878,629.6
南京三民,21,weekday,979128,1103.86
南京三民,21,weekend,216383,611.25
南京三民,22,weekday,705528,795.41
南京三民,22,weekend,157273,444.27
南京三民,23,weekday,277407,312.75
南京三民,23,weekend,84585,238.94
南京復興,0,weekday,251023,283.0
南京復興,0,weekend,89584,253.06
南京復興,1,weekday,11824,13.33
南京復興,1,weekend,4391,12.4
南京復興,5,weekday,191,0.22
南京復興,5,weekend,1016,2.88
南京復興,6,weekday,232798,262.46
南京復興,6,weekend,79782,225.37
南京復興,7,weekday,1112712,1254.47
南京復興,7,weekend,134334,379.47
南京復興,8,weekday,1621185,1827.72
南京復興,8,weekend,194119,548.36
南京復興,9,weekday,1073309,1210.04
南京復興,9,weekend,254365,718.55
南京復興,10,weekday,838250,945.04
南京復興,10,weekend,317294,896.31
南京復興,11,weekday,984978,1110.46
南京復興,11,weekend,410485,1159.56
南京復興,12,weekday,1262909,1423.8
南京復興,12,weekend,481805,1361.03
南京復興,13,weekday,1367989,1542.26
南京復興,13,weekend,569012,1607.38
南京復興,14,weekday,1452634,1637.69
南京復興,14,weekend,609842,1722.72
南京復興,15,weekday,1458945,1644.81
南京復興,15,weekend,592310,1673.19
南京復興,16,weekday,1905093,2147.79
南京復興,16,weekend,642032,1813.65
南京復興,17,weekday,3714208,4187.38
南京復興,17,weekend,810776,2290.33
南京復興,18,weekday,7863591,8865.38
南京復興,18,weekend,734154,2073.88
南京復興,19,weekday,5113751,5765.22
南京復興,19,weekend,594917,1680.56
南京復興,20,weekday,2716281,3062.32
南京復興,20,weekend,533468,1506.97
南京復興,21,weekday,2508492,2828.06
南京復興,21,weekend,580798,1640.67
南京復興,22,weekday,1780364,2007.17
南京復興,22,weekend,447587,1264.37
南京復興,23,weekday,684527,771.73
南京復興,23,weekend,222992,629.92
南勢角,0,weekday,38628,43.55
南勢角,0,weekend,19143,54.08
南勢角,1,weekday,704,0.79
南勢角,1,weekend,441,1.25
南勢角,5,weekday,408,0.46
南勢角,5,weekend,488,1.38
南勢角,6,weekday,553067,623.53
南勢角,6,weekend,123077,347.68
南勢角,7,weekday,2369489,2671.35
南勢角,7,weekend,239798,677.4
南勢角,8,weekday,4742616,5346.8
南勢角,8,weekend,380103,1073.74
南勢角,9,weekday,2215795,2498.08
南勢角,9,weekend,445529,1258.56
南勢角,10,weekday,1132351,1276.61
南勢角,10,weekend,466916,1318.97
南勢角,11,weekday,851622,960.11
南勢角,11,weekend,499828,1411.94
南勢角,12,weekday,740336,834.65
南勢角,12,weekend,438356,1238.29
南勢角,13,weekday,777945,877.05
南勢角,13,weekend,452615,1278.57
南勢角,14,weekday,626464,706.27
南勢角,14,weekend,393690,1112.12
南勢角,15,weekday,523528,590.22
南勢角,15,weekend,333309,941.55
南勢角,16,weekday,530685,598.29
南勢角,16,weekend,323539,913.95
南勢角,17,weekday,673558,759.37
南勢角,17,weekend,352157,994.79
南勢角,18,weekday,732266,825.55
南勢角,18,weekend,293679,829.6
南勢角,19,weekday,484767,546.52
南勢角,19,weekend,205436,580.33
南勢角,20,weekday,319962,360.72
南勢角,20,weekend,151430,427.77
南勢角,21,weekday,309854,349.33
南勢角,21,weekend,127236,359.42
南勢角,22,weekday,229109,258.3
南勢角,22,weekend,94822,267.86
南勢角,23,weekday,117728,132.73
南勢角,23,weekend,55162,155.82
南港,0,weekday,70891,79.92
南港,0,weekend,39780,112.37
南港,1,weekday,1453,1.64
南港,1,weekend,708,2.0
南港,5,weekday,226,0.25
南港,5,weekend,805,2.28
南港,6,weekday,236943,267.13
南港,6,weekend,52549,148.44
南港,7,weekday,1431283,1613.62
南港,7,weekend,137813,389.3
南港,8,weekday,2787296,3142.39
南港,8,weekend,243086,686.68
南港,9,weekday,1599860,1803.68
南港,9,weekend,327901,926.27
南港,10,weekday,948741,1069.61
南港,10,weekend,411066,1161.2
南港,11,weekday,798456,900.18
南港,11,weekend,479296,1353.94
南港,12,weekday,825811,931.02
南港,12,weekend,445699,1259.04
南港,13,weekday,928011,1046.24
南港,13,weekend,509482,1439.21
南港,14,weekday,785137,885.16
南港,14,weekend,508624,1436.79
南港,15,weekday,771546,869.84
南港,15,weekend,529604,1496.06
南港,16,weekday,1183596,1334.38
南港,16,weekend,547535,1546.71
南港,17,weekday,1718089,1936.97
南港,17,weekend,601839,1700.11
南港,18,weekday,2363476,2664.57
南港,18,weekend,546654,1544.22
南港,19,weekday,1627307,1834.62
南港,19,weekend,436987,1234.43
南港,20,weekday,931842,1050.55
南港,20,weekend,414894,1172.02
南港,21,weekday,784225,884.13
南港,21,weekend,388136,1096.43
南港,22,weekday,587158,661.96
南港,22,weekend,332292,938.68
南港,23,weekday,256567,289.25
南港,23,weekend,157701,445.48
南港展覽館,0,weekday,62772,70.77
南港展覽館,0,weekend,25200,71.19
南港展覽館,1,weekday,789,0.89
南港展覽館,1,weekend,383,1.08
南港展覽館,5,weekday,412,0.46
南港展覽館,5,weekend,729,2.07
南港展覽館,6,weekday,503450,567.59
南港展覽館,6,weekend,94472,266.87
南港展覽館,7,weekday,2196819,2476.68
南港展覽館,7,weekend,195926,553.46
南港展覽館,8,weekday,3426031,3862.49
南港展覽館,8,weekend,318291,899.13
南港展覽館,9,weekday,1842021,2076.69
南港展覽館,9,weekend,382328,1080.02
南港展覽館,10,weekday,1069521,1205.77
南港展覽館,10,weekend,443465,1252.73
南港展覽館,11,weekday,955078,1076.75
南港展覽館,11,weekend,537121,1517.29
南港展覽館,12,weekday,1014186,1143.39
南港展覽館,12,weekend,557082,1573.68
南港展覽館,13,weekday,1066666,1202.55
南港展覽館,13,weekend,611455,1727.27
南港展覽館,14,weekday,1035922,1167.89
南港展覽館,14,weekend,628399,1775.14
南港展覽館,15,weekday,1168346,1317.19
南港展覽館,15,weekend,726686,2052.79
南港展覽館,16,weekday,1540468,1736.72
南港展覽館,16,weekend,810863,2290.57
南港展覽館,17,weekday,3027180,3412.83
南港展覽館,17,weekend,928851,2623.87
南港展覽館,18,weekday,4798687,5410.02
南港展覽館,18,weekend,882403,2492.66
南港展覽館,19,weekday,2929514,3302.72
南港展覽館,19,weekend,493976,1395.41
南港展覽館,20,weekday,1182975,1333.68
南港展覽館,20,weekend,354386,1001.09
南港展覽館,21,weekday,955258,1076.95
南港展覽館,21,weekend,345174,975.07
南港展覽館,22,weekday,723128,815.25
南港展覽館,22,weekend,278353,786.31
南港展覽館,23,weekday,249160,280.9
南港展覽館,23,weekend,109249,308.61
南港軟體園區,0,weekday,11158,12.58
南港軟體園區,0,weekend,2931,8.28
南港軟體園區,1,weekday,214,0.24
南港軟體園區,1,weekend,82,0.23
南港軟體園區,5,weekday,20,0.02
南港軟體園區,5,weekend,24,0.07
南港軟體園區,6,weekday,15659,17.65
南港軟體園區,6,weekend,4102,11.59
南港軟體園區,7,weekday,139392,157.15
南港軟體園區,7,weekend,11752,33.2
南港軟體園區,8,weekday,232242,261.83
南港軟體園區,8,weekend,20532,58.0
南港軟體園區,9,weekday,146086,164.7
南港軟體園區,9,weekend,26177,73.95
南港軟體園區,10,weekday,94111,106.1
南港軟體園區,10,weekend,32072,90.6
南港軟體園區,11,weekday,122076,137.63
南港軟體園區,11,weekend,50181,141.75
南港軟體園區,12,weekday,172237,194.18
南港軟體園區,12,weekend,57891,163.53
南港軟體園區,13,weekday,200453,225.99
南港軟體園區,13,weekend,81677,230.73
南港軟體園區,14,weekday,188139,212.11
南港軟體園區,14,weekend,97490,275.4
南港軟體園區,15,weekday,200505,226.05
南港軟體園區,15,weekend,112833,318.74
南港軟體園區,16,weekday,317898,358.4
南港軟體園區,16,weekend,129828,366.75
南港軟體園區,17,weekday,685294,772.6
南港軟體園區,17,weekend,144654,408.63
南港軟體園區,18,weekday,1881793,2121.53
南港軟體園區,18,weekend,142640,402.94
南港軟體園區,19,weekday,1161140,1309.06
南港軟體園區,19,weekend,123057,347.62
南港軟體園區,20,weekday,571086,643.84
南港軟體園區,20,weekend,105996,299.42
南港軟體園區,21,weekday,387484,436.85
南港軟體園區,21,weekend,98642,278.65
南港軟體園區,22,weekday,185961,209.65
南港軟體園區,22,weekend,56199,158.75
南港軟體園區,23,weekday,46351,52.26
南港軟體園區,23,weekend,13972,39.47
古亭,0,weekday,148746,167.7
古亭,0,weekend,57331,161.95
古亭,1,weekday,7973,8.99
古亭,1,weekend,3089,8.73
古亭,5,weekday,259,0.29
古亭,5,weekend,370,1.05
古亭,6,weekday,281569,317.44
古亭,6,weekend,78754,222.47
古亭,7,weekday,1294683,1459.62
古亭,7,weekend,159023,449.22
古亭,8,weekday,2413733,2721.23
古亭,8,weekend,278400,786.44
古亭,9,weekday,1566096,1765.61
古亭,9,weekend,347137,980.61
古亭,10,weekday,1080091,1217.69
古亭,10,weekend,407886,1152.22
古亭,11,weekday,1086815,1225.27
古亭,11,weekend,503352,1421.9
古亭,12,weekday,1294988,1459.96
古亭,12,weekend,604508,1707.65
古亭,13,weekday,1324382,1493.1
古亭,13,weekend,638088,1802.51
古亭,14,weekday,1259331,1419.76
古亭,14,weekend,582336,1645.02
古亭,15,weekday,1326823,1495.85
古亭,15,weekend,586926,1657.98
古亭,16,weekday,1685185,1899.87
古亭,16,weekend,638364,1803.29
古亭,17,weekday,2801079,3157.92
古亭,17,weekend,786322,2221.25
古亭,18,weekday,3718623,4192.36
古亭,18,weekend,681594,1925.41
古亭,19,weekday,2342001,2640.36
古亭,19,weekend,475298,1342.65
古亭,20,weekday,1525521,1719.87
古亭,20,weekend,374468,1057.82
古亭,21,weekday,1544000,1740.7
古亭,21,weekend,372129,1051.21
古亭,22,weekday,1153048,1299.94
古亭,22,weekend,267477,755.58
古亭,23,weekday,369051,416.07
古亭,23,weekend,125203,353.68
台北101/世貿,0,weekday,243435,274.45
台北101/世貿,0,weekend,112865,318.83
台北101/世貿,1,weekday,29193,32.91
台北101/世貿,1,weekend,12196,34.45
台北101/世貿,5,weekday,163,0.18
台北101/世貿,5,weekend,310,0.88
台北101/世貿,6,weekday,121785,137.3
台北101/世貿,6,weekend,58021,163.9
台北101/世貿,7,weekday,534328,602.4
台北101/世貿,7,weekend,89065,251.6
台北101/世貿,8,weekday,1061969,1197.26
台北101/世貿,8,weekend,139350,393.64
台北101/世貿,9,weekday,636782,717.91
台北101/世貿,9,weekend,172069,486.07
台北101/世貿,10,weekday,481443,542.78
台北101/世貿,10,weekend,202766,572.79
台北101/世貿,11,weekday,606813,684.12
台北101/世貿,11,weekend,307393,868.34
台北101/世貿,12,weekday,883325,995.86
台北101/世貿,12,weekend,436222,1232.27
台北101/世貿,13,weekday,1057849,1192.61
台北101/世貿,13,weekend,590558,1668.24
台北101/世貿,14,weekday,1218553,1373.79
台北101/世貿,14,weekend,748049,2113.13
台北101/世貿,15,weekday,1465464,1652.16
台北101/世貿,15,weekend,908536,2566.49
台北101/世貿,16,weekday,1723412,1942.97
台北101/世貿,16,weekend,1041436,2941.91
台北101/世貿,17,weekday,2814701,3173.28
台北101/世貿,17,weekend,1197731,3383.42
台北101/世貿,18,weekday,5326223,6004.76
台北101/世貿,18,weekend,1181445,3337.42
台北101/世貿,19,weekday,3796008,4279.6
台北101/世貿,19,weekend,903302,2551.7
台北101/世貿,20,weekday,2045003,2305.53
台北101/世貿,20,weekend,841169,2376.18
台北101/世貿,21,weekday,1984399,2237.2
台北101/世貿,21,weekend,930266,2627.87
台北101/世貿,22,weekday,1813465,2044.49
台北101/世貿,22,weekend,864504,2442.1
台北101/世貿,23,weekday,709539,799.93
台北101/世貿,23,weekend,335157,946.77
台北小巨蛋,0,weekday,81234,91.58
台北小巨蛋,0,weekend,48906,138.15
台北小巨蛋,1,weekday,6073,6.85
台北小巨蛋,1,weekend,1929,5.45
台北小巨蛋,5,weekday,65,0.07
台北小巨蛋,5,weekend,170,0.48
台北小巨蛋,6,weekday,92900,104.74
台北小巨蛋,6,weekend,27737,78.35
台北小巨蛋,7,weekday,396679,447.21
台北小巨蛋,7,weekend,57587,162.68
台北小巨蛋,8,weekday,835898,942.39
台北小巨蛋,8,weekend,101093,285.57
台北小巨蛋,9,weekday,542811,611.96
台北小巨蛋,9,weekend,130026,367.31
台北小巨蛋,10,weekday,427642,482.12
台北小巨蛋,10,weekend,166368,469.97
台北小巨蛋,11,weekday,525687,592.66
台北小巨蛋,11,weekend,230845,652.1
台北小巨蛋,12,weekday,662123,746.47
台北小巨蛋,12,weekend,278155,785.75
台北小巨蛋,13,weekday,675692,761.77
台北小巨蛋,13,weekend,300993,850.26
台北小巨蛋,14,weekday,692839,781.1
台北小巨蛋,14,weekend,335227,946.97
台北小巨蛋,15,weekday,747122,842.3
台北小巨蛋,15,weekend,357505,1009.9
台北小巨蛋,16,weekday,1047262,1180.68
台北小巨蛋,16,weekend,393379,1111.24
台北小巨蛋,17,weekday,2074722,2339.03
台北小巨蛋,17,weekend,502980,1420.85
台北小巨蛋,18,weekday,3966355,4471.65
台北小巨蛋,18,weekend,445326,1257.98
台北小巨蛋,19,weekday,2591107,2921.2
台北小巨蛋,19,weekend,376811,1064.44
台北小巨蛋,20,weekday,1293432,1458.21
台北小巨蛋,20,weekend,343504,970.35
台北小巨蛋,21,weekday,1265621,1426.86
台北小巨蛋,21,weekend,431205,1218.09
台北小巨蛋,22,weekday,947539,1068.25
台北小巨蛋,22,weekend,518037,1463.38
台北小巨蛋,23,weekday,339509,382.76
台北小巨蛋,23,weekend,294604,832.21
台北橋,0,weekday,69043,77.84
台北橋,0,weekend,38478,108.69
台北橋,1,weekday,2941,3.32
台北橋,1,weekend,1616,4.56
台北橋,5,weekday,127,0.14
台北橋,5,weekend,138,0.39
台北橋,6,weekday,239432,269.93
台北橋,6,weekend,58156,164.28
台北橋,7,weekday,963516,1086.26
台北橋,7,weekend,104628,295.56
台北橋,8,weekday,1692174,1907.75
台北橋,8,weekend,148042,418.2
台北橋,9,weekday,885670,998.5
台北橋,9,weekend,180973,511.22
台北橋,10,weekday,491771,554.42
台北橋,10,weekend,211933,598.68
台北橋,11,weekday,396102,446.56
台北橋,11,weekend,230269,650.48
台北橋,12,weekday,373927,421.56
台北橋,12,weekend,214645,606.34
台北橋,13,weekday,394055,444.26
台北橋,13,weekend,218175,616.31
台北橋,14,weekday,338531,381.66
台北橋,14,weekend,202266,571.37
台北橋,15,weekday,314392,354.44
台北橋,15,weekend,185132,522.97
台北橋,16,weekday,327651,369.39
台北橋,16,weekend,188109,531.38
台北橋,17,weekday,443173,499.63
台北橋,17,weekend,210375,594.28
台北橋,18,weekday,509445,574.35
台北橋,18,weekend,206182,582.44
台北橋,19,weekday,388740,438.26
台北橋,19,weekend,187258,528.98
台北橋,20,weekday,331904,374.19
台北橋,20,weekend,186980,528.19
台北橋,21,weekday,335410,378.14
台北橋,21,weekend,185690,524.55
台北橋,22,weekday,266321,300.25
台北橋,22,weekend,140705,397.47
台北橋,23,weekday,147576,166.38
台北橋,23,weekend,82239,232.31
台北車站,0,weekday,1004536,1132.51
台北車站,0,weekend,615139,1737.68
台北車站,1,weekday,29192,32.91
台北車站,1,weekend,16174,45.69
台北車站,5,weekday,1079,1.22
台北車站,5,weekend,2592,7.34
台北車站,6,weekday,1131028,1275.12
台北車站,6,weekend,276753,781.79
台北車站,7,weekday,5438115,6130.91
台北車站,7,weekend,703138,1986.27
台北車站,8,weekday,11288339,12726.43
台北車站,8,weekend,1612255,4554.39
台北車站,9,weekday,7991064,9009.09
台北車站,9,weekend,2219394,6269.47
台北車站,10,weekday,5803210,6542.51
台北車站,10,weekend,2897053,8183.77
台北車站,11,weekday,5778259,6514.38
台北車站,11,weekend,3544670,10013.19
台北車站,12,weekday,6059051,6830.95
台北車站,12,weekend,3627503,10247.18
台北車站,13,weekday,6453964,7276.17
台北車站,13,weekend,3780784,10680.18
台北車站,14,weekday,6013870,6780.01
台北車站,14,weekend,3651915,10316.14
台北車站,15,weekday,6089126,6864.85
台北車站,15,weekend,3783878,10688.92
台北車站,16,weekday,6797373,7663.33
台北車站,16,weekend,4012696,11335.3
台北車站,17,weekday,9909942,11172.43
台北車站,17,weekend,4794916,13544.96
台北車站,18,weekday,12617127,14224.49
台北車站,18,weekend,4437756,12536.03
台北車站,19,weekday,9241066,10418.34
台北車站,19,weekend,3677988,10389.8
台北車站,20,weekday,6710348,7565.22
台北車站,20,weekend,3491150,9862.01
台北車站,21,weekday,6782225,7646.25
台北車站,21,weekend,3588197,10136.15
台北車站,22,weekday,7042039,7939.16
台北車站,22,weekend,3159810,8926.02
台北車站,23,weekday,2441725,2752.79
台北車站,23,weekend,1449291,4094.04
台大醫院,0,weekday,95381,107.53
台大醫院,0,weekend,34273,96.82
台大醫院,1,weekday,7742,8.73
台大醫院,1,weekend,2913,8.23
台大醫院,5,weekday,110,0.12
台大醫院,5,weekend,198,0.56
台大醫院,6,weekday,48545,54.73
台大醫院,6,weekend,14302,40.4
台大醫院,7,weekday,224669,253.29
台大醫院,7,weekend,34620,97.8
台大醫院,8,weekday,401307,452.43
台大醫院,8,weekend,71836,202.93
台大醫院,9,weekday,672556,758.24
台大醫院,9,weekend,103298,291.8
台大醫院,10,weekday,1139183,1284.31
台大醫院,10,weekend,133730,377.77
台大醫院,11,weekday,1379396,1555.13
台大醫院,11,weekend,180694,510.44
台大醫院,12,weekday,1380322,1556.17
台大醫院,12,weekend,257025,726.06
台大醫院,13,weekday,1065107,1200.8
台大醫院,13,weekend,259827,733.97
台大醫院,14,weekday,1285050,1448.76
台大醫院,14,weekend,242260,684.35
台大醫院,15,weekday,1575608,1776.33
台大醫院,15,weekend,270217,763.32
台大醫院,16,weekday,1806562,2036.71
台大醫院,16,weekend,348482,984.41
台大醫院,17,weekday,3014606,3398.65
台大醫院,17,weekend,477567,1349.06
台大醫院,18,weekday,2927229,3300.15
台大醫院,18,weekend,321759,908.92
台大醫院,19,weekday,1554872,1752.96
台大醫院,19,weekend,204441,577.52
台大醫院,20,weekday,850563,958.92
台大醫院,20,weekend,176186,497.7
台大醫院,21,weekday,808566,911.57
台大醫院,21,weekend,177407,501.15
台大醫院,22,weekday,767331,865.09
台大醫院,22,weekend,151761,428.7
台大醫院,23,weekday,214313,241.62
台大醫院,23,weekend,63364,178.99
台電大樓,0,weekday,82769,93.31
台電大樓,0,weekend,35286,99.68
台電大樓,1,weekday,2426,2.74
台電大樓,1,weekend,1105,3.12
台電大樓,5,weekday,303,0.34
台電大樓,5,weekend,187,0.53
台電大樓,6,weekday,173250,195.32
台電大樓,6,weekend,47634,134.56
台電大樓,7,weekday,796314,897.76
台電大樓,7,weekend,100276,283.27
台電大樓,8,weekday,1325747,1494.64
台電大樓,8,weekend,156000,440.68
台電大樓,9,weekday,795028,896.31
台電大樓,9,weekend,195064,551.03
台電大樓,10,weekday,512616,577.92
台電大樓,10,weekend,216529,611.66
台電大樓,11,weekday,531697,599.43
台電大樓,11,weekend,281519,795.25
台電大樓,12,weekday,611502,689.4
台電大樓,12,weekend,301915,852.87
台電大樓,13,weekday,612813,690.88
台電大樓,13,weekend,337949,954.66
台電大樓,14,weekday,577288,650.83
台電大樓,14,weekend,332025,937.92
台電大樓,15,weekday,606129,683.35
台電大樓,15,weekend,323015,912.47
台電大樓,16,weekday,963728,1086.5
台電大樓,16,weekend,365987,1033.86
台電大樓,17,weekday,1535086,1730.65
台電大樓,17,weekend,433479,1224.52
台電大樓,18,weekday,1679379,1893.32
台電大樓,18,weekend,407260,1150.45
台電大樓,19,weekday,997946,1125.08
台電大樓,19,weekend,311541,880.06
台電大樓,20,weekday,712776,803.58
台電大樓,20,weekend,254675,719.42
台電大樓,21,weekday,730494,823.56
台電大樓,21,weekend,242461,684.92
台電大樓,22,weekday,538869,607.52
台電大樓,22,weekend,180543,510.01
台電大樓,23,weekday,217465,245.17
台電大樓,23,weekend,87405,246.91
唭哩岸,0,weekday,18359,20.7
唭哩岸,0,weekend,8794,24.84
唭哩岸,1,weekday,1256,1.42
唭哩岸,1,weekend,591,1.67
唭哩岸,5,weekday,4202,4.74
唭哩岸,5,weekend,1174,3.33
唭哩岸,6,weekday,211230,238.14
唭哩岸,6,weekend,46354,130.94
唭哩岸,7,weekday,770747,868.94
唭哩岸,7,weekend,83057,234.62
唭哩岸,8,weekday,1273525,1435.77
唭哩岸,8,weekend,134225,379.17
唭哩岸,9,weekday,644230,726.3
唭哩岸,9,weekend,156741,442.77
唭哩岸,10,weekday,379503,427.85
唭哩岸,10,weekend,174196,492.08
唭哩岸,11,weekday,338505,381.63
唭哩岸,11,weekend,193749,547.31
唭哩岸,12,weekday,298710,336.76
唭哩岸,12,weekend,162859,460.05
唭哩岸,13,weekday,305627,344.56
唭哩岸,13,weekend,166830,471.27
唭哩岸,14,weekday,262398,295.83
唭哩岸,14,weekend,148522,419.55
唭哩岸,15,weekday,236078,266.15
唭哩岸,15,weekend,134405,379.68
唭哩岸,16,weekday,274010,308.92
唭哩岸,16,weekend,140449,396.75
唭哩岸,17,weekday,367651,414.49
唭哩岸,17,weekend,168981,477.35
唭哩岸,18,weekday,406216,457.97
唭哩岸,18,weekend,133836,378.07
唭哩岸,19,weekday,246898,278.35
唭哩岸,19,weekend,85062,240.29
唭哩岸,20,weekday,163994,184.89
唭哩岸,20,weekend,60897,172.03
唭哩岸,21,weekday,130601,147.24
唭哩岸,21,weekend,48180,136.1
唭哩岸,22,weekday,86281,97.27
唭哩岸,22,weekend,33133,93.6
唭哩岸,23,weekday,40544,45.71
唭哩岸,23,weekend,18721,52.88
善導寺,0,weekday,98799,111.39
善導寺,0,weekend,33960,95.93
善導寺,1,weekday,4970,5.6
善導寺,1,weekend,1682,4.75
善導寺,5,weekday,151,0.17
善導寺,5,weekend,616,1.75
善導寺,6,weekday,90673,102.22
善導寺,6,weekend,33813,95.52
善導寺,7,weekday,368104,415.0
善導寺,7,weekend,71600,202.26
善導寺,8,weekday,677456,763.76
善導寺,8,weekend,120766,341.15
善導寺,9,weekday,618259,697.02
善導寺,9,weekend,179046,505.78
善導寺,10,weekday,620070,699.06
善導寺,10,weekend,239260,675.88
善導寺,11,weekday,800715,902.72
善導寺,11,weekend,336023,949.22
善導寺,12,weekday,1079411,1216.92
善導寺,12,weekend,402143,1136.0
善導寺,13,weekday,855750,964.77
善導寺,13,weekend,380299,1074.29
善導寺,14,weekday,864387,974.51
善導寺,14,weekend,380023,1073.51
善導寺,15,weekday,1025087,1155.68
善導寺,15,weekend,389659,1100.73
善導寺,16,weekday,1939331,2186.39
善導寺,16,weekend,468518,1323.5
善導寺,17,weekday,2800578,3157.36
善導寺,17,weekend,566319,1599.77
善導寺,18,weekday,3500366,3946.3
善導寺,18,weekend,463161,1308.36
善導寺,19,weekday,1709578,1927.37
善導寺,19,weekend,310469,877.03
善導寺,20,weekday,1031592,1163.01
善導寺,20,weekend,239910,677.71
善導寺,21,weekday,1307147,1473.67
善導寺,21,weekend,268501,758.48
善導寺,22,weekday,910986,1027.04
善導寺,22,weekend,197309,557.37
善導寺,23,weekday,325263,366.7
善導寺,23,weekend,93715,264.73
國父紀念館,0,weekday,251023,283.0
國父紀念館,0,weekend,122108,344.94
國父紀念館,1,weekday,26496,29.87
國父紀念館,1,weekend,13109,37.03
國父紀念館,5,weekday,130,0.15
國父紀念館,5,weekend,198,0.56
國父紀念館,6,weekday,125774,141.8
國父紀念館,6,weekend,40014,113.03
國父紀念館,7,weekday,460402,519.06
國父紀念館,7,weekend,67730,191.33
國父紀念館,8,weekday,925054,1042.9
國父紀念館,8,weekend,113819,321.52
國父紀念館,9,weekday,567041,639.28
國父紀念館,9,weekend,142998,403.95
國父紀念館,10,weekday,428711,483.33
國父紀念館,10,weekend,179105,505.95
國父紀念館,11,weekday,535519,603.74
國父紀念館,11,weekend,271595,767.22
國父紀念館,12,weekday,737104,831.01
國父紀念館,12,weekend,341012,963.31
國父紀念館,13,weekday,815726,919.65
國父紀念館,13,weekend,465616,1315.3
國父紀念館,14,weekday,877287,989.05
國父紀念館,14,weekend,546304,1543.23
國父紀念館,15,weekday,973613,1097.65
國父紀念館,15,weekend,612360,1729.83
國父紀念館,16,weekday,1206674,1360.4
國父紀念館,16,weekend,707600,1998.87
國父紀念館,17,weekday,1823356,2055.64
國父紀念館,17,weekend,831324,2348.37
國父紀念館,18,weekday,3204688,3612.95
國父紀念館,18,weekend,768847,2171.88
國父紀念館,19,weekday,2434764,2744.94
國父紀念館,19,weekend,687172,1941.16
國父紀念館,20,weekday,1580800,1782.19
國父紀念館,20,weekend,822794,2324.28
國父紀念館,21,weekday,1605518,1810.05
國父紀念館,21,weekend,889843,2513.68
國父紀念館,22,weekday,1470862,1658.24
國父紀念館,22,weekend,763156,2155.81
國父紀念館,23,weekday,650095,732.91
國父紀念館,23,weekend,351820,993.84
圓山,0,weekday,133934,151.0
圓山,0,weekend,92614,261.62
圓山,1,weekday,10610,11.96
圓山,1,weekend,6540,18.47
圓山,5,weekday,529,0.6
圓山,5,weekend,751,2.13
圓山,6,weekday,452643,510.31
圓山,6,weekend,111978,316.32
圓山,7,weekday,1882819,2122.68
圓山,7,weekend,216736,612.25
圓山,8,weekday,2398446,2704.0
圓山,8,weekend,345431,975.79
圓山,9,weekday,1555089,1753.2
圓山,9,weekend,417010,1177.99
圓山,10,weekday,1147203,1293.35
圓山,10,weekend,498642,1408.59
圓山,11,weekday,1108745,1249.99
圓山,11,weekend,636725,1798.66
圓山,12,weekday,1073092,1209.8
圓山,12,weekend,697755,1971.06
圓山,13,weekday,1058728,1193.61
圓山,13,weekend,738305,2085.61
圓山,14,weekday,966019,1089.09
圓山,14,weekend,789260,2229.55
圓山,15,weekday,976537,1100.94
圓山,15,weekend,864689,2442.62
圓山,16,weekday,1545965,1742.91
圓山,16,weekend,998813,2821.51
圓山,17,weekday,1798585,2027.72
圓山,17,weekend,1123840,3174.69
圓山,18,weekday,2109427,2378.16
圓山,18,weekend,916688,2589.51
圓山,19,weekday,1570379,1770.44
圓山,19,weekend,571154,1613.43
圓山,20,weekday,953585,1075.07
圓山,20,weekend,457046,1291.09
圓山,21,weekday,946982,1067.62
圓山,21,weekend,413849,1169.06
圓山,22,weekday,610366,688.12
圓山,22,weekend,288337,814.51
圓山,23,weekday,274453,309.42
圓山,23,weekend,160516,453.44
土城,0,weekday,14930,16.83
土城,0,weekend,7060,19.94
土城,1,weekday,468,0.53
土城,1,weekend,310,0.88
土城,5,weekday,101,0.11
土城,5,weekend,175,0.5
土城,6,weekday,229410,258.64
土城,6,weekend,48950,138.28
土城,7,weekday,925380,1043.27
土城,7,weekend,97980,276.78
土城,8,weekday,1675233,1888.65
土城,8,weekend,149692,422.86
土城,9,weekday,809151,912.23
土城,9,weekend,171587,484.71
土城,10,weekday,492525,555.27
土城,10,weekend,200124,565.32
土城,11,weekday,401451,452.59
土城,11,weekend,228455,645.35
土城,12,weekday,368682,415.65
土城,12,weekend,199140,562.54
土城,13,weekday,344125,387.97
土城,13,weekend,197072,556.7
土城,14,weekday,281506,317.37
土城,14,weekend,159623,450.91
土城,15,weekday,274349,309.3
土城,15,weekend,138811,392.12
土城,16,weekday,312118,351.88
土城,16,weekend,134374,379.59
土城,17,weekday,437524,493.26
土城,17,weekend,156090,440.93
土城,18,weekday,456391,514.53
土城,18,weekend,120140,339.38
土城,19,weekday,257212,289.98
土城,19,weekend,81660,230.68
土城,20,weekday,157404,177.46
土城,20,weekend,61072,172.52
土城,21,weekday,146176,164.8
土城,21,weekend,51668,145.95
土城,22,weekday,100603,113.42
土城,22,weekend,38657,109.2
土城,23,weekday,44310,49.95
土城,23,weekend,19024,53.74
士林,0,weekday,99149,111.78
士林,0,weekend,47084,133.01
士林,1,weekday,5038,5.68
士林,1,weekend,2432,6.87
士林,5,weekday,876,0.99
士林,5,weekend,455,1.29
士林,6,weekday,308302,347.58
士林,6,weekend,73757,208.35
士林,7,weekday,1182183,1332.79
士林,7,weekend,147499,416.66
士林,8,weekday,1911563,2155.09
士林,8,weekend,256633,724.95
士林,9,weekday,1195883,1348.23
士林,9,weekend,310956,878.41
士林,10,weekday,935162,1054.3
士林,10,weekend,385907,1090.13
士林,11,weekday,995738,1122.59
士林,11,weekend,504457,1425.02
士林,12,weekday,1205532,1359.11
士林,12,weekend,604250,1706.92
士林,13,weekday,1369691,1544.18
士林,13,weekend,716960,2025.31
士林,14,weekday,1279584,1442.6
士林,14,weekend,711083,2008.71
士林,15,weekday,1414458,1594.65
士林,15,weekend,726595,2052.53
士林,16,weekday,1930666,2176.62
士林,16,weekend,795915,2248.35
士林,17,weekday,2697074,3040.67
士林,17,weekend,895511,2529.69
士林,18,weekday,2765523,3117.84
士林,18,weekend,753191,2127.66
士林,19,weekday,1721390,1940.69
士林,19,weekend,530245,1497.87
士林,20,weekday,1164234,1312.55
士林,20,weekend,405368,1145.11
士林,21,weekday,1091861,1230.96
士林,21,weekend,364250,1028.95
士林,22,weekday,807029,909.84
士林,22,weekend,260171,734.95
士林,23,weekday,272569,307.29
士林,23,weekend,120254,339.7
大坪林,0,weekday,54529,61.48
大坪林,0,weekend,23660,66.84
大坪林,1,weekday,1556,1.75
大坪林,1,weekend,715,2.02
大坪林,5,weekday,195,0.22
大坪林,5,weekend,276,0.78
大坪林,6,weekday,312023,351.77
大坪林,6,weekend,73628,207.99
大坪林,7,weekday,1415999,1596.39
大坪林,7,weekend,146768,414.6
大坪林,8,weekday,2461589,2775.18
大坪林,8,weekend,256185,723.69
大坪林,9,weekday,1375497,1550.73
大坪林,9,weekend,299283,845.43
大坪林,10,weekday,847379,955.33
大坪林,10,weekend,325379,919.15
大坪林,11,weekday,815540,919.44
大坪林,11,weekend,382478,1080.45
大坪林,12,weekday,831670,937.62
大坪林,12,weekend,375632,1061.11
大坪林,13,weekday,861545,971.3
大坪林,13,weekend,423416,1196.09
大坪林,14,weekday,773554,872.1
大坪林,14,weekend,404146,1141.66
大坪林,15,weekday,726389,818.93
大坪林,15,weekend,376606,1063.86
大坪林,16,weekday,1095798,1235.4
大坪林,16,weekend,367423,1037.92
大坪林,17,weekday,1527422,1722.01
大坪林,17,weekend,430924,1217.3
大坪林,18,weekday,2523616,2845.11
大坪林,18,weekend,385467,1088.89
大坪林,19,weekday,1800031,2029.35
大坪林,19,weekend,277652,784.33
大坪林,20,weekday,844364,951.93
大坪林,20,weekend,230003,649.73
大坪林,21,weekday,646661,729.04
大坪林,21,weekend,219794,620.89
大坪林,22,weekday,438159,493.98
大坪林,22,weekend,167501,473.17
大坪林,23,weekday,161189,181.72
大坪林,23,weekend,68285,192.9
大安,0,weekday,123685,139.44
大安,0,weekend,46972,132.69
大安,1,weekday,7862,8.86
大安,1,weekend,4099,11.58
大安,5,weekday,292,0.33
大安,5,weekend,543,1.54
大安,6,weekday,144678,163.11
大安,6,weekend,43723,123.51
大安,7,weekday,601573,678.21
大安,7,weekend,81808,231.1
大安,8,weekday,1308259,1474.93
大安,8,weekend,148779,420.28
大安,9,weekday,850070,958.37
大安,9,weekend,198877,561.8
大安,10,weekday,618066,696.8
大安,10,weekend,240336,678.92
大安,11,weekday,693837,782.23
大安,11,weekend,324434,916.48
大安,12,weekday,869301,980.05
大安,12,weekend,391159,1104.97
大安,13,weekday,866160,976.51
大安,13,weekend,410127,1158.55
大安,14,weekday,792126,893.04
大安,14,weekend,383898,1084.46
大安,15,weekday,856121,965.19
大安,15,weekend,375962,1062.04
大安,16,weekday,2203361,2484.06
大安,16,weekend,420405,1187.58
大安,17,weekday,2928462,3301.54
大安,17,weekend,543224,1534.53
大安,18,weekday,3563923,4017.95
大安,18,weekend,445749,1259.18
大安,19,weekday,2160274,2435.48
大安,19,weekend,301163,850.74
大安,20,weekday,1287633,1451.67
大安,20,weekend,247337,698.69
大安,21,weekday,1328241,1497.45
大安,21,weekend,256566,724.76
大安,22,weekday,953160,1074.59
大安,22,weekend,194766,550.19
大安,23,weekday,315529,355.73
大安,23,weekend,96853,273.6
大安森林公園,0,weekday,32610,36.76
大安森林公園,0,weekend,14431,40.77
大安森林公園,1,weekday,2761,3.11
大安森林公園,1,weekend,949,2.68
大安森林公園,5,weekday,69,0.08
大安森林公園,5,weekend,449,1.27
大安森林公園,6,weekday,68283,76.98
大安森林公園,6,weekend,19999,56.49
大安森林公園,7,weekday,305817,344.78
大安森林公園,7,weekend,47674,134.67
大安森林公園,8,weekday,610904,688.73
大安森林公園,8,weekend,91141,257.46
大安森林公園,9,weekday,416080,469.09
大安森林公園,9,weekend,123544,348.99
大安森林公園,10,weekday,309866,349.34
大安森林公園,10,weekend,169758,479.54
大安森林公園,11,weekday,359916,405.77
大安森林公園,11,weekend,257234,726.65
大安森林公園,12,weekday,410633,462.95
大安森林公園,12,weekend,280070,791.16
大安森林公園,13,weekday,394705,444.99
大安森林公園,13,weekend,288532,815.06
大安森林公園,14,weekday,377540,425.64
大安森林公園,14,weekend,314043,887.13
大安森林公園,15,weekday,444239,500.83
大安森林公園,15,weekend,380465,1074.76
大安森林公園,16,weekday,557600,628.64
大安森林公園,16,weekend,457614,1292.69
大安森林公園,17,weekday,939723,1059.44
大安森林公園,17,weekend,518449,1464.55
大安森林公園,18,weekday,1046938,1180.31
大安森林公園,18,weekend,388039,1096.16
大安森林公園,19,weekday,565477,637.52
大安森林公園,19,weekend,197144,556.9
大安森林公園,20,weekday,358523,404.2
大安森林公園,20,weekend,128757,363.72
大安森林公園,21,weekday,383863,432.77
大安森林公園,21,weekend,114059,322.2
大安森林公園,22,weekday,242448,273.33
大安森林公園,22,weekend,75205,212.44
大安森林公園,23,weekday,91303,102.93
大安森林公園,23,weekend,34924,98.66
大橋頭站,0,weekday,67412,76.0
大橋頭站,0,weekend,33867,95.67
大橋頭站,1,weekday,2457,2.77
大橋頭站,1,weekend,1240,3.5
大橋頭站,5,weekday,187,0.21
大橋頭站,5,weekend,199,0.56
大橋頭站,6,weekday,190161,214.39
大橋頭站,6,weekend,48625,137.36
大橋頭站,7,weekday,789873,890.5
大橋頭站,7,weekend,93185,263.23
大橋頭站,8,weekday,1276355,1438.96
大橋頭站,8,weekend,156733,442.75
大橋頭站,9,weekday,794914,896.18
大橋頭站,9,weekend,200329,565.9
大橋頭站,10,weekday,550303,620.41
大橋頭站,10,weekend,235081,664.07
大橋頭站,11,weekday,524158,590.93
大橋頭站,11,weekend,283297,800.27
大橋頭站,12,weekday,555713,626.51
大橋頭站,12,weekend,287706,812.73
大橋頭站,13,weekday,541764,610.78
大橋頭站,13,weekend,290987,822.0
大橋頭站,14,weekday,497736,561.15
大橋頭站,14,weekend,282055,796.77
大橋頭站,15,weekday,538306,606.88
大橋頭站,15,weekend,277830,784.83
大橋頭站,16,weekday,757569,854.08
大橋頭站,16,weekend,310750,877.82
大橋頭站,17,weekday,1140585,1285.89
大橋頭站,17,weekend,371693,1049.98
大橋頭站,18,weekday,1388136,1564.98
大橋頭站,18,weekend,366823,1036.22
大橋頭站,19,weekday,861519,971.27
大橋頭站,19,weekend,300576,849.08
大橋頭站,20,weekday,574586,647.79
大橋頭站,20,weekend,245590,693.76
大橋頭站,21,weekday,515926,581.65
大橋頭站,21,weekend,222216,627.73
大橋頭站,22,weekday,363740,410.08
大橋頭站,22,weekend,159434,450.38
大橋頭站,23,weekday,179936,202.86
大橋頭站,23,weekend,85897,242.65
大湖公園,0,weekday,5165,5.82
大湖公園,0,weekend,2616,7.39
大湖公園,1,weekday,191,0.22
大湖公園,1,weekend,118,0.33
大湖公園,5,weekday,73,0.08
大湖公園,5,weekend,92,0.26
大湖公園,6,weekday,46480,52.4
大湖公園,6,weekend,9608,27.14
大湖公園,7,weekday,341112,384.57
大湖公園,7,weekend,29812,84.21
大湖公園,8,weekday,652381,735.49
大湖公園,8,weekend,53197,150.27
大湖公園,9,weekday,340307,383.66
大湖公園,9,weekend,67085,189.51
大湖公園,10,weekday,175744,198.13
大湖公園,10,weekend,76273,215.46
大湖公園,11,weekday,168766,190.27
大湖公園,11,weekend,104824,296.11
大湖公園,12,weekday,147422,166.2
大湖公園,12,weekend,100260,283.22
大湖公園,13,weekday,146765,165.46
大湖公園,13,weekend,97597,275.7
大湖公園,14,weekday,125982,142.03
大湖公園,14,weekend,90580,255.88
大湖公園,15,weekday,132543,149.43
大湖公園,15,weekend,93742,264.81
大湖公園,16,weekday,161600,182.19
大湖公園,16,weekend,106329,300.36
大湖公園,17,weekday,196903,221.99
大湖公園,17,weekend,118737,335.42
大湖公園,18,weekday,198025,223.25
大湖公園,18,weekend,87306,246.63
大湖公園,19,weekday,101579,114.52
大湖公園,19,weekend,45717,129.14
大湖公園,20,weekday,55876,62.99
大湖公園,20,weekend,30416,85.92
大湖公園,21,weekday,54575,61.53
大湖公園,21,weekend,24831,70.14
大湖公園,22,weekday,36425,41.07
大湖公園,22,weekend,15344,43.34
大湖公園,23,weekday,15109,17.03
大湖公園,23,weekend,7242,20.46
大直,0,weekday,37196,41.93
大直,0,weekend,13839,39.09
大直,1,weekday,1928,2.17
大直,1,weekend,719,2.03
大直,5,weekday,54,0.06
大直,5,weekend,143,0.41
大直,6,weekday,74448,83.93
大直,6,weekend,20560,58.08
大直,7,weekday,412644,465.21
大直,7,weekend,43628,123.24
大直,8,weekday,901730,1016.61
大直,8,weekend,82043,231.76
大直,9,weekday,506964,571.55
大直,9,weekend,104090,294.04
大直,10,weekday,302474,341.01
大直,10,weekend,117391,331.61
大直,11,weekday,299351,337.49
大直,11,weekend,150136,424.11
大直,12,weekday,396887,447.45
大直,12,weekend,158282,447.12
大直,13,weekday,368164,415.07
大直,13,weekend,166225,469.56
大直,14,weekday,306711,345.78
大直,14,weekend,146023,412.49
大直,15,weekday,401707,452.88
大直,15,weekend,140835,397.84
大直,16,weekday,658501,742.39
大直,16,weekend,156901,443.22
大直,17,weekday,1023511,1153.9
大直,17,weekend,211512,597.49
大直,18,weekday,888179,1001.33
大直,18,weekend,175726,496.4
大直,19,weekday,516172,581.93
大直,19,weekend,113408,320.36
大直,20,weekday,319483,360.18
大直,20,weekend,81103,229.1
大直,21,weekday,322853,363.98
大直,21,weekend,78114,220.66
大直,22,weekday,286735,323.26
大直,22,weekend,58788,166.07
大直,23,weekday,93383,105.28
大直,23,weekend,30028,84.82
奇岩,0,weekday,17338,19.55
奇岩,0,weekend,7362,20.8
奇岩,1,weekday,1282,1.45
奇岩,1,weekend,522,1.47
奇岩,5,weekday,126,0.14
奇岩,5,weekend,144,0.41
奇岩,6,weekday,183868,207.29
奇岩,6,weekend,36119,102.03
奇岩,7,weekday,815770,919.7
奇岩,7,weekend,78566,221.94
奇岩,8,weekday,1222312,1378.03
奇岩,8,weekend,119309,337.03
奇岩,9,weekday,651346,734.32
奇岩,9,weekend,144183,407.3
奇岩,10,weekday,396671,447.21
奇岩,10,weekend,156785,442.9
奇岩,11,weekday,362469,408.65
奇岩,11,weekend,179617,507.39
奇岩,12,weekday,387856,437.27
奇岩,12,weekend,174658,493.38
奇岩,13,weekday,370411,417.6
奇岩,13,weekend,177656,501.85
奇岩,14,weekday,303478,342.14
奇岩,14,weekend,156598,442.37
奇岩,15,weekday,274988,310.02
奇岩,15,weekend,139819,394.97
奇岩,16,weekday,341657,385.18
奇岩,16,weekend,146886,414.93
奇岩,17,weekday,558170,629.28
奇岩,17,weekend,190196,537.28
奇岩,18,weekday,990742,1116.96
奇岩,18,weekend,159444,450.41
奇岩,19,weekday,605014,682.09
奇岩,19,weekend,94986,268.32
奇岩,20,weekday,262222,295.63
奇岩,20,weekend,64370,181.84
奇岩,21,weekday,191200,215.56
奇岩,21,weekend,56652,160.03
奇岩,22,weekday,108400,122.21
奇岩,22,weekend,39711,112.18
奇岩,23,weekday,45292,51.06
奇岩,23,weekend,20704,58.49
小南門,0,weekday,30538,34.43
小南門,0,weekend,10644,30.07
小南門,1,weekday,1218,1.37
小南門,1,weekend,447,1.26
小南門,5,weekday,28,0.03
小南門,5,weekend,42,0.12
小南門,6,weekday,47654,53.72
小南門,6,weekend,12874,36.37
小南門,7,weekday,291181,328.28
小南門,7,weekend,28507,80.53
小南門,8,weekday,625822,705.55
小南門,8,weekend,51070,144.27
小南門,9,weekday,369939,417.07
小南門,9,weekend,63462,179.27
小南門,10,weekday,327511,369.23
小南門,10,weekend,76019,214.74
小南門,11,weekday,407371,459.27
小南門,11,weekend,104253,294.5
小南門,12,weekday,554674,625.34
小南門,12,weekend,127159,359.21
小南門,13,weekday,383465,432.32
小南門,13,weekend,117737,332.59
小南門,14,weekday,364038,410.41
小南門,14,weekend,106615,301.17
小南門,15,weekday,532434,600.26
小南門,15,weekend,112083,316.62
小南門,16,weekday,894999,1009.02
小南門,16,weekend,145228,410.25
小南門,17,weekday,1507283,1699.3
小南門,17,weekend,185264,523.34
小南門,18,weekday,1439851,1623.28
小南門,18,weekend,131001,370.06
小南門,19,weekday,724884,817.23
小南門,19,weekend,83901,237.01
小南門,20,weekday,396726,447.27
小南門,20,weekend,63804,180.24
小南門,21,weekday,367740,414.59
小南門,21,weekend,65087,183.86
小南門,22,weekday,263063,296.58
小南門,22,weekend,51904,146.62
小南門,23,weekday,73236,82.57
小南門,23,weekend,24063,67.97
小碧潭,0,weekday,4709,5.31
小碧潭,0,weekend,2749,7.77
小碧潭,1,weekday,18,0.02
小碧潭,1,weekend,15,0.04
小碧潭,5,weekday,64,0.07
小碧潭,5,weekend,10,0.03
小碧潭,6,weekday,42290,47.68
小碧潭,6,weekend,8552,24.16
小碧潭,7,weekday,241090,271.8
小碧潭,7,weekend,20257,57.22
小碧潭,8,weekday,419573,473.02
小碧潭,8,weekend,35503,100.29
小碧潭,9,weekday,224172,252.73
小碧潭,9,weekend,42845,121.03
小碧潭,10,weekday,121707,137.21
小碧潭,10,weekend,51366,145.1
小碧潭,11,weekday,129994,146.55
小碧潭,11,weekend,70848,200.14
小碧潭,12,weekday,117382,132.34
小碧潭,12,weekend,70830,200.08
小碧潭,13,weekday,136583,153.98
小碧潭,13,weekend,95259,269.09
小碧潭,14,weekday,140952,158.91
小碧潭,14,weekend,90360,255.25
小碧潭,15,weekday,138130,155.73
小碧潭,15,weekend,93841,265.09
小碧潭,16,weekday,213130,240.28
小碧潭,16,weekend,94984,268.32
小碧潭,17,weekday,272169,306.84
小碧潭,17,weekend,105980,299.38
小碧潭,18,weekday,194392,219.16
小碧潭,18,weekend,93929,265.34
小碧潭,19,weekday,130500,147.13
小碧潭,19,weekend,75267,212.62
小碧潭,20,weekday,96167,108.42
小碧潭,20,weekend,64705,182.78
小碧潭,21,weekday,112079,126.36
小碧潭,21,weekend,61709,174.32
小碧潭,22,weekday,81254,91.61
小碧潭,22,weekend,42182,119.16
小碧潭,23,weekday,20691,23.33
小碧潭,23,weekend,12132,34.27
市政府,0,weekday,480544,541.76
市政府,0,weekend,286500,809.32
市政府,1,weekday,43036,48.52
市政府,1,weekend,23774,67.16
市政府,5,weekday,422,0.48
市政府,5,weekend,791,2.24
市政府,6,weekday,257227,290.0
市政府,6,weekend,109919,310.51
市政府,7,weekday,1194949,1347.18
市政府,7,weekend,168713,476.59
市政府,8,weekday,1892225,2133.29
市政府,8,weekend,264708,747.76
市政府,9,weekday,1348794,1520.62
市政府,9,weekend,344228,972.4
市政府,10,weekday,1151512,1298.21
市政府,10,weekend,419863,1186.05
市政府,11,weekday,1328230,1497.44
市政府,11,weekend,550156,1554.11
市政府,12,weekday,1680294,1894.36
市政府,12,weekend,677133,1912.81
市政府,13,weekday,1933247,2179.53
市政府,13,weekend,898572,2538.34
市政府,14,weekday,2174400,2451.41
市政府,14,weekend,1150130,3248.95
市政府,15,weekday,2475972,2791.4
市政府,15,weekend,1402208,3961.04
市政府,16,weekday,3433985,3871.46
市政府,16,weekend,1646273,4650.49
市政府,17,weekday,5257393,5927.16
市政府,17,weekend,1912173,5401.62
市政府,18,weekday,8621260,9719.57
市政府,18,weekend,1815156,5127.56
市政府,19,weekday,6430625,7249.86
市政府,19,weekend,1613383,4557.58
市政府,20,weekday,4164829,4695.41
市政府,20,weekend,1599514,4518.4
市政府,21,weekday,4162284,4692.54
市政府,21,weekend,1794693,5069.75
市政府,22,weekday,3885646,4380.66
市政府,22,weekend,1842650,5205.23
市政府,23,weekday,1285054,1448.76
市政府,23,weekend,703932,1988.51
幸福,0,weekday,6564,7.4
幸福,0,weekend,3489,9.86
幸福,1,weekday,76,0.09
幸福,1,weekend,67,0.19
幸福,5,weekday,6,0.01
幸福,5,weekend,21,0.06
幸福,6,weekday,33340,37.59
幸福,6,weekend,6927,19.57
幸福,7,weekday,249254,281.01
幸福,7,weekend,22641,63.96
幸福,8,weekday,477767,538.63
幸福,8,weekend,31490,88.95
幸福,9,weekday,201447,227.11
幸福,9,weekend,31587,89.23
幸福,10,weekday,90769,102.33
幸福,10,weekend,39005,110.18
幸福,11,weekday,74352,83.82
幸福,11,weekend,45924,129.73
幸福,12,weekday,68359,77.07
幸福,12,weekend,40634,114.79
幸福,13,weekday,71492,80.6
幸福,13,weekend,44038,124.4
幸福,14,weekday,59625,67.22
幸福,14,weekend,39160,110.62
幸福,15,weekday,56194,63.35
幸福,15,weekend,35804,101.14
幸福,16,weekday,60674,68.4
幸福,16,weekend,35182,99.38
幸福,17,weekday,100975,113.84
幸福,17,weekend,41275,116.6
幸福,18,weekday,135830,153.13
幸福,18,weekend,37817,106.83
幸福,19,weekday,89251,100.62
幸福,19,weekend,29048,82.06
幸福,20,weekday,51767,58.36
幸福,20,weekend,23215,65.58
幸福,21,weekday,50726,57.19
幸福,21,weekend,21588,60.98
幸福,22,weekday,42064,47.42
幸福,22,weekend,17436,49.25
幸福,23,weekday,20156,22.72
幸福,23,weekend,10220,28.87
府中,0,weekday,109040,122.93
府中,0,weekend,55813,157.66
府中,1,weekday,3799,4.28
府中,1,weekend,1911,5.4
府中,5,weekday,490,0.55
府中,5,weekend,742,2.1
府中,6,weekday,581401,655.47
府中,6,weekend,130105,367.53
府中,7,weekday,2487797,2804.73
府中,7,weekend,268666,758.94
府中,8,weekday,4882402,5504.4
府中,8,weekend,454164,1282.95
府中,9,weekday,2553380,2878.67
府中,9,weekend,526701,1487.86
府中,10,weekday,1558969,1757.57
府中,10,weekend,637386,1800.53
府中,11,weekday,1279075,1442.02
府中,11,weekend,709880,2005.31
府中,12,weekday,1251197,1410.59
府中,12,weekend,740068,2090.59
府中,13,weekday,1254969,1414.85
府中,13,weekend,727365,2054.7
府中,14,weekday,1112212,1253.9
府中,14,weekend,685516,1936.49
府中,15,weekday,983303,1108.57
府中,15,weekend,615146,1737.7
府中,16,weekday,1168052,1316.86
府中,16,weekend,636352,1797.6
府中,17,weekday,1475520,1663.49
府中,17,weekend,730357,2063.16
府中,18,weekday,1470620,1657.97
府中,18,weekend,595858,1683.21
府中,19,weekday,1027861,1158.81
府中,19,weekend,461538,1303.78
府中,20,weekday,850870,959.27
府中,20,weekend,419259,1184.35
府中,21,weekday,1053580,1187.8
府中,21,weekend,431248,1218.21
府中,22,weekday,819991,924.45
府中,22,weekend,317515,896.94
府中,23,weekday,312002,351.75
府中,23,weekend,151397,427.68
後山埤,0,weekday,55511,62.58
後山埤,0,weekend,23767,67.14
後山埤,1,weekday,2635,2.97
後山埤,1,weekend,1577,4.45
後山埤,5,weekday,152,0.17
後山埤,5,weekend,682,1.93
後山埤,6,weekday,272256,306.94
後山埤,6,weekend,65336,184.56
後山埤,7,weekday,1078862,1216.3
後山埤,7,weekend,125879,355.59
後山埤,8,weekday,2205943,2486.97
後山埤,8,weekend,222894,629.64
後山埤,9,weekday,1222921,1378.72
後山埤,9,weekend,280249,791.66
後山埤,10,weekday,766850,864.54
後山埤,10,weekend,326268,921.66
後山埤,11,weekday,731324,824.49
後山埤,11,weekend,403820,1140.73
後山埤,12,weekday,701114,790.43
後山埤,12,weekend,370426,1046.4
後山埤,13,weekday,721028,812.88
後山埤,13,weekend,379245,1071.31
後山埤,14,weekday,622204,701.47
後山埤,14,weekend,351437,992.76
後山埤,15,weekday,596014,671.94
後山埤,15,weekend,319372,902.18
後山埤,16,weekday,762207,859.31
後山埤,16,weekend,342548,967.65
後山埤,17,weekday,1062245,1197.57
後山埤,17,weekend,391074,1104.73
後山埤,18,weekday,1421257,1602.32
後山埤,18,weekend,325814,920.38
後山埤,19,weekday,926179,1044.17
後山埤,19,weekend,220819,623.78
後山埤,20,weekday,543658,612.92
後山埤,20,weekend,165544,467.64
後山埤,21,weekday,452425,510.06
後山埤,21,weekend,142636,402.93
後山埤,22,weekday,320542,361.38
後山埤,22,weekend,104144,294.19
後山埤,23,weekday,147190,165.94
後山埤,23,weekend,56901,160.74
徐匯中學,0,weekday,25539,28.79
徐匯中學,0,weekend,14597,41.23
徐匯中學,1,weekday,296,0.33
徐匯中學,1,weekend,196,0.55
徐匯中學,5,weekday,112,0.13
徐匯中學,5,weekend,248,0.7
徐匯中學,6,weekday,277656,313.03
徐匯中學,6,weekend,60632,171.28
徐匯中學,7,weekday,1408982,1588.48
徐匯中學,7,weekend,131518,371.52
徐匯中學,8,weekday,2732391,3080.49
徐匯中學,8,weekend,209980,593.16
徐匯中學,9,weekday,1250347,1409.64
徐匯中學,9,weekend,243135,686.82
徐匯中學,10,weekday,675412,761.46
徐匯中學,10,weekend,274095,774.28
徐匯中學,11,weekday,493099,555.92
徐匯中學,11,weekend,292049,825.0
徐匯中學,12,weekday,451696,509.24
徐匯中學,12,weekend,267391,755.34
徐匯中學,13,weekday,458737,517.18
徐匯中學,13,weekend,275246,777.53
徐匯中學,14,weekday,379771,428.15
徐匯中學,14,weekend,250127,706.57
徐匯中學,15,weekday,320798,361.67
徐匯中學,15,weekend,217362,614.02
徐匯中學,16,weekday,326613,368.22
徐匯中學,16,weekend,192183,542.89
徐匯中學,17,weekday,466974,526.46
徐匯中學,17,weekend,212009,598.9
徐匯中學,18,weekday,482893,544.41
徐匯中學,18,weekend,176254,497.89
徐匯中學,19,weekday,311307,350.97
徐匯中學,19,weekend,128832,363.93
徐匯中學,20,weekday,212171,239.2
徐匯中學,20,weekend,102686,290.07
徐匯中學,21,weekday,210947,237.82
徐匯中學,21,weekend,104741,295.88
徐匯中學,22,weekday,166183,187.35
徐匯中學,22,weekend,74882,211.53
徐匯中學,23,weekday,69731,78.61
徐匯中學,23,weekend,35028,98.95
復興崗,0,weekday,8191,9.23
復興崗,0,weekend,4172,11.79
復興崗,1,weekday,543,0.61
復興崗,1,weekend,271,0.77
復興崗,5,weekday,292,0.33
復興崗,5,weekend,153,0.43
復興崗,6,weekday,113809,128.31
復興崗,6,weekend,23809,67.26
復興崗,7,weekday,450741,508.16
復興崗,7,weekend,43458,122.76
復興崗,8,weekday,619015,697.87
復興崗,8,weekend,70098,198.02
復興崗,9,weekday,307440,346.61
復興崗,9,weekend,76393,215.8
復興崗,10,weekday,188060,212.02
復興崗,10,weekend,87449,247.03
復興崗,11,weekday,169315,190.89
復興崗,11,weekend,98196,277.39
復興崗,12,weekday,179102,201.92
復興崗,12,weekend,88069,248.78
復興崗,13,weekday,164149,185.06
復興崗,13,weekend,83938,237.11
復興崗,14,weekday,133253,150.23
復興崗,14,weekend,79896,225.69
復興崗,15,weekday,126214,142.29
復興崗,15,weekend,75293,212.69
復興崗,16,weekday,154684,174.39
復興崗,16,weekend,77794,219.76
復興崗,17,weekday,247956,279.54
復興崗,17,weekend,93929,265.34
復興崗,18,weekday,283043,319.1
復興崗,18,weekend,73350,207.2
復興崗,19,weekday,129067,145.51
復興崗,19,weekend,44184,124.81
復興崗,20,weekday,77675,87.57
復興崗,20,weekend,32558,91.97
復興崗,21,weekday,65722,74.09
復興崗,21,weekend,26859,75.87
復興崗,22,weekday,45349,51.13
復興崗,22,weekend,18144,51.25
復興崗,23,weekday,21433,24.16
復興崗,23,weekend,10392,29.36
忠孝復興,0,weekday,392116,442.07
忠孝復興,0,weekend,174833,493.88
忠孝復興,1,weekday,23956,27.01
忠孝復興,1,weekend,11185,31.6
忠孝復興,5,weekday,203,0.23
忠孝復興,5,weekend,1146,3.25
忠孝復興,6,weekday,178227,200.93
忠孝復興,6,weekend,67904,191.82
忠孝復興,7,weekday,680560,767.26
忠孝復興,7,weekend,111829,315.9
忠孝復興,8,weekday,1253177,1412.83
忠孝復興,8,weekend,179145,506.06
忠孝復興,9,weekday,913778,1030.19
忠孝復興,9,weekend,239447,676.4
忠孝復興,10,weekday,806035,908.72
忠孝復興,10,weekend,315573,891.45
忠孝復興,11,weekday,1050943,1184.83
忠孝復興,11,weekend,463303,1308.77
忠孝復興,12,weekday,1457526,1643.21
忠孝復興,12,weekend,642211,1814.16
忠孝復興,13,weekday,1848701,2084.22
忠孝復興,13,weekend,867851,2451.56
忠孝復興,14,weekday,2072676,2336.73
忠孝復興,14,weekend,1079245,3048.71
忠孝復興,15,weekday,2330844,2627.78
忠孝復興,15,weekend,1229448,3473.02
忠孝復興,16,weekday,2732651,3080.78
忠孝復興,16,weekend,1354252,3825.57
忠孝復興,17,weekday,3534810,3985.13
忠孝復興,17,weekend,1484220,4192.71
忠孝復興,18,weekday,4712268,5312.59
忠孝復興,18,weekend,1376932,3889.64
忠孝復興,19,weekday,4038008,4552.43
忠孝復興,19,weekend,1268644,3583.74
忠孝復興,20,weekday,3368358,3797.47
忠孝復興,20,weekend,1230646,3476.4
忠孝復興,21,weekday,3594113,4051.99
忠孝復興,21,weekend,1264109,3570.93
忠孝復興,22,weekday,2904646,3274.69
忠孝復興,22,weekend,1114505,3148.32
忠孝復興,23,weekday,947539,1068.25
忠孝復興,23,weekend,399260,1127.85
忠孝敦化,0,weekday,365471,412.03
忠孝敦化,0,weekend,167474,473.09
忠孝敦化,1,weekday,17692,19.95
忠孝敦化,1,weekend,9502,26.84
忠孝敦化,5,weekday,246,0.28
忠孝敦化,5,weekend,786,2.23
忠孝敦化,6,weekday,152148,171.53
忠孝敦化,6,weekend,62115,175.47
忠孝敦化,7,weekday,465454,524.75
忠孝敦化,7,weekend,85513,241.56
忠孝敦化,8,weekday,863963,974.03
忠孝敦化,8,weekend,122383,345.71
忠孝敦化,9,weekday,623181,702.57
忠孝敦化,9,weekend,154115,435.35
忠孝敦化,10,weekday,559774,631.09
忠孝敦化,10,weekend,207071,584.95
忠孝敦化,11,weekday,708063,798.27
忠孝敦化,11,weekend,300972,850.2
忠孝敦化,12,weekday,921143,1038.49
忠孝敦化,12,weekend,385761,1089.72
忠孝敦化,13,weekday,1078099,1215.44
忠孝敦化,13,weekend,498093,1407.04
忠孝敦化,14,weekday,1242334,1400.6
忠孝敦化,14,weekend,640028,1807.99
忠孝敦化,15,weekday,1401836,1580.42
忠孝敦化,15,weekend,724071,2045.4
忠孝敦化,16,weekday,1704184,1921.29
忠孝敦化,16,weekend,818684,2312.67
忠孝敦化,17,weekday,2702952,3047.3
忠孝敦化,17,weekend,924693,2612.13
忠孝敦化,18,weekday,4794930,5405.78
忠孝敦化,18,weekend,852058,2406.94
忠孝敦化,19,weekday,3395603,3828.19
忠孝敦化,19,weekend,768449,2170.76
忠孝敦化,20,weekday,2412254,2719.56
忠孝敦化,20,weekend,761729,2151.78
忠孝敦化,21,weekday,2593521,2923.92
忠孝敦化,21,weekend,827000,2336.16
忠孝敦化,22,weekday,2038725,2298.45
忠孝敦化,22,weekend,699872,1977.04
忠孝敦化,23,weekday,853133,961.82
忠孝敦化,23,weekend,355658,1004.68
忠孝新生,0,weekday,208816,235.42
忠孝新生,0,weekend,85870,242.57
忠孝新生,1,weekday,13727,15.48
忠孝新生,1,weekend,5740,16.21
忠孝新生,5,weekday,335,0.38
忠孝新生,5,weekend,889,2.52
忠孝新生,6,weekday,169445,191.03
忠孝新生,6,weekend,51629,145.84
忠孝新生,7,weekday,689292,777.1
忠孝新生,7,weekend,106443,300.69
忠孝新生,8,weekday,1302040,1467.91
忠孝新生,8,weekend,182703,516.11
忠孝新生,9,weekday,968091,1091.42
忠孝新生,9,weekend,250693,708.17
忠孝新生,10,weekday,801353,903.44
忠孝新生,10,weekend,312956,884.06
忠孝新生,11,weekday,949724,1070.71
忠孝新生,11,weekend,432584,1221.99
忠孝新生,12,weekday,1310202,1477.12
忠孝新生,12,weekend,559094,1579.36
忠孝新生,13,weekday,1306998,1473.5
忠孝新生,13,weekend,689903,1948.88
忠孝新生,14,weekday,1407524,1586.84
忠孝新生,14,weekend,817633,2309.7
忠孝新生,15,weekday,1678240,1892.04
忠孝新生,15,weekend,977057,2760.05
忠孝新生,16,weekday,2188671,2467.5
忠孝新生,16,weekend,1182711,3340.99
忠孝新生,17,weekday,3398802,3831.79
忠孝新生,17,weekend,1337720,3778.87
忠孝新生,18,weekday,5072036,5718.19
忠孝新生,18,weekend,1203043,3398.43
忠孝新生,19,weekday,3149587,3550.83
忠孝新生,19,weekend,880009,2485.9
忠孝新生,20,weekday,2028910,2287.38
忠孝新生,20,weekend,727238,2054.34
忠孝新生,21,weekday,2051452,2312.8
忠孝新生,21,weekend,716116,2022.93
忠孝新生,22,weekday,1330112,1499.56
忠孝新生,22,weekend,489485,1382.73
忠孝新生,23,weekday,518588,584.65
忠孝新生,23,weekend,207773,586.93
忠義,0,weekday,6538,7.37
忠義,0,weekend,2140,6.05
忠義,1,weekday,393,0.44
忠義,1,weekend,151,0.43
忠義,5,weekday,85,0.1
忠義,5,weekend,36,0.1
忠義,6,weekday,50878,57.36
忠義,6,weekend,10318,29.15
忠義,7,weekday,200803,226.38
忠義,7,weekend,21796,61.57
忠義,8,weekday,240010,270.59
忠義,8,weekend,34347,97.03
忠義,9,weekday,149087,168.08
忠義,9,weekend,39651,112.01
忠義,10,weekday,125198,141.15
忠義,10,weekend,44300,125.14
忠義,11,weekday,142928,161.14
忠義,11,weekend,54417,153.72
忠義,12,weekday,152149,171.53
忠義,12,weekend,53168,150.19
忠義,13,weekday,140761,158.69
忠義,13,weekend,51274,144.84
忠義,14,weekday,119555,134.79
忠義,14,weekend,44926,126.91
忠義,15,weekday,122249,137.82
忠義,15,weekend,41482,117.18
忠義,16,weekday,189157,213.25
忠義,16,weekend,45093,127.38
忠義,17,weekday,302457,340.99
忠義,17,weekend,48849,137.99
忠義,18,weekday,403353,454.74
忠義,18,weekend,38282,108.14
忠義,19,weekday,296270,334.01
忠義,19,weekend,24580,69.44
忠義,20,weekday,144685,163.12
忠義,20,weekend,18255,51.57
忠義,21,weekday,77467,87.34
忠義,21,weekend,14427,40.75
忠義,22,weekday,40826,46.03
忠義,22,weekend,10414,29.42
忠義,23,weekday,20908,23.57
忠義,23,weekend,6557,18.52
文德,0,weekday,10297,11.61
文德,0,weekend,4033,11.39
文德,1,weekday,412,0.46
文德,1,weekend,178,0.5
文德,5,weekday,37,0.04
文德,5,weekend,91,0.26
文德,6,weekday,62192,70.11
文德,6,weekend,16451,46.47
文德,7,weekday,404321,455.83
文德,7,weekend,37972,107.27
文德,8,weekday,854265,963.09
文德,8,weekend,67870,191.72
文德,9,weekday,437448,493.18
文德,9,weekend,86294,243.77
文德,10,weekday,222264,250.58
文德,10,weekend,96250,271.89
文德,11,weekday,215918,243.43
文德,11,weekend,126027,356.01
文德,12,weekday,202409,228.2
文德,12,weekend,119601,337.86
文德,13,weekday,196779,221.85
文德,13,weekend,115692,326.81
文德,14,weekday,159158,179.43
文德,14,weekend,101843,287.69
文德,15,weekday,160369,180.8
文德,15,weekend,95742,270.46
文德,16,weekday,571852,644.7
文德,16,weekend,99651,281.5
文德,17,weekday,598967,675.27
文德,17,weekend,121524,343.29
文德,18,weekday,494243,557.21
文德,18,weekend,95634,270.15
文德,19,weekday,286130,322.58
文德,19,weekend,59137,167.05
文德,20,weekday,160627,181.09
文德,20,weekend,40430,114.21
文德,21,weekday,141127,159.11
文德,21,weekend,33359,94.23
文德,22,weekday,81509,91.89
文德,22,weekend,22573,63.77
文德,23,weekday,28690,32.34
文德,23,weekend,11300,31.92
新北投,0,weekday,14947,16.85
新北投,0,weekend,7606,21.49
新北投,1,weekday,321,0.36
新北投,1,weekend,162,0.46
新北投,5,weekday,121,0.14
新北投,5,weekend,51,0.14
新北投,6,weekday,40840,46.04
新北投,6,weekend,7148,20.19
新北投,7,weekday,241810,272.62
新北投,7,weekend,26145,73.86
新北投,8,weekday,393229,443.32
新北投,8,weekend,44375,125.35
新北投,9,weekday,231167,260.62
新北投,9,weekend,62407,176.29
新北投,10,weekday,201539,227.21
新北投,10,weekend,89855,253.83
新北投,11,weekday,241430,272.19
新北投,11,weekend,130291,368.05
新北投,12,weekday,270624,305.1
新北投,12,weekend,155245,438.55
新北投,13,weekday,284198,320.4
新北投,13,weekend,165110,466.41
新北投,14,weekday,290586,327.61
新北投,14,weekend,172534,487.38
新北投,15,weekday,314689,354.78
新北投,15,weekend,188792,533.31
新北投,16,weekday,530223,597.77
新北投,16,weekend,218844,618.2
新北投,17,weekday,664088,748.69
新北投,17,weekend,244550,690.82
新北投,18,weekday,504328,568.58
新北投,18,weekend,196629,555.45
新北投,19,weekday,234424,264.29
新北投,19,weekend,125203,353.68
新北投,20,weekday,163781,184.65
新北投,20,weekend,88871,251.05
新北投,21,weekday,248081,279.69
新北投,21,weekend,72258,204.12
新北投,22,weekday,117136,132.06
新北投,22,weekend,49562,140.01
新北投,23,weekday,44394,50.05
新北投,23,weekend,23364,66.0
新北產業園區,0,weekday,9094,10.25
新北產業園區,0,weekend,4686,13.24
新北產業園區,1,weekday,67,0.08
新北產業園區,1,weekend,46,0.13
新北產業園區,5,weekday,4,0.0
新北產業園區,5,weekend,3,0.01
新北產業園區,6,weekday,13614,15.35
新北產業園區,6,weekend,3530,9.97
新北產業園區,7,weekday,104978,118.35
新北產業園區,7,weekend,13770,38.9
新北產業園區,8,weekday,138229,155.84
新北產業園區,8,weekend,16537,46.71
新北產業園區,9,weekday,78094,88.04
新北產業園區,9,weekend,18902,53.4
新北產業園區,10,weekday,48992,55.23
新北產業園區,10,weekend,20671,58.39
新北產業園區,11,weekday,45064,50.8
新北產業園區,11,weekend,23919,67.57
新北產業園區,12,weekday,49123,55.38
新北產業園區,12,weekend,23873,67.44
新北產業園區,13,weekday,54427,61.36
新北產業園區,13,weekend,24526,69.28
新北產業園區,14,weekday,52955,59.7
新北產業園區,14,weekend,26397,74.57
新北產業園區,15,weekday,61243,69.05
新北產業園區,15,weekend,33520,94.69
新北產業園區,16,weekday,72895,82.18
新北產業園區,16,weekend,35328,99.8
新北產業園區,17,weekday,191566,215.97
新北產業園區,17,weekend,45096,127.39
新北產業園區,18,weekday,421177,474.83
新北產業園區,18,weekend,46663,131.82
新北產業園區,19,weekday,241622,272.4
新北產業園區,19,weekend,33108,93.53
新北產業園區,20,weekday,100025,112.77
新北產業園區,20,weekend,28137,79.48
新北產業園區,21,weekday,84738,95.53
新北產業園區,21,weekend,30722,86.79
新北產業園區,22,weekday,72412,81.64
新北產業園區,22,weekend,32795,92.64
新北產業園區,23,weekday,37344,42.1
新北產業園區,23,weekend,19009,53.7
新埔,0,weekday,74890,84.43
新埔,0,weekend,37330,105.45
新埔,1,weekday,2979,3.36
新埔,1,weekend,1206,3.41
新埔,5,weekday,549,0.62
新埔,5,weekend,1065,3.02
新埔,6,weekday,879001,990.98
新埔,6,weekend,197991,559.3
新埔,7,weekday,3786613,4269.01
新埔,7,weekend,346391,978.51
新埔,8,weekday,7232996,8154.45
新埔,8,weekend,590880,1669.15
新埔,9,weekday,3690586,4160.75
新埔,9,weekend,709552,2004.38
新埔,10,weekday,2040049,2299.94
新埔,10,weekend,795225,2246.4
新埔,11,weekday,1610754,1815.96
新埔,11,weekend,873919,2468.7
新埔,12,weekday,1595149,1798.36
新埔,12,weekend,816566,2306.68
新埔,13,weekday,1633289,1841.36
新埔,13,weekend,875665,2473.63
新埔,14,weekday,1337849,1508.29
新埔,14,weekend,769706,2174.31
新埔,15,weekday,1295797,1460.88
新埔,15,weekend,675170,1907.26
新埔,16,weekday,1331918,1501.6
新埔,16,weekend,638508,1803.69
新埔,17,weekday,1853316,2089.42
新埔,17,weekend,711055,2008.63
新埔,18,weekday,2196235,2476.03
新埔,18,weekend,613076,1731.85
新埔,19,weekday,1479740,1668.25
新埔,19,weekend,446275,1260.66
新埔,20,weekday,995929,1122.81
新埔,20,weekend,351214,992.13
新埔,21,weekday,883538,996.1
新埔,21,weekend,303146,856.34
新埔,22,weekday,616679,695.24
新埔,22,weekend,210767,595.39
新埔,23,weekday,230108,259.42
新埔,23,weekend,103252,291.67
新埔民生,0,weekday,4482,5.05
新埔民生,0,weekend,2049,5.79
新埔民生,1,weekday,61,0.07
新埔民生,1,weekend,29,0.08
新埔民生,5,weekday,3,0.0
新埔民生,5,weekend,1,0.0
新埔民生,6,weekday,13914,15.69
新埔民生,6,weekend,3185,9.0
新埔民生,7,weekday,73286,82.62
新埔民生,7,weekend,8011,22.63
新埔民生,8,weekday,101926,114.91
新埔民生,8,weekend,9509,26.86
新埔民生,9,weekday,50286,56.69
新埔民生,9,weekend,10185,28.77
新埔民生,10,weekday,25729,29.01
新埔民生,10,weekend,11819,33.39
新埔民生,11,weekday,22313,25.16
新埔民生,11,weekend,12938,36.55
新埔民生,12,weekday,24473,27.59
新埔民生,12,weekend,13473,38.06
新埔民生,13,weekday,29633,33.41
新埔民生,13,weekend,15377,43.44
新埔民生,14,weekday,25200,28.41
新埔民生,14,weekend,15375,43.43
新埔民生,15,weekday,27387,30.88
新埔民生,15,weekend,15297,43.21
新埔民生,16,weekday,29828,33.63
新埔民生,16,weekend,16092,45.46
新埔民生,17,weekday,45724,51.55
新埔民生,17,weekend,18929,53.47
新埔民生,18,weekday,59265,66.82
新埔民生,18,weekend,18179,51.35
新埔民生,19,weekday,41518,46.81
新埔民生,19,weekend,14150,39.97
新埔民生,20,weekday,33724,38.02
新埔民生,20,weekend,12986,36.68
新埔民生,21,weekday,33865,38.18
新埔民生,21,weekend,12078,34.12
新埔民生,22,weekday,27821,31.37
新埔民生,22,weekend,9780,27.63
新埔民生,23,weekday,13421,15.13
新埔民生,23,weekend,5924,16.73
新店,0,weekday,15241,17.18
新店,0,weekend,9367,26.46
新店,1,weekday,362,0.41
新店,1,weekend,228,0.64
新店,5,weekday,366,0.41
新店,5,weekend,317,0.9
新店,6,weekday,265965,299.85
新店,6,weekend,59157,167.11
新店,7,weekday,1265289,1426.48
新店,7,weekend,127142,359.16
新店,8,weekday,2280604,2571.14
新店,8,weekend,219461,619.95
新店,9,weekday,1143315,1288.97
新店,9,weekend,251219,709.66
新店,10,weekday,617822,696.53
新店,10,weekend,267032,754.33
新店,11,weekday,558708,629.89
新店,11,weekend,312148,881.77
新店,12,weekday,486070,547.99
新店,12,weekend,285079,805.31
新店,13,weekday,521897,588.38
新店,13,weekend,294868,832.96
新店,14,weekday,454146,512.0
新店,14,weekend,273921,773.79
新店,15,weekday,423684,477.66
新店,15,weekend,263666,744.82
新店,16,weekday,574636,647.84
新店,16,weekend,284734,804.33
新店,17,weekday,702232,791.69
新店,17,weekend,325121,918.42
新店,18,weekday,601324,677.93
新店,18,weekend,270587,764.37
新店,19,weekday,381316,429.89
新店,19,weekend,205344,580.07
新店,20,weekday,243201,274.18
新店,20,weekend,169830,479.75
新店,21,weekday,207834,234.31
新店,21,weekend,129345,365.38
新店,22,weekday,131661,148.43
新店,22,weekend,71890,203.08
新店,23,weekday,58631,66.1
新店,23,weekend,33007,93.24
新店區公所,0,weekday,19703,22.21
新店區公所,0,weekend,9263,26.17
新店區公所,1,weekday,421,0.47
新店區公所,1,weekend,242,0.68
新店區公所,5,weekday,292,0.33
新店區公所,5,weekend,258,0.73
新店區公所,6,weekday,213019,240.16
新店區公所,6,weekend,54587,154.2
新店區公所,7,weekday,1122568,1265.58
新店區公所,7,weekend,118637,335.13
新店區公所,8,weekday,2182913,2461.01
新店區公所,8,weekend,212588,600.53
新店區公所,9,weekday,1183883,1334.7
新店區公所,9,weekend,244670,691.16
新店區公所,10,weekday,660177,744.28
新店區公所,10,weekend,263564,744.53
新店區公所,11,weekday,603746,680.66
新店區公所,11,weekend,300101,847.74
新店區公所,12,weekday,533905,601.92
新店區公所,12,weekend,266186,751.94
新店區公所,13,weekday,519386,585.55
新店區公所,13,weekend,265926,751.2
新店區公所,14,weekday,435791,491.31
新店區公所,14,weekend,234352,662.01
新店區公所,15,weekday,379842,428.23
新店區公所,15,weekend,195311,551.73
新店區公所,16,weekday,442744,499.15
新店區公所,16,weekend,188105,531.37
新店區公所,17,weekday,642559,724.42
新店區公所,17,weekend,217617,614.74
新店區公所,18,weekday,803558,905.93
新店區公所,18,weekend,186740,527.51
新店區公所,19,weekday,457652,515.95
新店區公所,19,weekend,124140,350.68
新店區公所,20,weekday,257987,290.85
新店區公所,20,weekend,94203,266.11
新店區公所,21,weekday,212367,239.42
新店區公所,21,weekend,79173,223.65
新店區公所,22,weekday,145379,163.9
新店區公所,22,weekend,54732,154.61
新店區公所,23,weekday,59704,67.31
新店區公所,23,weekend,27932,78.9
新莊,0,weekday,33199,37.43
新莊,0,weekend,16601,46.9
新莊,1,weekday,1033,1.16
新莊,1,weekend,534,1.51
新莊,5,weekday,71,0.08
新莊,5,weekend,185,0.52
新莊,6,weekday,221529,249.75
新莊,6,weekend,45337,128.07
新莊,7,weekday,1269553,1431.29
新莊,7,weekend,102000,288.14
新莊,8,weekday,2336282,2633.91
新莊,8,weekend,160559,453.56
新莊,9,weekday,979364,1104.13
新莊,9,weekend,172586,487.53
新莊,10,weekday,458167,516.54
新莊,10,weekend,189593,535.57
新莊,11,weekday,365147,411.67
新莊,11,weekend,208735,589.65
新莊,12,weekday,345576,389.6
新莊,12,weekend,197493,557.89
新莊,13,weekday,344594,388.49
新莊,13,weekend,200984,567.75
新莊,14,weekday,277318,312.65
新莊,14,weekend,176570,498.79
新莊,15,weekday,249386,281.16
新莊,15,weekend,155053,438.0
新莊,16,weekday,393813,443.98
新莊,16,weekend,161200,455.37
新莊,17,weekday,528738,596.1
新莊,17,weekend,197688,558.44
新莊,18,weekday,504021,568.23
新莊,18,weekend,162009,457.65
新莊,19,weekday,288696,325.47
新莊,19,weekend,122391,345.74
新莊,20,weekday,309422,348.84
新莊,20,weekend,133197,376.26
新莊,21,weekday,262933,296.43
新莊,21,weekend,130582,368.88
新莊,22,weekday,249107,280.84
新莊,22,weekend,96414,272.36
新莊,23,weekday,107557,121.26
新莊,23,weekend,49264,139.16
昆陽,0,weekday,43652,49.21
昆陽,0,weekend,23150,65.4
昆陽,1,weekday,1172,1.32
昆陽,1,weekend,588,1.66
昆陽,5,weekday,238,0.27
昆陽,5,weekend,388,1.1
昆陽,6,weekday,166601,187.83
昆陽,6,weekend,39323,111.08
昆陽,7,weekday,651680,734.7
昆陽,7,weekend,80896,228.52
昆陽,8,weekday,1073879,1210.69
昆陽,8,weekend,133294,376.54
昆陽,9,weekday,696965,785.76
昆陽,9,weekend,165239,466.78
昆陽,10,weekday,470960,530.96
昆陽,10,weekend,195856,553.27
昆陽,11,weekday,476679,537.41
昆陽,11,weekend,233696,660.16
昆陽,12,weekday,550785,620.95
昆陽,12,weekend,231099,652.82
昆陽,13,weekday,537709,606.21
昆陽,13,weekend,240585,679.62
昆陽,14,weekday,433732,488.99
昆陽,14,weekend,216681,612.09
昆陽,15,weekday,436084,491.64
昆陽,15,weekend,205677,581.01
昆陽,16,weekday,766542,864.2
昆陽,16,weekend,227434,642.47
昆陽,17,weekday,1431932,1614.35
昆陽,17,weekend,291607,823.75
昆陽,18,weekday,2580784,2909.56
昆陽,18,weekend,251102,709.33
昆陽,19,weekday,1502843,1694.3
昆陽,19,weekend,159760,451.3
昆陽,20,weekday,588269,663.21
昆陽,20,weekend,128644,363.4
昆陽,21,weekday,364249,410.65
昆陽,21,weekend,132618,374.63
昆陽,22,weekday,282965,319.01
昆陽,22,weekend,157085,443.74
昆陽,23,weekday,142772,160.96
昆陽,23,weekend,98421,278.03
明德,0,weekday,23529,26.53
明德,0,weekend,11482,32.44
明德,1,weekday,1366,1.54
明德,1,weekend,598,1.69
明德,5,weekday,872,0.98
明德,5,weekend,518,1.47
明德,6,weekday,234131,263.96
明德,6,weekend,53980,152.49
明德,7,weekday,904619,1019.86
明德,7,weekend,100374,283.54
明德,8,weekday,1562498,1761.55
明德,8,weekend,172706,487.87
明德,9,weekday,994337,1121.01
明德,9,weekend,209322,591.31
明德,10,weekday,675362,761.4
明德,10,weekend,232307,656.23
明德,11,weekday,656136,739.72
明德,11,weekend,270999,765.53
明德,12,weekday,630919,711.3
明德,12,weekend,248679,702.48
明德,13,weekday,564720,636.66
明德,13,weekend,249185,703.91
明德,14,weekday,499145,562.73
明德,14,weekend,214120,604.86
明德,15,weekday,518816,584.91
明德,15,weekend,191453,540.83
明德,16,weekday,931182,1049.81
明德,16,weekend,202529,572.12
明德,17,weekday,1185211,1336.2
明德,17,weekend,237013,669.53
明德,18,weekday,872333,983.46
明德,18,weekend,187650,530.08
明德,19,weekday,517154,583.04
明德,19,weekend,122663,346.51
明德,20,weekday,339143,382.35
明德,20,weekend,94471,266.87
明德,21,weekday,280239,315.94
明德,21,weekend,77342,218.48
明德,22,weekday,157479,177.54
明德,22,weekend,51536,145.58
明德,23,weekday,59305,66.86
明德,23,weekend,26870,75.9
景安,0,weekday,35446,39.96
景安,0,weekend,18087,51.09
景安,1,weekday,639,0.72
景安,1,weekend,408,1.15
景安,5,weekday,285,0.32
景安,5,weekend,504,1.43
景安,6,weekday,483805,545.44
景安,6,weekend,101896,287.84
景安,7,weekday,2516856,2837.49
景安,7,weekend,236279,667.45
景安,8,weekday,4862157,5481.57
景安,8,weekend,412136,1164.23
景安,9,weekday,2550915,2875.89
景安,9,weekend,486065,1373.06
景安,10,weekday,1354184,1526.7
景安,10,weekend,517057,1460.61
景安,11,weekday,1050995,1184.89
景安,11,weekend,579689,1637.54
景安,12,weekday,926606,1044.65
景安,12,weekend,502455,1419.36
景安,13,weekday,936622,1055.94
景安,13,weekend,507878,1434.68
景安,14,weekday,741304,835.74
景安,14,weekend,435903,1231.36
景安,15,weekday,617919,696.64
景安,15,weekend,356361,1006.67
景安,16,weekday,644207,726.28
景安,16,weekend,347474,981.56
景安,17,weekday,927778,1045.97
景安,17,weekend,385265,1088.32
景安,18,weekday,1180862,1331.3
景安,18,weekend,328692,928.51
景安,19,weekday,848551,956.65
景安,19,weekend,210664,595.1
景安,20,weekday,429196,483.87
景安,20,weekend,150932,426.36
景安,21,weekday,341300,384.78
景安,21,weekend,133938,378.36
景安,22,weekday,248323,279.96
景安,22,weekend,97826,276.34
景安,23,weekday,113223,127.65
景安,23,weekend,50558,142.82
景平,0,weekday,6906,7.79
景平,0,weekend,2808,7.93
景平,1,weekday,116,0.13
景平,1,weekend,34,0.1
景平,5,weekday,4,0.0
景平,5,weekend,13,0.04
景平,6,weekday,39829,44.9
景平,6,weekend,8286,23.41
景平,7,weekday,179145,201.97
景平,7,weekend,18466,52.16
景平,8,weekday,335650,378.41
景平,8,weekend,30322,85.66
景平,9,weekday,168156,189.58
景平,9,weekend,38132,107.72
景平,10,weekday,93780,105.73
景平,10,weekend,39226,110.81
景平,11,weekday,81778,92.2
景平,11,weekend,48565,137.19
景平,12,weekday,75772,85.43
景平,12,weekend,44157,124.74
景平,13,weekday,79656,89.8
景平,13,weekend,45015,127.16
景平,14,weekday,69704,78.58
景平,14,weekend,41333,116.76
景平,15,weekday,59192,66.73
景平,15,weekend,37460,105.82
景平,16,weekday,65658,74.02
景平,16,weekend,42792,120.88
景平,17,weekday,105770,119.24
景平,17,weekend,43808,123.75
景平,18,weekday,169623,191.23
景平,18,weekend,38153,107.78
景平,19,weekday,137217,154.7
景平,19,weekend,25196,71.18
景平,20,weekday,56283,63.45
景平,20,weekend,17650,49.86
景平,21,weekday,42904,48.37
景平,21,weekend,14744,41.65
景平,22,weekday,31133,35.1
景平,22,weekend,11967,33.81
景平,23,weekday,16978,19.14
景平,23,weekend,6952,19.64
景美,0,weekday,45151,50.9
景美,0,weekend,19410,54.83
景美,1,weekday,1238,1.4
景美,1,weekend,651,1.84
景美,5,weekday,304,0.34
景美,5,weekend,214,0.61
景美,6,weekday,270940,305.46
景美,6,weekend,64709,182.79
景美,7,weekday,1096396,1236.07
景美,7,weekend,136115,384.51
景美,8,weekday,2006897,2262.57
景美,8,weekend,232059,655.53
景美,9,weekday,1133470,1277.87
景美,9,weekend,279998,790.95
景美,10,weekday,741215,835.64
景美,10,weekend,323905,914.99
景美,11,weekday,711927,802.62
景美,11,weekend,377083,1065.21
景美,12,weekday,728599,821.42
景美,12,weekend,362502,1024.02
景美,13,weekday,679873,766.49
景美,13,weekend,357626,1010.24
景美,14,weekday,560654,632.08
景美,14,weekend,309782,875.09
景美,15,weekday,603632,680.53
景美,15,weekend,287259,811.47
景美,16,weekday,745770,840.78
景美,16,weekend,292515,826.31
景美,17,weekday,1146526,1292.59
景美,17,weekend,360196,1017.5
景美,18,weekday,1167441,1316.17
景美,18,weekend,318179,898.81
景美,19,weekday,743938,838.71
景美,19,weekend,232307,656.23
景美,20,weekday,489048,551.35
景美,20,weekend,180873,510.94
景美,21,weekday,520096,586.35
景美,21,weekend,167327,472.68
景美,22,weekday,348517,392.92
景美,22,weekend,116623,329.44
景美,23,weekday,136909,154.35
景美,23,weekend,55920,157.97
木柵,0,weekday,4925,5.55
木柵,0,weekend,2668,7.54
木柵,1,weekday,177,0.2
木柵,1,weekend,118,0.33
木柵,5,weekday,36,0.04
木柵,5,weekend,63,0.18
木柵,6,weekday,66750,75.25
木柵,6,weekend,13883,39.22
木柵,7,weekday,327183,368.86
木柵,7,weekend,39220,110.79
木柵,8,weekday,636793,717.92
木柵,8,weekend,63801,180.23
木柵,9,weekday,348082,392.43
木柵,9,weekend,84245,237.98
木柵,10,weekday,214898,242.28
木柵,10,weekend,94758,267.68
木柵,11,weekday,174265,196.47
木柵,11,weekend,105465,297.92
木柵,12,weekday,171765,193.65
木柵,12,weekend,86438,244.18
木柵,13,weekday,173916,196.07
木柵,13,weekend,90938,256.89
木柵,14,weekday,141457,159.48
木柵,14,weekend,78692,222.29
木柵,15,weekday,133383,150.38
木柵,15,weekend,70978,200.5
木柵,16,weekday,378650,426.89
木柵,16,weekend,78499,221.75
木柵,17,weekday,355663,400.97
木柵,17,weekend,89460,252.71
木柵,18,weekday,297853,335.8
木柵,18,weekend,73873,208.68
木柵,19,weekday,154386,174.05
木柵,19,weekend,44869,126.75
木柵,20,weekday,82659,93.19
木柵,20,weekend,29039,82.03
木柵,21,weekday,59500,67.08
木柵,21,weekend,19418,54.85
木柵,22,weekday,39851,44.93
木柵,22,weekend,14684,41.48
木柵,23,weekday,13438,15.15
木柵,23,weekend,6244,17.64
東湖,0,weekday,10597,11.95
東湖,0,weekend,5732,16.19
東湖,1,weekday,358,0.4
東湖,1,weekend,201,0.57
東湖,5,weekday,292,0.33
東湖,5,weekend,180,0.51
東湖,6,weekday,132380,149.24
東湖,6,weekend,26708,75.45
東湖,7,weekday,886946,999.94
東湖,7,weekend,71242,201.25
東湖,8,weekday,1741092,1962.9
東湖,8,weekend,125679,355.03
東湖,9,weekday,852406,961.0
東湖,9,weekend,153611,433.93
東湖,10,weekday,402786,454.1
東湖,10,weekend,174238,492.2
東湖,11,weekday,337207,380.17
東湖,11,weekend,212614,600.6
東湖,12,weekday,321402,362.35
東湖,12,weekend,198914,561.9
東湖,13,weekday,313650,353.61
東湖,13,weekend,192368,543.41
東湖,14,weekday,239007,269.46
東湖,14,weekend,160652,453.82
東湖,15,weekday,208202,234.73
東湖,15,weekend,138359,390.84
東湖,16,weekday,563363,635.13
東湖,16,weekend,147703,417.24
東湖,17,weekday,496382,559.62
東湖,17,weekend,170686,482.16
東湖,18,weekday,475430,536.0
東湖,18,weekend,133824,378.03
東湖,19,weekday,258647,291.6
東湖,19,weekend,81832,231.16
東湖,20,weekday,160229,180.64
東湖,20,weekend,54109,152.85
東湖,21,weekday,169203,190.76
東湖,21,weekend,47297,133.61
東湖,22,weekday,114315,128.88
東湖,22,weekend,36964,104.42
東湖,23,weekday,40518,45.68
東湖,23,weekend,17271,48.79
東門,0,weekday,120490,135.84
東門,0,weekend,43862,123.9
東門,1,weekday,8086,9.12
東門,1,weekend,2938,8.3
東門,5,weekday,193,0.22
東門,5,weekend,399,1.13
東門,6,weekday,157210,177.24
東門,6,weekend,44606,126.01
東門,7,weekday,665019,749.74
東門,7,weekend,98512,278.28
東門,8,weekday,1390483,1567.62
東門,8,weekend,193263,545.94
東門,9,weekday,957856,1079.88
東門,9,weekend,283832,801.79
東門,10,weekday,742101,836.64
東門,10,weekend,353470,998.5
東門,11,weekday,957571,1079.56
東門,11,weekend,458238,1294.46
東門,12,weekday,1109749,1251.13
東門,12,weekend,574430,1622.68
東門,13,weekday,1208142,1362.05
東門,13,weekend,628916,1776.6
東門,14,weekday,1149884,1296.37
東門,14,weekend,628863,1776.45
東門,15,weekday,1115392,1257.49
東門,15,weekend,607032,1714.78
東門,16,weekday,1517580,1710.91
東門,16,weekend,639356,1806.09
東門,17,weekday,2556389,2882.06
東門,17,weekend,753268,2127.88
東門,18,weekday,2992068,3373.24
東門,18,weekend,680443,1922.16
東門,19,weekday,1854074,2090.28
東門,19,weekend,533295,1506.48
東門,20,weekday,1339739,1510.42
東門,20,weekend,466211,1316.98
東門,21,weekday,1404222,1583.11
東門,21,weekend,434306,1226.85
東門,22,weekday,957654,1079.66
東門,22,weekend,267340,755.2
東門,23,weekday,327543,369.27
東門,23,weekend,105633,298.4
松山,0,weekday,153016,172.51
松山,0,weekend,84221,237.91
松山,1,weekday,4750,5.36
松山,1,weekend,3346,9.45
松山,5,weekday,193,0.22
松山,5,weekend,181,0.51
松山,6,weekday,278196,313.64
松山,6,weekend,60364,170.52
松山,7,weekday,1467581,1654.54
松山,7,weekend,142286,401.94
松山,8,weekday,3267486,3683.75
松山,8,weekend,235609,665.56
松山,9,weekday,1460923,1647.04
松山,9,weekend,265637,750.39
松山,10,weekday,745501,840.47
松山,10,weekend,295304,834.19
松山,11,weekday,727885,820.61
松山,11,weekend,379198,1071.18
松山,12,weekday,731836,825.07
松山,12,weekend,357010,1008.5
松山,13,weekday,797653,899.27
松山,13,weekend,380038,1073.55
松山,14,weekday,707509,797.64
松山,14,weekend,356098,1005.93
松山,15,weekday,688754,776.5
松山,15,weekend,356010,1005.68
松山,16,weekday,841739,948.97
松山,16,weekend,384585,1086.4
松山,17,weekday,1420674,1601.66
松山,17,weekend,458714,1295.8
松山,18,weekday,3118044,3515.27
松山,18,weekend,505511,1428.0
松山,19,weekday,2774391,3127.84
松山,19,weekend,525158,1483.5
松山,20,weekday,1553397,1751.29
松山,20,weekend,571380,1614.07
松山,21,weekday,1376000,1551.3
松山,21,weekend,585116,1652.87
松山,22,weekday,1098224,1238.13
松山,22,weekend,480501,1357.35
松山,23,weekday,551439,621.69
松山,23,weekend,276966,782.39
松山機場,0,weekday,9511,10.72
松山機場,0,weekend,3733,10.55
松山機場,1,weekday,342,0.39
松山機場,1,weekend,134,0.38
松山機場,5,weekday,13,0.01
松山機場,5,weekend,22,0.06
松山機場,6,weekday,33365,37.62
松山機場,6,weekend,7295,20.61
松山機場,7,weekday,188687,212.72
松山機場,7,weekend,18375,51.91
松山機場,8,weekday,326771,368.4
松山機場,8,weekend,31451,88.84
松山機場,9,weekday,198982,224.33
松山機場,9,weekend,46889,132.45
松山機場,10,weekday,170661,192.4
松山機場,10,weekend,71464,201.88
松山機場,11,weekday,231581,261.08
松山機場,11,weekend,105350,297.6
松山機場,12,weekday,245161,276.39
松山機場,12,weekend,105622,298.37
松山機場,13,weekday,238358,268.72
松山機場,13,weekend,105732,298.68
松山機場,14,weekday,318814,359.43
松山機場,14,weekend,141515,399.76
松山機場,15,weekday,273864,308.75
松山機場,15,weekend,118787,335.56
松山機場,16,weekday,310605,350.17
松山機場,16,weekend,127366,359.79
松山機場,17,weekday,416970,470.09
松山機場,17,weekend,123772,349.64
松山機場,18,weekday,591050,666.35
松山機場,18,weekend,131926,372.67
松山機場,19,weekday,393632,443.78
松山機場,19,weekend,97933,276.65
松山機場,20,weekday,201617,227.3
松山機場,20,weekend,68643,193.91
松山機場,21,weekday,184283,207.76
松山機場,21,weekend,69587,196.57
松山機場,22,weekday,178378,201.1
松山機場,22,weekend,71323,201.48
松山機場,23,weekday,46735,52.69
松山機場,23,weekend,17997,50.84
松江南京,0,weekday,212393,239.45
松江南京,0,weekend,77755,219.65
松江南京,1,weekday,11053,12.46
松江南京,1,weekend,4095,11.57
松江南京,5,weekday,204,0.23
松江南京,5,weekend,469,1.33
松江南京,6,weekday,129377,145.86
松江南京,6,weekend,42889,121.16
松江南京,7,weekday,501367,565.24
松江南京,7,weekend,81363,229.84
松江南京,8,weekday,1079081,1216.55
松江南京,8,weekend,137835,389.36
松江南京,9,weekday,820862,925.44
松江南京,9,weekend,196854,556.08
松江南京,10,weekday,741019,835.42
松江南京,10,weekend,237489,670.87
松江南京,11,weekday,933200,1052.09
松江南京,11,weekend,322492,910.99
松江南京,12,weekday,1218089,1373.27
松江南京,12,weekend,402712,1137.6
松江南京,13,weekday,1284446,1448.08
松江南京,13,weekend,468550,1323.59
松江南京,14,weekday,1440034,1623.49
松江南京,14,weekend,501098,1415.53
松江南京,15,weekday,1408595,1588.04
松江南京,15,weekend,521571,1473.36
松江南京,16,weekday,1991102,2244.76
松江南京,16,weekend,524097,1480.5
松江南京,17,weekday,4207802,4743.86
松江南京,17,weekend,608365,1718.55
松江南京,18,weekday,8252777,9304.15
松江南京,18,weekend,579846,1637.98
松江南京,19,weekday,4342829,4896.09
松江南京,19,weekend,495331,1399.24
松江南京,20,weekday,2293770,2585.99
松江南京,20,weekend,430834,1217.05
松江南京,21,weekday,2162861,2438.4
松江南京,21,weekend,457108,1291.27
松江南京,22,weekday,1374798,1549.94
松江南京,22,weekend,329401,930.51
松江南京,23,weekday,526043,593.06
松江南京,23,weekend,163128,460.81
板新,0,weekday,4078,4.6
板新,0,weekend,1863,5.26
板新,1,weekday,70,0.08
板新,1,weekend,44,0.12
板新,5,weekday,1,0.0
板新,5,weekend,0,0.0
板新,6,weekday,22266,25.1
板新,6,weekend,4132,11.67
板新,7,weekday,109264,123.18
板新,7,weekend,11246,31.77
板新,8,weekday,188538,212.56
板新,8,weekend,15000,42.37
板新,9,weekday,93635,105.56
板新,9,weekend,17596,49.71
板新,10,weekday,46107,51.98
板新,10,weekend,18027,50.92
板新,11,weekday,39123,44.11
板新,11,weekend,20913,59.08
板新,12,weekday,38837,43.78
板新,12,weekend,19835,56.03
板新,13,weekday,41853,47.18
板新,13,weekend,21075,59.53
板新,14,weekday,34399,38.78
板新,14,weekend,19591,55.34
板新,15,weekday,33538,37.81
板新,15,weekend,17741,50.12
板新,16,weekday,48637,54.83
板新,16,weekend,19370,54.72
板新,17,weekday,76260,85.98
板新,17,weekend,23321,65.88
板新,18,weekday,133997,151.07
板新,18,weekend,20507,57.93
板新,19,weekday,72451,81.68
板新,19,weekend,14169,40.03
板新,20,weekday,40783,45.98
板新,20,weekend,11613,32.81
板新,21,weekday,36267,40.89
板新,21,weekend,10698,30.22
板新,22,weekday,29701,33.48
板新,22,weekend,10400,29.38
板新,23,weekday,13457,15.17
板新,23,weekend,5729,16.18
橋和,0,weekday,3035,3.42
橋和,0,weekend,1066,3.01
橋和,1,weekday,11,0.01
橋和,1,weekend,11,0.03
橋和,5,weekday,0,0.0
橋和,5,weekend,0,0.0
橋和,6,weekday,4393,4.95
橋和,6,weekend,1529,4.32
橋和,7,weekday,22363,25.21
橋和,7,weekend,3814,10.77
橋和,8,weekday,37554,42.34
橋和,8,weekend,4810,13.59
橋和,9,weekday,22453,25.31
橋和,9,weekend,5724,16.17
橋和,10,weekday,18211,20.53
橋和,10,weekend,7425,20.97
橋和,11,weekday,21682,24.44
橋和,11,weekend,9001,25.43
橋和,12,weekday,26914,30.34
橋和,12,weekend,9784,27.64
橋和,13,weekday,28615,32.26
橋和,13,weekend,10719,30.28
橋和,14,weekday,27372,30.86
橋和,14,weekend,11023,31.14
橋和,15,weekday,31341,35.33
橋和,15,weekend,12522,35.37
橋和,16,weekday,42031,47.39
橋和,16,weekend,14231,40.2
橋和,17,weekday,98307,110.83
橋和,17,weekend,19791,55.91
橋和,18,weekday,315425,355.61
橋和,18,weekend,19889,56.18
橋和,19,weekday,198437,223.72
橋和,19,weekend,13127,37.08
橋和,20,weekday,61334,69.15
橋和,20,weekend,9743,27.52
橋和,21,weekday,34669,39.09
橋和,21,weekend,8548,24.15
橋和,22,weekday,22967,25.89
橋和,22,weekend,6717,18.97
橋和,23,weekday,10144,11.44
橋和,23,weekend,2995,8.46
民權西路,0,weekday,119111,134.29
民權西路,0,weekend,51699,146.04
民權西路,1,weekday,7162,8.07
民權西路,1,weekend,3120,8.81
民權西路,5,weekday,303,0.34
民權西路,5,weekend,498,1.41
民權西路,6,weekday,261857,295.22
民權西路,6,weekend,74145,209.45
民權西路,7,weekday,798406,900.12
民權西路,7,weekend,122364,345.66
民權西路,8,weekday,1243210,1401.59
民權西路,8,weekend,200302,565.82
民權西路,9,weekday,879234,991.24
民權西路,9,weekend,259664,733.51
民權西路,10,weekday,701629,791.01
民權西路,10,weekend,307854,869.64
民權西路,11,weekday,746567,841.68
民權西路,11,weekend,367371,1037.77
民權西路,12,weekday,885975,998.84
民權西路,12,weekend,404662,1143.11
民權西路,13,weekday,916890,1033.7
民權西路,13,weekend,437810,1236.75
民權西路,14,weekday,852974,961.64
民權西路,14,weekend,439893,1242.64
民權西路,15,weekday,915926,1032.61
民權西路,15,weekend,429362,1212.89
民權西路,16,weekday,1408235,1587.64
民權西路,16,weekend,487623,1377.47
民權西路,17,weekday,2310221,2604.53
民權西路,17,weekend,572714,1617.84
民權西路,18,weekday,3455176,3895.35
民權西路,18,weekend,524459,1481.52
民權西路,19,weekday,2213787,2495.81
民權西路,19,weekend,409757,1157.51
民權西路,20,weekday,1278650,1441.54
民權西路,20,weekend,348492,984.44
民權西路,21,weekday,1126388,1269.89
民權西路,21,weekend,321751,908.9
民權西路,22,weekday,797336,898.91
民權西路,22,weekend,239517,676.6
民權西路,23,weekday,302804,341.38
民權西路,23,weekend,117532,332.01
永安市場,0,weekday,50288,56.69
永安市場,0,weekend,24351,68.79
永安市場,1,weekday,1253,1.41
永安市場,1,weekend,663,1.87
永安市場,5,weekday,147,0.17
永安市場,5,weekend,440,1.25
永安市場,6,weekday,533743,601.74
永安市場,6,weekend,118826,335.67
永安市場,7,weekday,2296932,2589.55
永安市場,7,weekend,229031,646.98
永安市場,8,weekday,5045937,5688.77
永安市場,8,weekend,399191,1127.66
永安市場,9,weekday,2576795,2905.07
永安市場,9,weekend,471516,1331.97
永安市場,10,weekday,1329999,1499.44
永安市場,10,weekend,503469,1422.23
永安市場,11,weekday,1048524,1182.1
永安市場,11,weekend,576128,1627.48
永安市場,12,weekday,942897,1063.02
永安市場,12,weekend,520982,1471.7
永安市場,13,weekday,1013310,1142.4
永安市場,13,weekend,545921,1542.15
永安市場,14,weekday,819480,923.88
永安市場,14,weekend,495380,1399.38
永安市場,15,weekday,688629,776.36
永安市場,15,weekend,415763,1174.47
永安市場,16,weekday,694435,782.9
永安市場,16,weekend,401391,1133.87
永安市場,17,weekday,1060149,1195.21
永安市場,17,weekend,448296,1266.37
永安市場,18,weekday,1181044,1331.5
永安市場,18,weekend,376099,1062.43
永安市場,19,weekday,746567,841.68
永安市場,19,weekend,258863,731.25
永安市場,20,weekday,515920,581.65
永安市場,20,weekend,206994,584.73
永安市場,21,weekday,504870,569.19
永安市場,21,weekend,193295,546.03
永安市場,22,weekday,338755,381.91
永安市場,22,weekend,130260,367.97
永安市場,23,weekday,147813,166.64
永安市場,23,weekend,65613,185.35
永寧,0,weekday,22645,25.53
永寧,0,weekend,10566,29.85
永寧,1,weekday,477,0.54
永寧,1,weekend,232,0.66
永寧,5,weekday,90,0.1
永寧,5,weekend,265,0.75
永寧,6,weekday,296609,334.4
永寧,6,weekend,46233,130.6
永寧,7,weekday,1407177,1586.45
永寧,7,weekend,136197,384.74
永寧,8,weekday,1961360,2211.23
永寧,8,weekend,213975,604.45
永寧,9,weekday,1337431,1507.81
永寧,9,weekend,253408,715.84
永寧,10,weekday,805755,908.4
永寧,10,weekend,319282,901.93
永寧,11,weekday,635360,716.3
永寧,11,weekend,366201,1034.47
永寧,12,weekday,529933,597.44
永寧,12,weekend,318145,898.71
永寧,13,weekday,510185,575.18
永寧,13,weekend,292596,826.54
永寧,14,weekday,416148,469.16
永寧,14,weekend,253914,717.27
永寧,15,weekday,388221,437.68
永寧,15,weekend,243794,688.68
永寧,16,weekday,586085,660.75
永寧,16,weekend,234429,662.23
永寧,17,weekday,825699,930.89
永寧,17,weekend,268162,757.52
永寧,18,weekday,1018191,1147.9
永寧,18,weekend,227978,644.01
永寧,19,weekday,548500,618.38
永寧,19,weekend,160557,453.55
永寧,20,weekday,272327,307.02
永寧,20,weekend,136316,385.07
永寧,21,weekday,202864,228.71
永寧,21,weekend,108309,305.96
永寧,22,weekday,147001,165.73
永寧,22,weekend,77746,219.62
永寧,23,weekday,76919,86.72
永寧,23,weekend,37197,105.08
永春,0,weekday,79646,89.79
永春,0,weekend,35801,101.13
永春,1,weekday,15113,17.04
永春,1,weekend,9502,26.84
永春,5,weekday,162,0.18
永春,5,weekend,260,0.74
永春,6,weekday,247929,279.51
永春,6,weekend,67714,191.28
永春,7,weekday,1038031,1170.27
永春,7,weekend,123113,347.78
永春,8,weekday,2142463,2415.4
永春,8,weekend,218061,615.99
永春,9,weekday,1236479,1394.0
永春,9,weekend,276917,782.25
永春,10,weekday,770386,868.53
永春,10,weekend,326303,921.76
永春,11,weekday,729487,822.42
永春,11,weekend,403130,1138.79
永春,12,weekday,774299,872.94
永春,12,weekend,387901,1095.77
永春,13,weekday,828610,934.17
永春,13,weekend,415157,1172.76
永春,14,weekday,719181,810.8
永春,14,weekend,378316,1068.69
永春,15,weekday,713456,804.35
永春,15,weekend,369529,1043.87
永春,16,weekday,1368509,1542.85
永春,16,weekend,409440,1156.61
永春,17,weekday,1826906,2059.65
永春,17,weekend,466018,1316.44
永春,18,weekday,2064044,2326.99
永春,18,weekend,410633,1159.98
永春,19,weekday,1347206,1518.83
永春,19,weekend,290140,819.6
永春,20,weekday,817172,921.28
永春,20,weekend,221241,624.97
永春,21,weekday,707796,797.97
永春,21,weekend,204072,576.47
永春,22,weekday,451023,508.48
永春,22,weekend,145657,411.46
永春,23,weekday,190849,215.16
永春,23,weekend,75775,214.05
江子翠,0,weekday,71861,81.02
江子翠,0,weekend,34217,96.66
江子翠,1,weekday,2839,3.2
江子翠,1,weekend,1250,3.53
江子翠,5,weekday,352,0.4
江子翠,5,weekend,745,2.11
江子翠,6,weekday,652955,736.14
江子翠,6,weekend,140338,396.44
江子翠,7,weekday,2741066,3090.27
江子翠,7,weekend,254862,719.95
江子翠,8,weekday,5027533,5668.02
江子翠,8,weekend,423259,1195.65
江子翠,9,weekday,2602009,2933.49
江子翠,9,weekend,497861,1406.39
江子翠,10,weekday,1397582,1575.63
江子翠,10,weekend,556370,1571.67
江子翠,11,weekday,1099430,1239.49
江子翠,11,weekend,618842,1748.14
江子翠,12,weekday,1057967,1192.75
江子翠,12,weekend,571085,1613.23
江子翠,13,weekday,1108084,1249.25
江子翠,13,weekend,614384,1735.55
江子翠,14,weekday,923939,1041.64
江子翠,14,weekend,538644,1521.59
江子翠,15,weekday,799608,901.47
江子翠,15,weekend,484899,1369.77
江子翠,16,weekday,896455,1010.66
江子翠,16,weekend,487780,1377.91
江子翠,17,weekday,1209694,1363.8
江子翠,17,weekend,572583,1617.47
江子翠,18,weekday,1683981,1898.51
江子翠,18,weekend,477952,1350.15
江子翠,19,weekday,1122737,1265.77
江子翠,19,weekend,326009,920.93
江子翠,20,weekday,746004,841.04
江子翠,20,weekend,256581,724.81
江子翠,21,weekday,674008,759.87
江子翠,21,weekend,221826,626.63
江子翠,22,weekday,441375,497.6
江子翠,22,weekend,162915,460.21
江子翠,23,weekday,186976,210.8
江子翠,23,weekend,82059,231.81
海山,0,weekday,32664,36.83
海山,0,weekend,16894,47.72
海山,1,weekday,965,1.09
海山,1,weekend,515,1.45
海山,5,weekday,196,0.22
海山,5,weekend,520,1.47
海山,6,weekday,641621,723.36
海山,6,weekend,135175,381.85
海山,7,weekday,2629712,2964.73
海山,7,weekend,260647,736.29
海山,8,weekday,4993034,5629.13
海山,8,weekend,422641,1193.9
海山,9,weekday,2277228,2567.34
海山,9,weekend,454833,1284.84
海山,10,weekday,1215842,1370.74
海山,10,weekend,519553,1467.66
海山,11,weekday,940140,1059.91
海山,11,weekend,574575,1623.09
海山,12,weekday,873769,985.08
海山,12,weekend,502204,1418.66
海山,13,weekday,864629,974.78
海山,13,weekend,513667,1451.04
海山,14,weekday,656941,740.63
海山,14,weekend,425049,1200.7
海山,15,weekday,568532,640.96
海山,15,weekend,364404,1029.39
海山,16,weekday,986297,1111.95
海山,16,weekend,336563,950.74
海山,17,weekday,939392,1059.07
海山,17,weekend,383118,1082.25
海山,18,weekday,919022,1036.1
海山,18,weekend,304424,859.95
海山,19,weekday,567745,640.07
海山,19,weekend,206611,583.65
海山,20,weekday,354822,400.02
海山,20,weekend,150409,424.88
海山,21,weekday,338209,381.3
海山,21,weekend,123647,349.29
海山,22,weekday,259445,292.5
海山,22,weekend,92903,262.44
海山,23,weekday,114764,129.38
海山,23,weekend,50202,141.81
淡水,0,weekday,72895,82.18
淡水,0,weekend,43454,122.75
淡水,1,weekday,4524,5.1
淡水,1,weekend,2666,7.53
淡水,5,weekday,631,0.71
淡水,5,weekend,353,1.0
淡水,6,weekday,808072,911.02
淡水,6,weekend,151226,427.19
淡水,7,weekday,3181282,3586.56
淡水,7,weekend,324868,917.71
淡水,8,weekday,4534753,5112.46
淡水,8,weekend,493793,1394.9
淡水,9,weekday,2555039,2880.54
淡水,9,weekend,579099,1635.87
淡水,10,weekday,1625836,1832.96
淡水,10,weekend,635183,1794.3
淡水,11,weekday,1361903,1535.4
淡水,11,weekend,688576,1945.13
淡水,12,weekday,1276416,1439.03
淡水,12,weekend,644759,1821.35
淡水,13,weekday,1437606,1620.75
淡水,13,weekend,699808,1976.86
淡水,14,weekday,1396514,1574.42
淡水,14,weekend,780816,2205.69
淡水,15,weekday,1486389,1675.75
淡水,15,weekend,882265,2492.27
淡水,16,weekday,1800310,2029.66
淡水,16,weekend,1004627,2837.93
淡水,17,weekday,2097423,2364.63
淡水,17,weekend,1139348,3218.5
淡水,18,weekday,2134150,2406.03
淡水,18,weekend,1112968,3143.98
淡水,19,weekday,1540259,1736.48
淡水,19,weekend,968335,2735.41
淡水,20,weekday,1023722,1154.14
淡水,20,weekend,790292,2232.46
淡水,21,weekday,780804,880.28
淡水,21,weekend,621096,1754.51
淡水,22,weekday,502350,566.35
淡水,22,weekend,357206,1009.06
淡水,23,weekday,227859,256.89
淡水,23,weekend,139411,393.82
港墘,0,weekday,54805,61.79
港墘,0,weekend,15600,44.07
港墘,1,weekday,4176,4.71
港墘,1,weekend,1485,4.19
港墘,5,weekday,84,0.09
港墘,5,weekend,142,0.4
港墘,6,weekday,93923,105.89
港墘,6,weekend,25382,71.7
港墘,7,weekday,555362,626.11
港墘,7,weekend,56181,158.7
港墘,8,weekday,1097652,1237.49
港墘,8,weekend,96706,273.18
港墘,9,weekday,589313,664.39
港墘,9,weekend,120941,341.64
港墘,10,weekday,366681,413.39
港墘,10,weekend,143710,405.96
港墘,11,weekday,382485,431.21
港墘,11,weekend,195610,552.57
港墘,12,weekday,464610,523.8
港墘,12,weekend,200871,567.43
港墘,13,weekday,456610,514.78
港墘,13,weekend,193348,546.18
港墘,14,weekday,369648,416.74
港墘,14,weekend,169055,477.56
港墘,15,weekday,377085,425.12
港墘,15,weekend,158719,448.36
港墘,16,weekday,920868,1038.18
港墘,16,weekend,175288,495.16
港墘,17,weekday,1606391,1811.04
港墘,17,weekend,208096,587.84
港墘,18,weekday,3750705,4228.53
港墘,18,weekend,190525,538.21
港墘,19,weekday,2902085,3271.8
港墘,19,weekend,122591,346.3
港墘,20,weekday,1110703,1252.2
港墘,20,weekend,82477,232.99
港墘,21,weekday,757406,853.9
港墘,21,weekend,75792,214.1
港墘,22,weekday,395796,446.22
港墘,22,weekend,56263,158.94
港墘,23,weekday,126135,142.2
港墘,23,weekend,30271,85.51
石牌,0,weekday,92691,104.5
石牌,0,weekend,37410,105.68
石牌,1,weekday,4441,5.01
石牌,1,weekend,1951,5.51
石牌,5,weekday,2159,2.43
石牌,5,weekend,1166,3.3
石牌,6,weekday,409633,461.82
石牌,6,weekend,91880,259.55
石牌,7,weekday,1582770,1784.41
石牌,7,weekend,186792,527.66
石牌,8,weekday,2721688,3068.42
石牌,8,weekend,314517,888.47
石牌,9,weekday,1641648,1850.79
石牌,9,weekend,385886,1090.07
石牌,10,weekday,1312909,1480.17
石牌,10,weekend,446655,1261.74
石牌,11,weekday,1390425,1567.56
石牌,11,weekend,533381,1506.73
石牌,12,weekday,1494755,1685.18
石牌,12,weekend,548435,1549.25
石牌,13,weekday,1477848,1666.12
石牌,13,weekend,568656,1606.37
石牌,14,weekday,1289277,1453.53
石牌,14,weekend,505018,1426.6
石牌,15,weekday,1367448,1541.66
石牌,15,weekend,465626,1315.33
石牌,16,weekday,1858955,2095.78
石牌,16,weekend,518695,1465.24
石牌,17,weekday,2469571,2784.18
石牌,17,weekend,614188,1734.99
石牌,18,weekday,2785265,3140.1
石牌,18,weekend,516049,1457.77
石牌,19,weekday,1490005,1679.83
石牌,19,weekend,356748,1007.76
石牌,20,weekday,1037242,1169.38
石牌,20,weekend,297782,841.19
石牌,21,weekday,912838,1029.13
石牌,21,weekend,255818,722.65
石牌,22,weekday,588102,663.02
石牌,22,weekend,177242,500.68
石牌,23,weekday,236458,266.58
石牌,23,weekend,89939,254.06
秀朗橋,0,weekday,2896,3.26
秀朗橋,0,weekend,1646,4.65
秀朗橋,1,weekday,87,0.1
秀朗橋,1,weekend,48,0.14
秀朗橋,5,weekday,2,0.0
秀朗橋,5,weekend,11,0.03
秀朗橋,6,weekday,32713,36.88
秀朗橋,6,weekend,9012,25.46
秀朗橋,7,weekday,170521,192.24
秀朗橋,7,weekend,18389,51.95
秀朗橋,8,weekday,335448,378.18
秀朗橋,8,weekend,28942,81.76
秀朗橋,9,weekday,148565,167.49
秀朗橋,9,weekend,31390,88.67
秀朗橋,10,weekday,73297,82.63
秀朗橋,10,weekend,34849,98.44
秀朗橋,11,weekday,62857,70.86
秀朗橋,11,weekend,42551,120.2
秀朗橋,12,weekday,53765,60.61
秀朗橋,12,weekend,36310,102.57
秀朗橋,13,weekday,58627,66.1
秀朗橋,13,weekend,36661,103.56
秀朗橋,14,weekday,48589,54.78
秀朗橋,14,weekend,34223,96.68
秀朗橋,15,weekday,38303,43.18
秀朗橋,15,weekend,28233,79.75
秀朗橋,16,weekday,38755,43.69
秀朗橋,16,weekend,27158,76.72
秀朗橋,17,weekday,57242,64.53
秀朗橋,17,weekend,30281,85.54
秀朗橋,18,weekday,62797,70.8
秀朗橋,18,weekend,24712,69.81
秀朗橋,19,weekday,40467,45.62
秀朗橋,19,weekend,15505,43.8
秀朗橋,20,weekday,21976,24.78
秀朗橋,20,weekend,10605,29.96
秀朗橋,21,weekday,18850,21.25
秀朗橋,21,weekend,8948,25.28
秀朗橋,22,weekday,17167,19.35
秀朗橋,22,weekend,7583,21.42
秀朗橋,23,weekday,8786,9.91
秀朗橋,23,weekend,4517,12.76
科技大樓,0,weekday,62987,71.01
科技大樓,0,weekend,22367,63.18
科技大樓,1,weekday,1217,1.37
科技大樓,1,weekend,532,1.5
科技大樓,5,weekday,43,0.05
科技大樓,5,weekend,125,0.35
科技大樓,6,weekday,124946,140.86
科技大樓,6,weekend,32066,90.58
科技大樓,7,weekday,621444,700.61
科技大樓,7,weekend,65948,186.29
科技大樓,8,weekday,1429249,1611.33
科技大樓,8,weekend,126425,357.13
科技大樓,9,weekday,836080,942.59
科技大樓,9,weekend,157235,444.17
科技大樓,10,weekday,449601,506.88
科技大樓,10,weekend,176853,499.58
科技大樓,11,weekday,460403,519.06
科技大樓,11,weekend,222937,629.77
科技大樓,12,weekday,601895,678.57
科技大樓,12,weekend,246199,695.48
科技大樓,13,weekday,598507,674.75
科技大樓,13,weekend,271134,765.92
科技大樓,14,weekday,508902,573.73
科技大樓,14,weekend,248387,701.66
科技大樓,15,weekday,565000,636.98
科技大樓,15,weekend,239519,676.61
科技大樓,16,weekday,737539,831.5
科技大樓,16,weekend,264740,747.85
科技大樓,17,weekday,1244781,1403.36
科技大樓,17,weekend,330883,934.7
科技大樓,18,weekday,1812816,2043.76
科技大樓,18,weekend,284258,802.99
科技大樓,19,weekday,1140651,1285.97
科技大樓,19,weekend,208454,588.85
科技大樓,20,weekday,623313,702.72
科技大樓,20,weekend,189024,533.97
科技大樓,21,weekday,601737,678.4
科技大樓,21,weekend,159662,451.02
科技大樓,22,weekday,462132,521.01
科技大樓,22,weekend,116458,328.98
科技大樓,23,weekday,161883,182.51
科技大樓,23,weekend,53367,150.75
竹圍,0,weekday,21946,24.74
竹圍,0,weekend,11355,32.08
竹圍,1,weekday,2305,2.6
竹圍,1,weekend,832,2.35
竹圍,5,weekday,436,0.49
竹圍,5,weekend,361,1.02
竹圍,6,weekday,232908,262.58
竹圍,6,weekend,48634,137.38
竹圍,7,weekday,916917,1033.73
竹圍,7,weekend,97832,276.36
竹圍,8,weekday,1229126,1385.71
竹圍,8,weekend,152577,431.01
竹圍,9,weekday,716806,808.12
竹圍,9,weekend,183100,517.23
竹圍,10,weekday,475162,535.7
竹圍,10,weekend,197511,557.94
竹圍,11,weekday,447296,504.28
竹圍,11,weekend,221654,626.14
竹圍,12,weekday,434383,489.72
竹圍,12,weekend,208710,589.58
竹圍,13,weekday,436135,491.7
竹圍,13,weekend,217117,613.32
竹圍,14,weekday,365681,412.27
竹圍,14,weekend,193984,547.98
竹圍,15,weekday,345820,389.88
竹圍,15,weekend,168617,476.32
竹圍,16,weekday,423428,477.37
竹圍,16,weekend,174081,491.75
竹圍,17,weekday,592220,667.67
竹圍,17,weekend,198108,559.63
竹圍,18,weekday,560941,632.4
竹圍,18,weekend,167788,473.98
竹圍,19,weekday,360060,405.93
竹圍,19,weekend,119716,338.18
竹圍,20,weekday,249582,281.38
竹圍,20,weekend,94511,266.98
竹圍,21,weekday,198530,223.82
竹圍,21,weekend,76459,215.99
竹圍,22,weekday,123983,139.78
竹圍,22,weekend,54286,153.35
竹圍,23,weekday,57224,64.51
竹圍,23,weekend,27614,78.01
紅樹林,0,weekday,25596,28.86
紅樹林,0,weekend,15775,44.56
紅樹林,1,weekday,1427,1.61
紅樹林,1,weekend,857,2.42
紅樹林,5,weekday,128,0.14
紅樹林,5,weekend,111,0.31
紅樹林,6,weekday,226333,255.17
紅樹林,6,weekend,38439,108.58
紅樹林,7,weekday,1432624,1615.13
紅樹林,7,weekend,127632,360.54
紅樹林,8,weekday,2446355,2758.01
紅樹林,8,weekend,218126,616.18
紅樹林,9,weekday,1159031,1306.69
紅樹林,9,weekend,254764,719.67
紅樹林,10,weekday,651520,734.52
紅樹林,10,weekend,278575,786.94
紅樹林,11,weekday,607256,684.62
紅樹林,11,weekend,319245,901.82
紅樹林,12,weekday,557673,628.72
紅樹林,12,weekend,309097,873.16
紅樹林,13,weekday,564040,635.9
紅樹林,13,weekend,290393,820.32
紅樹林,14,weekday,458251,516.63
紅樹林,14,weekend,258618,730.56
紅樹林,15,weekday,413675,466.38
紅樹林,15,weekend,244111,689.58
紅樹林,16,weekday,496099,559.3
紅樹林,16,weekend,248288,701.38
紅樹林,17,weekday,723662,815.85
紅樹林,17,weekend,289428,817.59
紅樹林,18,weekday,823828,928.78
紅樹林,18,weekend,250156,706.66
紅樹林,19,weekday,430854,485.74
紅樹林,19,weekend,171358,484.06
紅樹林,20,weekday,225067,253.74
紅樹林,20,weekend,125776,355.3
紅樹林,21,weekday,162708,183.44
紅樹林,21,weekend,104390,294.89
紅樹林,22,weekday,123067,138.75
紅樹林,22,weekend,81042,228.93
紅樹林,23,weekday,67129,75.68
紅樹林,23,weekend,41721,117.86
芝山,0,weekday,75766,85.42
芝山,0,weekend,36437,102.93
芝山,1,weekday,3480,3.92
芝山,1,weekend,1823,5.15
芝山,5,weekday,1566,1.77
芝山,5,weekend,709,2.01
芝山,6,weekday,331950,374.24
芝山,6,weekend,78027,220.42
芝山,7,weekday,1393397,1570.91
芝山,7,weekend,152949,432.06
芝山,8,weekday,2628505,2963.37
芝山,8,weekend,250968,708.95
芝山,9,weekday,1433370,1615.98
芝山,9,weekend,293245,828.38
芝山,10,weekday,841231,948.4
芝山,10,weekend,323634,914.22
芝山,11,weekday,767045,864.76
芝山,11,weekend,374467,1057.82
芝山,12,weekday,806161,908.86
芝山,12,weekend,394115,1113.32
芝山,13,weekday,917051,1033.88
芝山,13,weekend,472377,1334.4
芝山,14,weekday,873452,984.73
芝山,14,weekend,485071,1370.26
芝山,15,weekday,870391,981.28
芝山,15,weekend,449122,1268.71
芝山,16,weekday,1088391,1227.05
芝山,16,weekend,455583,1286.96
芝山,17,weekday,1870415,2108.7
芝山,17,weekend,548517,1549.48
芝山,18,weekday,2316808,2611.96
芝山,18,weekend,515507,1456.23
芝山,19,weekday,1437208,1620.3
芝山,19,weekend,408550,1154.1
芝山,20,weekday,948721,1069.58
芝山,20,weekend,373857,1056.09
芝山,21,weekday,888040,1001.17
芝山,21,weekend,360315,1017.84
芝山,22,weekday,756614,853.0
芝山,22,weekend,302372,854.16
芝山,23,weekday,226868,255.77
芝山,23,weekend,114054,322.19
菜寮,0,weekday,26734,30.14
菜寮,0,weekend,12908,36.46
菜寮,1,weekday,1428,1.61
菜寮,1,weekend,742,2.1
菜寮,5,weekday,122,0.14
菜寮,5,weekend,164,0.46
菜寮,6,weekday,248094,279.7
菜寮,6,weekend,56019,158.25
菜寮,7,weekday,1195502,1347.8
菜寮,7,weekend,104757,295.92
菜寮,8,weekday,2015909,2272.73
菜寮,8,weekend,162105,457.92
菜寮,9,weekday,980829,1105.78
菜寮,9,weekend,177043,500.12
菜寮,10,weekday,508737,573.55
菜寮,10,weekend,201933,570.43
菜寮,11,weekday,408462,460.5
菜寮,11,weekend,214995,607.33
菜寮,12,weekday,386409,435.64
菜寮,12,weekend,197963,559.22
菜寮,13,weekday,370305,417.48
菜寮,13,weekend,204321,577.18
菜寮,14,weekday,308953,348.31
菜寮,14,weekend,180583,510.12
菜寮,15,weekday,281580,317.45
菜寮,15,weekend,158595,448.01
菜寮,16,weekday,446423,503.3
菜寮,16,weekend,162719,459.66
菜寮,17,weekday,592505,667.99
菜寮,17,weekend,182464,515.44
菜寮,18,weekday,565320,637.34
菜寮,18,weekend,150929,426.35
菜寮,19,weekday,310354,349.89
菜寮,19,weekend,101160,285.76
菜寮,20,weekday,192634,217.17
菜寮,20,weekend,78721,222.38
菜寮,21,weekday,199721,225.16
菜寮,21,weekend,73770,208.39
菜寮,22,weekday,143339,161.6
菜寮,22,weekend,57641,162.83
菜寮,23,weekday,64257,72.44
菜寮,23,weekend,29505,83.35
萬芳社區,0,weekday,3926,4.43
萬芳社區,0,weekend,1757,4.96
萬芳社區,1,weekday,96,0.11
萬芳社區,1,weekend,65,0.18
萬芳社區,5,weekday,20,0.02
萬芳社區,5,weekend,36,0.1
萬芳社區,6,weekday,45998,51.86
萬芳社區,6,weekend,11641,32.88
萬芳社區,7,weekday,284097,320.29
萬芳社區,7,weekend,25459,71.92
萬芳社區,8,weekday,658999,742.95
萬芳社區,8,weekend,44990,127.09
萬芳社區,9,weekday,290804,327.85
萬芳社區,9,weekend,52953,149.58
萬芳社區,10,weekday,137618,155.15
萬芳社區,10,weekend,54216,153.15
萬芳社區,11,weekday,110983,125.12
萬芳社區,11,weekend,61944,174.98
萬芳社區,12,weekday,96716,109.04
萬芳社區,12,weekend,54196,153.1
萬芳社區,13,weekday,100537,113.34
萬芳社區,13,weekend,52511,148.34
萬芳社區,14,weekday,83042,93.62
萬芳社區,14,weekend,47362,133.79
萬芳社區,15,weekday,75855,85.52
萬芳社區,15,weekend,40088,113.24
萬芳社區,16,weekday,82581,93.1
萬芳社區,16,weekend,41777,118.01
萬芳社區,17,weekday,112360,126.67
萬芳社區,17,weekend,49306,139.28
萬芳社區,18,weekday,143948,162.29
萬芳社區,18,weekend,39806,112.45
萬芳社區,19,weekday,68635,77.38
萬芳社區,19,weekend,22577,63.78
萬芳社區,20,weekday,33745,38.04
萬芳社區,20,weekend,14442,40.8
萬芳社區,21,weekday,28066,31.64
萬芳社區,21,weekend,12413,35.06
萬芳社區,22,weekday,20064,22.62
萬芳社區,22,weekend,8133,22.97
萬芳社區,23,weekday,8770,9.89
萬芳社區,23,weekend,4134,11.68
萬芳醫院,0,weekday,18504,20.86
萬芳醫院,0,weekend,7480,21.13
萬芳醫院,1,weekday,340,0.38
萬芳醫院,1,weekend,154,0.44
萬芳醫院,5,weekday,45,0.05
萬芳醫院,5,weekend,135,0.38
萬芳醫院,6,weekday,151507,170.81
萬芳醫院,6,weekend,31394,88.68
萬芳醫院,7,weekday,815573,919.47
萬芳醫院,7,weekend,74728,211.1
萬芳醫院,8,weekday,1972548,2223.84
萬芳醫院,8,weekend,144560,408.36
萬芳醫院,9,weekday,996626,1123.59
萬芳醫院,9,weekend,175833,496.7
萬芳醫院,10,weekday,559000,630.21
萬芳醫院,10,weekend,194357,549.03
萬芳醫院,11,weekday,530775,598.39
萬芳醫院,11,weekend,233603,659.9
萬芳醫院,12,weekday,545313,614.78
萬芳醫院,12,weekend,228281,644.86
萬芳醫院,13,weekday,507801,572.49
萬芳醫院,13,weekend,228650,645.9
萬芳醫院,14,weekday,405961,457.68
萬芳醫院,14,weekend,187331,529.18
萬芳醫院,15,weekday,451170,508.65
萬芳醫院,15,weekend,151652,428.4
萬芳醫院,16,weekday,712509,803.28
萬芳醫院,16,weekend,157517,444.96
萬芳醫院,17,weekday,848228,956.29
萬芳醫院,17,weekend,188274,531.85
萬芳醫院,18,weekday,828472,934.02
萬芳醫院,18,weekend,154892,437.55
萬芳醫院,19,weekday,467481,527.04
萬芳醫院,19,weekend,101837,287.68
萬芳醫院,20,weekday,274254,309.19
萬芳醫院,20,weekend,71349,201.55
萬芳醫院,21,weekday,247228,278.72
萬芳醫院,21,weekend,58429,165.05
萬芳醫院,22,weekday,172818,194.83
萬芳醫院,22,weekend,43300,122.32
萬芳醫院,23,weekday,56234,63.4
萬芳醫院,23,weekend,20589,58.16
萬隆,0,weekday,24595,27.73
萬隆,0,weekend,11527,32.56
萬隆,1,weekday,873,0.98
萬隆,1,weekend,419,1.18
萬隆,5,weekday,128,0.14
萬隆,5,weekend,198,0.56
萬隆,6,weekday,212803,239.91
萬隆,6,weekend,54325,153.46
萬隆,7,weekday,956529,1078.39
萬隆,7,weekend,111578,315.19
萬隆,8,weekday,1753081,1976.42
萬隆,8,weekend,189217,534.51
萬隆,9,weekday,920226,1037.46
萬隆,9,weekend,214205,605.1
萬隆,10,weekday,519095,585.23
萬隆,10,weekend,228232,644.72
萬隆,11,weekday,459484,518.02
萬隆,11,weekend,268631,758.84
萬隆,12,weekday,402435,453.7
萬隆,12,weekend,226842,640.8
萬隆,13,weekday,433207,488.4
萬隆,13,weekend,241983,683.57
萬隆,14,weekday,355956,401.3
萬隆,14,weekend,210939,595.87
萬隆,15,weekday,313526,353.47
萬隆,15,weekend,184762,521.93
萬隆,16,weekday,358397,404.06
萬隆,16,weekend,184986,522.56
萬隆,17,weekday,516656,582.48
萬隆,17,weekend,227032,641.33
萬隆,18,weekday,621131,700.26
萬隆,18,weekend,197494,557.89
萬隆,19,weekday,390755,440.54
萬隆,19,weekend,126670,357.82
萬隆,20,weekday,232669,262.31
萬隆,20,weekend,87211,246.36
萬隆,21,weekday,208814,235.42
萬隆,21,weekend,72765,205.55
萬隆,22,weekday,147559,166.36
萬隆,22,weekend,51099,144.35
萬隆,23,weekday,61646,69.5
萬隆,23,weekend,26685,75.38
葫洲,0,weekday,15071,16.99
葫洲,0,weekend,5980,16.89
葫洲,1,weekday,434,0.49
葫洲,1,weekend,177,0.5
葫洲,5,weekday,87,0.1
葫洲,5,weekend,143,0.41
葫洲,6,weekday,124237,140.06
葫洲,6,weekend,25316,71.51
葫洲,7,weekday,714699,805.75
葫洲,7,weekend,59825,169.0
葫洲,8,weekday,1466563,1653.4
葫洲,8,weekend,108283,305.88
葫洲,9,weekday,750947,846.61
葫洲,9,weekend,133403,376.84
葫洲,10,weekday,373409,420.98
葫洲,10,weekend,147800,417.51
葫洲,11,weekday,348761,393.19
葫洲,11,weekend,187082,528.48
葫洲,12,weekday,353694,398.75
葫洲,12,weekend,174167,492.0
葫洲,13,weekday,369987,417.12
葫洲,13,weekend,172509,487.31
葫洲,14,weekday,267376,301.44
葫洲,14,weekend,142977,403.89
葫洲,15,weekday,255514,288.07
葫洲,15,weekend,125324,354.02
葫洲,16,weekday,366346,413.02
葫洲,16,weekend,129055,364.56
葫洲,17,weekday,653902,737.21
葫洲,17,weekend,157874,445.97
葫洲,18,weekday,719633,811.31
葫洲,18,weekend,138294,390.66
葫洲,19,weekday,405114,456.72
葫洲,19,weekend,82879,234.12
葫洲,20,weekday,220910,249.05
葫洲,20,weekend,56045,158.32
葫洲,21,weekday,172898,194.92
葫洲,21,weekend,45176,127.62
葫洲,22,weekday,105276,118.69
葫洲,22,weekend,32660,92.26
葫洲,23,weekday,42030,47.38
葫洲,23,weekend,16523,46.68
蘆洲,0,weekday,22035,24.84
蘆洲,0,weekend,12407,35.05
蘆洲,1,weekday,335,0.38
蘆洲,1,weekend,225,0.64
蘆洲,5,weekday,146,0.16
蘆洲,5,weekend,264,0.75
蘆洲,6,weekday,426036,480.31
蘆洲,6,weekend,76824,217.02
蘆洲,7,weekday,2203154,2483.83
蘆洲,7,weekend,164335,464.22
蘆洲,8,weekday,3723203,4197.52
蘆洲,8,weekend,285897,807.62
蘆洲,9,weekday,1745944,1968.37
蘆洲,9,weekend,320230,904.6
蘆洲,10,weekday,874053,985.4
蘆洲,10,weekend,352343,995.32
蘆洲,11,weekday,625746,705.46
蘆洲,11,weekend,372526,1052.33
蘆洲,12,weekday,564654,636.59
蘆洲,12,weekend,326840,923.28
蘆洲,13,weekday,539633,608.38
蘆洲,13,weekend,319762,903.28
蘆洲,14,weekday,404786,456.35
蘆洲,14,weekend,263629,744.71
蘆洲,15,weekday,325342,366.79
蘆洲,15,weekend,214636,606.32
蘆洲,16,weekday,337018,379.95
蘆洲,16,weekend,207935,587.39
蘆洲,17,weekday,441631,497.89
蘆洲,17,weekend,231453,653.82
蘆洲,18,weekday,487039,549.09
蘆洲,18,weekend,187982,531.02
蘆洲,19,weekday,289392,326.26
蘆洲,19,weekend,117720,332.54
蘆洲,20,weekday,166915,188.18
蘆洲,20,weekend,81130,229.18
蘆洲,21,weekday,154666,174.37
蘆洲,21,weekend,73948,208.89
蘆洲,22,weekday,132514,149.4
蘆洲,22,weekend,60937,172.14
蘆洲,23,weekday,61261,69.07
蘆洲,23,weekend,30693,86.7
行天宮,0,weekday,139497,157.27
行天宮,0,weekend,52616,148.63
行天宮,1,weekday,7271,8.2
行天宮,1,weekend,2234,6.31
行天宮,5,weekday,313,0.35
行天宮,5,weekend,418,1.18
行天宮,6,weekday,178111,200.8
行天宮,6,weekend,51712,146.08
行天宮,7,weekday,748182,843.5
行天宮,7,weekend,106022,299.5
行天宮,8,weekday,1299806,1465.4
行天宮,8,weekend,164308,464.15
行天宮,9,weekday,923982,1041.69
行天宮,9,weekend,230907,652.28
行天宮,10,weekday,730177,823.2
行天宮,10,weekend,285185,805.61
行天宮,11,weekday,874281,985.66
行天宮,11,weekend,373934,1056.31
行天宮,12,weekday,1064717,1200.36
行天宮,12,weekend,430168,1215.16
行天宮,13,weekday,1134047,1278.52
行天宮,13,weekend,471657,1332.36
行天宮,14,weekday,1091207,1230.22
行天宮,14,weekend,508965,1437.75
行天宮,15,weekday,1107757,1248.88
行天宮,15,weekend,511783,1445.71
行天宮,16,weekday,1481356,1670.07
行天宮,16,weekend,540130,1525.79
行天宮,17,weekday,2515629,2836.11
行天宮,17,weekend,597943,1689.1
行天宮,18,weekday,4866273,5486.22
行天宮,18,weekend,520239,1469.6
行天宮,19,weekday,2914095,3285.34
行天宮,19,weekend,382834,1081.45
行天宮,20,weekday,1527559,1722.16
行天宮,20,weekend,324964,917.98
行天宮,21,weekday,1289013,1453.23
行天宮,21,weekend,317733,897.55
行天宮,22,weekday,831750,937.71
行天宮,22,weekend,226053,638.57
行天宮,23,weekday,357702,403.27
行天宮,23,weekend,119752,338.28
西湖,0,weekday,51625,58.2
西湖,0,weekend,12967,36.63
西湖,1,weekday,3691,4.16
西湖,1,weekend,933,2.64
西湖,5,weekday,48,0.05
西湖,5,weekend,82,0.23
西湖,6,weekday,71246,80.32
西湖,6,weekend,16655,47.05
西湖,7,weekday,328598,370.46
西湖,7,weekend,41987,118.61
西湖,8,weekday,697527,786.39
西湖,8,weekend,69058,195.08
西湖,9,weekday,396692,447.23
西湖,9,weekend,81970,231.55
西湖,10,weekday,245718,277.02
西湖,10,weekend,96047,271.32
西湖,11,weekday,274133,309.06
西湖,11,weekend,118527,334.82
西湖,12,weekday,415413,468.33
西湖,12,weekend,127534,360.27
西湖,13,weekday,416033,469.03
西湖,13,weekend,136567,385.78
西湖,14,weekday,349758,394.32
西湖,14,weekend,126312,356.81
西湖,15,weekday,401999,453.21
西湖,15,weekend,120318,339.88
西湖,16,weekday,613666,691.84
西湖,16,weekend,131801,372.32
西湖,17,weekday,1415917,1596.3
西湖,17,weekend,147143,415.66
西湖,18,weekday,3624800,4086.58
西湖,18,weekend,147111,415.57
西湖,19,weekday,2618494,2952.08
西湖,19,weekend,106851,301.84
西湖,20,weekday,952186,1073.49
西湖,20,weekend,71272,201.33
西湖,21,weekday,518360,584.4
西湖,21,weekend,63078,178.19
西湖,22,weekday,283049,319.11
西湖,22,weekend,44057,124.45
西湖,23,weekday,117848,132.86
西湖,23,weekend,24696,69.76
西門,0,weekday,707489,797.62
西門,0,weekend,389412,1100.03
西門,1,weekday,32024,36.1
西門,1,weekend,17737,50.1
西門,5,weekday,1731,1.95
西門,5,weekend,2607,7.39
西門,6,weekday,629269,709.44
西門,6,weekend,203355,574.45
西門,7,weekday,1951873,2200.53
西門,7,weekend,306970,867.15
西門,8,weekday,3838014,4326.96
西門,8,weekend,488513,1379.98
西門,9,weekday,2548418,2873.08
西門,9,weekend,705427,1992.73
西門,10,weekday,2204769,2485.65
西門,10,weekend,944073,2666.87
西門,11,weekday,2388037,2692.26
西門,11,weekend,1145576,3236.09
西門,12,weekday,2521415,2842.63
西門,12,weekend,1223662,3456.67
西門,13,weekday,2665284,3004.83
西門,13,weekend,1463714,4134.79
西門,14,weekday,2783039,3137.59
西門,14,weekend,1640158,4633.21
西門,15,weekday,3013494,3397.4
西門,15,weekend,1803763,5095.38
西門,16,weekday,3482862,3926.56
西門,16,weekend,2088898,5900.84
西門,17,weekday,4884391,5506.64
西門,17,weekend,2441289,6896.3
西門,18,weekday,6026002,6793.69
西門,18,weekend,2271992,6418.06
西門,19,weekday,4375122,4932.49
西門,19,weekend,1952551,5515.68
西門,20,weekday,3596201,4054.34
西門,20,weekend,1845057,5212.03
西門,21,weekday,3826690,4314.19
西門,21,weekend,1862254,5260.6
西門,22,weekday,3493777,3938.87
西門,22,weekend,1653435,4670.72
西門,23,weekday,1622391,1829.08
西門,23,weekend,869660,2456.67
象山,0,weekday,98940,111.54
象山,0,weekend,46726,131.99
象山,1,weekday,17390,19.61
象山,1,weekend,9259,26.16
象山,5,weekday,86,0.1
象山,5,weekend,156,0.44
象山,6,weekday,113925,128.44
象山,6,weekend,44079,124.52
象山,7,weekday,625983,705.73
象山,7,weekend,83164,234.93
象山,8,weekday,1088022,1226.63
象山,8,weekend,135107,381.66
象山,9,weekday,599623,676.01
象山,9,weekend,158338,447.28
象山,10,weekday,360974,406.96
象山,10,weekend,167916,474.34
象山,11,weekday,361016,407.01
象山,11,weekend,210391,594.32
象山,12,weekday,395193,445.54
象山,12,weekend,210041,593.34
象山,13,weekday,424945,479.08
象山,13,weekend,222635,628.91
象山,14,weekday,397328,447.95
象山,14,weekend,220061,621.64
象山,15,weekday,420635,474.22
象山,15,weekend,224327,633.69
象山,16,weekday,605405,682.53
象山,16,weekend,251563,710.63
象山,17,weekday,1169945,1318.99
象山,17,weekend,302221,853.73
象山,18,weekday,2153853,2428.24
象山,18,weekend,276742,781.76
象山,19,weekday,1747984,1970.67
象山,19,weekend,215588,609.01
象山,20,weekday,750465,846.07
象山,20,weekend,177745,502.1
象山,21,weekday,552903,623.34
象山,21,weekend,170625,481.99
象山,22,weekday,529901,597.41
象山,22,weekend,179959,508.36
象山,23,weekday,248090,279.7
象山,23,weekend,104287,294.6
輔大,0,weekday,42440,47.85
輔大,0,weekend,12905,36.45
輔大,1,weekday,916,1.03
輔大,1,weekend,367,1.04
輔大,5,weekday,62,0.07
輔大,5,weekend,70,0.2
輔大,6,weekday,142771,160.96
輔大,6,weekend,33653,95.06
輔大,7,weekday,576693,650.16
輔大,7,weekend,65246,184.31
輔大,8,weekday,1141503,1286.93
輔大,8,weekend,101273,286.08
輔大,9,weekday,553678,624.21
輔大,9,weekend,118813,335.63
輔大,10,weekday,344583,388.48
輔大,10,weekend,140821,397.8
輔大,11,weekday,309315,348.72
輔大,11,weekend,161988,457.59
輔大,12,weekday,501439,565.32
輔大,12,weekend,168121,474.92
輔大,13,weekday,456181,514.3
輔大,13,weekend,175330,495.28
輔大,14,weekday,357681,403.25
輔大,14,weekend,153194,432.75
輔大,15,weekday,425728,479.96
輔大,15,weekend,138658,391.69
輔大,16,weekday,722575,814.63
輔大,16,weekend,140750,397.6
輔大,17,weekday,872893,984.1
輔大,17,weekend,157361,444.52
輔大,18,weekday,971083,1094.79
輔大,18,weekend,142851,403.53
輔大,19,weekday,456529,514.69
輔大,19,weekend,94071,265.74
輔大,20,weekday,284566,320.82
輔大,20,weekend,68059,192.26
輔大,21,weekday,323425,364.63
輔大,21,weekend,62147,175.56
輔大,22,weekday,324500,365.84
輔大,22,weekend,50277,142.03
輔大,23,weekday,138672,156.34
輔大,23,weekend,29046,82.05
辛亥,0,weekday,6527,7.36
辛亥,0,weekend,2944,8.32
辛亥,1,weekday,507,0.57
辛亥,1,weekend,296,0.84
辛亥,5,weekday,42,0.05
辛亥,5,weekend,88,0.25
辛亥,6,weekday,75906,85.58
辛亥,6,weekend,16924,47.81
辛亥,7,weekday,348162,392.52
辛亥,7,weekend,30522,86.22
辛亥,8,weekday,839257,946.17
辛亥,8,weekend,57710,163.02
辛亥,9,weekday,401804,452.99
辛亥,9,weekend,68938,194.74
辛亥,10,weekday,184211,207.68
辛亥,10,weekend,71072,200.77
辛亥,11,weekday,150981,170.22
辛亥,11,weekend,91230,257.71
辛亥,12,weekday,130578,147.21
辛亥,12,weekend,78407,221.49
辛亥,13,weekday,130258,146.85
辛亥,13,weekend,73414,207.38
辛亥,14,weekday,104125,117.39
辛亥,14,weekend,63031,178.05
辛亥,15,weekday,91916,103.63
辛亥,15,weekend,54534,154.05
辛亥,16,weekday,110250,124.3
辛亥,16,weekend,56086,158.44
辛亥,17,weekday,169580,191.18
辛亥,17,weekend,63915,180.55
辛亥,18,weekday,156121,176.01
辛亥,18,weekend,58799,166.1
辛亥,19,weekday,92615,104.41
辛亥,19,weekend,31942,90.23
辛亥,20,weekday,54166,61.07
辛亥,20,weekend,20464,57.81
辛亥,21,weekday,44436,50.1
辛亥,21,weekend,19367,54.71
辛亥,22,weekday,35555,40.08
辛亥,22,weekend,13870,39.18
辛亥,23,weekday,13746,15.5
辛亥,23,weekend,6710,18.95
迴龍,0,weekday,17052,19.22
迴龍,0,weekend,9520,26.89
迴龍,1,weekday,421,0.47
迴龍,1,weekend,268,0.76
迴龍,5,weekday,268,0.3
迴龍,5,weekend,222,0.63
迴龍,6,weekday,273654,308.52
迴龍,6,weekend,54801,154.81
迴龍,7,weekday,1590176,1792.76
迴龍,7,weekend,134173,379.02
迴龍,8,weekday,2509430,2829.12
迴龍,8,weekend,194439,549.26
迴龍,9,weekday,1128409,1272.16
迴龍,9,weekend,219433,619.87
迴龍,10,weekday,546344,615.95
迴龍,10,weekend,247407,698.89
迴龍,11,weekday,413936,466.67
迴龍,11,weekend,263395,744.05
迴龍,12,weekday,389155,438.73
迴龍,12,weekend,226370,639.46
迴龍,13,weekday,401352,452.48
迴龍,13,weekend,219346,619.62
迴龍,14,weekday,296498,334.27
迴龍,14,weekend,185775,524.79
迴龍,15,weekday,300047,338.27
迴龍,15,weekend,157191,444.04
迴龍,16,weekday,426088,480.37
迴龍,16,weekend,151533,428.06
迴龍,17,weekday,552149,622.49
迴龍,17,weekend,161748,456.92
迴龍,18,weekday,510953,576.05
迴龍,18,weekend,133429,376.92
迴龍,19,weekday,269109,303.39
迴龍,19,weekend,91298,257.9
迴龍,20,weekday,155157,174.92
迴龍,20,weekend,66906,189.0
迴龍,21,weekday,132994,149.94
迴龍,21,weekend,55609,157.09
迴龍,22,weekday,115273,129.96
迴龍,22,weekend,43559,123.05
迴龍,23,weekday,47432,53.47
迴龍,23,weekend,23699,66.95
關渡,0,weekday,26523,29.9
關渡,0,weekend,8568,24.2
關渡,1,weekday,1317,1.48
關渡,1,weekend,489,1.38
關渡,5,weekday,185,0.21
關渡,5,weekend,119,0.34
關渡,6,weekday,224158,252.71
關渡,6,weekend,46980,132.71
關渡,7,weekday,740324,834.64
關渡,7,weekend,92783,262.1
關渡,8,weekday,930198,1048.7
關渡,8,weekend,141669,400.19
關渡,9,weekday,584541,659.01
關渡,9,weekend,179084,505.89
關渡,10,weekday,481535,542.88
關渡,10,weekend,200995,567.78
關渡,11,weekday,517407,583.32
關渡,11,weekend,236148,667.08
關渡,12,weekday,596460,672.45
關渡,12,weekend,227326,642.16
關渡,13,weekday,549473,619.47
關渡,13,weekend,229107,647.19
關渡,14,weekday,482093,543.51
關渡,14,weekend,207386,585.84
關渡,15,weekday,602766,679.56
關渡,15,weekend,197812,558.79
關渡,16,weekday,819999,924.46
關渡,16,weekend,221527,625.78
關渡,17,weekday,1122797,1265.84
關渡,17,weekend,252063,712.04
關渡,18,weekday,1626176,1833.34
關渡,18,weekend,207408,585.9
關渡,19,weekday,1341898,1512.85
關渡,19,weekend,132492,374.27
關渡,20,weekday,580790,654.78
關渡,20,weekend,95021,268.42
關渡,21,weekday,385096,434.16
關渡,21,weekend,75285,212.67
關渡,22,weekday,207343,233.76
關渡,22,weekend,48166,136.06
關渡,23,weekday,81135,91.47
關渡,23,weekend,23777,67.17
雙連,0,weekday,156451,176.38
雙連,0,weekend,74109,209.35
雙連,1,weekday,8335,9.4
雙連,1,weekend,3853,10.88
雙連,5,weekday,71,0.08
雙連,5,weekend,243,0.69
雙連,6,weekday,162974,183.74
雙連,6,weekend,45221,127.74
雙連,7,weekday,529352,596.79
雙連,7,weekend,91643,258.88
雙連,8,weekday,943571,1063.78
雙連,8,weekend,157028,443.58
雙連,9,weekday,751671,847.43
雙連,9,weekend,214627,606.29
雙連,10,weekday,816817,920.88
雙連,10,weekend,282705,798.6
雙連,11,weekday,954321,1075.9
雙連,11,weekend,343555,970.49
雙連,12,weekday,1051608,1185.58
雙連,12,weekend,377322,1065.88
雙連,13,weekday,1006900,1135.17
雙連,13,weekend,397052,1121.62
雙連,14,weekday,923576,1041.24
雙連,14,weekend,384447,1086.01
雙連,15,weekday,1062839,1198.24
雙連,15,weekend,385899,1090.11
雙連,16,weekday,1232284,1389.27
雙連,16,weekend,423058,1195.08
雙連,17,weekday,1923158,2168.16
雙連,17,weekend,465780,1315.76
雙連,18,weekday,2441397,2752.42
雙連,18,weekend,457925,1293.57
雙連,19,weekday,1704116,1921.21
雙連,19,weekend,427349,1207.2
雙連,20,weekday,1217510,1372.62
雙連,20,weekend,417871,1180.43
雙連,21,weekday,1136876,1281.71
雙連,21,weekend,404023,1141.31
雙連,22,weekday,746860,842.01
雙連,22,weekend,282635,798.4
雙連,23,weekday,351074,395.8
雙連,23,weekend,153488,433.58
頂埔,0,weekday,12812,14.44
頂埔,0,weekend,5066,14.31
頂埔,1,weekday,570,0.64
頂埔,1,weekend,199,0.56
頂埔,5,weekday,155,0.17
頂埔,5,weekend,310,0.88
頂埔,6,weekday,240471,271.11
頂埔,6,weekend,62580,176.78
頂埔,7,weekday,1013351,1142.45
頂埔,7,weekend,117566,332.11
頂埔,8,weekday,1817278,2048.79
頂埔,8,weekend,164273,464.05
頂埔,9,weekday,792455,893.41
頂埔,9,weekend,187480,529.6
頂埔,10,weekday,423834,477.83
頂埔,10,weekend,206897,584.45
頂埔,11,weekday,319515,360.22
頂埔,11,weekend,218063,616.0
頂埔,12,weekday,305976,344.96
頂埔,12,weekend,178543,504.36
頂埔,13,weekday,294870,332.44
頂埔,13,weekend,169270,478.16
頂埔,14,weekday,217677,245.41
頂埔,14,weekend,137706,389.0
頂埔,15,weekday,204771,230.86
頂埔,15,weekend,122966,347.36
頂埔,16,weekday,256161,288.79
頂埔,16,weekend,132321,373.79
頂埔,17,weekday,666205,751.08
頂埔,17,weekend,171042,483.17
頂埔,18,weekday,1261398,1422.09
頂埔,18,weekend,143360,404.97
頂埔,19,weekday,650494,733.36
頂埔,19,weekend,92533,261.39
頂埔,20,weekday,254914,287.39
頂埔,20,weekend,57182,161.53
頂埔,21,weekday,157439,177.5
頂埔,21,weekend,41894,118.34
頂埔,22,weekday,92822,104.65
頂埔,22,weekend,29705,83.91
頂埔,23,weekday,42908,48.37
頂埔,23,weekend,16188,45.73
頂溪,0,weekday,89958,101.42
頂溪,0,weekend,46131,130.31
頂溪,1,weekday,2855,3.22
頂溪,1,weekend,1321,3.73
頂溪,5,weekday,283,0.32
頂溪,5,weekend,635,1.8
頂溪,6,weekday,692458,780.67
頂溪,6,weekend,166427,470.13
頂溪,7,weekday,3081875,3474.49
頂溪,7,weekend,321261,907.52
頂溪,8,weekday,6234685,7028.96
頂溪,8,weekend,553006,1562.16
頂溪,9,weekday,3467564,3909.32
頂溪,9,weekend,677917,1915.02
頂溪,10,weekday,1878362,2117.66
頂溪,10,weekend,737332,2082.86
頂溪,11,weekday,1537684,1733.58
頂溪,11,weekend,825611,2332.23
頂溪,12,weekday,1381431,1557.42
頂溪,12,weekend,758105,2141.54
頂溪,13,weekday,1444394,1628.4
頂溪,13,weekend,784589,2216.35
頂溪,14,weekday,1171877,1321.17
頂溪,14,weekend,692532,1956.31
頂溪,15,weekday,988182,1114.07
頂溪,15,weekend,576260,1627.85
頂溪,16,weekday,1161683,1309.68
頂溪,16,weekend,546518,1543.84
頂溪,17,weekday,1527724,1722.35
頂溪,17,weekend,607570,1716.3
頂溪,18,weekday,1608902,1813.87
頂溪,18,weekend,531043,1500.12
頂溪,19,weekday,1031928,1163.39
頂溪,19,weekend,389603,1100.57
頂溪,20,weekday,743204,837.89
頂溪,20,weekend,327958,926.44
頂溪,21,weekday,738797,832.92
頂溪,21,weekend,310035,875.81
頂溪,22,weekday,577879,651.5
頂溪,22,weekend,232628,657.14
頂溪,23,weekday,258001,290.87
頂溪,23,weekend,121288,342.62
頭前庄,0,weekday,14399,16.23
頭前庄,0,weekend,6881,19.44
頭前庄,1,weekday,562,0.63
頭前庄,1,weekend,246,0.69
頭前庄,5,weekday,74,0.08
頭前庄,5,weekend,73,0.21
頭前庄,6,weekday,92772,104.59
頭前庄,6,weekend,19908,56.24
頭前庄,7,weekday,570930,643.66
頭前庄,7,weekend,48057,135.75
頭前庄,8,weekday,1051910,1185.92
頭前庄,8,weekend,69994,197.72
頭前庄,9,weekday,466109,525.49
頭前庄,9,weekend,75688,213.81
頭前庄,10,weekday,232128,261.7
頭前庄,10,weekend,82293,232.47
頭前庄,11,weekday,184892,208.45
頭前庄,11,weekend,92266,260.64
頭前庄,12,weekday,185560,209.2
頭前庄,12,weekend,90890,256.75
頭前庄,13,weekday,187961,211.91
頭前庄,13,weekend,96138,271.58
頭前庄,14,weekday,159836,180.2
頭前庄,14,weekend,91221,257.69
頭前庄,15,weekday,170617,192.35
頭前庄,15,weekend,96884,273.68
頭前庄,16,weekday,201197,226.83
頭前庄,16,weekend,95706,270.36
頭前庄,17,weekday,368054,414.94
頭前庄,17,weekend,105074,296.82
頭前庄,18,weekday,468393,528.06
頭前庄,18,weekend,96932,273.82
頭前庄,19,weekday,246489,277.89
頭前庄,19,weekend,67822,191.59
頭前庄,20,weekday,142037,160.13
頭前庄,20,weekend,54511,153.99
頭前庄,21,weekday,134049,151.13
頭前庄,21,weekend,54570,154.15
頭前庄,22,weekday,103953,117.2
頭前庄,22,weekend,43577,123.1
頭前庄,23,weekday,42978,48.45
頭前庄,23,weekend,20020,56.55
麟光,0,weekday,11371,12.82
麟光,0,weekend,5947,16.8
麟光,1,weekday,780,0.88
麟光,1,weekend,354,1.0
麟光,5,weekday,75,0.08
麟光,5,weekend,86,0.24
麟光,6,weekday,82839,93.39
麟光,6,weekend,19755,55.81
麟光,7,weekday,420836,474.45
麟光,7,weekend,47155,133.21
麟光,8,weekday,777421,876.46
麟光,8,weekend,76408,215.84
麟光,9,weekday,432166,487.22
麟光,9,weekend,90852,256.64
麟光,10,weekday,230346,259.69
麟光,10,weekend,107749,304.38
麟光,11,weekday,211428,238.36
麟光,11,weekend,130121,367.57
麟光,12,weekday,192679,217.23
麟光,12,weekend,118564,334.93
麟光,13,weekday,196654,221.71
麟光,13,weekend,117712,332.52
麟光,14,weekday,161831,182.45
麟光,14,weekend,103629,292.74
麟光,15,weekday,144417,162.82
麟光,15,weekend,91958,259.77
麟光,16,weekday,151260,170.53
麟光,16,weekend,88665,250.47
麟光,17,weekday,204644,230.71
麟光,17,weekend,93880,265.2
麟光,18,weekday,233152,262.85
麟光,18,weekend,75417,213.04
麟光,19,weekday,153803,173.4
麟光,19,weekend,49180,138.93
麟光,20,weekday,93782,105.73
麟光,20,weekend,34418,97.23
麟光,21,weekday,89113,100.47
麟光,21,weekend,29976,84.68
麟光,22,weekday,55452,62.52
麟光,22,weekend,20681,58.42
麟光,23,weekday,25705,28.98
麟光,23,weekend,11494,32.47
龍山寺,0,weekday,147671,166.48
龍山寺,0,weekend,70703,199.73
龍山寺,1,weekday,6235,7.03
龍山寺,1,weekend,2711,7.66
龍山寺,5,weekday,930,1.05
龍山寺,5,weekend,931,2.64
龍山寺,6,weekday,566593,638.77
龍山寺,6,weekend,139649,394.49
龍山寺,7,weekday,1688183,1903.25
龍山寺,7,weekend,248106,700.86
龍山寺,8,weekday,2381944,2685.39
龍山寺,8,weekend,351733,993.6
龍山寺,9,weekday,1825825,2058.43
龍山寺,9,weekend,476541,1346.16
龍山寺,10,weekday,1403643,1582.46
龍山寺,10,weekend,616703,1742.1
龍山寺,11,weekday,1367400,1541.6
龍山寺,11,weekend,725064,2048.2
龍山寺,12,weekday,1390218,1567.33
龍山寺,12,weekend,707024,1997.24
龍山寺,13,weekday,1410842,1590.58
龍山寺,13,weekend,727782,2055.88
龍山寺,14,weekday,1278958,1441.89
龍山寺,14,weekend,709718,2004.85
龍山寺,15,weekday,1238887,1396.72
龍山寺,15,weekend,711692,2010.43
龍山寺,16,weekday,1600259,1804.13
龍山寺,16,weekend,742521,2097.52
龍山寺,17,weekday,2018928,2276.13
龍山寺,17,weekend,807642,2281.47
龍山寺,18,weekday,2010357,2266.47
龍山寺,18,weekend,716084,2022.84
龍山寺,19,weekday,1344312,1515.57
龍山寺,19,weekend,558733,1578.34
龍山寺,20,weekday,968139,1091.48
龍山寺,20,weekend,458726,1295.84
龍山寺,21,weekday,965618,1088.63
龍山寺,21,weekend,410459,1159.49
龍山寺,22,weekday,652396,735.51
龍山寺,22,weekend,282170,797.09
龍山寺,23,weekday,320393,361.21
龍山寺,23,weekend,148711,420.09
