date,hour,trips
2023-01-01,0,14673
2023-01-01,1,395
2023-01-01,6,21722
2023-01-01,7,30309
2023-01-01,8,40354
2023-01-01,9,50082
2023-01-01,10,64992
2023-01-01,11,89462
2023-01-01,12,93289
2023-01-01,13,102258
2023-01-01,14,111644
2023-01-01,15,113226
2023-01-01,16,119448
2023-01-01,17,133101
2023-01-01,18,120380
2023-01-01,19,97181
2023-01-01,20,85080
2023-01-01,21,78319
2023-01-01,22,70665
2023-01-01,23,37379
2023-01-02,0,9896
2023-01-02,1,273
2023-01-02,5,25
2023-01-02,6,11905
2023-01-02,7,23349
2023-01-02,8,32660
2023-01-02,9,43862
2023-01-02,10,59571
2023-01-02,11,81273
2023-01-02,12,78219
2023-01-02,13,84630
2023-01-02,14,92489
2023-01-02,15,95943
2023-01-02,16,99443
2023-01-02,17,120858
2023-01-02,18,107441
2023-01-02,19,82092
2023-01-02,20,73638
2023-01-02,21,71531
2023-01-02,22,60318
2023-01-02,23,25091
2023-01-03,0,8890
2023-01-03,1,242
2023-01-03,5,21
2023-01-03,6,29111
2023-01-03,7,138385
2023-01-03,8,253333
2023-01-03,9,137543
2023-01-03,10,80898
2023-01-03,11,74620
2023-01-03,12,77515
2023-01-03,13,78849
2023-01-03,14,76432
2023-01-03,15,79277
2023-01-03,16,103561
2023-01-03,17,165478
2023-01-03,18,244013
2023-01-03,19,167753
2023-01-03,20,97358
2023-01-03,21,89683
2023-01-03,22,67632
2023-01-03,23,24135
2023-01-04,0,10074
2023-01-04,1,299
2023-01-04,5,29
2023-01-04,6,28011
2023-01-04,7,137844
2023-01-04,8,257151
2023-01-04,9,137349
2023-01-04,10,80097
2023-01-04,11,75579
2023-01-04,12,80076
2023-01-04,13,82259
2023-01-04,14,78593
2023-01-04,15,78441
2023-01-04,16,103975
2023-01-04,17,168132
2023-01-04,18,243970
2023-01-04,19,166899
2023-01-04,20,97908
2023-01-04,21,95438
2023-01-04,22,74393
2023-01-04,23,26837
2023-01-05,0,10851
2023-01-05,1,266
2023-01-05,5,26
2023-01-05,6,28016
2023-01-05,7,136726
2023-01-05,8,254054
2023-01-05,9,137660
2023-01-05,10,81104
2023-01-05,11,75430
2023-01-05,12,79255
2023-01-05,13,80658
2023-01-05,14,78514
2023-01-05,15,80505
2023-01-05,16,106512
2023-01-05,17,170089
2023-01-05,18,249266
2023-01-05,19,166378
2023-01-05,20,102609
2023-01-05,21,100392
2023-01-05,22,78068
2023-01-05,23,28453
2023-01-06,0,15478
2023-01-06,1,424
2023-01-06,5,25
2023-01-06,6,27891
2023-01-06,7,136302
2023-01-06,8,255413
2023-01-06,9,136581
2023-01-06,10,83069
2023-01-06,11,80133
2023-01-06,12,85150
2023-01-06,13,88539
2023-01-06,14,84076
2023-01-06,15,86829
2023-01-06,16,116304
2023-01-06,17,176280
2023-01-06,18,259783
2023-01-06,19,172552
2023-01-06,20,103084
2023-01-06,21,109092
2023-01-06,22,96568
2023-01-06,23,41251
2023-01-07,0,19472
2023-01-07,1,528
2023-01-07,5,33
2023-01-07,6,24965
2023-01-07,7,109166
2023-01-07,8,190463
2023-01-07,9,100396
2023-01-07,10,81389
2023-01-07,11,90908
2023-01-07,12,93067
2023-01-07,13,96303
2023-01-07,14,95795
2023-01-07,15,100829
2023-01-07,16,131801
2023-01-07,17,187646
2023-01-07,18,229121
2023-01-07,19,135152
2023-01-07,20,89314
2023-01-07,21,96600
2023-01-07,22,95696
2023-01-07,23,44930
2023-01-08,0,10674
2023-01-08,1,275
2023-01-08,5,25
2023-01-08,6,14267
2023-01-08,7,29036
2023-01-08,8,48830
2023-01-08,9,65188
2023-01-08,10,75634
2023-01-08,11,96030
2023-01-08,12,96855
2023-01-08,13,102641
2023-01-08,14,105523
2023-01-08,15,109089
2023-01-08,16,115533
2023-01-08,17,135737
2023-01-08,18,116457
2023-01-08,19,86296
2023-01-08,20,75003
2023-01-08,21,75209
2023-01-08,22,61401
2023-01-08,23,27731
2023-01-09,0,8947
2023-01-09,1,245
2023-01-09,5,32
2023-01-09,6,28680
2023-01-09,7,134104
2023-01-09,8,249419
2023-01-09,9,129925
2023-01-09,10,79277
2023-01-09,11,75617
2023-01-09,12,78356
2023-01-09,13,81366
2023-01-09,14,79225
2023-01-09,15,82107
2023-01-09,16,106165
2023-01-09,17,165577
2023-01-09,18,241615
2023-01-09,19,158904
2023-01-09,20,93915
2023-01-09,21,92727
2023-01-09,22,70824
2023-01-09,23,24791
2023-01-10,0,9722
2023-01-10,1,296
2023-01-10,5,32
2023-01-10,6,28344
2023-01-10,7,135582
2023-01-10,8,253920
2023-01-10,9,134791
2023-01-10,10,80749
2023-01-10,11,76725
2023-01-10,12,78152
2023-01-10,13,81207
2023-01-10,14,79345
2023-01-10,15,81567
2023-01-10,16,109040
2023-01-10,17,169380
2023-01-10,18,245718
2023-01-10,19,162703
2023-01-10,20,96928
2023-01-10,21,97379
2023-01-10,22,73697
2023-01-10,23,26998
2023-01-11,0,10784
2023-01-11,1,338
2023-01-11,5,27
2023-01-11,6,27706
2023-01-11,7,134820
2023-01-11,8,253055
2023-01-11,9,135598
2023-01-11,10,81508
2023-01-11,11,78645
2023-01-11,12,81851
2023-01-11,13,83814
2023-01-11,14,81718
2023-01-11,15,83661
2023-01-11,16,109593
2023-01-11,17,171035
2023-01-11,18,247794
2023-01-11,19,162837
2023-01-11,20,97684
2023-01-11,21,100783
2023-01-11,22,80026
2023-01-11,23,30141
2023-01-12,0,11682
2023-01-12,1,313
2023-01-12,5,34
2023-01-12,6,27922
2023-01-12,7,129924
2023-01-12,8,248951
2023-01-12,9,133927
2023-01-12,10,82787
2023-01-12,11,80469
2023-01-12,12,85160
2023-01-12,13,89168
2023-01-12,14,90720
2023-01-12,15,93794
2023-01-12,16,109911
2023-01-12,17,168491
2023-01-12,18,245801
2023-01-12,19,161016
2023-01-12,20,98905
2023-01-12,21,103446
2023-01-12,22,83086
2023-01-12,23,32082
2023-01-13,0,19102
2023-01-13,1,585
2023-01-13,5,28
2023-01-13,6,27526
2023-01-13,7,125826
2023-01-13,8,246127
2023-01-13,9,131063
2023-01-13,10,85696
2023-01-13,11,87224
2023-01-13,12,90094
2023-01-13,13,92961
2023-01-13,14,92061
2023-01-13,15,103032
2023-01-13,16,119415
2023-01-13,17,183713
2023-01-13,18,258708
2023-01-13,19,169265
2023-01-13,20,106578
2023-01-13,21,113263
2023-01-13,22,104866
2023-01-13,23,46788
2023-01-14,0,16950
2023-01-14,1,522
2023-01-14,5,23
2023-01-14,6,16799
2023-01-14,7,37603
2023-01-14,8,69381
2023-01-14,9,79686
2023-01-14,10,93008
2023-01-14,11,112881
2023-01-14,12,111232
2023-01-14,13,118228
2023-01-14,14,118594
2023-01-14,15,122040
2023-01-14,16,131247
2023-01-14,17,169015
2023-01-14,18,143107
2023-01-14,19,101544
2023-01-14,20,89545
2023-01-14,21,98174
2023-01-14,22,86810
2023-01-14,23,46657
2023-01-15,0,10602
2023-01-15,1,304
2023-01-15,5,30
2023-01-15,6,12740
2023-01-15,7,25248
2023-01-15,8,45618
2023-01-15,9,58811
2023-01-15,10,71388
2023-01-15,11,93023
2023-01-15,12,89456
2023-01-15,13,94858
2023-01-15,14,104089
2023-01-15,15,115649
2023-01-15,16,110872
2023-01-15,17,131736
2023-01-15,18,110428
2023-01-15,19,84733
2023-01-15,20,76159
2023-01-15,21,76774
2023-01-15,22,61691
2023-01-15,23,28838
2023-01-16,0,10736
2023-01-16,1,352
2023-01-16,5,34
2023-01-16,6,28101
2023-01-16,7,131773
2023-01-16,8,246937
2023-01-16,9,129966
2023-01-16,10,80774
2023-01-16,11,78836
2023-01-16,12,80663
2023-01-16,13,84716
2023-01-16,14,83731
2023-01-16,15,85180
2023-01-16,16,114353
2023-01-16,17,169844
2023-01-16,18,242053
2023-01-16,19,163950
2023-01-16,20,97490
2023-01-16,21,92566
2023-01-16,22,72368
2023-01-16,23,28755
2023-01-17,0,11804
2023-01-17,1,357
2023-01-17,5,24
2023-01-17,6,26893
2023-01-17,7,133936
2023-01-17,8,246154
2023-01-17,9,132150
2023-01-17,10,83887
2023-01-17,11,80973
2023-01-17,12,84693
2023-01-17,13,87028
2023-01-17,14,85936
2023-01-17,15,89569
2023-01-17,16,119870
2023-01-17,17,172988
2023-01-17,18,244752
2023-01-17,19,164842
2023-01-17,20,98648
2023-01-17,21,96148
2023-01-17,22,78565
2023-01-17,23,31563
2023-01-18,0,12943
2023-01-18,1,374
2023-01-18,5,31
2023-01-18,6,26590
2023-01-18,7,130364
2023-01-18,8,242242
2023-01-18,9,128274
2023-01-18,10,84144
2023-01-18,11,83490
2023-01-18,12,91032
2023-01-18,13,93206
2023-01-18,14,89576
2023-01-18,15,91871
2023-01-18,16,119185
2023-01-18,17,173964
2023-01-18,18,247939
2023-01-18,19,166770
2023-01-18,20,100203
2023-01-18,21,96457
2023-01-18,22,79779
2023-01-18,23,33966
2023-01-19,0,15238
2023-01-19,1,464
2023-01-19,5,30
2023-01-19,6,25546
2023-01-19,7,123612
2023-01-19,8,222831
2023-01-19,9,119165
2023-01-19,10,99984
2023-01-19,11,101063
2023-01-19,12,108371
2023-01-19,13,108892
2023-01-19,14,108810
2023-01-19,15,117255
2023-01-19,16,138002
2023-01-19,17,184713
2023-01-19,18,223875
2023-01-19,19,139328
2023-01-19,20,91279
2023-01-19,21,85942
2023-01-19,22,73335
2023-01-19,23,35891
2023-01-20,0,9817
2023-01-20,1,269
2023-01-20,5,26
2023-01-20,6,14021
2023-01-20,7,26955
2023-01-20,8,38633
2023-01-20,9,49824
2023-01-20,10,65581
2023-01-20,11,77657
2023-01-20,12,74346
2023-01-20,13,79126
2023-01-20,14,88731
2023-01-20,15,89373
2023-01-20,16,91057
2023-01-20,17,100582
2023-01-20,18,87760
2023-01-20,19,66414
2023-01-20,20,58096
2023-01-20,21,53906
2023-01-20,22,44989
2023-01-20,23,23996
2023-01-21,0,8497
2023-01-21,1,169
2023-01-21,5,20
2023-01-21,6,10841
2023-01-21,7,16195
2023-01-21,8,21975
2023-01-21,9,29735
2023-01-21,10,39933
2023-01-21,11,45221
2023-01-21,12,41578
2023-01-21,13,43439
2023-01-21,14,50546
2023-01-21,15,53013
2023-01-21,16,57613
2023-01-21,17,58597
2023-01-21,18,49079
2023-01-21,19,33465
2023-01-21,20,28605
2023-01-21,21,37174
2023-01-21,22,32256
2023-01-21,23,19792
2023-01-22,0,7407
2023-01-22,1,166
2023-01-22,5,20
2023-01-22,6,9984
2023-01-22,7,15515
2023-01-22,8,23330
2023-01-22,9,38833
2023-01-22,10,60133
2023-01-22,11,80192
2023-01-22,12,82957
2023-01-22,13,94200
2023-01-22,14,110276
2023-01-22,15,112791
2023-01-22,16,109755
2023-01-22,17,108413
2023-01-22,18,90833
2023-01-22,19,69212
2023-01-22,20,58498
2023-01-22,21,51380
2023-01-22,22,40429
2023-01-22,23,20553
2023-01-23,0,8075
2023-01-23,1,203
2023-01-23,5,15
2023-01-23,6,10068
2023-01-23,7,15527
2023-01-23,8,22627
2023-01-23,9,38873
2023-01-23,10,65345
2023-01-23,11,88978
2023-01-23,12,74108
2023-01-23,13,74413
2023-01-23,14,89173
2023-01-23,15,94285
2023-01-23,16,93878
2023-01-23,17,93696
2023-01-23,18,75507
2023-01-23,19,63105
2023-01-23,20,57031
2023-01-23,21,53772
2023-01-23,22,44097
2023-01-23,23,22156
2023-01-24,0,10104
2023-01-24,1,228
2023-01-24,5,11
2023-01-24,6,10584
2023-01-24,7,15874
2023-01-24,8,21301
2023-01-24,9,34373
2023-01-24,10,54412
2023-01-24,11,75255
2023-01-24,12,69000
2023-01-24,13,74512
2023-01-24,14,84648
2023-01-24,15,86787
2023-01-24,16,88276
2023-01-24,17,96257
2023-01-24,18,86415
2023-01-24,19,71307
2023-01-24,20,63382
2023-01-24,21,59244
2023-01-24,22,48988
2023-01-24,23,25543
2023-01-25,0,11799
2023-01-25,1,271
2023-01-25,5,15
2023-01-25,6,10490
2023-01-25,7,17161
2023-01-25,8,24282
2023-01-25,9,39545
2023-01-25,10,62330
2023-01-25,11,88113
2023-01-25,12,81058
2023-01-25,13,89553
2023-01-25,14,102544
2023-01-25,15,106830
2023-01-25,16,109091
2023-01-25,17,118341
2023-01-25,18,107155
2023-01-25,19,86102
2023-01-25,20,74744
2023-01-25,21,70768
2023-01-25,22,56482
2023-01-25,23,29713
2023-01-26,0,12443
2023-01-26,1,341
2023-01-26,5,18
2023-01-26,6,11745
2023-01-26,7,22114
2023-01-26,8,34350
2023-01-26,9,53465
2023-01-26,10,80969
2023-01-26,11,107762
2023-01-26,12,98602
2023-01-26,13,108398
2023-01-26,14,123393
2023-01-26,15,121899
2023-01-26,16,123940
2023-01-26,17,135075
2023-01-26,18,119744
2023-01-26,19,94460
2023-01-26,20,81970
2023-01-26,21,77155
2023-01-26,22,61610
2023-01-26,23,31350
2023-01-27,0,13209
2023-01-27,1,334
2023-01-27,5,31
2023-01-27,6,13667
2023-01-27,7,26360
2023-01-27,8,37835
2023-01-27,9,55285
2023-01-27,10,76771
2023-01-27,11,101184
2023-01-27,12,93150
2023-01-27,13,100554
2023-01-27,14,112045
2023-01-27,15,115831
2023-01-27,16,117440
2023-01-27,17,129097
2023-01-27,18,116740
2023-01-27,19,89667
2023-01-27,20,78155
2023-01-27,21,77104
2023-01-27,22,62896
2023-01-27,23,32259
2023-01-28,0,14115
2023-01-28,1,382
2023-01-28,5,22
2023-01-28,6,12296
2023-01-28,7,22234
2023-01-28,8,38262
2023-01-28,9,57518
2023-01-28,10,77671
2023-01-28,11,102691
2023-01-28,12,97235
2023-01-28,13,104507
2023-01-28,14,113977
2023-01-28,15,115530
2023-01-28,16,119708
2023-01-28,17,135656
2023-01-28,18,120618
2023-01-28,19,93581
2023-01-28,20,82742
2023-01-28,21,81555
2023-01-28,22,69128
2023-01-28,23,34773
2023-01-29,0,8967
2023-01-29,1,239
2023-01-29,5,12
2023-01-29,6,11457
2023-01-29,7,21181
2023-01-29,8,36194
2023-01-29,9,55015
2023-01-29,10,72534
2023-01-29,11,92626
2023-01-29,12,92541
2023-01-29,13,101640
2023-01-29,14,112362
2023-01-29,15,112996
2023-01-29,16,117284
2023-01-29,17,128399
2023-01-29,18,113033
2023-01-29,19,87914
2023-01-29,20,76394
2023-01-29,21,71165
2023-01-29,22,52064
2023-01-29,23,23565
2023-01-30,0,8747
2023-01-30,1,238
2023-01-30,5,24
2023-01-30,6,23794
2023-01-30,7,101617
2023-01-30,8,240679
2023-01-30,9,125458
2023-01-30,10,80363
2023-01-30,11,81726
2023-01-30,12,85352
2023-01-30,13,93042
2023-01-30,14,89967
2023-01-30,15,88948
2023-01-30,16,101682
2023-01-30,17,155898
2023-01-30,18,243284
2023-01-30,19,167926
2023-01-30,20,93466
2023-01-30,21,79259
2023-01-30,22,60906
2023-01-30,23,23411
2023-01-31,0,9490
2023-01-31,1,256
2023-01-31,5,32
2023-01-31,6,23495
2023-01-31,7,100343
2023-01-31,8,243221
2023-01-31,9,135762
2023-01-31,10,88648
2023-01-31,11,87006
2023-01-31,12,90778
2023-01-31,13,97126
2023-01-31,14,94033
2023-01-31,15,92657
2023-01-31,16,106328
2023-01-31,17,160766
2023-01-31,18,244871
2023-01-31,19,171551
2023-01-31,20,99361
2023-01-31,21,87089
2023-01-31,22,65508
2023-01-31,23,25503
2023-02-01,0,9407
2023-02-01,1,285
2023-02-01,5,30
2023-02-01,6,24180
2023-02-01,7,105217
2023-02-01,8,249663
2023-02-01,9,136684
2023-02-01,10,86678
2023-02-01,11,84927
2023-02-01,12,89324
2023-02-01,13,95778
2023-02-01,14,90777
2023-02-01,15,88848
2023-02-01,16,104954
2023-02-01,17,159253
2023-02-01,18,245925
2023-02-01,19,170352
2023-02-01,20,97697
2023-02-01,21,87692
2023-02-01,22,67455
2023-02-01,23,25364
2023-02-02,0,9450
2023-02-02,1,229
2023-02-02,5,41
2023-02-02,6,24423
2023-02-02,7,102890
2023-02-02,8,246400
2023-02-02,9,135295
2023-02-02,10,82968
2023-02-02,11,80823
2023-02-02,12,86001
2023-02-02,13,92253
2023-02-02,14,86737
2023-02-02,15,86150
2023-02-02,16,100816
2023-02-02,17,160547
2023-02-02,18,248519
2023-02-02,19,168646
2023-02-02,20,99242
2023-02-02,21,89046
2023-02-02,22,68990
2023-02-02,23,25757
2023-02-03,0,13131
2023-02-03,1,386
2023-02-03,5,34
2023-02-03,6,24219
2023-02-03,7,103812
2023-02-03,8,244744
2023-02-03,9,132300
2023-02-03,10,86730
2023-02-03,11,87356
2023-02-03,12,92011
2023-02-03,13,99726
2023-02-03,14,95438
2023-02-03,15,96213
2023-02-03,16,113173
2023-02-03,17,175524
2023-02-03,18,262001
2023-02-03,19,178514
2023-02-03,20,105938
2023-02-03,21,101691
2023-02-03,22,87862
2023-02-03,23,35955
2023-02-04,0,17459
2023-02-04,1,433
2023-02-04,5,45
2023-02-04,6,23373
2023-02-04,7,80702
2023-02-04,8,188530
2023-02-04,9,107731
2023-02-04,10,90650
2023-02-04,11,101525
2023-02-04,12,107120
2023-02-04,13,116585
2023-02-04,14,117133
2023-02-04,15,119303
2023-02-04,16,132582
2023-02-04,17,189070
2023-02-04,18,245460
2023-02-04,19,149614
2023-02-04,20,103011
2023-02-04,21,105909
2023-02-04,22,96606
2023-02-04,23,42306
2023-02-05,0,9518
2023-02-05,1,259
2023-02-05,5,44
2023-02-05,6,14171
2023-02-05,7,27985
2023-02-05,8,43534
2023-02-05,9,59556
2023-02-05,10,73241
2023-02-05,11,94840
2023-02-05,12,96440
2023-02-05,13,103529
2023-02-05,14,110482
2023-02-05,15,118315
2023-02-05,16,122279
2023-02-05,17,150318
2023-02-05,18,128381
2023-02-05,19,100191
2023-02-05,20,91269
2023-02-05,21,85083
2023-02-05,22,63118
2023-02-05,23,25677
2023-02-06,0,9355
2023-02-06,1,268
2023-02-06,5,34
2023-02-06,6,25592
2023-02-06,7,107214
2023-02-06,8,253655
2023-02-06,9,136963
2023-02-06,10,80222
2023-02-06,11,77199
2023-02-06,12,83148
2023-02-06,13,87838
2023-02-06,14,82754
2023-02-06,15,85302
2023-02-06,16,99963
2023-02-06,17,161294
2023-02-06,18,252532
2023-02-06,19,177147
2023-02-06,20,101455
2023-02-06,21,89720
2023-02-06,22,70062
2023-02-06,23,25800
2023-02-07,0,9256
2023-02-07,1,261
2023-02-07,5,27
2023-02-07,6,24777
2023-02-07,7,107950
2023-02-07,8,251193
2023-02-07,9,137476
2023-02-07,10,84863
2023-02-07,11,84134
2023-02-07,12,89387
2023-02-07,13,94482
2023-02-07,14,88448
2023-02-07,15,90029
2023-02-07,16,107667
2023-02-07,17,169561
2023-02-07,18,258206
2023-02-07,19,177029
2023-02-07,20,105566
2023-02-07,21,96651
2023-02-07,22,73987
2023-02-07,23,26589
2023-02-08,0,10473
2023-02-08,1,267
2023-02-08,5,28
2023-02-08,6,25532
2023-02-08,7,108635
2023-02-08,8,250984
2023-02-08,9,137045
2023-02-08,10,87173
2023-02-08,11,86847
2023-02-08,12,91980
2023-02-08,13,97392
2023-02-08,14,92574
2023-02-08,15,92365
2023-02-08,16,109704
2023-02-08,17,172896
2023-02-08,18,260312
2023-02-08,19,180854
2023-02-08,20,107813
2023-02-08,21,101561
2023-02-08,22,78967
2023-02-08,23,28359
2023-02-09,0,10556
2023-02-09,1,284
2023-02-09,5,26
2023-02-09,6,25317
2023-02-09,7,106223
2023-02-09,8,250662
2023-02-09,9,138483
2023-02-09,10,88948
2023-02-09,11,87552
2023-02-09,12,92183
2023-02-09,13,98667
2023-02-09,14,95499
2023-02-09,15,93987
2023-02-09,16,112605
2023-02-09,17,175351
2023-02-09,18,262347
2023-02-09,19,179608
2023-02-09,20,109082
2023-02-09,21,103773
2023-02-09,22,82738
2023-02-09,23,29995
2023-02-10,0,17089
2023-02-10,1,534
2023-02-10,5,26
2023-02-10,6,25552
2023-02-10,7,106642
2023-02-10,8,244054
2023-02-10,9,134107
2023-02-10,10,88485
2023-02-10,11,90206
2023-02-10,12,96901
2023-02-10,13,104269
2023-02-10,14,103638
2023-02-10,15,104826
2023-02-10,16,119467
2023-02-10,17,185638
2023-02-10,18,273797
2023-02-10,19,187621
2023-02-10,20,114891
2023-02-10,21,112827
2023-02-10,22,101219
2023-02-10,23,45261
2023-02-11,0,19911
2023-02-11,1,525
2023-02-11,5,22
2023-02-11,6,17856
2023-02-11,7,35827
2023-02-11,8,62074
2023-02-11,9,81800
2023-02-11,10,98296
2023-02-11,11,124267
2023-02-11,12,123297
2023-02-11,13,133635
2023-02-11,14,136626
2023-02-11,15,144435
2023-02-11,16,159575
2023-02-11,17,194845
2023-02-11,18,184563
2023-02-11,19,152486
2023-02-11,20,132678
2023-02-11,21,132889
2023-02-11,22,117170
2023-02-11,23,53492
2023-02-12,0,9889
2023-02-12,1,260
2023-02-12,5,28
2023-02-12,6,15109
2023-02-12,7,27311
2023-02-12,8,46740
2023-02-12,9,65792
2023-02-12,10,82192
2023-02-12,11,106708
2023-02-12,12,105059
2023-02-12,13,114561
2023-02-12,14,123141
2023-02-12,15,129123
2023-02-12,16,132332
2023-02-12,17,151418
2023-02-12,18,139508
2023-02-12,19,114345
2023-02-12,20,97256
2023-02-12,21,91129
2023-02-12,22,67918
2023-02-12,23,27837
2023-02-13,0,8349
2023-02-13,1,257
2023-02-13,5,29
2023-02-13,6,30864
2023-02-13,7,146886
2023-02-13,8,251252
2023-02-13,9,131744
2023-02-13,10,81809
2023-02-13,11,77269
2023-02-13,12,81039
2023-02-13,13,83166
2023-02-13,14,80858
2023-02-13,15,84339
2023-02-13,16,121644
2023-02-13,17,181015
2023-02-13,18,255246
2023-02-13,19,167201
2023-02-13,20,95881
2023-02-13,21,85010
2023-02-13,22,67244
2023-02-13,23,23772
2023-02-14,0,10749
2023-02-14,1,302
2023-02-14,5,23
2023-02-14,6,29450
2023-02-14,7,145526
2023-02-14,8,258433
2023-02-14,9,140800
2023-02-14,10,79111
2023-02-14,11,73180
2023-02-14,12,79048
2023-02-14,13,81841
2023-02-14,14,78268
2023-02-14,15,82081
2023-02-14,16,119440
2023-02-14,17,183451
2023-02-14,18,266309
2023-02-14,19,176980
2023-02-14,20,100159
2023-02-14,21,93571
2023-02-14,22,76797
2023-02-14,23,28973
2023-02-15,0,9852
2023-02-15,1,283
2023-02-15,5,23
2023-02-15,6,29577
2023-02-15,7,142875
2023-02-15,8,258379
2023-02-15,9,137613
2023-02-15,10,79669
2023-02-15,11,76421
2023-02-15,12,82389
2023-02-15,13,85308
2023-02-15,14,80745
2023-02-15,15,81600
2023-02-15,16,120062
2023-02-15,17,181475
2023-02-15,18,261573
2023-02-15,19,174727
2023-02-15,20,102140
2023-02-15,21,98387
2023-02-15,22,78046
2023-02-15,23,27913
2023-02-16,0,10368
2023-02-16,1,284
2023-02-16,5,32
2023-02-16,6,29602
2023-02-16,7,143182
2023-02-16,8,256831
2023-02-16,9,140790
2023-02-16,10,84715
2023-02-16,11,79462
2023-02-16,12,83732
2023-02-16,13,87076
2023-02-16,14,84317
2023-02-16,15,86999
2023-02-16,16,122542
2023-02-16,17,182919
2023-02-16,18,269034
2023-02-16,19,180839
2023-02-16,20,105195
2023-02-16,21,101164
2023-02-16,22,82153
2023-02-16,23,30931
2023-02-17,0,14457
2023-02-17,1,390
2023-02-17,5,29
2023-02-17,6,29942
2023-02-17,7,143114
2023-02-17,8,255285
2023-02-17,9,137630
2023-02-17,10,90045
2023-02-17,11,87060
2023-02-17,12,91873
2023-02-17,13,97610
2023-02-17,14,94636
2023-02-17,15,98052
2023-02-17,16,136921
2023-02-17,17,200071
2023-02-17,18,283608
2023-02-17,19,189678
2023-02-17,20,115344
2023-02-17,21,113175
2023-02-17,22,97579
2023-02-17,23,41649
2023-02-18,0,21317
2023-02-18,1,503
2023-02-18,5,23
2023-02-18,6,26513
2023-02-18,7,115202
2023-02-18,8,187927
2023-02-18,9,105672
2023-02-18,10,91531
2023-02-18,11,102398
2023-02-18,12,102956
2023-02-18,13,109532
2023-02-18,14,109644
2023-02-18,15,114031
2023-02-18,16,152015
2023-02-18,17,211996
2023-02-18,18,263684
2023-02-18,19,168314
2023-02-18,20,117186
2023-02-18,21,117892
2023-02-18,22,112440
2023-02-18,23,55133
2023-02-19,0,11076
2023-02-19,1,247
2023-02-19,5,22
2023-02-19,6,16240
2023-02-19,7,29053
2023-02-19,8,51498
2023-02-19,9,68779
2023-02-19,10,83610
2023-02-19,11,106334
2023-02-19,12,113764
2023-02-19,13,118424
2023-02-19,14,117110
2023-02-19,15,118817
2023-02-19,16,126658
2023-02-19,17,148846
2023-02-19,18,134128
2023-02-19,19,105463
2023-02-19,20,93957
2023-02-19,21,87701
2023-02-19,22,66291
2023-02-19,23,30660
2023-02-20,0,8284
2023-02-20,1,253
2023-02-20,5,41
2023-02-20,6,30820
2023-02-20,7,145442
2023-02-20,8,258714
2023-02-20,9,137086
2023-02-20,10,80346
2023-02-20,11,73922
2023-02-20,12,78985
2023-02-20,13,81866
2023-02-20,14,76074
2023-02-20,15,79947
2023-02-20,16,113496
2023-02-20,17,177500
2023-02-20,18,257178
2023-02-20,19,165700
2023-02-20,20,93005
2023-02-20,21,84624
2023-02-20,22,65151
2023-02-20,23,23769
2023-02-21,0,8955
2023-02-21,1,267
2023-02-21,5,31
2023-02-21,6,30180
2023-02-21,7,144752
2023-02-21,8,266899
2023-02-21,9,147622
2023-02-21,10,82158
2023-02-21,11,72877
2023-02-21,12,78838
2023-02-21,13,82738
2023-02-21,14,75723
2023-02-21,15,79087
2023-02-21,16,113894
2023-02-21,17,182428
2023-02-21,18,265855
2023-02-21,19,173545
2023-02-21,20,97594
2023-02-21,21,93013
2023-02-21,22,71460
2023-02-21,23,25660
2023-02-22,0,9629
2023-02-22,1,295
2023-02-22,5,42
2023-02-22,6,29146
2023-02-22,7,145016
2023-02-22,8,266577
2023-02-22,9,143933
2023-02-22,10,83038
2023-02-22,11,76677
2023-02-22,12,84821
2023-02-22,13,86222
2023-02-22,14,79689
2023-02-22,15,82038
2023-02-22,16,114702
2023-02-22,17,182168
2023-02-22,18,262122
2023-02-22,19,175102
2023-02-22,20,100244
2023-02-22,21,97604
2023-02-22,22,74916
2023-02-22,23,26995
2023-02-23,0,10673
2023-02-23,1,318
2023-02-23,5,35
2023-02-23,6,29592
2023-02-23,7,144016
2023-02-23,8,264944
2023-02-23,9,144043
2023-02-23,10,85328
2023-02-23,11,77252
2023-02-23,12,83404
2023-02-23,13,85096
2023-02-23,14,79420
2023-02-23,15,84114
2023-02-23,16,116417
2023-02-23,17,181337
2023-02-23,18,264361
2023-02-23,19,170418
2023-02-23,20,100998
2023-02-23,21,99313
2023-02-23,22,77953
2023-02-23,23,29109
2023-02-24,0,17423
2023-02-24,1,478
2023-02-24,5,32
2023-02-24,6,29505
2023-02-24,7,143057
2023-02-24,8,254865
2023-02-24,9,135806
2023-02-24,10,85956
2023-02-24,11,82369
2023-02-24,12,92316
2023-02-24,13,98618
2023-02-24,14,91386
2023-02-24,15,96721
2023-02-24,16,133662
2023-02-24,17,199027
2023-02-24,18,275061
2023-02-24,19,183277
2023-02-24,20,115186
2023-02-24,21,110044
2023-02-24,22,96790
2023-02-24,23,42748
2023-02-25,0,15087
2023-02-25,1,488
2023-02-25,5,34
2023-02-25,6,18429
2023-02-25,7,34363
2023-02-25,8,56554
2023-02-25,9,76677
2023-02-25,10,94532
2023-02-25,11,114141
2023-02-25,12,114097
2023-02-25,13,124125
2023-02-25,14,124648
2023-02-25,15,124726
2023-02-25,16,130891
2023-02-25,17,151708
2023-02-25,18,137637
2023-02-25,19,102231
2023-02-25,20,86700
2023-02-25,21,87898
2023-02-25,22,82564
2023-02-25,23,38812
2023-02-26,0,14050
2023-02-26,1,332
2023-02-26,5,36
2023-02-26,6,15057
2023-02-26,7,26250
2023-02-26,8,43119
2023-02-26,9,65392
2023-02-26,10,85957
2023-02-26,11,109322
2023-02-26,12,105214
2023-02-26,13,113351
2023-02-26,14,119059
2023-02-26,15,121489
2023-02-26,16,127079
2023-02-26,17,141503
2023-02-26,18,125171
2023-02-26,19,100314
2023-02-26,20,88632
2023-02-26,21,84583
2023-02-26,22,70893
2023-02-26,23,36385
2023-02-27,0,14525
2023-02-27,1,422
2023-02-27,5,27
2023-02-27,6,14767
2023-02-27,7,30878
2023-02-27,8,44699
2023-02-27,9,65834
2023-02-27,10,93544
2023-02-27,11,119676
2023-02-27,12,114999
2023-02-27,13,121435
2023-02-27,14,134054
2023-02-27,15,133365
2023-02-27,16,138620
2023-02-27,17,155496
2023-02-27,18,146369
2023-02-27,19,113055
2023-02-27,20,96559
2023-02-27,21,91039
2023-02-27,22,77559
2023-02-27,23,37480
2023-02-28,0,10090
2023-02-28,1,264
2023-02-28,5,24
2023-02-28,6,13477
2023-02-28,7,24550
2023-02-28,8,37666
2023-02-28,9,58316
2023-02-28,10,80719
2023-02-28,11,103171
2023-02-28,12,98049
2023-02-28,13,106153
2023-02-28,14,118545
2023-02-28,15,119214
2023-02-28,16,124510
2023-02-28,17,135061
2023-02-28,18,122433
2023-02-28,19,98409
2023-02-28,20,86484
2023-02-28,21,77068
2023-02-28,22,59304
2023-02-28,23,26423
2023-03-01,0,8791
2023-03-01,1,250
2023-03-01,5,31
2023-03-01,6,31556
2023-03-01,7,147249
2023-03-01,8,263528
2023-03-01,9,140828
2023-03-01,10,84487
2023-03-01,11,75431
2023-03-01,12,84075
2023-03-01,13,85357
2023-03-01,14,78567
2023-03-01,15,81449
2023-03-01,16,110524
2023-03-01,17,170634
2023-03-01,18,253222
2023-03-01,19,171550
2023-03-01,20,98066
2023-03-01,21,89515
2023-03-01,22,68973
2023-03-01,23,25184
2023-03-02,0,9317
2023-03-02,1,274
2023-03-02,5,36
2023-03-02,6,29724
2023-03-02,7,145912
2023-03-02,8,262523
2023-03-02,9,140254
2023-03-02,10,82311
2023-03-02,11,73503
2023-03-02,12,80487
2023-03-02,13,82674
2023-03-02,14,76932
2023-03-02,15,80264
2023-03-02,16,112371
2023-03-02,17,175148
2023-03-02,18,256168
2023-03-02,19,171271
2023-03-02,20,99477
2023-03-02,21,92871
2023-03-02,22,74447
2023-03-02,23,26895
2023-03-03,0,16270
2023-03-03,1,458
2023-03-03,5,25
2023-03-03,6,29921
2023-03-03,7,145342
2023-03-03,8,259145
2023-03-03,9,137589
2023-03-03,10,85874
2023-03-03,11,79377
2023-03-03,12,88550
2023-03-03,13,93237
2023-03-03,14,87663
2023-03-03,15,90970
2023-03-03,16,127730
2023-03-03,17,193211
2023-03-03,18,272278
2023-03-03,19,183025
2023-03-03,20,115126
2023-03-03,21,112935
2023-03-03,22,94583
2023-03-03,23,41370
2023-03-04,0,16301
2023-03-04,1,502
2023-03-04,5,38
2023-03-04,6,17864
2023-03-04,7,38861
2023-03-04,8,67903
2023-03-04,9,83857
2023-03-04,10,93829
2023-03-04,11,110783
2023-03-04,12,117170
2023-03-04,13,125636
2023-03-04,14,122046
2023-03-04,15,122725
2023-03-04,16,128984
2023-03-04,17,158668
2023-03-04,18,148059
2023-03-04,19,110263
2023-03-04,20,91882
2023-03-04,21,93928
2023-03-04,22,86606
2023-03-04,23,39848
2023-03-05,0,9220
2023-03-05,1,258
2023-03-05,5,33
2023-03-05,6,15028
2023-03-05,7,29975
2023-03-05,8,51361
2023-03-05,9,68028
2023-03-05,10,79794
2023-03-05,11,97198
2023-03-05,12,99294
2023-03-05,13,109086
2023-03-05,14,113554
2023-03-05,15,114422
2023-03-05,16,120230
2023-03-05,17,138229
2023-03-05,18,125782
2023-03-05,19,97177
2023-03-05,20,82961
2023-03-05,21,78353
2023-03-05,22,61477
2023-03-05,23,24437
2023-03-06,0,8389
2023-03-06,1,224
2023-03-06,5,45
2023-03-06,6,30992
2023-03-06,7,147243
2023-03-06,8,262537
2023-03-06,9,141565
2023-03-06,10,83741
2023-03-06,11,75394
2023-03-06,12,82023
2023-03-06,13,84065
2023-03-06,14,78048
2023-03-06,15,79854
2023-03-06,16,111121
2023-03-06,17,171855
2023-03-06,18,256098
2023-03-06,19,171765
2023-03-06,20,97754
2023-03-06,21,87359
2023-03-06,22,67230
2023-03-06,23,24325
2023-03-07,0,9060
2023-03-07,1,261
2023-03-07,5,34
2023-03-07,6,30574
2023-03-07,7,149413
2023-03-07,8,268277
2023-03-07,9,147398
2023-03-07,10,87622
2023-03-07,11,77371
2023-03-07,12,83607
2023-03-07,13,86386
2023-03-07,14,79198
2023-03-07,15,82475
2023-03-07,16,113808
2023-03-07,17,178674
2023-03-07,18,263047
2023-03-07,19,172009
2023-03-07,20,100088
2023-03-07,21,93206
2023-03-07,22,73497
2023-03-07,23,25748
2023-03-08,0,10060
2023-03-08,1,260
2023-03-08,5,27
2023-03-08,6,30778
2023-03-08,7,148139
2023-03-08,8,267642
2023-03-08,9,147046
2023-03-08,10,87215
2023-03-08,11,80210
2023-03-08,12,88169
2023-03-08,13,89574
2023-03-08,14,82652
2023-03-08,15,85756
2023-03-08,16,115835
2023-03-08,17,180932
2023-03-08,18,265467
2023-03-08,19,171032
2023-03-08,20,101052
2023-03-08,21,97888
2023-03-08,22,75243
2023-03-08,23,28312
2023-03-09,0,10383
2023-03-09,1,318
2023-03-09,5,32
2023-03-09,6,30281
2023-03-09,7,146835
2023-03-09,8,264655
2023-03-09,9,146362
2023-03-09,10,88003
2023-03-09,11,78276
2023-03-09,12,84938
2023-03-09,13,87609
2023-03-09,14,79902
2023-03-09,15,83377
2023-03-09,16,115709
2023-03-09,17,180497
2023-03-09,18,267359
2023-03-09,19,173088
2023-03-09,20,102105
2023-03-09,21,98665
2023-03-09,22,78178
2023-03-09,23,29081
2023-03-10,0,18899
2023-03-10,1,513
2023-03-10,5,36
2023-03-10,6,30979
2023-03-10,7,146547
2023-03-10,8,259174
2023-03-10,9,142696
2023-03-10,10,91989
2023-03-10,11,84720
2023-03-10,12,95027
2023-03-10,13,98385
2023-03-10,14,92420
2023-03-10,15,96248
2023-03-10,16,132655
2023-03-10,17,198753
2023-03-10,18,282940
2023-03-10,19,189524
2023-03-10,20,113452
2023-03-10,21,113057
2023-03-10,22,98143
2023-03-10,23,44954
2023-03-11,0,16948
2023-03-11,1,438
2023-03-11,5,31
2023-03-11,6,19725
2023-03-11,7,42203
2023-03-11,8,75082
2023-03-11,9,93746
2023-03-11,10,102169
2023-03-11,11,119049
2023-03-11,12,124339
2023-03-11,13,132910
2023-03-11,14,130653
2023-03-11,15,130499
2023-03-11,16,138538
2023-03-11,17,165832
2023-03-11,18,157320
2023-03-11,19,116572
2023-03-11,20,98640
2023-03-11,21,97666
2023-03-11,22,83432
2023-03-11,23,44243
2023-03-12,0,8928
2023-03-12,1,243
2023-03-12,5,25
2023-03-12,6,16636
2023-03-12,7,30651
2023-03-12,8,53786
2023-03-12,9,72405
2023-03-12,10,83269
2023-03-12,11,100160
2023-03-12,12,100187
2023-03-12,13,108165
2023-03-12,14,110019
2023-03-12,15,110876
2023-03-12,16,119746
2023-03-12,17,150227
2023-03-12,18,122550
2023-03-12,19,91331
2023-03-12,20,78990
2023-03-12,21,77972
2023-03-12,22,56890
2023-03-12,23,25158
2023-03-13,0,8284
2023-03-13,1,242
2023-03-13,5,39
2023-03-13,6,30436
2023-03-13,7,143862
2023-03-13,8,261402
2023-03-13,9,138705
2023-03-13,10,80847
2023-03-13,11,73510
2023-03-13,12,80248
2023-03-13,13,81520
2023-03-13,14,74479
2023-03-13,15,77007
2023-03-13,16,108384
2023-03-13,17,173141
2023-03-13,18,256435
2023-03-13,19,162996
2023-03-13,20,94511
2023-03-13,21,86886
2023-03-13,22,67201
2023-03-13,23,22883
2023-03-14,0,9177
2023-03-14,1,283
2023-03-14,5,32
2023-03-14,6,30448
2023-03-14,7,148856
2023-03-14,8,266397
2023-03-14,9,145104
2023-03-14,10,84956
2023-03-14,11,75287
2023-03-14,12,82926
2023-03-14,13,85686
2023-03-14,14,78031
2023-03-14,15,80520
2023-03-14,16,112071
2023-03-14,17,176888
2023-03-14,18,262850
2023-03-14,19,171404
2023-03-14,20,99005
2023-03-14,21,95200
2023-03-14,22,73972
2023-03-14,23,26398
2023-03-15,0,9518
2023-03-15,1,231
2023-03-15,5,43
2023-03-15,6,30898
2023-03-15,7,149395
2023-03-15,8,267174
2023-03-15,9,142582
2023-03-15,10,86578
2023-03-15,11,79086
2023-03-15,12,88553
2023-03-15,13,89880
2023-03-15,14,81465
2023-03-15,15,84430
2023-03-15,16,114640
2023-03-15,17,180413
2023-03-15,18,263443
2023-03-15,19,171795
2023-03-15,20,100303
2023-03-15,21,97506
2023-03-15,22,76832
2023-03-15,23,27319
2023-03-16,0,9709
2023-03-16,1,292
2023-03-16,5,36
2023-03-16,6,30911
2023-03-16,7,148277
2023-03-16,8,264774
2023-03-16,9,143763
2023-03-16,10,86695
2023-03-16,11,77167
2023-03-16,12,84786
2023-03-16,13,87662
2023-03-16,14,79918
2023-03-16,15,82747
2023-03-16,16,114627
2023-03-16,17,179444
2023-03-16,18,263318
2023-03-16,19,169758
2023-03-16,20,99551
2023-03-16,21,98121
2023-03-16,22,77249
2023-03-16,23,28206
2023-03-17,0,16854
2023-03-17,1,545
2023-03-17,5,40
2023-03-17,6,31148
2023-03-17,7,146594
2023-03-17,8,257576
2023-03-17,9,137991
2023-03-17,10,87182
2023-03-17,11,82860
2023-03-17,12,93443
2023-03-17,13,97707
2023-03-17,14,89338
2023-03-17,15,94684
2023-03-17,16,131000
2023-03-17,17,198601
2023-03-17,18,276145
2023-03-17,19,183014
2023-03-17,20,110910
2023-03-17,21,112421
2023-03-17,22,97337
2023-03-17,23,42988
2023-03-18,0,15821
2023-03-18,1,464
2023-03-18,5,37
2023-03-18,6,20642
2023-03-18,7,44897
2023-03-18,8,73856
2023-03-18,9,88983
2023-03-18,10,97694
2023-03-18,11,113941
2023-03-18,12,120760
2023-03-18,13,130016
2023-03-18,14,122023
2023-03-18,15,120402
2023-03-18,16,130306
2023-03-18,17,159147
2023-03-18,18,145418
2023-03-18,19,106161
2023-03-18,20,90970
2023-03-18,21,94956
2023-03-18,22,79326
2023-03-18,23,40664
2023-03-19,0,10190
2023-03-19,1,332
2023-03-19,5,24
2023-03-19,6,15672
2023-03-19,7,31533
2023-03-19,8,55913
2023-03-19,9,71042
2023-03-19,10,79938
2023-03-19,11,98892
2023-03-19,12,99301
2023-03-19,13,106166
2023-03-19,14,107820
2023-03-19,15,108121
2023-03-19,16,115315
2023-03-19,17,133408
2023-03-19,18,116592
2023-03-19,19,92002
2023-03-19,20,82127
2023-03-19,21,76444
2023-03-19,22,57416
2023-03-19,23,25724
2023-03-20,0,8300
2023-03-20,1,240
2023-03-20,5,26
2023-03-20,6,30669
2023-03-20,7,144164
2023-03-20,8,260690
2023-03-20,9,138267
2023-03-20,10,83120
2023-03-20,11,75709
2023-03-20,12,81455
2023-03-20,13,82764
2023-03-20,14,76599
2023-03-20,15,78999
2023-03-20,16,110710
2023-03-20,17,172060
2023-03-20,18,251611
2023-03-20,19,160637
2023-03-20,20,92438
2023-03-20,21,85249
2023-03-20,22,64996
2023-03-20,23,23568
2023-03-21,0,8837
2023-03-21,1,259
2023-03-21,5,40
2023-03-21,6,30632
2023-03-21,7,149418
2023-03-21,8,266442
2023-03-21,9,144778
2023-03-21,10,85917
2023-03-21,11,76090
2023-03-21,12,83442
2023-03-21,13,85650
2023-03-21,14,77372
2023-03-21,15,80798
2023-03-21,16,114076
2023-03-21,17,178853
2023-03-21,18,260149
2023-03-21,19,166482
2023-03-21,20,96333
2023-03-21,21,92413
2023-03-21,22,71045
2023-03-21,23,25387
2023-03-22,0,9525
2023-03-22,1,283
2023-03-22,5,26
2023-03-22,6,30929
2023-03-22,7,148095
2023-03-22,8,268691
2023-03-22,9,143400
2023-03-22,10,85056
2023-03-22,11,77689
2023-03-22,12,87179
2023-03-22,13,89896
2023-03-22,14,80085
2023-03-22,15,82607
2023-03-22,16,114468
2023-03-22,17,178895
2023-03-22,18,262288
2023-03-22,19,168089
2023-03-22,20,98029
2023-03-22,21,95998
2023-03-22,22,73421
2023-03-22,23,26677
2023-03-23,0,10034
2023-03-23,1,266
2023-03-23,5,34
2023-03-23,6,30926
2023-03-23,7,148675
2023-03-23,8,267649
2023-03-23,9,145279
2023-03-23,10,86181
2023-03-23,11,77733
2023-03-23,12,84286
2023-03-23,13,86611
2023-03-23,14,79855
2023-03-23,15,85150
2023-03-23,16,116719
2023-03-23,17,179092
2023-03-23,18,263113
2023-03-23,19,167161
2023-03-23,20,98900
2023-03-23,21,97261
2023-03-23,22,76218
2023-03-23,23,27687
2023-03-24,0,14008
2023-03-24,1,433
2023-03-24,5,30
2023-03-24,6,30579
2023-03-24,7,145539
2023-03-24,8,264683
2023-03-24,9,142314
2023-03-24,10,87927
2023-03-24,11,80662
2023-03-24,12,90851
2023-03-24,13,94774
2023-03-24,14,86785
2023-03-24,15,90392
2023-03-24,16,127992
2023-03-24,17,193082
2023-03-24,18,274796
2023-03-24,19,176556
2023-03-24,20,106158
2023-03-24,21,104969
2023-03-24,22,89210
2023-03-24,23,36574
2023-03-25,0,16319
2023-03-25,1,484
2023-03-25,5,43
2023-03-25,6,27460
2023-03-25,7,118680
2023-03-25,8,195064
2023-03-25,9,107040
2023-03-25,10,88376
2023-03-25,11,96215
2023-03-25,12,99994
2023-03-25,13,106477
2023-03-25,14,102233
2023-03-25,15,102493
2023-03-25,16,137740
2023-03-25,17,191478
2023-03-25,18,235802
2023-03-25,19,139845
2023-03-25,20,89425
2023-03-25,21,91071
2023-03-25,22,83224
2023-03-25,23,39316
2023-03-26,0,9406
2023-03-26,1,275
2023-03-26,5,31
2023-03-26,6,16328
2023-03-26,7,30404
2023-03-26,8,49474
2023-03-26,9,65569
2023-03-26,10,74949
2023-03-26,11,91522
2023-03-26,12,92882
2023-03-26,13,101615
2023-03-26,14,101128
2023-03-26,15,101544
2023-03-26,16,110634
2023-03-26,17,126696
2023-03-26,18,108030
2023-03-26,19,85508
2023-03-26,20,75735
2023-03-26,21,74765
2023-03-26,22,57506
2023-03-26,23,26004
2023-03-27,0,8155
2023-03-27,1,254
2023-03-27,5,32
2023-03-27,6,30544
2023-03-27,7,145249
2023-03-27,8,260430
2023-03-27,9,138212
2023-03-27,10,81790
2023-03-27,11,73715
2023-03-27,12,80490
2023-03-27,13,82673
2023-03-27,14,75456
2023-03-27,15,77673
2023-03-27,16,112461
2023-03-27,17,178433
2023-03-27,18,259301
2023-03-27,19,168341
2023-03-27,20,93511
2023-03-27,21,85040
2023-03-27,22,63863
2023-03-27,23,23031
2023-03-28,0,8988
2023-03-28,1,284
2023-03-28,5,41
2023-03-28,6,30481
2023-03-28,7,147914
2023-03-28,8,267949
2023-03-28,9,145470
2023-03-28,10,84249
2023-03-28,11,74321
2023-03-28,12,81372
2023-03-28,13,84364
2023-03-28,14,77168
2023-03-28,15,81290
2023-03-28,16,114619
2023-03-28,17,175092
2023-03-28,18,260035
2023-03-28,19,168680
2023-03-28,20,96207
2023-03-28,21,91359
2023-03-28,22,71273
2023-03-28,23,25184
2023-03-29,0,9463
2023-03-29,1,309
2023-03-29,5,38
2023-03-29,6,30815
2023-03-29,7,146177
2023-03-29,8,265920
2023-03-29,9,144596
2023-03-29,10,84845
2023-03-29,11,78027
2023-03-29,12,88706
2023-03-29,13,91047
2023-03-29,14,82936
2023-03-29,15,83266
2023-03-29,16,117568
2023-03-29,17,179366
2023-03-29,18,260239
2023-03-29,19,166260
2023-03-29,20,98323
2023-03-29,21,94522
2023-03-29,22,72393
2023-03-29,23,26399
2023-03-30,0,10406
2023-03-30,1,318
2023-03-30,5,32
2023-03-30,6,30146
2023-03-30,7,144452
2023-03-30,8,261667
2023-03-30,9,142176
2023-03-30,10,84267
2023-03-30,11,76842
2023-03-30,12,84173
2023-03-30,13,87257
2023-03-30,14,80520
2023-03-30,15,83880
2023-03-30,16,117257
2023-03-30,17,180085
2023-03-30,18,261900
2023-03-30,19,165903
2023-03-30,20,98480
2023-03-30,21,98068
2023-03-30,22,75653
2023-03-30,23,28295
2023-03-31,0,17087
2023-03-31,1,535
2023-03-31,5,29
2023-03-31,6,30138
2023-03-31,7,141338
2023-03-31,8,253646
2023-03-31,9,134361
2023-03-31,10,87363
2023-03-31,11,83105
2023-03-31,12,94509
2023-03-31,13,99000
2023-03-31,14,92891
2023-03-31,15,96993
2023-03-31,16,134691
2023-03-31,17,192041
2023-03-31,18,264763
2023-03-31,19,179470
2023-03-31,20,110766
2023-03-31,21,106961
2023-03-31,22,92494
2023-03-31,23,42436
2023-04-01,0,13098
2023-04-01,1,343
2023-04-01,5,31
2023-04-01,6,19760
2023-04-01,7,36731
2023-04-01,8,59091
2023-04-01,9,77343
2023-04-01,10,89321
2023-04-01,11,103474
2023-04-01,12,102185
2023-04-01,13,110746
2023-04-01,14,110728
2023-04-01,15,109333
2023-04-01,16,112594
2023-04-01,17,128008
2023-04-01,18,115604
2023-04-01,19,87944
2023-04-01,20,75155
2023-04-01,21,74913
2023-04-01,22,65085
2023-04-01,23,34416
2023-04-02,0,12307
2023-04-02,1,277
2023-04-02,5,36
2023-04-02,6,15936
2023-04-02,7,29826
2023-04-02,8,45950
2023-04-02,9,69356
2023-04-02,10,87956
2023-04-02,11,104065
2023-04-02,12,101590
2023-04-02,13,109114
2023-04-02,14,113170
2023-04-02,15,111744
2023-04-02,16,116896
2023-04-02,17,130827
2023-04-02,18,121481
2023-04-02,19,101347
2023-04-02,20,87291
2023-04-02,21,81271
2023-04-02,22,64056
2023-04-02,23,30801
2023-04-03,0,12084
2023-04-03,1,330
2023-04-03,5,25
2023-04-03,6,16698
2023-04-03,7,33404
2023-04-03,8,49517
2023-04-03,9,71209
2023-04-03,10,91544
2023-04-03,11,108454
2023-04-03,12,100894
2023-04-03,13,108417
2023-04-03,14,115761
2023-04-03,15,115956
2023-04-03,16,119202
2023-04-03,17,134194
2023-04-03,18,124285
2023-04-03,19,103628
2023-04-03,20,87540
2023-04-03,21,82136
2023-04-03,22,66615
2023-04-03,23,32463
2023-04-04,0,12795
2023-04-04,1,324
2023-04-04,5,36
2023-04-04,6,14517
2023-04-04,7,27168
2023-04-04,8,41423
2023-04-04,9,61775
2023-04-04,10,83504
2023-04-04,11,102911
2023-04-04,12,93699
2023-04-04,13,102314
2023-04-04,14,111136
2023-04-04,15,110975
2023-04-04,16,114636
2023-04-04,17,128488
2023-04-04,18,114894
2023-04-04,19,97495
2023-04-04,20,83602
2023-04-04,21,81127
2023-04-04,22,68704
2023-04-04,23,35561
2023-04-05,0,9387
2023-04-05,1,209
2023-04-05,5,24
2023-04-05,6,13646
2023-04-05,7,23280
2023-04-05,8,34730
2023-04-05,9,50416
2023-04-05,10,66117
2023-04-05,11,82332
2023-04-05,12,77026
2023-04-05,13,87271
2023-04-05,14,97325
2023-04-05,15,95824
2023-04-05,16,100002
2023-04-05,17,111964
2023-04-05,18,96888
2023-04-05,19,81463
2023-04-05,20,70979
2023-04-05,21,66754
2023-04-05,22,53005
2023-04-05,23,26688
2023-04-06,0,9469
2023-04-06,1,311
2023-04-06,5,31
2023-04-06,6,31167
2023-04-06,7,142829
2023-04-06,8,252039
2023-04-06,9,131907
2023-04-06,10,82546
2023-04-06,11,77315
2023-04-06,12,83635
2023-04-06,13,85599
2023-04-06,14,79820
2023-04-06,15,81867
2023-04-06,16,111670
2023-04-06,17,168074
2023-04-06,18,243545
2023-04-06,19,164628
2023-04-06,20,97932
2023-04-06,21,89112
2023-04-06,22,69962
2023-04-06,23,25879
2023-04-07,0,16598
2023-04-07,1,466
2023-04-07,5,26
2023-04-07,6,28743
2023-04-07,7,139424
2023-04-07,8,255237
2023-04-07,9,134208
2023-04-07,10,85470
2023-04-07,11,79873
2023-04-07,12,86496
2023-04-07,13,90642
2023-04-07,14,84977
2023-04-07,15,86983
2023-04-07,16,120544
2023-04-07,17,185714
2023-04-07,18,261988
2023-04-07,19,180119
2023-04-07,20,109827
2023-04-07,21,107982
2023-04-07,22,93956
2023-04-07,23,42033
2023-04-08,0,16389
2023-04-08,1,516
2023-04-08,5,29
2023-04-08,6,18636
2023-04-08,7,40537
2023-04-08,8,68510
2023-04-08,9,83887
2023-04-08,10,90921
2023-04-08,11,107069
2023-04-08,12,114550
2023-04-08,13,123459
2023-04-08,14,117236
2023-04-08,15,113865
2023-04-08,16,125511
2023-04-08,17,151369
2023-04-08,18,143252
2023-04-08,19,106182
2023-04-08,20,89354
2023-04-08,21,93662
2023-04-08,22,84655
2023-04-08,23,41112
2023-04-09,0,9583
2023-04-09,1,277
2023-04-09,5,34
2023-04-09,6,15685
2023-04-09,7,30941
2023-04-09,8,50241
2023-04-09,9,68247
2023-04-09,10,76180
2023-04-09,11,95236
2023-04-09,12,96026
2023-04-09,13,103913
2023-04-09,14,103332
2023-04-09,15,104580
2023-04-09,16,112888
2023-04-09,17,127387
2023-04-09,18,114824
2023-04-09,19,92612
2023-04-09,20,82457
2023-04-09,21,75817
2023-04-09,22,56509
2023-04-09,23,24579
2023-04-10,0,8490
2023-04-10,1,212
2023-04-10,5,33
2023-04-10,6,31815
2023-04-10,7,146418
2023-04-10,8,261460
2023-04-10,9,137675
2023-04-10,10,83636
2023-04-10,11,76591
2023-04-10,12,83261
2023-04-10,13,84260
2023-04-10,14,78982
2023-04-10,15,81801
2023-04-10,16,111391
2023-04-10,17,170155
2023-04-10,18,249647
2023-04-10,19,168755
2023-04-10,20,97169
2023-04-10,21,85366
2023-04-10,22,65208
2023-04-10,23,23545
2023-04-11,0,8885
2023-04-11,1,255
2023-04-11,5,39
2023-04-11,6,31782
2023-04-11,7,148994
2023-04-11,8,267334
2023-04-11,9,144292
2023-04-11,10,84628
2023-04-11,11,76915
2023-04-11,12,83922
2023-04-11,13,85811
2023-04-11,14,79007
2023-04-11,15,81708
2023-04-11,16,113197
2023-04-11,17,175977
2023-04-11,18,255217
2023-04-11,19,170399
2023-04-11,20,99348
2023-04-11,21,91898
2023-04-11,22,70188
2023-04-11,23,25127
2023-04-12,0,8867
2023-04-12,1,264
2023-04-12,5,37
2023-04-12,6,31050
2023-04-12,7,147731
2023-04-12,8,267279
2023-04-12,9,143843
2023-04-12,10,85024
2023-04-12,11,78398
2023-04-12,12,88703
2023-04-12,13,89387
2023-04-12,14,81614
2023-04-12,15,84204
2023-04-12,16,117753
2023-04-12,17,183077
2023-04-12,18,260706
2023-04-12,19,173959
2023-04-12,20,102788
2023-04-12,21,94334
2023-04-12,22,72134
2023-04-12,23,25053
2023-04-13,0,9953
2023-04-13,1,273
2023-04-13,5,31
2023-04-13,6,31876
2023-04-13,7,146890
2023-04-13,8,265898
2023-04-13,9,143589
2023-04-13,10,85937
2023-04-13,11,78541
2023-04-13,12,85370
2023-04-13,13,87639
2023-04-13,14,81044
2023-04-13,15,84583
2023-04-13,16,116001
2023-04-13,17,180688
2023-04-13,18,258057
2023-04-13,19,169170
2023-04-13,20,101184
2023-04-13,21,96951
2023-04-13,22,76728
2023-04-13,23,27759
2023-04-14,0,17553
2023-04-14,1,511
2023-04-14,5,38
2023-04-14,6,31294
2023-04-14,7,144619
2023-04-14,8,259654
2023-04-14,9,139555
2023-04-14,10,89200
2023-04-14,11,85497
2023-04-14,12,94226
2023-04-14,13,97968
2023-04-14,14,91478
2023-04-14,15,94206
2023-04-14,16,130445
2023-04-14,17,194936
2023-04-14,18,272215
2023-04-14,19,183889
2023-04-14,20,113528
2023-04-14,21,110429
2023-04-14,22,97117
2023-04-14,23,43670
2023-04-15,0,17177
2023-04-15,1,539
2023-04-15,5,45
2023-04-15,6,18639
2023-04-15,7,39807
2023-04-15,8,70062
2023-04-15,9,83762
2023-04-15,10,91110
2023-04-15,11,106327
2023-04-15,12,113343
2023-04-15,13,120132
2023-04-15,14,113276
2023-04-15,15,111052
2023-04-15,16,123188
2023-04-15,17,148371
2023-04-15,18,139571
2023-04-15,19,105855
2023-04-15,20,90481
2023-04-15,21,94555
2023-04-15,22,86701
2023-04-15,23,41378
2023-04-16,0,9817
2023-04-16,1,259
2023-04-16,5,31
2023-04-16,6,17109
2023-04-16,7,31916
2023-04-16,8,55721
2023-04-16,9,72730
2023-04-16,10,81338
2023-04-16,11,104432
2023-04-16,12,104847
2023-04-16,13,114347
2023-04-16,14,113915
2023-04-16,15,111537
2023-04-16,16,119231
2023-04-16,17,136735
2023-04-16,18,122893
2023-04-16,19,100021
2023-04-16,20,89008
2023-04-16,21,80004
2023-04-16,22,58151
2023-04-16,23,27012
2023-04-17,0,7999
2023-04-17,1,231
2023-04-17,5,37
2023-04-17,6,31898
2023-04-17,7,144931
2023-04-17,8,258792
2023-04-17,9,136786
2023-04-17,10,82064
2023-04-17,11,75739
2023-04-17,12,81710
2023-04-17,13,82488
2023-04-17,14,76997
2023-04-17,15,79423
2023-04-17,16,107900
2023-04-17,17,169786
2023-04-17,18,248252
2023-04-17,19,166098
2023-04-17,20,96204
2023-04-17,21,84427
2023-04-17,22,64867
2023-04-17,23,23119
2023-04-18,0,8624
2023-04-18,1,253
2023-04-18,5,33
2023-04-18,6,31881
2023-04-18,7,148246
2023-04-18,8,265457
2023-04-18,9,143620
2023-04-18,10,84344
2023-04-18,11,75465
2023-04-18,12,82091
2023-04-18,13,84103
2023-04-18,14,77483
2023-04-18,15,81238
2023-04-18,16,113050
2023-04-18,17,176044
2023-04-18,18,254372
2023-04-18,19,166129
2023-04-18,20,97325
2023-04-18,21,92508
2023-04-18,22,70484
2023-04-18,23,24534
2023-04-19,0,8694
2023-04-19,1,235
2023-04-19,5,37
2023-04-19,6,30888
2023-04-19,7,147718
2023-04-19,8,265861
2023-04-19,9,141851
2023-04-19,10,82858
2023-04-19,11,76902
2023-04-19,12,85142
2023-04-19,13,86851
2023-04-19,14,80112
2023-04-19,15,77702
2023-04-19,16,108007
2023-04-19,17,175483
2023-04-19,18,259021
2023-04-19,19,170785
2023-04-19,20,95970
2023-04-19,21,92238
2023-04-19,22,71315
2023-04-19,23,24761
2023-04-20,0,9958
2023-04-20,1,282
2023-04-20,5,27
2023-04-20,6,30366
2023-04-20,7,144525
2023-04-20,8,271218
2023-04-20,9,147403
2023-04-20,10,82004
2023-04-20,11,72979
2023-04-20,12,80720
2023-04-20,13,83151
2023-04-20,14,76243
2023-04-20,15,79102
2023-04-20,16,109236
2023-04-20,17,175102
2023-04-20,18,257103
2023-04-20,19,168880
2023-04-20,20,99029
2023-04-20,21,95508
2023-04-20,22,74990
2023-04-20,23,28171
2023-04-21,0,17763
2023-04-21,1,599
2023-04-21,5,37
2023-04-21,6,30982
2023-04-21,7,143955
2023-04-21,8,259233
2023-04-21,9,138654
2023-04-21,10,87324
2023-04-21,11,81137
2023-04-21,12,92360
2023-04-21,13,97753
2023-04-21,14,91084
2023-04-21,15,93807
2023-04-21,16,128459
2023-04-21,17,195765
2023-04-21,18,273135
2023-04-21,19,180393
2023-04-21,20,110662
2023-04-21,21,110310
2023-04-21,22,97086
2023-04-21,23,44381
2023-04-22,0,16747
2023-04-22,1,514
2023-04-22,5,45
2023-04-22,6,23277
2023-04-22,7,44626
2023-04-22,8,75970
2023-04-22,9,90182
2023-04-22,10,96889
2023-04-22,11,112868
2023-04-22,12,122034
2023-04-22,13,130143
2023-04-22,14,121664
2023-04-22,15,120902
2023-04-22,16,131917
2023-04-22,17,162024
2023-04-22,18,149529
2023-04-22,19,112503
2023-04-22,20,95412
2023-04-22,21,99172
2023-04-22,22,84628
2023-04-22,23,44771
2023-04-23,0,9504
2023-04-23,1,263
2023-04-23,5,33
2023-04-23,6,17361
2023-04-23,7,32792
2023-04-23,8,55131
2023-04-23,9,71024
2023-04-23,10,80917
2023-04-23,11,101883
2023-04-23,12,104441
2023-04-23,13,113128
2023-04-23,14,114149
2023-04-23,15,113651
2023-04-23,16,121308
2023-04-23,17,138725
2023-04-23,18,122880
2023-04-23,19,101434
2023-04-23,20,88583
2023-04-23,21,82983
2023-04-23,22,58950
2023-04-23,23,25805
2023-04-24,0,8682
2023-04-24,1,241
2023-04-24,5,36
2023-04-24,6,31549
2023-04-24,7,142823
2023-04-24,8,261073
2023-04-24,9,139125
2023-04-24,10,80859
2023-04-24,11,72104
2023-04-24,12,77896
2023-04-24,13,81175
2023-04-24,14,73533
2023-04-24,15,76404
2023-04-24,16,108517
2023-04-24,17,169911
2023-04-24,18,248392
2023-04-24,19,162232
2023-04-24,20,93791
2023-04-24,21,85352
2023-04-24,22,66238
2023-04-24,23,24161
2023-04-25,0,8916
2023-04-25,1,261
2023-04-25,5,32
2023-04-25,6,31366
2023-04-25,7,145889
2023-04-25,8,264164
2023-04-25,9,143232
2023-04-25,10,84857
2023-04-25,11,75798
2023-04-25,12,81369
2023-04-25,13,85364
2023-04-25,14,77590
2023-04-25,15,81739
2023-04-25,16,112092
2023-04-25,17,176617
2023-04-25,18,257224
2023-04-25,19,166963
2023-04-25,20,97579
2023-04-25,21,93183
2023-04-25,22,70288
2023-04-25,23,24675
2023-04-26,0,10064
2023-04-26,1,262
2023-04-26,5,34
2023-04-26,6,30555
2023-04-26,7,145083
2023-04-26,8,266429
2023-04-26,9,142932
2023-04-26,10,83159
2023-04-26,11,75401
2023-04-26,12,84058
2023-04-26,13,86211
2023-04-26,14,78939
2023-04-26,15,79450
2023-04-26,16,112089
2023-04-26,17,174849
2023-04-26,18,258435
2023-04-26,19,168737
2023-04-26,20,100540
2023-04-26,21,96277
2023-04-26,22,75014
2023-04-26,23,27515
2023-04-27,0,10664
2023-04-27,1,324
2023-04-27,5,43
2023-04-27,6,31147
2023-04-27,7,144913
2023-04-27,8,264357
2023-04-27,9,143340
2023-04-27,10,87036
2023-04-27,11,78594
2023-04-27,12,85350
2023-04-27,13,88914
2023-04-27,14,81548
2023-04-27,15,85384
2023-04-27,16,115502
2023-04-27,17,178079
2023-04-27,18,257683
2023-04-27,19,170766
2023-04-27,20,102636
2023-04-27,21,99422
2023-04-27,22,78542
2023-04-27,23,29471
2023-04-28,0,17458
2023-04-28,1,548
2023-04-28,5,52
2023-04-28,6,31628
2023-04-28,7,145006
2023-04-28,8,257539
2023-04-28,9,136718
2023-04-28,10,89473
2023-04-28,11,85424
2023-04-28,12,95016
2023-04-28,13,98894
2023-04-28,14,92594
2023-04-28,15,97665
2023-04-28,16,130531
2023-04-28,17,198041
2023-04-28,18,272133
2023-04-28,19,183350
2023-04-28,20,114786
2023-04-28,21,112539
2023-04-28,22,96859
2023-04-28,23,43747
2023-04-29,0,16138
2023-04-29,1,395
2023-04-29,5,45
2023-04-29,6,21525
2023-04-29,7,43036
2023-04-29,8,70615
2023-04-29,9,86174
2023-04-29,10,97675
2023-04-29,11,116641
2023-04-29,12,119177
2023-04-29,13,126612
2023-04-29,14,122537
2023-04-29,15,121543
2023-04-29,16,130479
2023-04-29,17,157441
2023-04-29,18,147395
2023-04-29,19,111995
2023-04-29,20,93706
2023-04-29,21,97638
2023-04-29,22,86297
2023-04-29,23,39403
2023-04-30,0,13036
2023-04-30,1,375
2023-04-30,5,32
2023-04-30,6,16741
2023-04-30,7,32016
2023-04-30,8,49959
2023-04-30,9,68873
2023-04-30,10,81809
2023-04-30,11,101845
2023-04-30,12,100672
2023-04-30,13,109379
2023-04-30,14,113990
2023-04-30,15,117454
2023-04-30,16,124923
2023-04-30,17,143718
2023-04-30,18,123393
2023-04-30,19,99516
2023-04-30,20,89207
2023-04-30,21,84808
2023-04-30,22,70112
2023-04-30,23,32234
2023-05-01,0,8407
2023-05-01,1,251
2023-05-01,5,44
2023-05-01,6,23711
2023-05-01,7,90983
2023-05-01,8,86763
2023-05-01,9,75399
2023-05-01,10,84315
2023-05-01,11,97534
2023-05-01,12,93755
2023-05-01,13,96665
2023-05-01,14,98236
2023-05-01,15,102798
2023-05-01,16,128209
2023-05-01,17,158692
2023-05-01,18,141846
2023-05-01,19,98139
2023-05-01,20,80586
2023-05-01,21,81480
2023-05-01,22,62738
2023-05-01,23,24240
2023-05-02,0,8544
2023-05-02,1,273
2023-05-02,5,42
2023-05-02,6,32149
2023-05-02,7,147740
2023-05-02,8,265374
2023-05-02,9,140822
2023-05-02,10,86055
2023-05-02,11,77280
2023-05-02,12,82573
2023-05-02,13,85174
2023-05-02,14,78551
2023-05-02,15,81904
2023-05-02,16,113865
2023-05-02,17,172843
2023-05-02,18,249975
2023-05-02,19,166882
2023-05-02,20,98549
2023-05-02,21,89462
2023-05-02,22,67975
2023-05-02,23,24724
2023-05-03,0,9363
2023-05-03,1,291
2023-05-03,5,49
2023-05-03,6,31939
2023-05-03,7,147322
2023-05-03,8,267030
2023-05-03,9,141280
2023-05-03,10,85747
2023-05-03,11,78325
2023-05-03,12,85709
2023-05-03,13,87664
2023-05-03,14,81305
2023-05-03,15,83700
2023-05-03,16,112601
2023-05-03,17,176033
2023-05-03,18,254831
2023-05-03,19,171687
2023-05-03,20,102150
2023-05-03,21,96250
2023-05-03,22,73696
2023-05-03,23,27032
2023-05-04,0,10136
2023-05-04,1,320
2023-05-04,5,46
2023-05-04,6,32138
2023-05-04,7,146592
2023-05-04,8,266085
2023-05-04,9,143306
2023-05-04,10,87811
2023-05-04,11,78251
2023-05-04,12,85850
2023-05-04,13,88330
2023-05-04,14,80769
2023-05-04,15,84958
2023-05-04,16,115076
2023-05-04,17,176807
2023-05-04,18,258111
2023-05-04,19,171373
2023-05-04,20,102915
2023-05-04,21,98939
2023-05-04,22,76098
2023-05-04,23,28557
2023-05-05,0,16865
2023-05-05,1,507
2023-05-05,5,38
2023-05-05,6,31374
2023-05-05,7,145115
2023-05-05,8,259429
2023-05-05,9,139006
2023-05-05,10,89409
2023-05-05,11,83461
2023-05-05,12,94558
2023-05-05,13,97836
2023-05-05,14,90646
2023-05-05,15,95502
2023-05-05,16,129782
2023-05-05,17,193874
2023-05-05,18,276544
2023-05-05,19,185710
2023-05-05,20,113132
2023-05-05,21,111842
2023-05-05,22,96380
2023-05-05,23,43299
2023-05-06,0,14587
2023-05-06,1,442
2023-05-06,5,51
2023-05-06,6,20863
2023-05-06,7,46858
2023-05-06,8,75874
2023-05-06,9,88051
2023-05-06,10,96303
2023-05-06,11,112318
2023-05-06,12,120058
2023-05-06,13,126423
2023-05-06,14,122963
2023-05-06,15,120474
2023-05-06,16,132585
2023-05-06,17,155966
2023-05-06,18,145459
2023-05-06,19,110732
2023-05-06,20,98684
2023-05-06,21,101028
2023-05-06,22,83377
2023-05-06,23,40969
2023-05-07,0,9175
2023-05-07,1,253
2023-05-07,5,38
2023-05-07,6,15344
2023-05-07,7,30906
2023-05-07,8,53160
2023-05-07,9,63492
2023-05-07,10,72965
2023-05-07,11,91114
2023-05-07,12,94968
2023-05-07,13,101304
2023-05-07,14,100451
2023-05-07,15,97392
2023-05-07,16,106375
2023-05-07,17,126076
2023-05-07,18,105311
2023-05-07,19,84666
2023-05-07,20,76828
2023-05-07,21,77154
2023-05-07,22,55782
2023-05-07,23,23809
2023-05-08,0,8741
2023-05-08,1,269
2023-05-08,5,37
2023-05-08,6,30331
2023-05-08,7,138712
2023-05-08,8,265937
2023-05-08,9,144630
2023-05-08,10,82606
2023-05-08,11,74271
2023-05-08,12,80359
2023-05-08,13,82917
2023-05-08,14,74928
2023-05-08,15,77225
2023-05-08,16,105567
2023-05-08,17,166985
2023-05-08,18,250337
2023-05-08,19,166096
2023-05-08,20,94412
2023-05-08,21,84910
2023-05-08,22,66276
2023-05-08,23,24235
2023-05-09,0,9227
2023-05-09,1,244
2023-05-09,5,32
2023-05-09,6,31340
2023-05-09,7,143639
2023-05-09,8,267432
2023-05-09,9,142115
2023-05-09,10,85328
2023-05-09,11,76373
2023-05-09,12,82134
2023-05-09,13,85836
2023-05-09,14,78133
2023-05-09,15,82005
2023-05-09,16,111474
2023-05-09,17,175700
2023-05-09,18,254881
2023-05-09,19,167027
2023-05-09,20,98567
2023-05-09,21,93154
2023-05-09,22,70561
2023-05-09,23,25964
2023-05-10,0,9988
2023-05-10,1,305
2023-05-10,5,53
2023-05-10,6,31555
2023-05-10,7,145455
2023-05-10,8,265346
2023-05-10,9,140504
2023-05-10,10,84547
2023-05-10,11,79386
2023-05-10,12,87495
2023-05-10,13,88477
2023-05-10,14,80546
2023-05-10,15,83764
2023-05-10,16,114709
2023-05-10,17,176600
2023-05-10,18,254450
2023-05-10,19,172201
2023-05-10,20,101687
2023-05-10,21,97825
2023-05-10,22,74221
2023-05-10,23,27474
2023-05-11,0,10540
2023-05-11,1,334
2023-05-11,5,38
2023-05-11,6,31478
2023-05-11,7,144110
2023-05-11,8,263836
2023-05-11,9,141420
2023-05-11,10,86150
2023-05-11,11,78698
2023-05-11,12,85952
2023-05-11,13,89210
2023-05-11,14,81550
2023-05-11,15,84966
2023-05-11,16,119255
2023-05-11,17,180866
2023-05-11,18,258944
2023-05-11,19,166762
2023-05-11,20,101210
2023-05-11,21,96684
2023-05-11,22,77072
2023-05-11,23,28258
2023-05-12,0,16741
2023-05-12,1,520
2023-05-12,5,39
2023-05-12,6,31215
2023-05-12,7,141722
2023-05-12,8,256441
2023-05-12,9,134426
2023-05-12,10,88657
2023-05-12,11,85687
2023-05-12,12,97122
2023-05-12,13,101540
2023-05-12,14,94284
2023-05-12,15,98549
2023-05-12,16,135190
2023-05-12,17,199602
2023-05-12,18,282341
2023-05-12,19,186237
2023-05-12,20,110159
2023-05-12,21,109097
2023-05-12,22,92267
2023-05-12,23,41328
2023-05-13,0,14454
2023-05-13,1,484
2023-05-13,5,46
2023-05-13,6,18373
2023-05-13,7,36849
2023-05-13,8,63057
2023-05-13,9,79116
2023-05-13,10,91729
2023-05-13,11,108312
2023-05-13,12,110550
2023-05-13,13,119464
2023-05-13,14,114765
2023-05-13,15,111986
2023-05-13,16,123980
2023-05-13,17,146077
2023-05-13,18,131385
2023-05-13,19,101173
2023-05-13,20,86423
2023-05-13,21,87505
2023-05-13,22,75223
2023-05-13,23,37683
2023-05-14,0,9340
2023-05-14,1,229
2023-05-14,5,35
2023-05-14,6,15574
2023-05-14,7,26359
2023-05-14,8,42167
2023-05-14,9,59642
2023-05-14,10,72564
2023-05-14,11,90113
2023-05-14,12,88203
2023-05-14,13,98476
2023-05-14,14,101137
2023-05-14,15,104751
2023-05-14,16,116554
2023-05-14,17,121144
2023-05-14,18,105119
2023-05-14,19,91377
2023-05-14,20,87729
2023-05-14,21,74511
2023-05-14,22,54635
2023-05-14,23,24872
2023-05-15,0,8317
2023-05-15,1,254
2023-05-15,5,41
2023-05-15,6,31887
2023-05-15,7,142234
2023-05-15,8,257815
2023-05-15,9,133947
2023-05-15,10,82753
2023-05-15,11,76758
2023-05-15,12,81699
2023-05-15,13,84229
2023-05-15,14,77467
2023-05-15,15,80106
2023-05-15,16,109305
2023-05-15,17,167264
2023-05-15,18,246376
2023-05-15,19,162788
2023-05-15,20,93770
2023-05-15,21,84953
2023-05-15,22,64227
2023-05-15,23,23344
2023-05-16,0,8968
2023-05-16,1,267
2023-05-16,5,32
2023-05-16,6,31739
2023-05-16,7,145696
2023-05-16,8,262744
2023-05-16,9,139809
2023-05-16,10,84469
2023-05-16,11,75984
2023-05-16,12,82660
2023-05-16,13,85803
2023-05-16,14,77927
2023-05-16,15,80997
2023-05-16,16,113117
2023-05-16,17,170967
2023-05-16,18,251073
2023-05-16,19,165806
2023-05-16,20,96956
2023-05-16,21,90636
2023-05-16,22,68626
2023-05-16,23,24962
2023-05-17,0,9610
2023-05-17,1,291
2023-05-17,5,43
2023-05-17,6,31480
2023-05-17,7,144635
2023-05-17,8,263197
2023-05-17,9,138750
2023-05-17,10,83598
2023-05-17,11,77279
2023-05-17,12,85524
2023-05-17,13,87025
2023-05-17,14,78810
2023-05-17,15,81989
2023-05-17,16,113527
2023-05-17,17,175859
2023-05-17,18,254958
2023-05-17,19,164919
2023-05-17,20,98262
2023-05-17,21,92915
2023-05-17,22,70718
2023-05-17,23,26442
2023-05-18,0,10385
2023-05-18,1,265
2023-05-18,5,32
2023-05-18,6,31254
2023-05-18,7,143969
2023-05-18,8,261860
2023-05-18,9,138642
2023-05-18,10,84800
2023-05-18,11,77461
2023-05-18,12,84047
2023-05-18,13,86631
2023-05-18,14,79498
2023-05-18,15,82999
2023-05-18,16,114987
2023-05-18,17,179168
2023-05-18,18,257120
2023-05-18,19,165756
2023-05-18,20,99923
2023-05-18,21,94812
2023-05-18,22,74844
2023-05-18,23,28844
2023-05-19,0,18045
2023-05-19,1,550
2023-05-19,5,24
2023-05-19,6,30322
2023-05-19,7,138000
2023-05-19,8,262041
2023-05-19,9,143327
2023-05-19,10,85170
2023-05-19,11,78687
2023-05-19,12,101409
2023-05-19,13,103872
2023-05-19,14,93070
2023-05-19,15,100224
2023-05-19,16,125286
2023-05-19,17,189496
2023-05-19,18,271352
2023-05-19,19,183420
2023-05-19,20,110291
2023-05-19,21,107667
2023-05-19,22,96439
2023-05-19,23,45767
2023-05-20,0,16862
2023-05-20,1,586
2023-05-20,5,39
2023-05-20,6,21146
2023-05-20,7,45368
2023-05-20,8,70337
2023-05-20,9,82960
2023-05-20,10,92626
2023-05-20,11,113346
2023-05-20,12,120683
2023-05-20,13,125508
2023-05-20,14,118999
2023-05-20,15,117268
2023-05-20,16,131058
2023-05-20,17,163122
2023-05-20,18,145315
2023-05-20,19,110658
2023-05-20,20,93551
2023-05-20,21,95157
2023-05-20,22,86440
2023-05-20,23,42513
2023-05-21,0,10016
2023-05-21,1,325
2023-05-21,5,42
2023-05-21,6,18022
2023-05-21,7,35408
2023-05-21,8,52079
2023-05-21,9,66741
2023-05-21,10,78438
2023-05-21,11,98365
2023-05-21,12,103217
2023-05-21,13,115415
2023-05-21,14,111729
2023-05-21,15,112659
2023-05-21,16,121827
2023-05-21,17,134121
2023-05-21,18,119084
2023-05-21,19,95816
2023-05-21,20,85104
2023-05-21,21,81063
2023-05-21,22,61239
2023-05-21,23,26643
2023-05-22,0,7760
2023-05-22,1,233
2023-05-22,5,48
2023-05-22,6,31670
2023-05-22,7,139409
2023-05-22,8,256121
2023-05-22,9,135673
2023-05-22,10,83658
2023-05-22,11,77816
2023-05-22,12,82425
2023-05-22,13,85223
2023-05-22,14,77797
2023-05-22,15,80045
2023-05-22,16,111460
2023-05-22,17,168939
2023-05-22,18,249981
2023-05-22,19,167910
2023-05-22,20,92230
2023-05-22,21,82785
2023-05-22,22,67423
2023-05-22,23,22839
2023-05-23,0,8850
2023-05-23,1,255
2023-05-23,5,30
2023-05-23,6,29006
2023-05-23,7,135395
2023-05-23,8,256270
2023-05-23,9,138203
2023-05-23,10,80222
2023-05-23,11,72301
2023-05-23,12,78475
2023-05-23,13,81888
2023-05-23,14,74277
2023-05-23,15,77351
2023-05-23,16,107246
2023-05-23,17,166354
2023-05-23,18,246029
2023-05-23,19,158308
2023-05-23,20,92398
2023-05-23,21,85691
2023-05-23,22,66603
2023-05-23,23,24041
2023-05-24,0,9236
2023-05-24,1,292
2023-05-24,5,27
2023-05-24,6,29823
2023-05-24,7,137004
2023-05-24,8,254336
2023-05-24,9,137156
2023-05-24,10,83943
2023-05-24,11,78290
2023-05-24,12,86510
2023-05-24,13,87561
2023-05-24,14,79297
2023-05-24,15,80988
2023-05-24,16,110487
2023-05-24,17,174668
2023-05-24,18,252031
2023-05-24,19,165133
2023-05-24,20,95098
2023-05-24,21,89447
2023-05-24,22,68699
2023-05-24,23,25179
2023-05-25,0,10307
2023-05-25,1,286
2023-05-25,5,36
2023-05-25,6,30019
2023-05-25,7,135472
2023-05-25,8,256686
2023-05-25,9,140905
2023-05-25,10,83436
2023-05-25,11,76271
2023-05-25,12,82802
2023-05-25,13,85155
2023-05-25,14,78255
2023-05-25,15,81633
2023-05-25,16,110422
2023-05-25,17,168181
2023-05-25,18,247066
2023-05-25,19,163800
2023-05-25,20,98561
2023-05-25,21,92994
2023-05-25,22,73212
2023-05-25,23,27719
2023-05-26,0,16906
2023-05-26,1,441
2023-05-26,5,30
2023-05-26,6,30735
2023-05-26,7,135972
2023-05-26,8,246290
2023-05-26,9,133005
2023-05-26,10,87913
2023-05-26,11,83938
2023-05-26,12,92842
2023-05-26,13,96298
2023-05-26,14,89784
2023-05-26,15,94020
2023-05-26,16,128773
2023-05-26,17,186624
2023-05-26,18,259584
2023-05-26,19,175019
2023-05-26,20,107749
2023-05-26,21,106799
2023-05-26,22,92106
2023-05-26,23,41914
2023-05-27,0,16705
2023-05-27,1,517
2023-05-27,5,43
2023-05-27,6,21462
2023-05-27,7,43953
2023-05-27,8,73722
2023-05-27,9,85408
2023-05-27,10,95286
2023-05-27,11,112990
2023-05-27,12,116449
2023-05-27,13,123644
2023-05-27,14,119659
2023-05-27,15,118151
2023-05-27,16,130950
2023-05-27,17,156860
2023-05-27,18,145680
2023-05-27,19,113461
2023-05-27,20,95060
2023-05-27,21,97172
2023-05-27,22,87423
2023-05-27,23,40662
2023-05-28,0,9523
2023-05-28,1,247
2023-05-28,5,46
2023-05-28,6,16389
2023-05-28,7,30175
2023-05-28,8,50822
2023-05-28,9,66485
2023-05-28,10,76913
2023-05-28,11,94772
2023-05-28,12,94725
2023-05-28,13,102370
2023-05-28,14,101307
2023-05-28,15,103041
2023-05-28,16,111961
2023-05-28,17,128174
2023-05-28,18,113472
2023-05-28,19,93921
2023-05-28,20,82162
2023-05-28,21,78587
2023-05-28,22,58721
2023-05-28,23,25610
2023-05-29,0,8221
2023-05-29,1,277
2023-05-29,5,45
2023-05-29,6,30276
2023-05-29,7,134263
2023-05-29,8,248139
2023-05-29,9,132653
2023-05-29,10,82709
2023-05-29,11,75351
2023-05-29,12,79896
2023-05-29,13,82840
2023-05-29,14,75819
2023-05-29,15,78332
2023-05-29,16,106741
2023-05-29,17,164836
2023-05-29,18,238584
2023-05-29,19,158920
2023-05-29,20,92279
2023-05-29,21,79910
2023-05-29,22,61643
2023-05-29,23,22176
2023-05-30,0,8766
2023-05-30,1,244
2023-05-30,5,40
2023-05-30,6,30184
2023-05-30,7,137142
2023-05-30,8,257973
2023-05-30,9,141229
2023-05-30,10,83612
2023-05-30,11,73810
2023-05-30,12,79999
2023-05-30,13,82555
2023-05-30,14,74713
2023-05-30,15,78845
2023-05-30,16,108994
2023-05-30,17,170810
2023-05-30,18,251625
2023-05-30,19,163324
2023-05-30,20,92378
2023-05-30,21,87083
2023-05-30,22,73985
2023-05-30,23,23873
2023-05-31,0,9236
2023-05-31,1,276
2023-05-31,5,36
2023-05-31,6,28836
2023-05-31,7,136378
2023-05-31,8,257551
2023-05-31,9,138682
2023-05-31,10,79692
2023-05-31,11,70877
2023-05-31,12,79606
2023-05-31,13,82225
2023-05-31,14,71952
2023-05-31,15,74916
2023-05-31,16,104012
2023-05-31,17,164584
2023-05-31,18,245383
2023-05-31,19,161981
2023-05-31,20,94690
2023-05-31,21,86788
2023-05-31,22,66752
2023-05-31,23,23920
2023-06-01,0,10230
2023-06-01,1,304
2023-06-01,5,39
2023-06-01,6,29029
2023-06-01,7,134658
2023-06-01,8,260524
2023-06-01,9,142976
2023-06-01,10,80396
2023-06-01,11,72636
2023-06-01,12,82564
2023-06-01,13,85194
2023-06-01,14,75880
2023-06-01,15,80375
2023-06-01,16,107222
2023-06-01,17,167742
2023-06-01,18,247860
2023-06-01,19,165149
2023-06-01,20,98069
2023-06-01,21,91222
2023-06-01,22,71250
2023-06-01,23,27221
2023-06-02,0,16123
2023-06-02,1,534
2023-06-02,5,27
2023-06-02,6,29238
2023-06-02,7,132731
2023-06-02,8,247409
2023-06-02,9,135931
2023-06-02,10,87198
2023-06-02,11,83354
2023-06-02,12,93761
2023-06-02,13,97282
2023-06-02,14,89302
2023-06-02,15,93434
2023-06-02,16,125007
2023-06-02,17,185855
2023-06-02,18,260417
2023-06-02,19,174951
2023-06-02,20,107980
2023-06-02,21,104467
2023-06-02,22,91557
2023-06-02,23,40540
2023-06-03,0,15955
2023-06-03,1,493
2023-06-03,5,52
2023-06-03,6,19056
2023-06-03,7,39885
2023-06-03,8,68808
2023-06-03,9,83164
2023-06-03,10,91314
2023-06-03,11,107044
2023-06-03,12,110554
2023-06-03,13,117412
2023-06-03,14,109897
2023-06-03,15,110021
2023-06-03,16,122963
2023-06-03,17,146759
2023-06-03,18,130717
2023-06-03,19,101937
2023-06-03,20,87546
2023-06-03,21,90117
2023-06-03,22,79428
2023-06-03,23,41786
2023-06-04,0,8138
2023-06-04,1,224
2023-06-04,5,41
2023-06-04,6,15726
2023-06-04,7,29667
2023-06-04,8,49225
2023-06-04,9,62238
2023-06-04,10,71263
2023-06-04,11,89075
2023-06-04,12,90071
2023-06-04,13,97454
2023-06-04,14,96681
2023-06-04,15,89446
2023-06-04,16,98723
2023-06-04,17,115987
2023-06-04,18,99604
2023-06-04,19,82266
2023-06-04,20,75415
2023-06-04,21,70943
2023-06-04,22,52062
2023-06-04,23,22876
2023-06-05,0,7844
2023-06-05,1,249
2023-06-05,5,35
2023-06-05,6,29975
2023-06-05,7,132739
2023-06-05,8,249085
2023-06-05,9,131723
2023-06-05,10,80890
2023-06-05,11,74983
2023-06-05,12,79922
2023-06-05,13,82479
2023-06-05,14,75115
2023-06-05,15,78204
2023-06-05,16,104571
2023-06-05,17,160099
2023-06-05,18,237631
2023-06-05,19,158604
2023-06-05,20,91595
2023-06-05,21,79571
2023-06-05,22,62337
2023-06-05,23,22037
2023-06-06,0,8301
2023-06-06,1,262
2023-06-06,5,36
2023-06-06,6,30185
2023-06-06,7,135897
2023-06-06,8,254112
2023-06-06,9,138455
2023-06-06,10,82890
2023-06-06,11,75255
2023-06-06,12,82268
2023-06-06,13,83048
2023-06-06,14,76569
2023-06-06,15,80793
2023-06-06,16,106881
2023-06-06,17,165454
2023-06-06,18,243912
2023-06-06,19,159652
2023-06-06,20,94593
2023-06-06,21,85642
2023-06-06,22,65753
2023-06-06,23,23417
2023-06-07,0,8755
2023-06-07,1,292
2023-06-07,5,36
2023-06-07,6,30122
2023-06-07,7,135286
2023-06-07,8,251640
2023-06-07,9,135167
2023-06-07,10,81457
2023-06-07,11,76448
2023-06-07,12,83545
2023-06-07,13,84795
2023-06-07,14,78581
2023-06-07,15,80988
2023-06-07,16,106916
2023-06-07,17,165063
2023-06-07,18,243595
2023-06-07,19,159766
2023-06-07,20,95531
2023-06-07,21,89680
2023-06-07,22,68194
2023-06-07,23,24764
2023-06-08,0,9535
2023-06-08,1,317
2023-06-08,5,34
2023-06-08,6,30325
2023-06-08,7,133585
2023-06-08,8,251143
2023-06-08,9,133962
2023-06-08,10,81679
2023-06-08,11,76646
2023-06-08,12,83652
2023-06-08,13,85972
2023-06-08,14,78467
2023-06-08,15,81356
2023-06-08,16,108189
2023-06-08,17,168768
2023-06-08,18,246057
2023-06-08,19,159081
2023-06-08,20,95607
2023-06-08,21,89704
2023-06-08,22,70942
2023-06-08,23,26537
2023-06-09,0,16740
2023-06-09,1,505
2023-06-09,5,38
2023-06-09,6,29282
2023-06-09,7,130598
2023-06-09,8,245929
2023-06-09,9,131609
2023-06-09,10,84740
2023-06-09,11,82565
2023-06-09,12,91135
2023-06-09,13,93779
2023-06-09,14,86006
2023-06-09,15,90150
2023-06-09,16,122032
2023-06-09,17,184272
2023-06-09,18,258875
2023-06-09,19,171977
2023-06-09,20,105559
2023-06-09,21,103347
2023-06-09,22,91147
2023-06-09,23,40704
2023-06-10,0,15334
2023-06-10,1,448
2023-06-10,5,48
2023-06-10,6,19147
2023-06-10,7,39884
2023-06-10,8,67284
2023-06-10,9,82062
2023-06-10,10,88970
2023-06-10,11,106732
2023-06-10,12,112958
2023-06-10,13,119431
2023-06-10,14,112015
2023-06-10,15,111924
2023-06-10,16,127156
2023-06-10,17,149585
2023-06-10,18,130539
2023-06-10,19,99296
2023-06-10,20,91148
2023-06-10,21,90835
2023-06-10,22,78103
2023-06-10,23,39689
2023-06-11,0,9188
2023-06-11,1,242
2023-06-11,5,45
2023-06-11,6,16519
2023-06-11,7,29601
2023-06-11,8,47895
2023-06-11,9,62969
2023-06-11,10,71989
2023-06-11,11,88733
2023-06-11,12,90415
2023-06-11,13,98422
2023-06-11,14,99353
2023-06-11,15,99212
2023-06-11,16,108355
2023-06-11,17,127857
2023-06-11,18,110959
2023-06-11,19,85723
2023-06-11,20,75110
2023-06-11,21,70677
2023-06-11,22,53664
2023-06-11,23,27846
2023-06-12,0,8523
2023-06-12,1,285
2023-06-12,5,36
2023-06-12,6,29633
2023-06-12,7,129244
2023-06-12,8,244096
2023-06-12,9,129688
2023-06-12,10,79769
2023-06-12,11,76285
2023-06-12,12,80247
2023-06-12,13,81929
2023-06-12,14,77775
2023-06-12,15,80399
2023-06-12,16,103906
2023-06-12,17,158827
2023-06-12,18,236695
2023-06-12,19,158608
2023-06-12,20,90576
2023-06-12,21,80564
2023-06-12,22,62304
2023-06-12,23,23005
2023-06-13,0,8858
2023-06-13,1,287
2023-06-13,5,38
2023-06-13,6,29388
2023-06-13,7,132861
2023-06-13,8,250041
2023-06-13,9,134241
2023-06-13,10,81985
2023-06-13,11,77435
2023-06-13,12,82645
2023-06-13,13,85263
2023-06-13,14,79312
2023-06-13,15,82054
2023-06-13,16,107299
2023-06-13,17,165158
2023-06-13,18,241312
2023-06-13,19,161454
2023-06-13,20,95342
2023-06-13,21,88441
2023-06-13,22,66264
2023-06-13,23,24782
2023-06-14,0,9379
2023-06-14,1,319
2023-06-14,5,46
2023-06-14,6,29280
2023-06-14,7,132179
2023-06-14,8,249800
2023-06-14,9,134781
2023-06-14,10,83033
2023-06-14,11,81446
2023-06-14,12,89842
2023-06-14,13,89365
2023-06-14,14,83367
2023-06-14,15,84048
2023-06-14,16,108794
2023-06-14,17,170381
2023-06-14,18,254620
2023-06-14,19,163389
2023-06-14,20,97766
2023-06-14,21,89826
2023-06-14,22,68254
2023-06-14,23,24864
2023-06-15,0,9782
2023-06-15,1,325
2023-06-15,5,30
2023-06-15,6,28708
2023-06-15,7,128575
2023-06-15,8,249634
2023-06-15,9,136985
2023-06-15,10,83660
2023-06-15,11,80251
2023-06-15,12,84674
2023-06-15,13,88560
2023-06-15,14,83955
2023-06-15,15,85195
2023-06-15,16,111249
2023-06-15,17,168785
2023-06-15,18,251489
2023-06-15,19,162357
2023-06-15,20,97610
2023-06-15,21,91545
2023-06-15,22,72870
2023-06-15,23,27701
2023-06-16,0,12984
2023-06-16,1,406
2023-06-16,5,46
2023-06-16,6,29150
2023-06-16,7,127702
2023-06-16,8,245086
2023-06-16,9,131283
2023-06-16,10,85064
2023-06-16,11,84679
2023-06-16,12,89983
2023-06-16,13,94445
2023-06-16,14,82800
2023-06-16,15,89955
2023-06-16,16,116033
2023-06-16,17,176924
2023-06-16,18,262666
2023-06-16,19,171690
2023-06-16,20,101811
2023-06-16,21,99075
2023-06-16,22,81143
2023-06-16,23,33545
2023-06-17,0,17291
2023-06-17,1,477
2023-06-17,5,33
2023-06-17,6,25552
2023-06-17,7,102046
2023-06-17,8,186252
2023-06-17,9,99678
2023-06-17,10,83242
2023-06-17,11,91081
2023-06-17,12,96983
2023-06-17,13,99961
2023-06-17,14,95447
2023-06-17,15,96309
2023-06-17,16,128224
2023-06-17,17,180865
2023-06-17,18,218522
2023-06-17,19,130256
2023-06-17,20,87119
2023-06-17,21,90172
2023-06-17,22,80297
2023-06-17,23,42820
2023-06-18,0,8984
2023-06-18,1,234
2023-06-18,5,35
2023-06-18,6,17050
2023-06-18,7,31378
2023-06-18,8,48818
2023-06-18,9,64296
2023-06-18,10,73903
2023-06-18,11,91308
2023-06-18,12,93442
2023-06-18,13,100175
2023-06-18,14,99101
2023-06-18,15,99499
2023-06-18,16,107464
2023-06-18,17,120709
2023-06-18,18,105508
2023-06-18,19,86551
2023-06-18,20,79849
2023-06-18,21,75649
2023-06-18,22,55736
2023-06-18,23,23873
2023-06-19,0,8203
2023-06-19,1,228
2023-06-19,5,43
2023-06-19,6,29685
2023-06-19,7,126107
2023-06-19,8,241122
2023-06-19,9,124567
2023-06-19,10,78347
2023-06-19,11,77175
2023-06-19,12,80953
2023-06-19,13,82806
2023-06-19,14,79389
2023-06-19,15,80250
2023-06-19,16,103388
2023-06-19,17,159240
2023-06-19,18,235641
2023-06-19,19,154139
2023-06-19,20,89426
2023-06-19,21,81510
2023-06-19,22,60498
2023-06-19,23,22228
2023-06-20,0,9349
2023-06-20,1,261
2023-06-20,5,41
2023-06-20,6,29554
2023-06-20,7,128382
2023-06-20,8,243793
2023-06-20,9,129852
2023-06-20,10,81411
2023-06-20,11,78213
2023-06-20,12,81231
2023-06-20,13,84778
2023-06-20,14,79317
2023-06-20,15,81527
2023-06-20,16,106508
2023-06-20,17,162897
2023-06-20,18,240368
2023-06-20,19,159631
2023-06-20,20,96346
2023-06-20,21,89039
2023-06-20,22,67165
2023-06-20,23,24450
2023-06-21,0,13564
2023-06-21,1,418
2023-06-21,5,43
2023-06-21,6,29140
2023-06-21,7,126545
2023-06-21,8,235407
2023-06-21,9,122546
2023-06-21,10,80151
2023-06-21,11,80121
2023-06-21,12,86394
2023-06-21,13,90187
2023-06-21,14,84282
2023-06-21,15,86556
2023-06-21,16,112294
2023-06-21,17,171179
2023-06-21,18,242527
2023-06-21,19,165576
2023-06-21,20,101936
2023-06-21,21,95457
2023-06-21,22,79333
2023-06-21,23,33891
2023-06-22,0,10883
2023-06-22,1,322
2023-06-22,5,35
2023-06-22,6,16812
2023-06-22,7,27181
2023-06-22,8,38178
2023-06-22,9,51954
2023-06-22,10,65549
2023-06-22,11,76717
2023-06-22,12,68510
2023-06-22,13,74275
2023-06-22,14,81215
2023-06-22,15,82425
2023-06-22,16,86376
2023-06-22,17,99534
2023-06-22,18,92308
2023-06-22,19,77609
2023-06-22,20,69810
2023-06-22,21,68220
2023-06-22,22,58440
2023-06-22,23,27349
2023-06-23,0,11519
2023-06-23,1,298
2023-06-23,5,38
2023-06-23,6,15976
2023-06-23,7,31608
2023-06-23,8,43573
2023-06-23,9,60159
2023-06-23,10,77545
2023-06-23,11,94443
2023-06-23,12,86320
2023-06-23,13,94480
2023-06-23,14,92514
2023-06-23,15,85688
2023-06-23,16,92182
2023-06-23,17,113821
2023-06-23,18,102339
2023-06-23,19,83918
2023-06-23,20,74863
2023-06-23,21,73901
2023-06-23,22,63352
2023-06-23,23,30085
2023-06-24,0,12978
2023-06-24,1,432
2023-06-24,5,27
2023-06-24,6,15586
2023-06-24,7,28285
2023-06-24,8,42667
2023-06-24,9,61338
2023-06-24,10,77716
2023-06-24,11,96210
2023-06-24,12,93107
2023-06-24,13,98553
2023-06-24,14,102186
2023-06-24,15,103145
2023-06-24,16,111918
2023-06-24,17,119049
2023-06-24,18,108166
2023-06-24,19,94581
2023-06-24,20,79712
2023-06-24,21,76929
2023-06-24,22,64539
2023-06-24,23,32952
2023-06-25,0,9347
2023-06-25,1,215
2023-06-25,5,52
2023-06-25,6,14676
2023-06-25,7,24950
2023-06-25,8,37782
2023-06-25,9,54639
2023-06-25,10,66537
2023-06-25,11,83088
2023-06-25,12,81391
2023-06-25,13,87829
2023-06-25,14,92771
2023-06-25,15,92297
2023-06-25,16,96079
2023-06-25,17,107144
2023-06-25,18,96349
2023-06-25,19,81572
2023-06-25,20,75196
2023-06-25,21,68851
2023-06-25,22,52681
2023-06-25,23,23967
2023-06-26,0,8176
2023-06-26,1,236
2023-06-26,5,38
2023-06-26,6,29485
2023-06-26,7,126311
2023-06-26,8,238557
2023-06-26,9,123016
2023-06-26,10,77072
2023-06-26,11,75062
2023-06-26,12,76555
2023-06-26,13,80283
2023-06-26,14,76191
2023-06-26,15,77557
2023-06-26,16,102354
2023-06-26,17,155462
2023-06-26,18,229603
2023-06-26,19,153776
2023-06-26,20,92173
2023-06-26,21,78513
2023-06-26,22,58992
2023-06-26,23,21764
2023-06-27,0,8726
2023-06-27,1,263
2023-06-27,5,47
2023-06-27,6,29122
2023-06-27,7,127516
2023-06-27,8,246759
2023-06-27,9,130188
2023-06-27,10,79190
2023-06-27,11,76656
2023-06-27,12,80159
2023-06-27,13,83679
2023-06-27,14,78239
2023-06-27,15,82231
2023-06-27,16,106305
2023-06-27,17,160746
2023-06-27,18,233830
2023-06-27,19,157540
2023-06-27,20,93911
2023-06-27,21,86101
2023-06-27,22,63284
2023-06-27,23,23520
2023-06-28,0,9585
2023-06-28,1,286
2023-06-28,5,37
2023-06-28,6,29252
2023-06-28,7,129731
2023-06-28,8,244273
2023-06-28,9,128071
2023-06-28,10,79100
2023-06-28,11,77987
2023-06-28,12,83190
2023-06-28,13,85823
2023-06-28,14,80392
2023-06-28,15,79866
2023-06-28,16,109453
2023-06-28,17,163158
2023-06-28,18,235340
2023-06-28,19,161710
2023-06-28,20,96426
2023-06-28,21,90073
2023-06-28,22,67455
2023-06-28,23,25828
2023-06-29,0,10207
2023-06-29,1,290
2023-06-29,5,34
2023-06-29,6,30411
2023-06-29,7,129197
2023-06-29,8,243483
2023-06-29,9,130870
2023-06-29,10,82047
2023-06-29,11,79316
2023-06-29,12,82934
2023-06-29,13,87781
2023-06-29,14,82678
2023-06-29,15,85632
2023-06-29,16,109786
2023-06-29,17,168820
2023-06-29,18,242375
2023-06-29,19,161617
2023-06-29,20,97155
2023-06-29,21,89867
2023-06-29,22,69669
2023-06-29,23,27840
2023-06-30,0,17062
2023-06-30,1,522
2023-06-30,5,37
2023-06-30,6,29382
2023-06-30,7,125983
2023-06-30,8,239944
2023-06-30,9,129748
2023-06-30,10,98397
2023-06-30,11,99132
2023-06-30,12,102231
2023-06-30,13,107425
2023-06-30,14,96920
2023-06-30,15,88023
2023-06-30,16,110429
2023-06-30,17,172408
2023-06-30,18,253442
2023-06-30,19,178839
2023-06-30,20,110007
2023-06-30,21,101825
2023-06-30,22,88072
2023-06-30,23,41426
2023-07-01,0,16922
2023-07-01,1,433
2023-07-01,5,43
2023-07-01,6,19055
2023-07-01,7,38225
2023-07-01,8,65210
2023-07-01,9,80219
2023-07-01,10,92110
2023-07-01,11,110292
2023-07-01,12,111082
2023-07-01,13,118201
2023-07-01,14,113490
2023-07-01,15,113580
2023-07-01,16,121316
2023-07-01,17,143781
2023-07-01,18,134800
2023-07-01,19,100255
2023-07-01,20,83455
2023-07-01,21,85520
2023-07-01,22,74129
2023-07-01,23,37778
2023-07-02,0,8737
2023-07-02,1,246
2023-07-02,5,45
2023-07-02,6,15722
2023-07-02,7,29202
2023-07-02,8,49894
2023-07-02,9,63981
2023-07-02,10,76045
2023-07-02,11,92894
2023-07-02,12,94283
2023-07-02,13,107094
2023-07-02,14,99056
2023-07-02,15,97353
2023-07-02,16,100836
2023-07-02,17,116847
2023-07-02,18,106544
2023-07-02,19,85941
2023-07-02,20,78627
2023-07-02,21,75763
2023-07-02,22,54363
2023-07-02,23,24018
2023-07-03,0,8294
2023-07-03,1,240
2023-07-03,5,47
2023-07-03,6,27257
2023-07-03,7,108980
2023-07-03,8,249392
2023-07-03,9,132960
2023-07-03,10,83505
2023-07-03,11,82083
2023-07-03,12,86884
2023-07-03,13,89956
2023-07-03,14,83614
2023-07-03,15,83314
2023-07-03,16,96769
2023-07-03,17,153312
2023-07-03,18,238029
2023-07-03,19,164162
2023-07-03,20,94222
2023-07-03,21,81008
2023-07-03,22,61678
2023-07-03,23,22671
2023-07-04,0,8861
2023-07-04,1,287
2023-07-04,5,44
2023-07-04,6,27195
2023-07-04,7,109415
2023-07-04,8,253511
2023-07-04,9,137424
2023-07-04,10,84511
2023-07-04,11,81241
2023-07-04,12,85943
2023-07-04,13,90844
2023-07-04,14,81984
2023-07-04,15,83276
2023-07-04,16,99525
2023-07-04,17,159654
2023-07-04,18,243973
2023-07-04,19,167090
2023-07-04,20,99013
2023-07-04,21,87678
2023-07-04,22,66467
2023-07-04,23,24536
2023-07-05,0,10021
2023-07-05,1,277
2023-07-05,5,39
2023-07-05,6,27241
2023-07-05,7,109350
2023-07-05,8,253303
2023-07-05,9,136436
2023-07-05,10,84223
2023-07-05,11,81406
2023-07-05,12,88049
2023-07-05,13,92080
2023-07-05,14,83769
2023-07-05,15,84354
2023-07-05,16,101744
2023-07-05,17,162231
2023-07-05,18,248043
2023-07-05,19,171639
2023-07-05,20,100859
2023-07-05,21,94386
2023-07-05,22,71979
2023-07-05,23,28665
2023-07-06,0,10141
2023-07-06,1,270
2023-07-06,5,36
2023-07-06,6,27178
2023-07-06,7,108622
2023-07-06,8,250956
2023-07-06,9,136899
2023-07-06,10,84733
2023-07-06,11,82105
2023-07-06,12,87138
2023-07-06,13,91981
2023-07-06,14,85094
2023-07-06,15,83747
2023-07-06,16,100434
2023-07-06,17,162542
2023-07-06,18,245005
2023-07-06,19,167670
2023-07-06,20,100329
2023-07-06,21,92480
2023-07-06,22,71522
2023-07-06,23,27817
2023-07-07,0,16368
2023-07-07,1,504
2023-07-07,5,40
2023-07-07,6,27259
2023-07-07,7,107523
2023-07-07,8,244219
2023-07-07,9,131315
2023-07-07,10,86956
2023-07-07,11,86851
2023-07-07,12,93034
2023-07-07,13,96908
2023-07-07,14,90463
2023-07-07,15,90676
2023-07-07,16,109904
2023-07-07,17,175056
2023-07-07,18,258160
2023-07-07,19,176091
2023-07-07,20,107702
2023-07-07,21,104152
2023-07-07,22,89154
2023-07-07,23,40591
2023-07-08,0,16261
2023-07-08,1,462
2023-07-08,5,44
2023-07-08,6,20308
2023-07-08,7,39071
2023-07-08,8,65680
2023-07-08,9,79626
2023-07-08,10,89873
2023-07-08,11,108900
2023-07-08,12,108518
2023-07-08,13,116213
2023-07-08,14,111652
2023-07-08,15,113895
2023-07-08,16,124675
2023-07-08,17,149540
2023-07-08,18,139361
2023-07-08,19,108145
2023-07-08,20,92683
2023-07-08,21,96844
2023-07-08,22,82643
2023-07-08,23,44756
2023-07-09,0,9488
2023-07-09,1,274
2023-07-09,5,39
2023-07-09,6,15897
2023-07-09,7,29613
2023-07-09,8,48202
2023-07-09,9,62568
2023-07-09,10,72808
2023-07-09,11,90186
2023-07-09,12,88748
2023-07-09,13,96788
2023-07-09,14,98131
2023-07-09,15,97553
2023-07-09,16,106747
2023-07-09,17,126098
2023-07-09,18,114455
2023-07-09,19,91697
2023-07-09,20,83031
2023-07-09,21,78242
2023-07-09,22,58519
2023-07-09,23,25890
2023-07-10,0,8339
2023-07-10,1,249
2023-07-10,5,37
2023-07-10,6,27192
2023-07-10,7,109014
2023-07-10,8,248167
2023-07-10,9,131710
2023-07-10,10,80451
2023-07-10,11,78858
2023-07-10,12,84290
2023-07-10,13,87093
2023-07-10,14,80358
2023-07-10,15,80703
2023-07-10,16,95762
2023-07-10,17,154976
2023-07-10,18,241015
2023-07-10,19,164204
2023-07-10,20,94211
2023-07-10,21,80732
2023-07-10,22,62576
2023-07-10,23,23129
2023-07-11,0,8854
2023-07-11,1,280
2023-07-11,5,40
2023-07-11,6,27311
2023-07-11,7,109565
2023-07-11,8,253237
2023-07-11,9,135893
2023-07-11,10,83499
2023-07-11,11,79634
2023-07-11,12,85784
2023-07-11,13,90842
2023-07-11,14,82611
2023-07-11,15,80996
2023-07-11,16,96224
2023-07-11,17,158140
2023-07-11,18,241433
2023-07-11,19,159938
2023-07-11,20,94385
2023-07-11,21,87038
2023-07-11,22,66910
2023-07-11,23,24502
2023-07-12,0,9996
2023-07-12,1,287
2023-07-12,5,48
2023-07-12,6,27286
2023-07-12,7,110066
2023-07-12,8,252456
2023-07-12,9,137059
2023-07-12,10,83280
2023-07-12,11,82038
2023-07-12,12,88574
2023-07-12,13,91805
2023-07-12,14,81369
2023-07-12,15,82165
2023-07-12,16,100956
2023-07-12,17,165274
2023-07-12,18,250728
2023-07-12,19,169111
2023-07-12,20,100463
2023-07-12,21,96519
2023-07-12,22,74186
2023-07-12,23,27571
2023-07-13,0,10054
2023-07-13,1,268
2023-07-13,5,45
2023-07-13,6,27253
2023-07-13,7,109330
2023-07-13,8,251540
2023-07-13,9,134693
2023-07-13,10,84401
2023-07-13,11,81867
2023-07-13,12,88198
2023-07-13,13,92718
2023-07-13,14,83654
2023-07-13,15,84574
2023-07-13,16,103918
2023-07-13,17,165662
2023-07-13,18,248063
2023-07-13,19,163978
2023-07-13,20,99602
2023-07-13,21,93082
2023-07-13,22,73485
2023-07-13,23,27414
2023-07-14,0,16627
2023-07-14,1,512
2023-07-14,5,55
2023-07-14,6,27327
2023-07-14,7,108214
2023-07-14,8,248671
2023-07-14,9,140426
2023-07-14,10,93980
2023-07-14,11,94321
2023-07-14,12,99715
2023-07-14,13,102707
2023-07-14,14,93946
2023-07-14,15,94505
2023-07-14,16,112411
2023-07-14,17,178742
2023-07-14,18,261732
2023-07-14,19,174682
2023-07-14,20,108909
2023-07-14,21,105431
2023-07-14,22,92062
2023-07-14,23,42159
2023-07-15,0,16320
2023-07-15,1,527
2023-07-15,5,36
2023-07-15,6,19578
2023-07-15,7,38590
2023-07-15,8,66081
2023-07-15,9,79745
2023-07-15,10,92492
2023-07-15,11,110573
2023-07-15,12,111883
2023-07-15,13,120445
2023-07-15,14,113939
2023-07-15,15,113854
2023-07-15,16,127238
2023-07-15,17,155262
2023-07-15,18,141561
2023-07-15,19,109871
2023-07-15,20,95680
2023-07-15,21,99226
2023-07-15,22,87095
2023-07-15,23,44862
2023-07-16,0,9778
2023-07-16,1,272
2023-07-16,5,41
2023-07-16,6,16692
2023-07-16,7,31008
2023-07-16,8,49521
2023-07-16,9,65777
2023-07-16,10,78729
2023-07-16,11,96130
2023-07-16,12,95691
2023-07-16,13,107294
2023-07-16,14,107089
2023-07-16,15,106933
2023-07-16,16,115944
2023-07-16,17,136924
2023-07-16,18,118307
2023-07-16,19,96208
2023-07-16,20,86253
2023-07-16,21,81935
2023-07-16,22,61310
2023-07-16,23,29205
2023-07-17,0,7987
2023-07-17,1,267
2023-07-17,5,38
2023-07-17,6,28133
2023-07-17,7,112498
2023-07-17,8,245720
2023-07-17,9,131028
2023-07-17,10,81082
2023-07-17,11,79740
2023-07-17,12,86277
2023-07-17,13,89511
2023-07-17,14,81005
2023-07-17,15,82581
2023-07-17,16,97747
2023-07-17,17,158316
2023-07-17,18,242400
2023-07-17,19,162070
2023-07-17,20,92200
2023-07-17,21,79327
2023-07-17,22,61948
2023-07-17,23,22605
2023-07-18,0,8799
2023-07-18,1,237
2023-07-18,5,29
2023-07-18,6,27462
2023-07-18,7,113140
2023-07-18,8,253325
2023-07-18,9,136642
2023-07-18,10,83736
2023-07-18,11,79891
2023-07-18,12,88230
2023-07-18,13,92763
2023-07-18,14,83477
2023-07-18,15,82087
2023-07-18,16,99954
2023-07-18,17,161049
2023-07-18,18,248073
2023-07-18,19,163112
2023-07-18,20,94084
2023-07-18,21,86315
2023-07-18,22,66622
2023-07-18,23,27888
2023-07-19,0,9893
2023-07-19,1,296
2023-07-19,5,38
2023-07-19,6,27660
2023-07-19,7,113189
2023-07-19,8,251596
2023-07-19,9,136078
2023-07-19,10,83829
2023-07-19,11,82128
2023-07-19,12,90870
2023-07-19,13,94831
2023-07-19,14,84918
2023-07-19,15,85485
2023-07-19,16,104216
2023-07-19,17,167431
2023-07-19,18,253261
2023-07-19,19,169652
2023-07-19,20,97813
2023-07-19,21,94952
2023-07-19,22,74435
2023-07-19,23,29458
2023-07-20,0,9879
2023-07-20,1,283
2023-07-20,5,39
2023-07-20,6,27701
2023-07-20,7,112484
2023-07-20,8,249730
2023-07-20,9,134489
2023-07-20,10,83921
2023-07-20,11,82268
2023-07-20,12,90617
2023-07-20,13,94733
2023-07-20,14,83588
2023-07-20,15,82679
2023-07-20,16,103124
2023-07-20,17,161568
2023-07-20,18,251073
2023-07-20,19,165849
2023-07-20,20,96765
2023-07-20,21,90938
2023-07-20,22,71425
2023-07-20,23,27097
2023-07-21,0,16732
2023-07-21,1,465
2023-07-21,5,34
2023-07-21,6,27240
2023-07-21,7,109378
2023-07-21,8,241930
2023-07-21,9,131751
2023-07-21,10,86926
2023-07-21,11,87869
2023-07-21,12,97295
2023-07-21,13,101530
2023-07-21,14,92694
2023-07-21,15,94732
2023-07-21,16,112193
2023-07-21,17,179545
2023-07-21,18,262016
2023-07-21,19,172237
2023-07-21,20,105989
2023-07-21,21,102048
2023-07-21,22,92996
2023-07-21,23,43943
2023-07-22,0,16104
2023-07-22,1,416
2023-07-22,5,33
2023-07-22,6,19131
2023-07-22,7,37571
2023-07-22,8,65357
2023-07-22,9,77774
2023-07-22,10,91358
2023-07-22,11,110590
2023-07-22,12,110516
2023-07-22,13,118587
2023-07-22,14,113771
2023-07-22,15,111533
2023-07-22,16,120953
2023-07-22,17,147351
2023-07-22,18,132109
2023-07-22,19,102181
2023-07-22,20,86910
2023-07-22,21,90054
2023-07-22,22,82060
2023-07-22,23,45651
2023-07-23,0,11063
2023-07-23,1,227
2023-07-23,5,41
2023-07-23,6,16099
2023-07-23,7,28659
2023-07-23,8,48886
2023-07-23,9,62945
2023-07-23,10,76075
2023-07-23,11,94531
2023-07-23,12,96433
2023-07-23,13,103478
2023-07-23,14,102265
2023-07-23,15,102842
2023-07-23,16,107227
2023-07-23,17,125466
2023-07-23,18,109034
2023-07-23,19,89706
2023-07-23,20,82567
2023-07-23,21,76988
2023-07-23,22,59231
2023-07-23,23,32662
2023-07-24,0,8688
2023-07-24,1,281
2023-07-24,5,36
2023-07-24,6,28382
2023-07-24,7,113401
2023-07-24,8,247098
2023-07-24,9,130743
2023-07-24,10,82237
2023-07-24,11,82845
2023-07-24,12,99087
2023-07-24,13,66964
2023-07-24,14,69833
2023-07-24,15,86816
2023-07-24,16,98730
2023-07-24,17,157287
2023-07-24,18,241641
2023-07-24,19,163609
2023-07-24,20,95341
2023-07-24,21,83622
2023-07-24,22,64839
2023-07-24,23,24580
2023-07-25,0,8869
2023-07-25,1,260
2023-07-25,5,35
2023-07-25,6,27775
2023-07-25,7,115368
2023-07-25,8,252734
2023-07-25,9,135911
2023-07-25,10,84472
2023-07-25,11,81049
2023-07-25,12,89872
2023-07-25,13,93169
2023-07-25,14,83637
2023-07-25,15,85794
2023-07-25,16,102845
2023-07-25,17,163069
2023-07-25,18,246599
2023-07-25,19,168873
2023-07-25,20,101253
2023-07-25,21,87763
2023-07-25,22,66748
2023-07-25,23,24415
2023-07-26,0,8227
2023-07-26,1,245
2023-07-26,5,26
2023-07-26,6,25736
2023-07-26,7,113093
2023-07-26,8,250300
2023-07-26,9,128806
2023-07-26,10,74915
2023-07-26,11,70036
2023-07-26,12,80677
2023-07-26,13,81520
2023-07-26,14,69988
2023-07-26,15,70365
2023-07-26,16,85762
2023-07-26,17,150679
2023-07-26,18,242689
2023-07-26,19,154056
2023-07-26,20,83502
2023-07-26,21,75125
2023-07-26,22,57978
2023-07-26,23,21416
2023-07-27,0,9462
2023-07-27,1,270
2023-07-27,5,42
2023-07-27,6,25722
2023-07-27,7,110394
2023-07-27,8,247824
2023-07-27,9,126429
2023-07-27,10,73980
2023-07-27,11,68353
2023-07-27,12,78418
2023-07-27,13,82841
2023-07-27,14,74473
2023-07-27,15,75494
2023-07-27,16,91669
2023-07-27,17,154345
2023-07-27,18,243903
2023-07-27,19,157403
2023-07-27,20,89102
2023-07-27,21,82689
2023-07-27,22,66806
2023-07-27,23,25899
2023-07-28,0,15943
2023-07-28,1,509
2023-07-28,5,33
2023-07-28,6,26529
2023-07-28,7,110763
2023-07-28,8,242898
2023-07-28,9,134018
2023-07-28,10,87107
2023-07-28,11,86764
2023-07-28,12,96453
2023-07-28,13,102677
2023-07-28,14,94259
2023-07-28,15,98076
2023-07-28,16,115057
2023-07-28,17,182072
2023-07-28,18,266550
2023-07-28,19,171826
2023-07-28,20,104013
2023-07-28,21,100498
2023-07-28,22,90546
2023-07-28,23,39508
2023-07-29,0,16161
2023-07-29,1,451
2023-07-29,5,39
2023-07-29,6,18656
2023-07-29,7,38199
2023-07-29,8,64655
2023-07-29,9,83233
2023-07-29,10,96585
2023-07-29,11,113312
2023-07-29,12,114463
2023-07-29,13,123940
2023-07-29,14,119907
2023-07-29,15,117540
2023-07-29,16,129978
2023-07-29,17,156715
2023-07-29,18,143616
2023-07-29,19,107214
2023-07-29,20,94138
2023-07-29,21,95180
2023-07-29,22,83886
2023-07-29,23,39506
2023-07-30,0,9845
2023-07-30,1,298
2023-07-30,5,44
2023-07-30,6,15660
2023-07-30,7,28409
2023-07-30,8,48820
2023-07-30,9,67882
2023-07-30,10,80366
2023-07-30,11,97600
2023-07-30,12,96784
2023-07-30,13,103724
2023-07-30,14,105773
2023-07-30,15,104994
2023-07-30,16,112407
2023-07-30,17,128895
2023-07-30,18,109290
2023-07-30,19,89125
2023-07-30,20,81425
2023-07-30,21,78679
2023-07-30,22,57839
2023-07-30,23,25881
2023-07-31,0,9194
2023-07-31,1,282
2023-07-31,5,38
2023-07-31,6,27643
2023-07-31,7,113071
2023-07-31,8,244125
2023-07-31,9,132670
2023-07-31,10,84872
2023-07-31,11,83116
2023-07-31,12,91868
2023-07-31,13,94059
2023-07-31,14,86867
2023-07-31,15,87739
2023-07-31,16,100974
2023-07-31,17,158957
2023-07-31,18,240752
2023-07-31,19,165105
2023-07-31,20,97149
2023-07-31,21,84209
2023-07-31,22,64497
2023-07-31,23,24920
2023-08-01,0,8699
2023-08-01,1,244
2023-08-01,5,37
2023-08-01,6,27483
2023-08-01,7,115715
2023-08-01,8,255227
2023-08-01,9,140297
2023-08-01,10,83594
2023-08-01,11,77746
2023-08-01,12,87134
2023-08-01,13,90007
2023-08-01,14,79872
2023-08-01,15,80316
2023-08-01,16,96600
2023-08-01,17,159119
2023-08-01,18,251148
2023-08-01,19,170082
2023-08-01,20,96342
2023-08-01,21,86596
2023-08-01,22,68418
2023-08-01,23,24103
2023-08-02,0,10897
2023-08-02,1,338
2023-08-02,5,44
2023-08-02,6,26877
2023-08-02,7,115897
2023-08-02,8,255735
2023-08-02,9,138474
2023-08-02,10,81528
2023-08-02,11,78674
2023-08-02,12,88410
2023-08-02,13,91458
2023-08-02,14,80646
2023-08-02,15,81946
2023-08-02,16,98787
2023-08-02,17,162653
2023-08-02,18,252095
2023-08-02,19,168156
2023-08-02,20,93554
2023-08-02,21,88711
2023-08-02,22,71257
2023-08-02,23,28670
2023-08-03,0,4670
2023-08-03,1,114
2023-08-03,5,25
2023-08-03,6,9710
2023-08-03,7,17796
2023-08-03,8,22585
2023-08-03,9,24849
2023-08-03,10,27434
2023-08-03,11,31786
2023-08-03,12,32816
2023-08-03,13,33644
2023-08-03,14,36629
2023-08-03,15,34732
2023-08-03,16,35404
2023-08-03,17,42645
2023-08-03,18,41384
2023-08-03,19,33386
2023-08-03,20,26020
2023-08-03,21,22101
2023-08-03,22,17178
2023-08-03,23,10821
2023-08-04,0,15833
2023-08-04,1,468
2023-08-04,5,35
2023-08-04,6,26655
2023-08-04,7,114352
2023-08-04,8,245825
2023-08-04,9,126404
2023-08-04,10,80630
2023-08-04,11,81147
2023-08-04,12,93134
2023-08-04,13,97945
2023-08-04,14,89385
2023-08-04,15,91075
2023-08-04,16,107506
2023-08-04,17,173485
2023-08-04,18,257102
2023-08-04,19,175676
2023-08-04,20,107668
2023-08-04,21,101384
2023-08-04,22,87025
2023-08-04,23,41516
2023-08-05,0,14973
2023-08-05,1,467
2023-08-05,5,44
2023-08-05,6,18131
2023-08-05,7,36513
2023-08-05,8,64232
2023-08-05,9,76667
2023-08-05,10,91920
2023-08-05,11,111400
2023-08-05,12,112799
2023-08-05,13,119522
2023-08-05,14,115529
2023-08-05,15,115496
2023-08-05,16,127654
2023-08-05,17,152694
2023-08-05,18,138319
2023-08-05,19,106536
2023-08-05,20,91174
2023-08-05,21,92901
2023-08-05,22,84444
2023-08-05,23,40191
2023-08-06,0,9856
2023-08-06,1,279
2023-08-06,5,31
2023-08-06,6,15277
2023-08-06,7,28184
2023-08-06,8,47439
2023-08-06,9,61963
2023-08-06,10,76139
2023-08-06,11,97166
2023-08-06,12,93583
2023-08-06,13,101781
2023-08-06,14,102568
2023-08-06,15,103010
2023-08-06,16,115029
2023-08-06,17,131908
2023-08-06,18,114043
2023-08-06,19,92506
2023-08-06,20,83066
2023-08-06,21,81251
2023-08-06,22,64739
2023-08-06,23,26882
2023-08-07,0,8697
2023-08-07,1,263
2023-08-07,5,36
2023-08-07,6,28069
2023-08-07,7,114108
2023-08-07,8,249083
2023-08-07,9,134072
2023-08-07,10,83057
2023-08-07,11,82462
2023-08-07,12,90833
2023-08-07,13,92900
2023-08-07,14,84516
2023-08-07,15,86027
2023-08-07,16,102108
2023-08-07,17,161705
2023-08-07,18,246706
2023-08-07,19,167714
2023-08-07,20,98613
2023-08-07,21,84984
2023-08-07,22,66285
2023-08-07,23,24325
2023-08-08,0,8479
2023-08-08,1,239
2023-08-08,5,31
2023-08-08,6,27316
2023-08-08,7,116108
2023-08-08,8,252297
2023-08-08,9,136192
2023-08-08,10,85800
2023-08-08,11,82676
2023-08-08,12,91501
2023-08-08,13,94425
2023-08-08,14,85328
2023-08-08,15,86672
2023-08-08,16,102538
2023-08-08,17,165089
2023-08-08,18,251461
2023-08-08,19,170150
2023-08-08,20,95640
2023-08-08,21,83683
2023-08-08,22,63881
2023-08-08,23,23742
2023-08-09,0,9951
2023-08-09,1,311
2023-08-09,5,33
2023-08-09,6,27414
2023-08-09,7,116478
2023-08-09,8,252453
2023-08-09,9,138409
2023-08-09,10,84847
2023-08-09,11,84755
2023-08-09,12,93576
2023-08-09,13,96359
2023-08-09,14,86960
2023-08-09,15,87817
2023-08-09,16,105671
2023-08-09,17,171202
2023-08-09,18,257032
2023-08-09,19,175995
2023-08-09,20,102099
2023-08-09,21,101150
2023-08-09,22,77442
2023-08-09,23,28403
2023-08-10,0,10114
2023-08-10,1,353
2023-08-10,5,33
2023-08-10,6,28352
2023-08-10,7,115700
2023-08-10,8,251282
2023-08-10,9,138651
2023-08-10,10,87700
2023-08-10,11,86959
2023-08-10,12,94541
2023-08-10,13,98308
2023-08-10,14,91696
2023-08-10,15,83600
2023-08-10,16,96544
2023-08-10,17,171857
2023-08-10,18,260704
2023-08-10,19,179905
2023-08-10,20,100647
2023-08-10,21,91346
2023-08-10,22,73669
2023-08-10,23,28151
2023-08-11,0,17725
2023-08-11,1,590
2023-08-11,5,34
2023-08-11,6,27328
2023-08-11,7,113789
2023-08-11,8,244724
2023-08-11,9,134620
2023-08-11,10,89418
2023-08-11,11,90637
2023-08-11,12,100998
2023-08-11,13,106375
2023-08-11,14,95137
2023-08-11,15,92411
2023-08-11,16,111402
2023-08-11,17,179399
2023-08-11,18,268750
2023-08-11,19,178504
2023-08-11,20,107840
2023-08-11,21,103730
2023-08-11,22,92378
2023-08-11,23,43718
2023-08-12,0,17063
2023-08-12,1,465
2023-08-12,5,35
2023-08-12,6,19459
2023-08-12,7,39458
2023-08-12,8,69860
2023-08-12,9,83576
2023-08-12,10,98670
2023-08-12,11,117617
2023-08-12,12,118414
2023-08-12,13,129632
2023-08-12,14,118052
2023-08-12,15,117476
2023-08-12,16,130245
2023-08-12,17,160295
2023-08-12,18,145796
2023-08-12,19,113039
2023-08-12,20,96375
2023-08-12,21,96749
2023-08-12,22,87345
2023-08-12,23,41830
2023-08-13,0,10784
2023-08-13,1,257
2023-08-13,5,32
2023-08-13,6,16984
2023-08-13,7,30695
2023-08-13,8,50864
2023-08-13,9,67838
2023-08-13,10,82259
2023-08-13,11,102027
2023-08-13,12,101128
2023-08-13,13,106827
2023-08-13,14,107459
2023-08-13,15,110827
2023-08-13,16,117425
2023-08-13,17,138767
2023-08-13,18,120333
2023-08-13,19,94388
2023-08-13,20,85761
2023-08-13,21,81893
2023-08-13,22,64163
2023-08-13,23,28822
2023-08-14,0,8660
2023-08-14,1,283
2023-08-14,5,39
2023-08-14,6,28160
2023-08-14,7,111931
2023-08-14,8,243265
2023-08-14,9,134938
2023-08-14,10,85819
2023-08-14,11,85522
2023-08-14,12,91630
2023-08-14,13,93933
2023-08-14,14,86159
2023-08-14,15,87151
2023-08-14,16,103740
2023-08-14,17,162772
2023-08-14,18,245317
2023-08-14,19,165828
2023-08-14,20,97736
2023-08-14,21,84952
2023-08-14,22,66067
2023-08-14,23,24813
2023-08-15,0,8932
2023-08-15,1,247
2023-08-15,5,39
2023-08-15,6,28100
2023-08-15,7,114463
2023-08-15,8,251582
2023-08-15,9,138949
2023-08-15,10,88055
2023-08-15,11,86567
2023-08-15,12,93871
2023-08-15,13,96319
2023-08-15,14,87202
2023-08-15,15,88149
2023-08-15,16,105449
2023-08-15,17,168070
2023-08-15,18,251591
2023-08-15,19,170427
2023-08-15,20,100900
2023-08-15,21,92456
2023-08-15,22,71222
2023-08-15,23,25628
2023-08-16,0,9695
2023-08-16,1,293
2023-08-16,5,36
2023-08-16,6,27468
2023-08-16,7,114032
2023-08-16,8,252756
2023-08-16,9,137892
2023-08-16,10,80376
2023-08-16,11,74655
2023-08-16,12,84959
2023-08-16,13,89753
2023-08-16,14,81828
2023-08-16,15,81322
2023-08-16,16,99356
2023-08-16,17,165533
2023-08-16,18,253425
2023-08-16,19,169756
2023-08-16,20,97341
2023-08-16,21,97000
2023-08-16,22,74481
2023-08-16,23,27919
2023-08-17,0,9516
2023-08-17,1,279
2023-08-17,5,33
2023-08-17,6,27799
2023-08-17,7,114561
2023-08-17,8,250146
2023-08-17,9,134536
2023-08-17,10,85021
2023-08-17,11,83860
2023-08-17,12,92980
2023-08-17,13,96726
2023-08-17,14,84336
2023-08-17,15,81356
2023-08-17,16,102920
2023-08-17,17,168903
2023-08-17,18,253017
2023-08-17,19,165333
2023-08-17,20,97570
2023-08-17,21,93525
2023-08-17,22,75873
2023-08-17,23,27617
2023-08-18,0,16999
2023-08-18,1,521
2023-08-18,5,42
2023-08-18,6,27958
2023-08-18,7,111379
2023-08-18,8,244049
2023-08-18,9,134154
2023-08-18,10,90222
2023-08-18,11,91468
2023-08-18,12,101007
2023-08-18,13,106104
2023-08-18,14,99792
2023-08-18,15,101423
2023-08-18,16,118096
2023-08-18,17,181788
2023-08-18,18,264417
2023-08-18,19,175388
2023-08-18,20,108884
2023-08-18,21,105688
2023-08-18,22,92100
2023-08-18,23,42716
2023-08-19,0,15977
2023-08-19,1,466
2023-08-19,5,52
2023-08-19,6,20333
2023-08-19,7,41480
2023-08-19,8,69149
2023-08-19,9,84346
2023-08-19,10,98424
2023-08-19,11,117029
2023-08-19,12,120347
2023-08-19,13,129266
2023-08-19,14,124971
2023-08-19,15,121847
2023-08-19,16,134413
2023-08-19,17,167716
2023-08-19,18,152977
2023-08-19,19,112474
2023-08-19,20,91393
2023-08-19,21,93747
2023-08-19,22,83538
2023-08-19,23,41275
2023-08-20,0,10850
2023-08-20,1,262
2023-08-20,5,35
2023-08-20,6,17191
2023-08-20,7,31825
2023-08-20,8,52763
2023-08-20,9,68822
2023-08-20,10,83226
2023-08-20,11,103678
2023-08-20,12,105732
2023-08-20,13,116499
2023-08-20,14,104543
2023-08-20,15,104551
2023-08-20,16,114929
2023-08-20,17,137904
2023-08-20,18,122683
2023-08-20,19,103401
2023-08-20,20,84013
2023-08-20,21,93956
2023-08-20,22,74586
2023-08-20,23,30401
2023-08-21,0,8401
2023-08-21,1,284
2023-08-21,5,36
2023-08-21,6,27176
2023-08-21,7,109940
2023-08-21,8,245682
2023-08-21,9,132308
2023-08-21,10,85651
2023-08-21,11,87108
2023-08-21,12,92393
2023-08-21,13,95058
2023-08-21,14,87984
2023-08-21,15,85352
2023-08-21,16,101819
2023-08-21,17,163239
2023-08-21,18,244880
2023-08-21,19,165208
2023-08-21,20,94794
2023-08-21,21,82542
2023-08-21,22,63358
2023-08-21,23,23752
2023-08-22,0,9825
2023-08-22,1,314
2023-08-22,5,28
2023-08-22,6,28223
2023-08-22,7,116436
2023-08-22,8,251911
2023-08-22,9,137531
2023-08-22,10,88060
2023-08-22,11,86791
2023-08-22,12,92467
2023-08-22,13,95678
2023-08-22,14,88846
2023-08-22,15,75515
2023-08-22,16,100085
2023-08-22,17,170024
2023-08-22,18,252340
2023-08-22,19,171685
2023-08-22,20,99273
2023-08-22,21,90938
2023-08-22,22,71389
2023-08-22,23,26780
2023-08-23,0,9504
2023-08-23,1,306
2023-08-23,5,38
2023-08-23,6,28162
2023-08-23,7,117778
2023-08-23,8,252439
2023-08-23,9,140765
2023-08-23,10,88483
2023-08-23,11,88265
2023-08-23,12,93883
2023-08-23,13,97570
2023-08-23,14,87720
2023-08-23,15,90209
2023-08-23,16,104061
2023-08-23,17,166080
2023-08-23,18,255666
2023-08-23,19,168532
2023-08-23,20,98828
2023-08-23,21,92432
2023-08-23,22,69316
2023-08-23,23,25735
2023-08-24,0,9745
2023-08-24,1,300
2023-08-24,5,41
2023-08-24,6,28180
2023-08-24,7,116577
2023-08-24,8,251247
2023-08-24,9,139276
2023-08-24,10,88605
2023-08-24,11,87931
2023-08-24,12,94590
2023-08-24,13,97959
2023-08-24,14,89897
2023-08-24,15,88352
2023-08-24,16,107116
2023-08-24,17,172522
2023-08-24,18,254927
2023-08-24,19,167631
2023-08-24,20,99129
2023-08-24,21,94091
2023-08-24,22,74302
2023-08-24,23,27492
2023-08-25,0,16339
2023-08-25,1,483
2023-08-25,5,41
2023-08-25,6,27806
2023-08-25,7,111411
2023-08-25,8,242632
2023-08-25,9,135609
2023-08-25,10,92567
2023-08-25,11,91768
2023-08-25,12,98743
2023-08-25,13,103004
2023-08-25,14,96689
2023-08-25,15,98081
2023-08-25,16,116585
2023-08-25,17,184657
2023-08-25,18,263910
2023-08-25,19,176872
2023-08-25,20,108660
2023-08-25,21,105007
2023-08-25,22,91612
2023-08-25,23,41240
2023-08-26,0,15282
2023-08-26,1,420
2023-08-26,5,43
2023-08-26,6,19873
2023-08-26,7,38682
2023-08-26,8,66739
2023-08-26,9,81732
2023-08-26,10,94519
2023-08-26,11,110745
2023-08-26,12,112710
2023-08-26,13,120187
2023-08-26,14,114313
2023-08-26,15,115312
2023-08-26,16,127452
2023-08-26,17,153488
2023-08-26,18,140385
2023-08-26,19,109822
2023-08-26,20,94350
2023-08-26,21,95934
2023-08-26,22,85125
2023-08-26,23,38202
2023-08-27,0,9787
2023-08-27,1,311
2023-08-27,5,42
2023-08-27,6,15905
2023-08-27,7,29500
2023-08-27,8,50622
2023-08-27,9,65472
2023-08-27,10,77435
2023-08-27,11,93985
2023-08-27,12,95097
2023-08-27,13,103106
2023-08-27,14,97725
2023-08-27,15,97857
2023-08-27,16,108810
2023-08-27,17,128230
2023-08-27,18,114003
2023-08-27,19,92719
2023-08-27,20,80920
2023-08-27,21,81205
2023-08-27,22,62805
2023-08-27,23,27838
2023-08-28,0,8547
2023-08-28,1,292
2023-08-28,5,30
2023-08-28,6,27246
2023-08-28,7,108930
2023-08-28,8,242224
2023-08-28,9,128950
2023-08-28,10,84258
2023-08-28,11,84409
2023-08-28,12,87752
2023-08-28,13,92000
2023-08-28,14,84799
2023-08-28,15,83839
2023-08-28,16,99363
2023-08-28,17,159045
2023-08-28,18,245753
2023-08-28,19,165062
2023-08-28,20,93779
2023-08-28,21,80364
2023-08-28,22,62464
2023-08-28,23,22804
2023-08-29,0,8726
2023-08-29,1,281
2023-08-29,5,36
2023-08-29,6,27229
2023-08-29,7,111777
2023-08-29,8,246933
2023-08-29,9,131523
2023-08-29,10,83771
2023-08-29,11,81663
2023-08-29,12,84950
2023-08-29,13,89786
2023-08-29,14,82625
2023-08-29,15,82095
2023-08-29,16,97222
2023-08-29,17,160536
2023-08-29,18,248367
2023-08-29,19,167217
2023-08-29,20,95086
2023-08-29,21,85752
2023-08-29,22,65266
2023-08-29,23,23990
2023-08-30,0,8644
2023-08-30,1,273
2023-08-30,5,39
2023-08-30,6,31403
2023-08-30,7,147374
2023-08-30,8,243927
2023-08-30,9,122533
2023-08-30,10,73844
2023-08-30,11,69774
2023-08-30,12,74006
2023-08-30,13,75354
2023-08-30,14,70233
2023-08-30,15,71446
2023-08-30,16,111011
2023-08-30,17,170454
2023-08-30,18,243561
2023-08-30,19,163055
2023-08-30,20,94074
2023-08-30,21,86930
2023-08-30,22,66950
2023-08-30,23,24109
2023-08-31,0,10121
2023-08-31,1,337
2023-08-31,5,26
2023-08-31,6,30648
2023-08-31,7,147966
2023-08-31,8,247620
2023-08-31,9,126583
2023-08-31,10,77110
2023-08-31,11,74614
2023-08-31,12,76699
2023-08-31,13,81146
2023-08-31,14,77509
2023-08-31,15,78299
2023-08-31,16,119654
2023-08-31,17,178636
2023-08-31,18,253793
2023-08-31,19,165937
2023-08-31,20,95731
2023-08-31,21,91196
2023-08-31,22,79048
2023-08-31,23,27466
2023-09-01,0,14527
2023-09-01,1,467
2023-09-01,5,44
2023-09-01,6,31112
2023-09-01,7,148515
2023-09-01,8,245623
2023-09-01,9,124545
2023-09-01,10,80755
2023-09-01,11,80704
2023-09-01,12,85152
2023-09-01,13,88387
2023-09-01,14,84822
2023-09-01,15,86748
2023-09-01,16,126648
2023-09-01,17,191555
2023-09-01,18,269679
2023-09-01,19,181387
2023-09-01,20,104561
2023-09-01,21,99517
2023-09-01,22,86569
2023-09-01,23,39077
2023-09-02,0,12936
2023-09-02,1,376
2023-09-02,5,23
2023-09-02,6,15324
2023-09-02,7,32890
2023-09-02,8,58440
2023-09-02,9,70678
2023-09-02,10,79962
2023-09-02,11,92939
2023-09-02,12,99214
2023-09-02,13,106022
2023-09-02,14,100213
2023-09-02,15,98309
2023-09-02,16,106897
2023-09-02,17,132862
2023-09-02,18,122835
2023-09-02,19,95304
2023-09-02,20,78443
2023-09-02,21,79194
2023-09-02,22,71543
2023-09-02,23,33619
2023-09-03,0,6999
2023-09-03,1,183
2023-09-03,5,20
2023-09-03,6,11600
2023-09-03,7,20828
2023-09-03,8,37396
2023-09-03,9,49354
2023-09-03,10,57036
2023-09-03,11,67931
2023-09-03,12,72088
2023-09-03,13,76498
2023-09-03,14,72824
2023-09-03,15,72763
2023-09-03,16,79631
2023-09-03,17,91586
2023-09-03,18,81221
2023-09-03,19,66165
2023-09-03,20,59819
2023-09-03,21,56143
2023-09-03,22,43068
2023-09-03,23,18724
2023-09-04,0,7753
2023-09-04,1,232
2023-09-04,5,28
2023-09-04,6,28751
2023-09-04,7,145122
2023-09-04,8,255171
2023-09-04,9,129005
2023-09-04,10,72440
2023-09-04,11,66851
2023-09-04,12,72362
2023-09-04,13,75900
2023-09-04,14,69902
2023-09-04,15,72525
2023-09-04,16,110151
2023-09-04,17,167795
2023-09-04,18,248088
2023-09-04,19,161675
2023-09-04,20,90830
2023-09-04,21,79236
2023-09-04,22,60965
2023-09-04,23,21749
2023-09-05,0,8455
2023-09-05,1,271
2023-09-05,5,25
2023-09-05,6,31728
2023-09-05,7,154958
2023-09-05,8,256835
2023-09-05,9,134833
2023-09-05,10,79404
2023-09-05,11,76101
2023-09-05,12,79370
2023-09-05,13,82386
2023-09-05,14,77402
2023-09-05,15,78188
2023-09-05,16,115950
2023-09-05,17,175948
2023-09-05,18,253792
2023-09-05,19,166303
2023-09-05,20,100542
2023-09-05,21,89003
2023-09-05,22,67724
2023-09-05,23,24135
2023-09-06,0,8545
2023-09-06,1,247
2023-09-06,5,25
2023-09-06,6,31889
2023-09-06,7,153902
2023-09-06,8,258625
2023-09-06,9,137032
2023-09-06,10,82349
2023-09-06,11,79683
2023-09-06,12,84522
2023-09-06,13,87807
2023-09-06,14,78825
2023-09-06,15,75517
2023-09-06,16,118615
2023-09-06,17,187609
2023-09-06,18,263005
2023-09-06,19,172704
2023-09-06,20,98465
2023-09-06,21,92211
2023-09-06,22,71520
2023-09-06,23,25047
2023-09-07,0,9755
2023-09-07,1,294
2023-09-07,5,37
2023-09-07,6,31831
2023-09-07,7,151739
2023-09-07,8,260896
2023-09-07,9,139344
2023-09-07,10,85382
2023-09-07,11,79963
2023-09-07,12,84742
2023-09-07,13,86966
2023-09-07,14,82771
2023-09-07,15,82722
2023-09-07,16,123235
2023-09-07,17,192962
2023-09-07,18,263341
2023-09-07,19,168702
2023-09-07,20,98249
2023-09-07,21,93895
2023-09-07,22,74827
2023-09-07,23,27686
2023-09-08,0,16433
2023-09-08,1,573
2023-09-08,5,33
2023-09-08,6,31954
2023-09-08,7,152401
2023-09-08,8,253437
2023-09-08,9,134578
2023-09-08,10,86063
2023-09-08,11,83940
2023-09-08,12,90905
2023-09-08,13,95434
2023-09-08,14,89559
2023-09-08,15,91333
2023-09-08,16,134565
2023-09-08,17,201347
2023-09-08,18,275017
2023-09-08,19,180768
2023-09-08,20,109497
2023-09-08,21,108216
2023-09-08,22,96492
2023-09-08,23,42738
2023-09-09,0,16978
2023-09-09,1,595
2023-09-09,5,47
2023-09-09,6,20028
2023-09-09,7,43002
2023-09-09,8,71796
2023-09-09,9,83951
2023-09-09,10,94078
2023-09-09,11,113707
2023-09-09,12,120998
2023-09-09,13,129859
2023-09-09,14,122312
2023-09-09,15,121235
2023-09-09,16,132890
2023-09-09,17,160578
2023-09-09,18,149308
2023-09-09,19,113784
2023-09-09,20,95443
2023-09-09,21,97655
2023-09-09,22,89265
2023-09-09,23,42999
2023-09-10,0,9395
2023-09-10,1,259
2023-09-10,5,33
2023-09-10,6,16478
2023-09-10,7,30736
2023-09-10,8,51062
2023-09-10,9,67220
2023-09-10,10,77934
2023-09-10,11,96011
2023-09-10,12,100347
2023-09-10,13,108627
2023-09-10,14,109524
2023-09-10,15,110370
2023-09-10,16,119579
2023-09-10,17,136973
2023-09-10,18,122507
2023-09-10,19,101051
2023-09-10,20,85543
2023-09-10,21,82650
2023-09-10,22,60960
2023-09-10,23,25804
2023-09-11,0,7938
2023-09-11,1,217
2023-09-11,5,35
2023-09-11,6,33009
2023-09-11,7,156171
2023-09-11,8,258038
2023-09-11,9,137096
2023-09-11,10,79024
2023-09-11,11,74626
2023-09-11,12,80754
2023-09-11,13,81085
2023-09-11,14,74994
2023-09-11,15,78966
2023-09-11,16,114223
2023-09-11,17,179793
2023-09-11,18,255458
2023-09-11,19,163534
2023-09-11,20,94738
2023-09-11,21,84647
2023-09-11,22,64621
2023-09-11,23,23034
2023-09-12,0,8246
2023-09-12,1,285
2023-09-12,5,35
2023-09-12,6,33050
2023-09-12,7,159035
2023-09-12,8,267437
2023-09-12,9,141390
2023-09-12,10,81572
2023-09-12,11,74190
2023-09-12,12,82608
2023-09-12,13,82368
2023-09-12,14,75201
2023-09-12,15,80374
2023-09-12,16,117072
2023-09-12,17,185090
2023-09-12,18,261536
2023-09-12,19,164285
2023-09-12,20,95564
2023-09-12,21,90279
2023-09-12,22,68616
2023-09-12,23,23921
2023-09-13,0,9183
2023-09-13,1,303
2023-09-13,5,30
2023-09-13,6,32240
2023-09-13,7,158346
2023-09-13,8,265693
2023-09-13,9,139507
2023-09-13,10,79931
2023-09-13,11,76181
2023-09-13,12,84651
2023-09-13,13,85447
2023-09-13,14,78344
2023-09-13,15,82231
2023-09-13,16,117637
2023-09-13,17,185653
2023-09-13,18,260643
2023-09-13,19,164066
2023-09-13,20,97275
2023-09-13,21,93802
2023-09-13,22,72249
2023-09-13,23,25355
2023-09-14,0,9288
2023-09-14,1,249
2023-09-14,5,38
2023-09-14,6,32645
2023-09-14,7,157946
2023-09-14,8,263276
2023-09-14,9,140544
2023-09-14,10,81733
2023-09-14,11,76038
2023-09-14,12,83402
2023-09-14,13,85303
2023-09-14,14,77137
2023-09-14,15,81332
2023-09-14,16,116971
2023-09-14,17,187147
2023-09-14,18,262731
2023-09-14,19,165917
2023-09-14,20,98257
2023-09-14,21,96300
2023-09-14,22,74652
2023-09-14,23,26244
2023-09-15,0,16662
2023-09-15,1,519
2023-09-15,5,45
2023-09-15,6,32284
2023-09-15,7,155357
2023-09-15,8,256488
2023-09-15,9,136366
2023-09-15,10,86696
2023-09-15,11,84144
2023-09-15,12,93431
2023-09-15,13,97373
2023-09-15,14,90484
2023-09-15,15,96068
2023-09-15,16,136974
2023-09-15,17,206669
2023-09-15,18,277833
2023-09-15,19,178136
2023-09-15,20,108654
2023-09-15,21,110682
2023-09-15,22,97483
2023-09-15,23,42609
2023-09-16,0,17046
2023-09-16,1,467
2023-09-16,5,45
2023-09-16,6,21386
2023-09-16,7,45801
2023-09-16,8,82771
2023-09-16,9,92042
2023-09-16,10,99177
2023-09-16,11,120955
2023-09-16,12,131534
2023-09-16,13,138310
2023-09-16,14,127404
2023-09-16,15,127344
2023-09-16,16,139434
2023-09-16,17,169627
2023-09-16,18,150266
2023-09-16,19,112949
2023-09-16,20,101632
2023-09-16,21,105585
2023-09-16,22,88671
2023-09-16,23,41765
2023-09-17,0,10259
2023-09-17,1,247
2023-09-17,5,46
2023-09-17,6,16994
2023-09-17,7,31973
2023-09-17,8,54261
2023-09-17,9,69543
2023-09-17,10,81825
2023-09-17,11,99531
2023-09-17,12,101390
2023-09-17,13,110794
2023-09-17,14,111167
2023-09-17,15,112012
2023-09-17,16,120657
2023-09-17,17,137236
2023-09-17,18,119319
2023-09-17,19,96512
2023-09-17,20,93774
2023-09-17,21,82988
2023-09-17,22,59557
2023-09-17,23,26586
2023-09-18,0,8014
2023-09-18,1,234
2023-09-18,5,42
2023-09-18,6,33054
2023-09-18,7,156031
2023-09-18,8,256535
2023-09-18,9,136474
2023-09-18,10,81283
2023-09-18,11,76197
2023-09-18,12,82353
2023-09-18,13,82708
2023-09-18,14,73519
2023-09-18,15,77308
2023-09-18,16,110497
2023-09-18,17,176475
2023-09-18,18,255690
2023-09-18,19,162980
2023-09-18,20,93795
2023-09-18,21,84796
2023-09-18,22,66529
2023-09-18,23,22975
2023-09-19,0,8579
2023-09-19,1,251
2023-09-19,5,41
2023-09-19,6,32856
2023-09-19,7,158172
2023-09-19,8,263962
2023-09-19,9,142239
2023-09-19,10,83486
2023-09-19,11,74884
2023-09-19,12,82758
2023-09-19,13,82793
2023-09-19,14,74958
2023-09-19,15,79631
2023-09-19,16,113113
2023-09-19,17,182033
2023-09-19,18,263079
2023-09-19,19,167622
2023-09-19,20,97256
2023-09-19,21,92300
2023-09-19,22,72284
2023-09-19,23,24376
2023-09-20,0,9380
2023-09-20,1,285
2023-09-20,5,41
2023-09-20,6,32490
2023-09-20,7,157608
2023-09-20,8,264240
2023-09-20,9,140604
2023-09-20,10,82950
2023-09-20,11,77231
2023-09-20,12,87193
2023-09-20,13,87406
2023-09-20,14,79969
2023-09-20,15,83159
2023-09-20,16,118517
2023-09-20,17,188325
2023-09-20,18,265123
2023-09-20,19,168390
2023-09-20,20,97667
2023-09-20,21,95884
2023-09-20,22,80996
2023-09-20,23,28508
2023-09-21,0,9540
2023-09-21,1,288
2023-09-21,5,41
2023-09-21,6,33396
2023-09-21,7,157068
2023-09-21,8,262482
2023-09-21,9,140848
2023-09-21,10,82713
2023-09-21,11,76890
2023-09-21,12,84491
2023-09-21,13,85794
2023-09-21,14,77460
2023-09-21,15,79838
2023-09-21,16,115828
2023-09-21,17,185396
2023-09-21,18,264988
2023-09-21,19,165526
2023-09-21,20,98356
2023-09-21,21,96548
2023-09-21,22,77374
2023-09-21,23,27689
2023-09-22,0,13777
2023-09-22,1,430
2023-09-22,5,40
2023-09-22,6,32426
2023-09-22,7,155741
2023-09-22,8,258692
2023-09-22,9,137716
2023-09-22,10,85398
2023-09-22,11,81883
2023-09-22,12,91646
2023-09-22,13,93816
2023-09-22,14,85988
2023-09-22,15,90600
2023-09-22,16,129929
2023-09-22,17,198420
2023-09-22,18,277542
2023-09-22,19,175296
2023-09-22,20,108071
2023-09-22,21,108087
2023-09-22,22,89759
2023-09-22,23,36506
2023-09-23,0,17696
2023-09-23,1,532
2023-09-23,5,58
2023-09-23,6,29468
2023-09-23,7,125855
2023-09-23,8,189491
2023-09-23,9,101731
2023-09-23,10,85117
2023-09-23,11,94221
2023-09-23,12,98391
2023-09-23,13,101335
2023-09-23,14,97867
2023-09-23,15,101498
2023-09-23,16,142143
2023-09-23,17,200153
2023-09-23,18,239234
2023-09-23,19,141847
2023-09-23,20,96208
2023-09-23,21,99091
2023-09-23,22,92917
2023-09-23,23,44227
2023-09-24,0,9026
2023-09-24,1,249
2023-09-24,5,43
2023-09-24,6,18126
2023-09-24,7,32760
2023-09-24,8,54720
2023-09-24,9,68844
2023-09-24,10,78968
2023-09-24,11,97185
2023-09-24,12,98602
2023-09-24,13,107971
2023-09-24,14,106059
2023-09-24,15,106860
2023-09-24,16,118098
2023-09-24,17,140082
2023-09-24,18,120599
2023-09-24,19,94809
2023-09-24,20,86608
2023-09-24,21,84109
2023-09-24,22,58509
2023-09-24,23,24668
2023-09-25,0,8252
2023-09-25,1,270
2023-09-25,5,44
2023-09-25,6,32947
2023-09-25,7,154504
2023-09-25,8,258987
2023-09-25,9,138962
2023-09-25,10,82469
2023-09-25,11,75942
2023-09-25,12,82628
2023-09-25,13,82680
2023-09-25,14,75135
2023-09-25,15,79057
2023-09-25,16,112810
2023-09-25,17,180170
2023-09-25,18,259721
2023-09-25,19,165211
2023-09-25,20,95515
2023-09-25,21,88474
2023-09-25,22,68109
2023-09-25,23,23236
2023-09-26,0,8656
2023-09-26,1,240
2023-09-26,5,30
2023-09-26,6,32585
2023-09-26,7,158032
2023-09-26,8,264954
2023-09-26,9,144897
2023-09-26,10,85365
2023-09-26,11,78010
2023-09-26,12,85045
2023-09-26,13,86674
2023-09-26,14,78500
2023-09-26,15,84725
2023-09-26,16,117144
2023-09-26,17,187272
2023-09-26,18,269746
2023-09-26,19,172433
2023-09-26,20,99971
2023-09-26,21,97152
2023-09-26,22,76526
2023-09-26,23,25720
2023-09-27,0,10579
2023-09-27,1,320
2023-09-27,5,38
2023-09-27,6,32100
2023-09-27,7,157439
2023-09-27,8,267618
2023-09-27,9,145954
2023-09-27,10,84747
2023-09-27,11,80195
2023-09-27,12,90271
2023-09-27,13,90993
2023-09-27,14,83671
2023-09-27,15,87585
2023-09-27,16,120863
2023-09-27,17,189652
2023-09-27,18,271180
2023-09-27,19,174579
2023-09-27,20,104317
2023-09-27,21,101903
2023-09-27,22,80847
2023-09-27,23,29291
2023-09-28,0,15943
2023-09-28,1,546
2023-09-28,5,36
2023-09-28,6,32773
2023-09-28,7,153402
2023-09-28,8,252965
2023-09-28,9,134428
2023-09-28,10,85606
2023-09-28,11,81856
2023-09-28,12,91504
2023-09-28,13,94166
2023-09-28,14,88860
2023-09-28,15,93241
2023-09-28,16,130330
2023-09-28,17,202048
2023-09-28,18,277755
2023-09-28,19,183116
2023-09-28,20,112633
2023-09-28,21,106591
2023-09-28,22,89855
2023-09-28,23,40266
2023-09-29,0,14647
2023-09-29,1,398
2023-09-29,5,34
2023-09-29,6,17559
2023-09-29,7,29730
2023-09-29,8,42449
2023-09-29,9,59000
2023-09-29,10,79231
2023-09-29,11,96350
2023-09-29,12,86472
2023-09-29,13,92690
2023-09-29,14,101153
2023-09-29,15,101200
2023-09-29,16,109281
2023-09-29,17,121831
2023-09-29,18,109045
2023-09-29,19,82870
2023-09-29,20,75045
2023-09-29,21,74113
2023-09-29,22,66418
2023-09-29,23,36008
2023-09-30,0,16356
2023-09-30,1,441
2023-09-30,5,45
2023-09-30,6,14935
2023-09-30,7,27188
2023-09-30,8,43767
2023-09-30,9,62743
2023-09-30,10,80703
2023-09-30,11,98779
2023-09-30,12,94531
2023-09-30,13,103471
2023-09-30,14,106222
2023-09-30,15,109125
2023-09-30,16,119503
2023-09-30,17,136341
2023-09-30,18,122529
2023-09-30,19,95252
2023-09-30,20,85269
2023-09-30,21,86062
2023-09-30,22,76837
2023-09-30,23,40844
2023-10-01,0,10835
2023-10-01,1,278
2023-10-01,5,39
2023-10-01,6,14047
2023-10-01,7,23988
2023-10-01,8,40591
2023-10-01,9,58598
2023-10-01,10,72526
2023-10-01,11,90972
2023-10-01,12,88854
2023-10-01,13,99298
2023-10-01,14,101500
2023-10-01,15,103490
2023-10-01,16,110654
2023-10-01,17,120642
2023-10-01,18,107440
2023-10-01,19,86937
2023-10-01,20,78572
2023-10-01,21,73572
2023-10-01,22,56387
2023-10-01,23,26110
2023-10-02,0,8484
2023-10-02,1,230
2023-10-02,5,54
2023-10-02,6,32043
2023-10-02,7,152521
2023-10-02,8,261231
2023-10-02,9,140522
2023-10-02,10,82915
2023-10-02,11,75572
2023-10-02,12,81645
2023-10-02,13,82107
2023-10-02,14,74259
2023-10-02,15,77296
2023-10-02,16,109669
2023-10-02,17,177177
2023-10-02,18,257472
2023-10-02,19,164860
2023-10-02,20,94409
2023-10-02,21,87227
2023-10-02,22,67863
2023-10-02,23,23515
2023-10-03,0,8076
2023-10-03,1,260
2023-10-03,5,31
2023-10-03,6,31588
2023-10-03,7,156226
2023-10-03,8,266000
2023-10-03,9,143314
2023-10-03,10,83202
2023-10-03,11,74736
2023-10-03,12,82561
2023-10-03,13,83899
2023-10-03,14,75887
2023-10-03,15,79776
2023-10-03,16,114046
2023-10-03,17,183422
2023-10-03,18,264777
2023-10-03,19,169701
2023-10-03,20,96286
2023-10-03,21,93018
2023-10-03,22,72392
2023-10-03,23,23607
2023-10-04,0,8632
2023-10-04,1,286
2023-10-04,5,25
2023-10-04,6,29834
2023-10-04,7,153214
2023-10-04,8,266993
2023-10-04,9,145398
2023-10-04,10,79561
2023-10-04,11,69787
2023-10-04,12,80593
2023-10-04,13,81691
2023-10-04,14,71310
2023-10-04,15,74275
2023-10-04,16,108889
2023-10-04,17,179024
2023-10-04,18,261840
2023-10-04,19,167381
2023-10-04,20,95861
2023-10-04,21,92797
2023-10-04,22,72789
2023-10-04,23,24268
2023-10-05,0,9543
2023-10-05,1,301
2023-10-05,5,22
2023-10-05,6,28088
2023-10-05,7,148969
2023-10-05,8,260869
2023-10-05,9,136672
2023-10-05,10,77952
2023-10-05,11,70032
2023-10-05,12,78323
2023-10-05,13,81622
2023-10-05,14,72569
2023-10-05,15,75724
2023-10-05,16,108234
2023-10-05,17,179569
2023-10-05,18,267181
2023-10-05,19,168963
2023-10-05,20,96524
2023-10-05,21,93607
2023-10-05,22,74087
2023-10-05,23,26655
2023-10-06,0,16846
2023-10-06,1,538
2023-10-06,5,24
2023-10-06,6,31595
2023-10-06,7,152940
2023-10-06,8,254537
2023-10-06,9,135433
2023-10-06,10,86107
2023-10-06,11,81388
2023-10-06,12,93559
2023-10-06,13,98148
2023-10-06,14,90587
2023-10-06,15,95792
2023-10-06,16,134373
2023-10-06,17,205222
2023-10-06,18,276867
2023-10-06,19,182634
2023-10-06,20,113079
2023-10-06,21,109011
2023-10-06,22,96472
2023-10-06,23,41713
2023-10-07,0,18884
2023-10-07,1,2596
2023-10-07,2,2148
2023-10-07,3,727
2023-10-07,5,44
2023-10-07,6,20093
2023-10-07,7,36411
2023-10-07,8,60575
2023-10-07,9,78163
2023-10-07,10,94527
2023-10-07,11,113306
2023-10-07,12,112933
2023-10-07,13,121091
2023-10-07,14,120110
2023-10-07,15,122695
2023-10-07,16,134680
2023-10-07,17,157415
2023-10-07,18,142222
2023-10-07,19,109236
2023-10-07,20,96743
2023-10-07,21,96544
2023-10-07,22,91053
2023-10-07,23,49340
2023-10-08,0,12975
2023-10-08,1,425
2023-10-08,5,37
2023-10-08,6,16596
2023-10-08,7,27057
2023-10-08,8,44356
2023-10-08,9,65829
2023-10-08,10,85572
2023-10-08,11,106846
2023-10-08,12,103331
2023-10-08,13,110917
2023-10-08,14,116184
2023-10-08,15,116833
2023-10-08,16,124913
2023-10-08,17,143569
2023-10-08,18,130596
2023-10-08,19,100413
2023-10-08,20,84582
2023-10-08,21,79456
2023-10-08,22,64734
2023-10-08,23,30590
2023-10-09,0,14439
2023-10-09,1,402
2023-10-09,5,27
2023-10-09,6,14784
2023-10-09,7,30781
2023-10-09,8,42440
2023-10-09,9,60685
2023-10-09,10,83090
2023-10-09,11,103756
2023-10-09,12,97873
2023-10-09,13,107004
2023-10-09,14,116605
2023-10-09,15,116475
2023-10-09,16,125692
2023-10-09,17,144201
2023-10-09,18,127635
2023-10-09,19,98997
2023-10-09,20,85903
2023-10-09,21,83961
2023-10-09,22,73988
2023-10-09,23,34977
2023-10-10,0,9874
2023-10-10,1,311
2023-10-10,5,41
2023-10-10,6,16486
2023-10-10,7,27335
2023-10-10,8,37164
2023-10-10,9,53867
2023-10-10,10,71808
2023-10-10,11,93333
2023-10-10,12,91061
2023-10-10,13,97143
2023-10-10,14,105843
2023-10-10,15,102233
2023-10-10,16,105394
2023-10-10,17,120828
2023-10-10,18,109954
2023-10-10,19,88198
2023-10-10,20,76498
2023-10-10,21,72204
2023-10-10,22,53690
2023-10-10,23,23939
2023-10-11,0,9012
2023-10-11,1,276
2023-10-11,5,32
2023-10-11,6,33119
2023-10-11,7,155524
2023-10-11,8,261361
2023-10-11,9,139901
2023-10-11,10,85387
2023-10-11,11,78884
2023-10-11,12,88315
2023-10-11,13,89313
2023-10-11,14,79922
2023-10-11,15,82138
2023-10-11,16,116731
2023-10-11,17,180428
2023-10-11,18,252406
2023-10-11,19,163937
2023-10-11,20,98774
2023-10-11,21,90038
2023-10-11,22,68473
2023-10-11,23,24916
2023-10-12,0,9741
2023-10-12,1,266
2023-10-12,5,40
2023-10-12,6,32489
2023-10-12,7,157448
2023-10-12,8,260453
2023-10-12,9,141360
2023-10-12,10,86840
2023-10-12,11,79870
2023-10-12,12,86766
2023-10-12,13,90437
2023-10-12,14,81935
2023-10-12,15,85804
2023-10-12,16,124153
2023-10-12,17,183330
2023-10-12,18,257919
2023-10-12,19,166630
2023-10-12,20,100333
2023-10-12,21,96049
2023-10-12,22,73964
2023-10-12,23,27330
2023-10-13,0,16368
2023-10-13,1,572
2023-10-13,5,24
2023-10-13,6,32080
2023-10-13,7,155027
2023-10-13,8,254828
2023-10-13,9,136681
2023-10-13,10,87686
2023-10-13,11,82421
2023-10-13,12,94941
2023-10-13,13,98363
2023-10-13,14,89679
2023-10-13,15,95232
2023-10-13,16,136847
2023-10-13,17,200319
2023-10-13,18,275127
2023-10-13,19,182113
2023-10-13,20,113094
2023-10-13,21,112071
2023-10-13,22,94938
2023-10-13,23,42239
2023-10-14,0,17733
2023-10-14,1,589
2023-10-14,5,44
2023-10-14,6,20314
2023-10-14,7,44007
2023-10-14,8,77825
2023-10-14,9,89068
2023-10-14,10,99492
2023-10-14,11,116444
2023-10-14,12,123272
2023-10-14,13,137467
2023-10-14,14,127574
2023-10-14,15,124715
2023-10-14,16,141038
2023-10-14,17,171482
2023-10-14,18,148963
2023-10-14,19,108954
2023-10-14,20,94442
2023-10-14,21,99568
2023-10-14,22,89114
2023-10-14,23,42074
2023-10-15,0,9741
2023-10-15,1,281
2023-10-15,5,39
2023-10-15,6,16997
2023-10-15,7,33177
2023-10-15,8,55838
2023-10-15,9,70926
2023-10-15,10,82584
2023-10-15,11,102151
2023-10-15,12,103614
2023-10-15,13,112355
2023-10-15,14,112884
2023-10-15,15,113184
2023-10-15,16,124993
2023-10-15,17,144242
2023-10-15,18,124405
2023-10-15,19,96993
2023-10-15,20,88767
2023-10-15,21,79237
2023-10-15,22,57112
2023-10-15,23,25246
2023-10-16,0,8407
2023-10-16,1,267
2023-10-16,5,25
2023-10-16,6,32832
2023-10-16,7,154906
2023-10-16,8,257855
2023-10-16,9,138052
2023-10-16,10,83219
2023-10-16,11,76224
2023-10-16,12,83373
2023-10-16,13,83344
2023-10-16,14,75887
2023-10-16,15,79473
2023-10-16,16,113567
2023-10-16,17,178401
2023-10-16,18,255932
2023-10-16,19,162256
2023-10-16,20,95314
2023-10-16,21,86704
2023-10-16,22,66841
2023-10-16,23,24069
2023-10-17,0,8654
2023-10-17,1,274
2023-10-17,5,33
2023-10-17,6,32796
2023-10-17,7,157999
2023-10-17,8,265388
2023-10-17,9,146091
2023-10-17,10,86497
2023-10-17,11,79453
2023-10-17,12,87189
2023-10-17,13,89097
2023-10-17,14,79830
2023-10-17,15,83816
2023-10-17,16,119261
2023-10-17,17,186056
2023-10-17,18,265384
2023-10-17,19,166278
2023-10-17,20,98445
2023-10-17,21,93432
2023-10-17,22,71867
2023-10-17,23,25296
2023-10-18,0,9432
2023-10-18,1,313
2023-10-18,5,35
2023-10-18,6,32998
2023-10-18,7,156508
2023-10-18,8,267356
2023-10-18,9,146756
2023-10-18,10,88040
2023-10-18,11,81405
2023-10-18,12,90081
2023-10-18,13,91768
2023-10-18,14,82553
2023-10-18,15,86507
2023-10-18,16,120733
2023-10-18,17,192328
2023-10-18,18,267404
2023-10-18,19,168536
2023-10-18,20,100946
2023-10-18,21,97453
2023-10-18,22,76660
2023-10-18,23,26491
2023-10-19,0,10185
2023-10-19,1,331
2023-10-19,5,35
2023-10-19,6,32781
2023-10-19,7,155857
2023-10-19,8,264306
2023-10-19,9,146565
2023-10-19,10,89064
2023-10-19,11,81711
2023-10-19,12,89275
2023-10-19,13,91030
2023-10-19,14,82523
2023-10-19,15,86563
2023-10-19,16,121108
2023-10-19,17,194239
2023-10-19,18,266862
2023-10-19,19,167626
2023-10-19,20,102049
2023-10-19,21,100042
2023-10-19,22,81169
2023-10-19,23,29534
2023-10-20,0,17068
2023-10-20,1,581
2023-10-20,5,34
2023-10-20,6,32467
2023-10-20,7,154334
2023-10-20,8,257131
2023-10-20,9,141589
2023-10-20,10,91188
2023-10-20,11,88049
2023-10-20,12,99508
2023-10-20,13,102705
2023-10-20,14,92471
2023-10-20,15,96565
2023-10-20,16,138195
2023-10-20,17,212968
2023-10-20,18,285978
2023-10-20,19,183837
2023-10-20,20,112096
2023-10-20,21,111355
2023-10-20,22,103046
2023-10-20,23,45769
2023-10-21,0,17583
2023-10-21,1,507
2023-10-21,5,37
2023-10-21,6,20890
2023-10-21,7,44885
2023-10-21,8,78088
2023-10-21,9,88248
2023-10-21,10,101073
2023-10-21,11,115776
2023-10-21,12,127392
2023-10-21,13,139415
2023-10-21,14,124087
2023-10-21,15,127575
2023-10-21,16,139430
2023-10-21,17,173362
2023-10-21,18,157121
2023-10-21,19,111279
2023-10-21,20,95283
2023-10-21,21,99657
2023-10-21,22,89530
2023-10-21,23,45268
2023-10-22,0,9977
2023-10-22,1,268
2023-10-22,5,44
2023-10-22,6,17066
2023-10-22,7,35686
2023-10-22,8,59542
2023-10-22,9,74900
2023-10-22,10,85678
2023-10-22,11,101308
2023-10-22,12,108710
2023-10-22,13,117732
2023-10-22,14,113256
2023-10-22,15,112855
2023-10-22,16,127553
2023-10-22,17,150914
2023-10-22,18,127885
2023-10-22,19,98403
2023-10-22,20,86526
2023-10-22,21,80665
2023-10-22,22,62176
2023-10-22,23,27879
2023-10-23,0,8546
2023-10-23,1,265
2023-10-23,5,39
2023-10-23,6,32621
2023-10-23,7,152846
2023-10-23,8,256346
2023-10-23,9,137125
2023-10-23,10,84915
2023-10-23,11,77135
2023-10-23,12,85185
2023-10-23,13,86709
2023-10-23,14,78564
2023-10-23,15,82950
2023-10-23,16,115077
2023-10-23,17,185765
2023-10-23,18,261821
2023-10-23,19,165945
2023-10-23,20,96606
2023-10-23,21,87457
2023-10-23,22,68860
2023-10-23,23,24639
2023-10-24,0,8829
2023-10-24,1,262
2023-10-24,5,31
2023-10-24,6,32415
2023-10-24,7,153663
2023-10-24,8,265290
2023-10-24,9,148499
2023-10-24,10,85732
2023-10-24,11,79407
2023-10-24,12,85517
2023-10-24,13,88558
2023-10-24,14,79696
2023-10-24,15,83021
2023-10-24,16,116659
2023-10-24,17,186437
2023-10-24,18,263253
2023-10-24,19,165662
2023-10-24,20,98206
2023-10-24,21,93138
2023-10-24,22,71978
2023-10-24,23,25145
2023-10-25,0,9596
2023-10-25,1,279
2023-10-25,5,25
2023-10-25,6,32152
2023-10-25,7,155828
2023-10-25,8,266108
2023-10-25,9,145741
2023-10-25,10,87236
2023-10-25,11,80709
2023-10-25,12,89292
2023-10-25,13,90523
2023-10-25,14,81900
2023-10-25,15,85332
2023-10-25,16,118745
2023-10-25,17,189877
2023-10-25,18,265839
2023-10-25,19,169501
2023-10-25,20,101878
2023-10-25,21,98169
2023-10-25,22,76444
2023-10-25,23,26599
2023-10-26,0,10588
2023-10-26,1,329
2023-10-26,5,35
2023-10-26,6,32678
2023-10-26,7,155307
2023-10-26,8,264431
2023-10-26,9,146405
2023-10-26,10,88941
2023-10-26,11,81502
2023-10-26,12,88303
2023-10-26,13,90156
2023-10-26,14,82987
2023-10-26,15,85645
2023-10-26,16,119943
2023-10-26,17,191884
2023-10-26,18,266008
2023-10-26,19,168733
2023-10-26,20,101978
2023-10-26,21,99114
2023-10-26,22,78962
2023-10-26,23,29085
2023-10-27,0,19218
2023-10-27,1,591
2023-10-27,5,33
2023-10-27,6,32087
2023-10-27,7,151586
2023-10-27,8,256676
2023-10-27,9,139153
2023-10-27,10,89499
2023-10-27,11,85014
2023-10-27,12,96111
2023-10-27,13,101423
2023-10-27,14,93372
2023-10-27,15,97674
2023-10-27,16,135977
2023-10-27,17,211557
2023-10-27,18,285046
2023-10-27,19,179775
2023-10-27,20,111704
2023-10-27,21,114390
2023-10-27,22,101672
2023-10-27,23,46489
2023-10-28,0,20703
2023-10-28,1,607
2023-10-28,5,33
2023-10-28,6,20251
2023-10-28,7,44285
2023-10-28,8,74199
2023-10-28,9,85925
2023-10-28,10,96761
2023-10-28,11,115118
2023-10-28,12,125711
2023-10-28,13,137549
2023-10-28,14,125425
2023-10-28,15,124366
2023-10-28,16,143001
2023-10-28,17,178064
2023-10-28,18,160295
2023-10-28,19,113227
2023-10-28,20,98183
2023-10-28,21,103522
2023-10-28,22,93529
2023-10-28,23,47694
2023-10-29,0,10325
2023-10-29,1,271
2023-10-29,5,36
2023-10-29,6,18193
2023-10-29,7,32809
2023-10-29,8,54673
2023-10-29,9,67843
2023-10-29,10,79187
2023-10-29,11,99495
2023-10-29,12,102986
2023-10-29,13,112016
2023-10-29,14,110667
2023-10-29,15,110636
2023-10-29,16,119862
2023-10-29,17,142525
2023-10-29,18,122551
2023-10-29,19,94121
2023-10-29,20,83433
2023-10-29,21,78111
2023-10-29,22,59924
2023-10-29,23,26879
2023-10-30,0,8930
2023-10-30,1,273
2023-10-30,5,43
2023-10-30,6,32132
2023-10-30,7,152606
2023-10-30,8,256500
2023-10-30,9,138245
2023-10-30,10,86186
2023-10-30,11,80247
2023-10-30,12,84886
2023-10-30,13,85893
2023-10-30,14,80973
2023-10-30,15,83898
2023-10-30,16,112653
2023-10-30,17,181083
2023-10-30,18,254038
2023-10-30,19,161919
2023-10-30,20,95070
2023-10-30,21,86624
2023-10-30,22,65447
2023-10-30,23,23962
2023-10-31,0,9683
2023-10-31,1,288
2023-10-31,5,37
2023-10-31,6,31589
2023-10-31,7,155465
2023-10-31,8,263466
2023-10-31,9,143850
2023-10-31,10,86205
2023-10-31,11,79971
2023-10-31,12,85727
2023-10-31,13,87407
2023-10-31,14,80342
2023-10-31,15,84484
2023-10-31,16,117650
2023-10-31,17,184031
2023-10-31,18,262198
2023-10-31,19,168154
2023-10-31,20,102304
2023-10-31,21,93474
2023-10-31,22,73814
2023-10-31,23,26171
2023-11-01,0,9146
2023-11-01,1,284
2023-11-01,5,36
2023-11-01,6,31983
2023-11-01,7,154358
2023-11-01,8,267566
2023-11-01,9,143487
2023-11-01,10,85893
2023-11-01,11,79775
2023-11-01,12,88286
2023-11-01,13,88089
2023-11-01,14,80245
2023-11-01,15,83193
2023-11-01,16,114362
2023-11-01,17,184892
2023-11-01,18,261855
2023-11-01,19,168818
2023-11-01,20,100747
2023-11-01,21,94192
2023-11-01,22,72611
2023-11-01,23,25721
2023-11-02,0,9588
2023-11-02,1,322
2023-11-02,5,48
2023-11-02,6,32665
2023-11-02,7,154261
2023-11-02,8,265559
2023-11-02,9,143627
2023-11-02,10,87867
2023-11-02,11,79640
2023-11-02,12,85784
2023-11-02,13,88280
2023-11-02,14,80615
2023-11-02,15,84707
2023-11-02,16,117185
2023-11-02,17,187878
2023-11-02,18,263639
2023-11-02,19,168565
2023-11-02,20,101429
2023-11-02,21,95820
2023-11-02,22,74562
2023-11-02,23,26757
2023-11-03,0,16710
2023-11-03,1,545
2023-11-03,5,46
2023-11-03,6,32735
2023-11-03,7,153099
2023-11-03,8,259369
2023-11-03,9,141656
2023-11-03,10,91534
2023-11-03,11,88729
2023-11-03,12,97984
2023-11-03,13,101039
2023-11-03,14,94289
2023-11-03,15,99792
2023-11-03,16,135569
2023-11-03,17,207372
2023-11-03,18,283290
2023-11-03,19,184452
2023-11-03,20,113214
2023-11-03,21,112114
2023-11-03,22,97887
2023-11-03,23,43131
2023-11-04,0,16700
2023-11-04,1,512
2023-11-04,5,45
2023-11-04,6,21883
2023-11-04,7,48687
2023-11-04,8,78262
2023-11-04,9,95675
2023-11-04,10,107014
2023-11-04,11,123106
2023-11-04,12,130055
2023-11-04,13,139356
2023-11-04,14,134018
2023-11-04,15,134046
2023-11-04,16,145006
2023-11-04,17,179181
2023-11-04,18,160816
2023-11-04,19,114657
2023-11-04,20,96704
2023-11-04,21,98569
2023-11-04,22,90181
2023-11-04,23,43448
2023-11-05,0,9628
2023-11-05,1,269
2023-11-05,5,37
2023-11-05,6,16905
2023-11-05,7,32734
2023-11-05,8,57365
2023-11-05,9,75806
2023-11-05,10,86438
2023-11-05,11,105432
2023-11-05,12,104868
2023-11-05,13,114654
2023-11-05,14,115545
2023-11-05,15,120521
2023-11-05,16,130465
2023-11-05,17,147761
2023-11-05,18,128588
2023-11-05,19,95910
2023-11-05,20,90375
2023-11-05,21,81444
2023-11-05,22,61070
2023-11-05,23,26368
2023-11-06,0,8052
2023-11-06,1,259
2023-11-06,5,36
2023-11-06,6,31981
2023-11-06,7,146279
2023-11-06,8,257089
2023-11-06,9,142196
2023-11-06,10,85249
2023-11-06,11,80665
2023-11-06,12,85809
2023-11-06,13,86619
2023-11-06,14,80846
2023-11-06,15,83747
2023-11-06,16,113227
2023-11-06,17,177717
2023-11-06,18,255447
2023-11-06,19,164032
2023-11-06,20,94642
2023-11-06,21,85308
2023-11-06,22,64552
2023-11-06,23,22314
2023-11-07,0,9100
2023-11-07,1,285
2023-11-07,5,44
2023-11-07,6,32103
2023-11-07,7,153000
2023-11-07,8,264742
2023-11-07,9,146986
2023-11-07,10,85428
2023-11-07,11,78043
2023-11-07,12,84436
2023-11-07,13,86225
2023-11-07,14,79587
2023-11-07,15,84003
2023-11-07,16,116226
2023-11-07,17,185994
2023-11-07,18,262286
2023-11-07,19,165380
2023-11-07,20,98168
2023-11-07,21,92573
2023-11-07,22,71542
2023-11-07,23,25173
2023-11-08,0,9761
2023-11-08,1,296
2023-11-08,5,33
2023-11-08,6,32224
2023-11-08,7,153051
2023-11-08,8,265776
2023-11-08,9,144672
2023-11-08,10,86361
2023-11-08,11,80127
2023-11-08,12,88492
2023-11-08,13,90473
2023-11-08,14,82502
2023-11-08,15,85586
2023-11-08,16,116938
2023-11-08,17,188858
2023-11-08,18,263270
2023-11-08,19,166543
2023-11-08,20,99413
2023-11-08,21,96670
2023-11-08,22,73458
2023-11-08,23,26405
2023-11-09,0,10373
2023-11-09,1,308
2023-11-09,5,44
2023-11-09,6,32666
2023-11-09,7,153837
2023-11-09,8,263764
2023-11-09,9,146082
2023-11-09,10,91149
2023-11-09,11,82734
2023-11-09,12,89926
2023-11-09,13,91402
2023-11-09,14,84528
2023-11-09,15,88208
2023-11-09,16,121601
2023-11-09,17,191442
2023-11-09,18,267644
2023-11-09,19,168225
2023-11-09,20,102541
2023-11-09,21,100236
2023-11-09,22,78760
2023-11-09,23,29337
2023-11-10,0,17463
2023-11-10,1,522
2023-11-10,5,33
2023-11-10,6,32494
2023-11-10,7,150327
2023-11-10,8,257998
2023-11-10,9,140083
2023-11-10,10,92029
2023-11-10,11,88057
2023-11-10,12,98705
2023-11-10,13,103119
2023-11-10,14,95857
2023-11-10,15,100347
2023-11-10,16,139790
2023-11-10,17,215325
2023-11-10,18,284057
2023-11-10,19,183351
2023-11-10,20,115991
2023-11-10,21,119342
2023-11-10,22,102558
2023-11-10,23,44180
2023-11-11,0,18181
2023-11-11,1,506
2023-11-11,5,34
2023-11-11,6,21567
2023-11-11,7,53375
2023-11-11,8,83350
2023-11-11,9,95533
2023-11-11,10,107224
2023-11-11,11,124987
2023-11-11,12,131765
2023-11-11,13,140496
2023-11-11,14,137463
2023-11-11,15,138535
2023-11-11,16,158981
2023-11-11,17,181197
2023-11-11,18,158758
2023-11-11,19,115527
2023-11-11,20,101139
2023-11-11,21,104046
2023-11-11,22,93096
2023-11-11,23,47099
2023-11-12,0,11344
2023-11-12,1,307
2023-11-12,5,45
2023-11-12,6,17527
2023-11-12,7,33409
2023-11-12,8,60780
2023-11-12,9,74784
2023-11-12,10,85269
2023-11-12,11,104572
2023-11-12,12,105969
2023-11-12,13,113474
2023-11-12,14,116501
2023-11-12,15,120446
2023-11-12,16,127445
2023-11-12,17,146030
2023-11-12,18,126613
2023-11-12,19,97551
2023-11-12,20,90090
2023-11-12,21,82523
2023-11-12,22,65147
2023-11-12,23,27630
2023-11-13,0,9143
2023-11-13,1,246
2023-11-13,5,39
2023-11-13,6,31067
2023-11-13,7,140606
2023-11-13,8,257089
2023-11-13,9,139571
2023-11-13,10,88312
2023-11-13,11,81766
2023-11-13,12,88031
2023-11-13,13,90087
2023-11-13,14,82111
2023-11-13,15,84934
2023-11-13,16,112133
2023-11-13,17,181519
2023-11-13,18,256326
2023-11-13,19,165407
2023-11-13,20,97473
2023-11-13,21,89907
2023-11-13,22,69950
2023-11-13,23,25081
2023-11-14,0,9368
2023-11-14,1,302
2023-11-14,5,35
2023-11-14,6,31348
2023-11-14,7,149617
2023-11-14,8,265189
2023-11-14,9,145467
2023-11-14,10,87492
2023-11-14,11,80813
2023-11-14,12,87442
2023-11-14,13,89618
2023-11-14,14,79870
2023-11-14,15,85123
2023-11-14,16,120763
2023-11-14,17,191606
2023-11-14,18,269051
2023-11-14,19,168828
2023-11-14,20,99501
2023-11-14,21,96976
2023-11-14,22,77014
2023-11-14,23,25922
2023-11-15,0,10446
2023-11-15,1,328
2023-11-15,5,35
2023-11-15,6,31755
2023-11-15,7,150853
2023-11-15,8,265835
2023-11-15,9,144620
2023-11-15,10,88744
2023-11-15,11,83838
2023-11-15,12,92482
2023-11-15,13,93310
2023-11-15,14,86355
2023-11-15,15,89040
2023-11-15,16,121648
2023-11-15,17,193726
2023-11-15,18,270078
2023-11-15,19,172606
2023-11-15,20,103915
2023-11-15,21,102228
2023-11-15,22,82103
2023-11-15,23,28345
2023-11-16,0,10165
2023-11-16,1,311
2023-11-16,5,32
2023-11-16,6,31453
2023-11-16,7,149829
2023-11-16,8,263610
2023-11-16,9,143298
2023-11-16,10,88884
2023-11-16,11,83210
2023-11-16,12,89832
2023-11-16,13,90825
2023-11-16,14,82910
2023-11-16,15,87712
2023-11-16,16,121353
2023-11-16,17,194801
2023-11-16,18,272367
2023-11-16,19,176042
2023-11-16,20,102248
2023-11-16,21,101994
2023-11-16,22,81859
2023-11-16,23,28467
2023-11-17,0,18772
2023-11-17,1,604
2023-11-17,5,40
2023-11-17,6,31571
2023-11-17,7,148517
2023-11-17,8,257750
2023-11-17,9,142344
2023-11-17,10,95932
2023-11-17,11,90888
2023-11-17,12,101454
2023-11-17,13,106787
2023-11-17,14,97975
2023-11-17,15,103324
2023-11-17,16,141686
2023-11-17,17,216623
2023-11-17,18,292192
2023-11-17,19,192869
2023-11-17,20,118810
2023-11-17,21,119468
2023-11-17,22,106577
2023-11-17,23,47373
2023-11-18,0,18378
2023-11-18,1,493
2023-11-18,5,36
2023-11-18,6,20923
2023-11-18,7,48111
2023-11-18,8,81049
2023-11-18,9,95461
2023-11-18,10,107813
2023-11-18,11,127992
2023-11-18,12,134777
2023-11-18,13,142498
2023-11-18,14,135817
2023-11-18,15,138543
2023-11-18,16,155465
2023-11-18,17,191555
2023-11-18,18,174722
2023-11-18,19,124952
2023-11-18,20,104203
2023-11-18,21,106236
2023-11-18,22,96259
2023-11-18,23,48592
2023-11-19,0,10904
2023-11-19,1,311
2023-11-19,5,28
2023-11-19,6,16110
2023-11-19,7,31903
2023-11-19,8,57510
2023-11-19,9,76888
2023-11-19,10,89565
2023-11-19,11,108528
2023-11-19,12,112444
2023-11-19,13,122262
2023-11-19,14,122513
2023-11-19,15,125091
2023-11-19,16,134486
2023-11-19,17,158350
2023-11-19,18,139326
2023-11-19,19,106821
2023-11-19,20,94447
2023-11-19,21,86560
2023-11-19,22,65162
2023-11-19,23,28764
2023-11-20,0,9315
2023-11-20,1,243
2023-11-20,5,37
2023-11-20,6,31659
2023-11-20,7,146340
2023-11-20,8,255339
2023-11-20,9,141617
2023-11-20,10,91689
2023-11-20,11,85725
2023-11-20,12,91065
2023-11-20,13,93446
2023-11-20,14,86001
2023-11-20,15,89092
2023-11-20,16,121206
2023-11-20,17,189403
2023-11-20,18,262209
2023-11-20,19,167514
2023-11-20,20,98602
2023-11-20,21,91492
2023-11-20,22,69656
2023-11-20,23,25185
2023-11-21,0,9453
2023-11-21,1,286
2023-11-21,5,36
2023-11-21,6,31539
2023-11-21,7,150392
2023-11-21,8,265132
2023-11-21,9,147093
2023-11-21,10,89061
2023-11-21,11,80990
2023-11-21,12,88278
2023-11-21,13,90873
2023-11-21,14,81832
2023-11-21,15,85449
2023-11-21,16,119278
2023-11-21,17,188656
2023-11-21,18,266725
2023-11-21,19,168654
2023-11-21,20,99891
2023-11-21,21,98346
2023-11-21,22,75148
2023-11-21,23,26063
2023-11-22,0,10069
2023-11-22,1,337
2023-11-22,5,39
2023-11-22,6,31423
2023-11-22,7,151306
2023-11-22,8,263355
2023-11-22,9,144801
2023-11-22,10,88896
2023-11-22,11,81772
2023-11-22,12,90363
2023-11-22,13,92634
2023-11-22,14,83917
2023-11-22,15,87007
2023-11-22,16,121863
2023-11-22,17,190401
2023-11-22,18,266172
2023-11-22,19,169951
2023-11-22,20,101321
2023-11-22,21,101111
2023-11-22,22,76737
2023-11-22,23,27792
2023-11-23,0,11209
2023-11-23,1,371
2023-11-23,5,40
2023-11-23,6,31870
2023-11-23,7,151241
2023-11-23,8,264051
2023-11-23,9,144640
2023-11-23,10,90244
2023-11-23,11,83522
2023-11-23,12,89325
2023-11-23,13,92925
2023-11-23,14,84944
2023-11-23,15,87992
2023-11-23,16,121919
2023-11-23,17,193166
2023-11-23,18,269929
2023-11-23,19,170229
2023-11-23,20,103745
2023-11-23,21,103968
2023-11-23,22,81206
2023-11-23,23,29869
2023-11-24,0,19414
2023-11-24,1,562
2023-11-24,5,23
2023-11-24,6,31638
2023-11-24,7,147944
2023-11-24,8,256915
2023-11-24,9,140349
2023-11-24,10,93427
2023-11-24,11,88845
2023-11-24,12,98718
2023-11-24,13,104230
2023-11-24,14,95447
2023-11-24,15,100181
2023-11-24,16,139375
2023-11-24,17,212195
2023-11-24,18,285768
2023-11-24,19,188718
2023-11-24,20,115456
2023-11-24,21,115651
2023-11-24,22,104501
2023-11-24,23,47099
2023-11-25,0,18834
2023-11-25,1,567
2023-11-25,5,41
2023-11-25,6,19954
2023-11-25,7,42678
2023-11-25,8,72757
2023-11-25,9,90858
2023-11-25,10,102891
2023-11-25,11,121132
2023-11-25,12,124773
2023-11-25,13,135868
2023-11-25,14,131552
2023-11-25,15,131014
2023-11-25,16,144820
2023-11-25,17,178260
2023-11-25,18,157980
2023-11-25,19,117686
2023-11-25,20,102456
2023-11-25,21,101873
2023-11-25,22,93202
2023-11-25,23,46624
2023-11-26,0,11284
2023-11-26,1,309
2023-11-26,5,33
2023-11-26,6,15900
2023-11-26,7,29252
2023-11-26,8,49990
2023-11-26,9,69569
2023-11-26,10,82992
2023-11-26,11,101913
2023-11-26,12,99697
2023-11-26,13,107127
2023-11-26,14,108088
2023-11-26,15,110512
2023-11-26,16,122115
2023-11-26,17,144482
2023-11-26,18,121940
2023-11-26,19,94766
2023-11-26,20,86666
2023-11-26,21,82845
2023-11-26,22,64486
2023-11-26,23,28990
2023-11-27,0,8869
2023-11-27,1,282
2023-11-27,5,34
2023-11-27,6,31415
2023-11-27,7,147241
2023-11-27,8,254208
2023-11-27,9,139437
2023-11-27,10,87245
2023-11-27,11,81380
2023-11-27,12,87639
2023-11-27,13,89156
2023-11-27,14,82765
2023-11-27,15,85517
2023-11-27,16,119114
2023-11-27,17,182350
2023-11-27,18,254540
2023-11-27,19,163443
2023-11-27,20,96089
2023-11-27,21,88527
2023-11-27,22,66679
2023-11-27,23,24125
2023-11-28,0,9325
2023-11-28,1,283
2023-11-28,5,24
2023-11-28,6,31490
2023-11-28,7,153032
2023-11-28,8,263288
2023-11-28,9,145549
2023-11-28,10,89573
2023-11-28,11,80889
2023-11-28,12,89994
2023-11-28,13,91938
2023-11-28,14,83261
2023-11-28,15,88421
2023-11-28,16,125020
2023-11-28,17,188500
2023-11-28,18,262701
2023-11-28,19,169319
2023-11-28,20,100763
2023-11-28,21,95392
2023-11-28,22,71645
2023-11-28,23,25595
2023-11-29,0,10005
2023-11-29,1,350
2023-11-29,5,32
2023-11-29,6,30775
2023-11-29,7,151049
2023-11-29,8,264489
2023-11-29,9,144667
2023-11-29,10,89887
2023-11-29,11,83337
2023-11-29,12,91941
2023-11-29,13,94606
2023-11-29,14,86556
2023-11-29,15,90628
2023-11-29,16,128392
2023-11-29,17,191415
2023-11-29,18,261718
2023-11-29,19,170623
2023-11-29,20,104070
2023-11-29,21,97739
2023-11-29,22,74527
2023-11-29,23,27721
2023-11-30,0,10907
2023-11-30,1,321
2023-11-30,5,38
2023-11-30,6,30802
2023-11-30,7,149558
2023-11-30,8,268836
2023-11-30,9,149846
2023-11-30,10,91281
2023-11-30,11,83262
2023-11-30,12,89630
2023-11-30,13,93180
2023-11-30,14,85183
2023-11-30,15,89137
2023-11-30,16,126701
2023-11-30,17,192958
2023-11-30,18,272344
2023-11-30,19,178774
2023-11-30,20,105983
2023-11-30,21,102421
2023-11-30,22,79003
2023-11-30,23,30976
2023-12-01,0,18873
2023-12-01,1,573
2023-12-01,5,39
2023-12-01,6,30405
2023-12-01,7,146566
2023-12-01,8,261819
2023-12-01,9,146084
2023-12-01,10,92629
2023-12-01,11,86854
2023-12-01,12,97084
2023-12-01,13,102767
2023-12-01,14,93522
2023-12-01,15,98483
2023-12-01,16,138740
2023-12-01,17,209846
2023-12-01,18,290251
2023-12-01,19,193726
2023-12-01,20,119541
2023-12-01,21,121152
2023-12-01,22,105123
2023-12-01,23,48454
2023-12-02,0,18528
2023-12-02,1,588
2023-12-02,5,29
2023-12-02,6,19208
2023-12-02,7,42900
2023-12-02,8,71566
2023-12-02,9,89295
2023-12-02,10,104392
2023-12-02,11,122650
2023-12-02,12,126643
2023-12-02,13,140574
2023-12-02,14,138169
2023-12-02,15,139577
2023-12-02,16,151591
2023-12-02,17,186586
2023-12-02,18,165983
2023-12-02,19,120148
2023-12-02,20,105420
2023-12-02,21,110563
2023-12-02,22,100590
2023-12-02,23,47496
2023-12-03,0,10679
2023-12-03,1,285
2023-12-03,5,36
2023-12-03,6,16012
2023-12-03,7,30966
2023-12-03,8,56351
2023-12-03,9,71739
2023-12-03,10,87742
2023-12-03,11,106497
2023-12-03,12,111505
2023-12-03,13,127859
2023-12-03,14,126142
2023-12-03,15,129878
2023-12-03,16,141043
2023-12-03,17,163535
2023-12-03,18,136528
2023-12-03,19,101965
2023-12-03,20,92697
2023-12-03,21,92046
2023-12-03,22,68141
2023-12-03,23,28703
2023-12-04,0,8928
2023-12-04,1,301
2023-12-04,5,36
2023-12-04,6,29643
2023-12-04,7,141974
2023-12-04,8,265339
2023-12-04,9,150037
2023-12-04,10,86532
2023-12-04,11,76099
2023-12-04,12,81828
2023-12-04,13,82563
2023-12-04,14,74998
2023-12-04,15,78287
2023-12-04,16,109736
2023-12-04,17,179848
2023-12-04,18,260612
2023-12-04,19,173610
2023-12-04,20,98772
2023-12-04,21,92581
2023-12-04,22,69913
2023-12-04,23,24180
2023-12-05,0,9791
2023-12-05,1,315
2023-12-05,5,24
2023-12-05,6,30436
2023-12-05,7,149125
2023-12-05,8,269545
2023-12-05,9,151020
2023-12-05,10,88869
2023-12-05,11,80284
2023-12-05,12,86328
2023-12-05,13,89468
2023-12-05,14,81145
2023-12-05,15,84360
2023-12-05,16,117936
2023-12-05,17,186943
2023-12-05,18,265247
2023-12-05,19,174804
2023-12-05,20,103715
2023-12-05,21,98625
2023-12-05,22,77605
2023-12-05,23,27355
2023-12-06,0,10920
2023-12-06,1,358
2023-12-06,5,29
2023-12-06,6,29959
2023-12-06,7,147643
2023-12-06,8,271495
2023-12-06,9,150100
2023-12-06,10,87922
2023-12-06,11,80806
2023-12-06,12,89030
2023-12-06,13,90141
2023-12-06,14,81106
2023-12-06,15,85139
2023-12-06,16,119131
2023-12-06,17,191860
2023-12-06,18,267554
2023-12-06,19,175512
2023-12-06,20,103453
2023-12-06,21,103123
2023-12-06,22,80919
2023-12-06,23,28686
2023-12-07,0,11649
2023-12-07,1,357
2023-12-07,5,38
2023-12-07,6,31327
2023-12-07,7,150337
2023-12-07,8,266002
2023-12-07,9,148398
2023-12-07,10,94005
2023-12-07,11,87034
2023-12-07,12,92446
2023-12-07,13,96425
2023-12-07,14,89837
2023-12-07,15,92663
2023-12-07,16,126102
2023-12-07,17,195941
2023-12-07,18,273634
2023-12-07,19,179519
2023-12-07,20,108419
2023-12-07,21,106143
2023-12-07,22,85733
2023-12-07,23,31638
2023-12-08,0,20064
2023-12-08,1,623
2023-12-08,5,49
2023-12-08,6,31962
2023-12-08,7,148411
2023-12-08,8,260790
2023-12-08,9,144005
2023-12-08,10,97583
2023-12-08,11,93952
2023-12-08,12,104014
2023-12-08,13,109040
2023-12-08,14,101921
2023-12-08,15,107795
2023-12-08,16,145343
2023-12-08,17,222812
2023-12-08,18,295770
2023-12-08,19,190724
2023-12-08,20,119692
2023-12-08,21,125247
2023-12-08,22,119120
2023-12-08,23,50833
2023-12-09,0,21412
2023-12-09,1,609
2023-12-09,5,31
2023-12-09,6,21027
2023-12-09,7,47408
2023-12-09,8,82637
2023-12-09,9,96517
2023-12-09,10,111870
2023-12-09,11,135870
2023-12-09,12,138107
2023-12-09,13,147447
2023-12-09,14,145098
2023-12-09,15,150323
2023-12-09,16,170062
2023-12-09,17,208243
2023-12-09,18,185234
2023-12-09,19,134282
2023-12-09,20,115561
2023-12-09,21,126514
2023-12-09,22,108693
2023-12-09,23,51906
2023-12-10,0,11392
2023-12-10,1,337
2023-12-10,5,42
2023-12-10,6,16966
2023-12-10,7,32877
2023-12-10,8,60310
2023-12-10,9,77794
2023-12-10,10,93388
2023-12-10,11,116143
2023-12-10,12,117034
2023-12-10,13,126328
2023-12-10,14,129612
2023-12-10,15,137709
2023-12-10,16,149219
2023-12-10,17,173336
2023-12-10,18,145899
2023-12-10,19,112552
2023-12-10,20,98755
2023-12-10,21,99190
2023-12-10,22,72468
2023-12-10,23,30997
2023-12-11,0,9516
2023-12-11,1,286
2023-12-11,5,21
2023-12-11,6,31533
2023-12-11,7,146746
2023-12-11,8,258731
2023-12-11,9,139589
2023-12-11,10,88962
2023-12-11,11,84599
2023-12-11,12,90036
2023-12-11,13,90306
2023-12-11,14,84471
2023-12-11,15,89430
2023-12-11,16,119386
2023-12-11,17,186099
2023-12-11,18,257196
2023-12-11,19,167489
2023-12-11,20,99020
2023-12-11,21,91856
2023-12-11,22,69272
2023-12-11,23,25416
2023-12-12,0,9823
2023-12-12,1,319
2023-12-12,5,26
2023-12-12,6,30813
2023-12-12,7,148798
2023-12-12,8,268162
2023-12-12,9,147191
2023-12-12,10,90294
2023-12-12,11,82218
2023-12-12,12,89550
2023-12-12,13,92319
2023-12-12,14,83679
2023-12-12,15,87728
2023-12-12,16,121644
2023-12-12,17,191350
2023-12-12,18,269627
2023-12-12,19,173861
2023-12-12,20,104660
2023-12-12,21,99641
2023-12-12,22,75792
2023-12-12,23,26837
2023-12-13,0,10715
2023-12-13,1,321
2023-12-13,5,28
2023-12-13,6,30954
2023-12-13,7,151387
2023-12-13,8,265744
2023-12-13,9,145177
2023-12-13,10,90174
2023-12-13,11,84455
2023-12-13,12,91674
2023-12-13,13,94162
2023-12-13,14,86354
2023-12-13,15,89978
2023-12-13,16,120937
2023-12-13,17,193899
2023-12-13,18,268413
2023-12-13,19,173419
2023-12-13,20,105099
2023-12-13,21,103673
2023-12-13,22,80222
2023-12-13,23,28898
2023-12-14,0,11626
2023-12-14,1,364
2023-12-14,5,34
2023-12-14,6,31392
2023-12-14,7,150441
2023-12-14,8,264343
2023-12-14,9,145771
2023-12-14,10,94581
2023-12-14,11,85935
2023-12-14,12,91966
2023-12-14,13,95599
2023-12-14,14,87204
2023-12-14,15,91513
2023-12-14,16,125296
2023-12-14,17,197667
2023-12-14,18,271576
2023-12-14,19,174427
2023-12-14,20,108010
2023-12-14,21,106683
2023-12-14,22,84165
2023-12-14,23,31091
2023-12-15,0,20771
2023-12-15,1,667
2023-12-15,5,38
2023-12-15,6,31285
2023-12-15,7,147469
2023-12-15,8,256830
2023-12-15,9,142171
2023-12-15,10,95794
2023-12-15,11,94287
2023-12-15,12,102142
2023-12-15,13,108574
2023-12-15,14,101051
2023-12-15,15,105940
2023-12-15,16,141756
2023-12-15,17,219158
2023-12-15,18,289732
2023-12-15,19,189283
2023-12-15,20,120992
2023-12-15,21,126146
2023-12-15,22,112949
2023-12-15,23,53970
2023-12-16,0,19667
2023-12-16,1,579
2023-12-16,5,35
2023-12-16,6,20449
2023-12-16,7,41377
2023-12-16,8,74164
2023-12-16,9,91154
2023-12-16,10,108231
2023-12-16,11,131793
2023-12-16,12,135804
2023-12-16,13,145952
2023-12-16,14,140128
2023-12-16,15,144252
2023-12-16,16,158464
2023-12-16,17,193375
2023-12-16,18,170616
2023-12-16,19,125607
2023-12-16,20,111242
2023-12-16,21,113716
2023-12-16,22,99504
2023-12-16,23,50899
2023-12-17,0,11341
2023-12-17,1,356
2023-12-17,5,8585
2023-12-17,6,19277
2023-12-17,7,31095
2023-12-17,8,57137
2023-12-17,9,74552
2023-12-17,10,90904
2023-12-17,11,114827
2023-12-17,12,115495
2023-12-17,13,119722
2023-12-17,14,120026
2023-12-17,15,124141
2023-12-17,16,134789
2023-12-17,17,160886
2023-12-17,18,133163
2023-12-17,19,103328
2023-12-17,20,92901
2023-12-17,21,87204
2023-12-17,22,69446
2023-12-17,23,29278
2023-12-18,0,9743
2023-12-18,1,343
2023-12-18,5,34
2023-12-18,6,30557
2023-12-18,7,143943
2023-12-18,8,258039
2023-12-18,9,141499
2023-12-18,10,90720
2023-12-18,11,86527
2023-12-18,12,91046
2023-12-18,13,91986
2023-12-18,14,87128
2023-12-18,15,90825
2023-12-18,16,119088
2023-12-18,17,187616
2023-12-18,18,260447
2023-12-18,19,169935
2023-12-18,20,102018
2023-12-18,21,95722
2023-12-18,22,73471
2023-12-18,23,26959
2023-12-19,0,10170
2023-12-19,1,330
2023-12-19,5,34
2023-12-19,6,30040
2023-12-19,7,146239
2023-12-19,8,264992
2023-12-19,9,148909
2023-12-19,10,91820
2023-12-19,11,83785
2023-12-19,12,88817
2023-12-19,13,91563
2023-12-19,14,85471
2023-12-19,15,90296
2023-12-19,16,121207
2023-12-19,17,191404
2023-12-19,18,267768
2023-12-19,19,172685
2023-12-19,20,104357
2023-12-19,21,101706
2023-12-19,22,79684
2023-12-19,23,28333
2023-12-20,0,10996
2023-12-20,1,321
2023-12-20,5,45
2023-12-20,6,29967
2023-12-20,7,145490
2023-12-20,8,265454
2023-12-20,9,146943
2023-12-20,10,91039
2023-12-20,11,86135
2023-12-20,12,94005
2023-12-20,13,95923
2023-12-20,14,88657
2023-12-20,15,91097
2023-12-20,16,122239
2023-12-20,17,192925
2023-12-20,18,269072
2023-12-20,19,176206
2023-12-20,20,108062
2023-12-20,21,107316
2023-12-20,22,84370
2023-12-20,23,30685
2023-12-21,0,11943
2023-12-21,1,375
2023-12-21,5,36
2023-12-21,6,29838
2023-12-21,7,143203
2023-12-21,8,264773
2023-12-21,9,147975
2023-12-21,10,91969
2023-12-21,11,85241
2023-12-21,12,91463
2023-12-21,13,93127
2023-12-21,14,86601
2023-12-21,15,91083
2023-12-21,16,124220
2023-12-21,17,196630
2023-12-21,18,272604
2023-12-21,19,180118
2023-12-21,20,107808
2023-12-21,21,108898
2023-12-21,22,89446
2023-12-21,23,32987
2023-12-22,0,22443
2023-12-22,1,647
2023-12-22,5,20
2023-12-22,6,28902
2023-12-22,7,138603
2023-12-22,8,252109
2023-12-22,9,141923
2023-12-22,10,92687
2023-12-22,11,91142
2023-12-22,12,101827
2023-12-22,13,105696
2023-12-22,14,99225
2023-12-22,15,105337
2023-12-22,16,141892
2023-12-22,17,218806
2023-12-22,18,292120
2023-12-22,19,194393
2023-12-22,20,118961
2023-12-22,21,124594
2023-12-22,22,118071
2023-12-22,23,53558
2023-12-23,0,21762
2023-12-23,1,704
2023-12-23,5,29
2023-12-23,6,18448
2023-12-23,7,36834
2023-12-23,8,63958
2023-12-23,9,81643
2023-12-23,10,98196
2023-12-23,11,125009
2023-12-23,12,128531
2023-12-23,13,140689
2023-12-23,14,138407
2023-12-23,15,142182
2023-12-23,16,163494
2023-12-23,17,204474
2023-12-23,18,187733
2023-12-23,19,137158
2023-12-23,20,115434
2023-12-23,21,122237
2023-12-23,22,114761
2023-12-23,23,54039
2023-12-24,0,15651
2023-12-24,1,391
2023-12-24,5,33
2023-12-24,6,14199
2023-12-24,7,26864
2023-12-24,8,46658
2023-12-24,9,66711
2023-12-24,10,82848
2023-12-24,11,107591
2023-12-24,12,108519
2023-12-24,13,120953
2023-12-24,14,124035
2023-12-24,15,129261
2023-12-24,16,141175
2023-12-24,17,166294
2023-12-24,18,143889
2023-12-24,19,117320
2023-12-24,20,103558
2023-12-24,21,100274
2023-12-24,22,83578
2023-12-24,23,39190
2023-12-25,0,13623
2023-12-25,1,380
2023-12-25,5,38
2023-12-25,6,29441
2023-12-25,7,137349
2023-12-25,8,246759
2023-12-25,9,132426
2023-12-25,10,89451
2023-12-25,11,91476
2023-12-25,12,96112
2023-12-25,13,97227
2023-12-25,14,96029
2023-12-25,15,99553
2023-12-25,16,130918
2023-12-25,17,198687
2023-12-25,18,272594
2023-12-25,19,180707
2023-12-25,20,110352
2023-12-25,21,104102
2023-12-25,22,84660
2023-12-25,23,34263
2023-12-26,0,11341
2023-12-26,1,378
2023-12-26,5,33
2023-12-26,6,29432
2023-12-26,7,143898
2023-12-26,8,261879
2023-12-26,9,147652
2023-12-26,10,94183
2023-12-26,11,90316
2023-12-26,12,95886
2023-12-26,13,96707
2023-12-26,14,92349
2023-12-26,15,96127
2023-12-26,16,126924
2023-12-26,17,195758
2023-12-26,18,270896
2023-12-26,19,177827
2023-12-26,20,107674
2023-12-26,21,105103
2023-12-26,22,81716
2023-12-26,23,29395
2023-12-27,0,10971
2023-12-27,1,372
2023-12-27,5,37
2023-12-27,6,29669
2023-12-27,7,144630
2023-12-27,8,262121
2023-12-27,9,145672
2023-12-27,10,93864
2023-12-27,11,92436
2023-12-27,12,96971
2023-12-27,13,99729
2023-12-27,14,94722
2023-12-27,15,97027
2023-12-27,16,127553
2023-12-27,17,198068
2023-12-27,18,271845
2023-12-27,19,181719
2023-12-27,20,111477
2023-12-27,21,108713
2023-12-27,22,82569
2023-12-27,23,29552
2023-12-28,0,12724
2023-12-28,1,408
2023-12-28,5,29
2023-12-28,6,29001
2023-12-28,7,144516
2023-12-28,8,263714
2023-12-28,9,147568
2023-12-28,10,93249
2023-12-28,11,90483
2023-12-28,12,95060
2023-12-28,13,97713
2023-12-28,14,93181
2023-12-28,15,96064
2023-12-28,16,128433
2023-12-28,17,196937
2023-12-28,18,272449
2023-12-28,19,177574
2023-12-28,20,108490
2023-12-28,21,111131
2023-12-28,22,88309
2023-12-28,23,33631
2023-12-29,0,20875
2023-12-29,1,669
2023-12-29,5,29
2023-12-29,6,30061
2023-12-29,7,140492
2023-12-29,8,245292
2023-12-29,9,136075
2023-12-29,10,97292
2023-12-29,11,98978
2023-12-29,12,107275
2023-12-29,13,112671
2023-12-29,14,107769
2023-12-29,15,113025
2023-12-29,16,149445
2023-12-29,17,218261
2023-12-29,18,279810
2023-12-29,19,185757
2023-12-29,20,117966
2023-12-29,21,119731
2023-12-29,22,109044
2023-12-29,23,49604
2023-12-30,0,19529
2023-12-30,1,581
2023-12-30,5,37
2023-12-30,6,18628
2023-12-30,7,34077
2023-12-30,8,57554
2023-12-30,9,78959
2023-12-30,10,100883
2023-12-30,11,124250
2023-12-30,12,122570
2023-12-30,13,133091
2023-12-30,14,134176
2023-12-30,15,136550
2023-12-30,16,144448
2023-12-30,17,174522
2023-12-30,18,158857
2023-12-30,19,122090
2023-12-30,20,107542
2023-12-30,21,107195
2023-12-30,22,94310
2023-12-30,23,46585
2023-12-31,0,64125
2023-12-31,1,121264
2023-12-31,5,29
2023-12-31,6,14349
2023-12-31,7,25763
2023-12-31,8,42679
2023-12-31,9,66754
2023-12-31,10,89824
2023-12-31,11,113673
2023-12-31,12,114782
2023-12-31,13,128394
2023-12-31,14,139315
2023-12-31,15,146249
2023-12-31,16,163194
2023-12-31,17,183690
2023-12-31,18,171476
2023-12-31,19,141327
2023-12-31,20,127412
2023-12-31,21,133192
2023-12-31,22,141213
2023-12-31,23,91587
2024-01-01,0,10595
2024-01-01,1,300
2024-01-01,2,85931
2024-01-01,3,33359
2024-01-01,4,21612
2024-01-01,5,17432
2024-01-01,6,25380
2024-01-01,7,34969
2024-01-01,8,43940
2024-01-01,9,49331
2024-01-01,10,66656
2024-01-01,11,92365
2024-01-01,12,95623
2024-01-01,13,102169
2024-01-01,14,111359
2024-01-01,15,112499
2024-01-01,16,118338
2024-01-01,17,128690
2024-01-01,18,113618
2024-01-01,19,92731
2024-01-01,20,82854
2024-01-01,21,76229
2024-01-01,22,57246
2024-01-01,23,26050
2024-01-02,0,9760
2024-01-02,1,327
2024-01-02,5,37
2024-01-02,6,30615
2024-01-02,7,143338
2024-01-02,8,257886
2024-01-02,9,138935
2024-01-02,10,88414
2024-01-02,11,83426
2024-01-02,12,86807
2024-01-02,13,87618
2024-01-02,14,84947
2024-01-02,15,86993
2024-01-02,16,115282
2024-01-02,17,178662
2024-01-02,18,257957
2024-01-02,19,171162
2024-01-02,20,101413
2024-01-02,21,91649
2024-01-02,22,69311
2024-01-02,23,25505
2024-01-03,0,9680
2024-01-03,1,281
2024-01-03,5,35
2024-01-03,6,29631
2024-01-03,7,142703
2024-01-03,8,265905
2024-01-03,9,144973
2024-01-03,10,87089
2024-01-03,11,79851
2024-01-03,12,86142
2024-01-03,13,86220
2024-01-03,14,82155
2024-01-03,15,82644
2024-01-03,16,114557
2024-01-03,17,179718
2024-01-03,18,258548
2024-01-03,19,174702
2024-01-03,20,102914
2024-01-03,21,98088
2024-01-03,22,73091
2024-01-03,23,26335
2024-01-04,0,10619
2024-01-04,1,340
2024-01-04,5,39
2024-01-04,6,29910
2024-01-04,7,143501
2024-01-04,8,262907
2024-01-04,9,144002
2024-01-04,10,88075
2024-01-04,11,84071
2024-01-04,12,87669
2024-01-04,13,89726
2024-01-04,14,85760
2024-01-04,15,87580
2024-01-04,16,117758
2024-01-04,17,186108
2024-01-04,18,262394
2024-01-04,19,172778
2024-01-04,20,104177
2024-01-04,21,101114
2024-01-04,22,80654
2024-01-04,23,29860
2024-01-05,0,17878
2024-01-05,1,618
2024-01-05,5,38
2024-01-05,6,29866
2024-01-05,7,142362
2024-01-05,8,258448
2024-01-05,9,139728
2024-01-05,10,91143
2024-01-05,11,90115
2024-01-05,12,96169
2024-01-05,13,98515
2024-01-05,14,94992
2024-01-05,15,97754
2024-01-05,16,132353
2024-01-05,17,204033
2024-01-05,18,278233
2024-01-05,19,182789
2024-01-05,20,115104
2024-01-05,21,117551
2024-01-05,22,102659
2024-01-05,23,44097
2024-01-06,0,17274
2024-01-06,1,497
2024-01-06,5,52
2024-01-06,6,18030
2024-01-06,7,38425
2024-01-06,8,67761
2024-01-06,9,83626
2024-01-06,10,96566
2024-01-06,11,115028
2024-01-06,12,119045
2024-01-06,13,127192
2024-01-06,14,122685
2024-01-06,15,125704
2024-01-06,16,141743
2024-01-06,17,170304
2024-01-06,18,148532
2024-01-06,19,107421
2024-01-06,20,97303
2024-01-06,21,101456
2024-01-06,22,87154
2024-01-06,23,40633
2024-01-07,0,9918
2024-01-07,1,297
2024-01-07,5,41
2024-01-07,6,15086
2024-01-07,7,28268
2024-01-07,8,47094
2024-01-07,9,65050
2024-01-07,10,77552
2024-01-07,11,100146
2024-01-07,12,97540
2024-01-07,13,103465
2024-01-07,14,106917
2024-01-07,15,107285
2024-01-07,16,114720
2024-01-07,17,134825
2024-01-07,18,116869
2024-01-07,19,88719
2024-01-07,20,80040
2024-01-07,21,75836
2024-01-07,22,55851
2024-01-07,23,24658
2024-01-08,0,9017
2024-01-08,1,249
2024-01-08,5,43
2024-01-08,6,30392
2024-01-08,7,141999
2024-01-08,8,259320
2024-01-08,9,138128
2024-01-08,10,84395
2024-01-08,11,81773
2024-01-08,12,85829
2024-01-08,13,85991
2024-01-08,14,84648
2024-01-08,15,86090
2024-01-08,16,115322
2024-01-08,17,176764
2024-01-08,18,252879
2024-01-08,19,166679
2024-01-08,20,97815
2024-01-08,21,91300
2024-01-08,22,66856
2024-01-08,23,24417
2024-01-09,0,10174
2024-01-09,1,287
2024-01-09,5,27
2024-01-09,6,29861
2024-01-09,7,142502
2024-01-09,8,265158
2024-01-09,9,144835
2024-01-09,10,86721
2024-01-09,11,81902
2024-01-09,12,86006
2024-01-09,13,87606
2024-01-09,14,83756
2024-01-09,15,86281
2024-01-09,16,116237
2024-01-09,17,178640
2024-01-09,18,253662
2024-01-09,19,177542
2024-01-09,20,102072
2024-01-09,21,99071
2024-01-09,22,71591
2024-01-09,23,26077
2024-01-10,0,10900
2024-01-10,1,366
2024-01-10,5,32
2024-01-10,6,29249
2024-01-10,7,141092
2024-01-10,8,262631
2024-01-10,9,142302
2024-01-10,10,87278
2024-01-10,11,85762
2024-01-10,12,89350
2024-01-10,13,90020
2024-01-10,14,85634
2024-01-10,15,87039
2024-01-10,16,115735
2024-01-10,17,183319
2024-01-10,18,264346
2024-01-10,19,174119
2024-01-10,20,104698
2024-01-10,21,104335
2024-01-10,22,77188
2024-01-10,23,28677
2024-01-11,0,11557
2024-01-11,1,375
2024-01-11,5,33
2024-01-11,6,29745
2024-01-11,7,141906
2024-01-11,8,262829
2024-01-11,9,142178
2024-01-11,10,88189
2024-01-11,11,86607
2024-01-11,12,89476
2024-01-11,13,92220
2024-01-11,14,89968
2024-01-11,15,92975
2024-01-11,16,122931
2024-01-11,17,190854
2024-01-11,18,273889
2024-01-11,19,182689
2024-01-11,20,110976
2024-01-11,21,112279
2024-01-11,22,94429
2024-01-11,23,32531
2024-01-12,0,18929
2024-01-12,1,599
2024-01-12,5,32
2024-01-12,6,29775
2024-01-12,7,141099
2024-01-12,8,258901
2024-01-12,9,135872
2024-01-12,10,91636
2024-01-12,11,93320
2024-01-12,12,98885
2024-01-12,13,101122
2024-01-12,14,101871
2024-01-12,15,106712
2024-01-12,16,144029
2024-01-12,17,216563
2024-01-12,18,294131
2024-01-12,19,199872
2024-01-12,20,131702
2024-01-12,21,136444
2024-01-12,22,134748
2024-01-12,23,52251
2024-01-13,0,15760
2024-01-13,1,457
2024-01-13,5,36
2024-01-13,6,16519
2024-01-13,7,29056
2024-01-13,8,50563
2024-01-13,9,81929
2024-01-13,10,103569
2024-01-13,11,120473
2024-01-13,12,122301
2024-01-13,13,128417
2024-01-13,14,130635
2024-01-13,15,126344
2024-01-13,16,122015
2024-01-13,17,135151
2024-01-13,18,118436
2024-01-13,19,92039
2024-01-13,20,81549
2024-01-13,21,88194
2024-01-13,22,76966
2024-01-13,23,38657
2024-01-14,0,10498
2024-01-14,1,282
2024-01-14,5,26
2024-01-14,6,14861
2024-01-14,7,27272
2024-01-14,8,46005
2024-01-14,9,65374
2024-01-14,10,80502
2024-01-14,11,107596
2024-01-14,12,99596
2024-01-14,13,105524
2024-01-14,14,112366
2024-01-14,15,119708
2024-01-14,16,121223
2024-01-14,17,137130
2024-01-14,18,118685
2024-01-14,19,92794
2024-01-14,20,84591
2024-01-14,21,80555
2024-01-14,22,59614
2024-01-14,23,27096
2024-01-15,0,9291
2024-01-15,1,276
2024-01-15,5,44
2024-01-15,6,30278
2024-01-15,7,138253
2024-01-15,8,255722
2024-01-15,9,133696
2024-01-15,10,84007
2024-01-15,11,81025
2024-01-15,12,81290
2024-01-15,13,83281
2024-01-15,14,80882
2024-01-15,15,83121
2024-01-15,16,114038
2024-01-15,17,173543
2024-01-15,18,249808
2024-01-15,19,164541
2024-01-15,20,95316
2024-01-15,21,89536
2024-01-15,22,65098
2024-01-15,23,24096
2024-01-16,0,9702
2024-01-16,1,307
2024-01-16,5,36
2024-01-16,6,29407
2024-01-16,7,138542
2024-01-16,8,262867
2024-01-16,9,142466
2024-01-16,10,86594
2024-01-16,11,84253
2024-01-16,12,85138
2024-01-16,13,89333
2024-01-16,14,86699
2024-01-16,15,91092
2024-01-16,16,119178
2024-01-16,17,177492
2024-01-16,18,255854
2024-01-16,19,166289
2024-01-16,20,100484
2024-01-16,21,100267
2024-01-16,22,70207
2024-01-16,23,26062
2024-01-17,0,10230
2024-01-17,1,308
2024-01-17,5,38
2024-01-17,6,29732
2024-01-17,7,141771
2024-01-17,8,257435
2024-01-17,9,137722
2024-01-17,10,88345
2024-01-17,11,86627
2024-01-17,12,88725
2024-01-17,13,91832
2024-01-17,14,89211
2024-01-17,15,89315
2024-01-17,16,122398
2024-01-17,17,180602
2024-01-17,18,254710
2024-01-17,19,166827
2024-01-17,20,101582
2024-01-17,21,102755
2024-01-17,22,72516
2024-01-17,23,27385
2024-01-18,0,10652
2024-01-18,1,331
2024-01-18,5,44
2024-01-18,6,30079
2024-01-18,7,141544
2024-01-18,8,256918
2024-01-18,9,138663
2024-01-18,10,88093
2024-01-18,11,86832
2024-01-18,12,91014
2024-01-18,13,94404
2024-01-18,14,90589
2024-01-18,15,94725
2024-01-18,16,123373
2024-01-18,17,184229
2024-01-18,18,257498
2024-01-18,19,167568
2024-01-18,20,103690
2024-01-18,21,102882
2024-01-18,22,74968
2024-01-18,23,28449
2024-01-19,0,18181
2024-01-19,1,583
2024-01-19,5,38
2024-01-19,6,29870
2024-01-19,7,140530
2024-01-19,8,252959
2024-01-19,9,137565
2024-01-19,10,107136
2024-01-19,11,109798
2024-01-19,12,112434
2024-01-19,13,116646
2024-01-19,14,114626
2024-01-19,15,116862
2024-01-19,16,131873
2024-01-19,17,195122
2024-01-19,18,272425
2024-01-19,19,177543
2024-01-19,20,114581
2024-01-19,21,119807
2024-01-19,22,102292
2024-01-19,23,45582
2024-01-20,0,17329
2024-01-20,1,483
2024-01-20,5,32
2024-01-20,6,17687
2024-01-20,7,37882
2024-01-20,8,70414
2024-01-20,9,85345
2024-01-20,10,102655
2024-01-20,11,127286
2024-01-20,12,124290
2024-01-20,13,132399
2024-01-20,14,136196
2024-01-20,15,142462
2024-01-20,16,143090
2024-01-20,17,169928
2024-01-20,18,150333
2024-01-20,19,111176
2024-01-20,20,94721
2024-01-20,21,99017
2024-01-20,22,86430
2024-01-20,23,42604
2024-01-21,0,9681
2024-01-21,1,308
2024-01-21,5,36
2024-01-21,6,14144
2024-01-21,7,28110
2024-01-21,8,51109
2024-01-21,9,62749
2024-01-21,10,77083
2024-01-21,11,99320
2024-01-21,12,96236
2024-01-21,13,103626
2024-01-21,14,106754
2024-01-21,15,111289
2024-01-21,16,120347
2024-01-21,17,149169
2024-01-21,18,116733
2024-01-21,19,89910
2024-01-21,20,80828
2024-01-21,21,79526
2024-01-21,22,61573
2024-01-21,23,27034
2024-01-22,0,9282
2024-01-22,1,293
2024-01-22,5,33
2024-01-22,6,26760
2024-01-22,7,110099
2024-01-22,8,254590
2024-01-22,9,137595
2024-01-22,10,85698
2024-01-22,11,84978
2024-01-22,12,88466
2024-01-22,13,93022
2024-01-22,14,90656
2024-01-22,15,98698
2024-01-22,16,107570
2024-01-22,17,170022
2024-01-22,18,253411
2024-01-22,19,168107
2024-01-22,20,98417
2024-01-22,21,89913
2024-01-22,22,67168
2024-01-22,23,23700
2024-01-23,0,9634
2024-01-23,1,288
2024-01-23,5,23
2024-01-23,6,26224
2024-01-23,7,122467
2024-01-23,8,270269
2024-01-23,9,150292
2024-01-23,10,84015
2024-01-23,11,78023
2024-01-23,12,80790
2024-01-23,13,84633
2024-01-23,14,79441
2024-01-23,15,79851
2024-01-23,16,114377
2024-01-23,17,176328
2024-01-23,18,255324
2024-01-23,19,171466
2024-01-23,20,96949
2024-01-23,21,93005
2024-01-23,22,70070
2024-01-23,23,26018
2024-01-24,0,10403
2024-01-24,1,321
2024-01-24,5,26
2024-01-24,6,26595
2024-01-24,7,126375
2024-01-24,8,261245
2024-01-24,9,140951
2024-01-24,10,85772
2024-01-24,11,82750
2024-01-24,12,87769
2024-01-24,13,90282
2024-01-24,14,87103
2024-01-24,15,86216
2024-01-24,16,120861
2024-01-24,17,182542
2024-01-24,18,258340
2024-01-24,19,170470
2024-01-24,20,100095
2024-01-24,21,100032
2024-01-24,22,76885
2024-01-24,23,28497
2024-01-25,0,11297
2024-01-25,1,343
2024-01-25,5,31
2024-01-25,6,27739
2024-01-25,7,126288
2024-01-25,8,259869
2024-01-25,9,146906
2024-01-25,10,92449
2024-01-25,11,87590
2024-01-25,12,91402
2024-01-25,13,97153
2024-01-25,14,90371
2024-01-25,15,90730
2024-01-25,16,122720
2024-01-25,17,188679
2024-01-25,18,265151
2024-01-25,19,175841
2024-01-25,20,102701
2024-01-25,21,103112
2024-01-25,22,81424
2024-01-25,23,30082
2024-01-26,0,19037
2024-01-26,1,544
2024-01-26,5,40
2024-01-26,6,27362
2024-01-26,7,125313
2024-01-26,8,256711
2024-01-26,9,141330
2024-01-26,10,97259
2024-01-26,11,95331
2024-01-26,12,100086
2024-01-26,13,104425
2024-01-26,14,102497
2024-01-26,15,105450
2024-01-26,16,137782
2024-01-26,17,205751
2024-01-26,18,275194
2024-01-26,19,178685
2024-01-26,20,112289
2024-01-26,21,120931
2024-01-26,22,108508
2024-01-26,23,47342
2024-01-27,0,19758
2024-01-27,1,479
2024-01-27,5,29
2024-01-27,6,17370
2024-01-27,7,35903
2024-01-27,8,64271
2024-01-27,9,82601
2024-01-27,10,98551
2024-01-27,11,120857
2024-01-27,12,121514
2024-01-27,13,130538
2024-01-27,14,132139
2024-01-27,15,133057
2024-01-27,16,140482
2024-01-27,17,172214
2024-01-27,18,146492
2024-01-27,19,105804
2024-01-27,20,93401
2024-01-27,21,98723
2024-01-27,22,87824
2024-01-27,23,42571
2024-01-28,0,10311
2024-01-28,1,277
2024-01-28,5,39
2024-01-28,6,14222
2024-01-28,7,27175
2024-01-28,8,48414
2024-01-28,9,65688
2024-01-28,10,82609
2024-01-28,11,105579
2024-01-28,12,104971
2024-01-28,13,112589
2024-01-28,14,119158
2024-01-28,15,121600
2024-01-28,16,128569
2024-01-28,17,149044
2024-01-28,18,126664
2024-01-28,19,95288
2024-01-28,20,86193
2024-01-28,21,81890
2024-01-28,22,63982
2024-01-28,23,26459
2024-01-29,0,10040
2024-01-29,1,308
2024-01-29,5,29
2024-01-29,6,26290
2024-01-29,7,108688
2024-01-29,8,250378
2024-01-29,9,138826
2024-01-29,10,90348
2024-01-29,11,89006
2024-01-29,12,94519
2024-01-29,13,100659
2024-01-29,14,94503
2024-01-29,15,95295
2024-01-29,16,109942
2024-01-29,17,172251
2024-01-29,18,253040
2024-01-29,19,168600
2024-01-29,20,100453
2024-01-29,21,92894
2024-01-29,22,71811
2024-01-29,23,26394
2024-01-30,0,10311
2024-01-30,1,316
2024-01-30,5,36
2024-01-30,6,25947
2024-01-30,7,109056
2024-01-30,8,254162
2024-01-30,9,146081
2024-01-30,10,95343
2024-01-30,11,94236
2024-01-30,12,98728
2024-01-30,13,103428
2024-01-30,14,97790
2024-01-30,15,98899
2024-01-30,16,114367
2024-01-30,17,176765
2024-01-30,18,256205
2024-01-30,19,171103
2024-01-30,20,104078
2024-01-30,21,100153
2024-01-30,22,74737
2024-01-30,23,28261
2024-01-31,0,11580
2024-01-31,1,351
2024-01-31,5,30
2024-01-31,6,26211
2024-01-31,7,108981
2024-01-31,8,255613
2024-01-31,9,145076
2024-01-31,10,97058
2024-01-31,11,95956
2024-01-31,12,101296
2024-01-31,13,106609
2024-01-31,14,100965
2024-01-31,15,101988
2024-01-31,16,116123
2024-01-31,17,177320
2024-01-31,18,258606
2024-01-31,19,174710
2024-01-31,20,107733
2024-01-31,21,104138
2024-01-31,22,79985
2024-01-31,23,31138
2024-02-01,0,11648
2024-02-01,1,360
2024-02-01,5,48
2024-02-01,6,28559
2024-02-01,7,112751
2024-02-01,8,254902
2024-02-01,9,148236
2024-02-01,10,98981
2024-02-01,11,96642
2024-02-01,12,101150
2024-02-01,13,107793
2024-02-01,14,104039
2024-02-01,15,103168
2024-02-01,16,120595
2024-02-01,17,178385
2024-02-01,18,260474
2024-02-01,19,172548
2024-02-01,20,105985
2024-02-01,21,102201
2024-02-01,22,81134
2024-02-01,23,30716
2024-02-02,0,18585
2024-02-02,1,608
2024-02-02,5,21
2024-02-02,6,26998
2024-02-02,7,106672
2024-02-02,8,248581
2024-02-02,9,145477
2024-02-02,10,100584
2024-02-02,11,99550
2024-02-02,12,104726
2024-02-02,13,111541
2024-02-02,14,107459
2024-02-02,15,108623
2024-02-02,16,126673
2024-02-02,17,189698
2024-02-02,18,269210
2024-02-02,19,176241
2024-02-02,20,111590
2024-02-02,21,117879
2024-02-02,22,106248
2024-02-02,23,46673
2024-02-03,0,17440
2024-02-03,1,489
2024-02-03,5,35
2024-02-03,6,17306
2024-02-03,7,36392
2024-02-03,8,61700
2024-02-03,9,83741
2024-02-03,10,99795
2024-02-03,11,116391
2024-02-03,12,119019
2024-02-03,13,127980
2024-02-03,14,127974
2024-02-03,15,131885
2024-02-03,16,138727
2024-02-03,17,165706
2024-02-03,18,156057
2024-02-03,19,112297
2024-02-03,20,93635
2024-02-03,21,95975
2024-02-03,22,88155
2024-02-03,23,41661
2024-02-04,0,9792
2024-02-04,1,296
2024-02-04,5,30
2024-02-04,6,14510
2024-02-04,7,29296
2024-02-04,8,46661
2024-02-04,9,68847
2024-02-04,10,86117
2024-02-04,11,107898
2024-02-04,12,106450
2024-02-04,13,111904
2024-02-04,14,117772
2024-02-04,15,120338
2024-02-04,16,124144
2024-02-04,17,138791
2024-02-04,18,127896
2024-02-04,19,97215
2024-02-04,20,84356
2024-02-04,21,83349
2024-02-04,22,58549
2024-02-04,23,25248
2024-02-05,0,10651
2024-02-05,1,328
2024-02-05,5,30
2024-02-05,6,25720
2024-02-05,7,103433
2024-02-05,8,246467
2024-02-05,9,138265
2024-02-05,10,93550
2024-02-05,11,94527
2024-02-05,12,98161
2024-02-05,13,104450
2024-02-05,14,101266
2024-02-05,15,101803
2024-02-05,16,113345
2024-02-05,17,172102
2024-02-05,18,257334
2024-02-05,19,173805
2024-02-05,20,102611
2024-02-05,21,92960
2024-02-05,22,72605
2024-02-05,23,28569
2024-02-06,0,12312
2024-02-06,1,384
2024-02-06,5,33
2024-02-06,6,24814
2024-02-06,7,101115
2024-02-06,8,242648
2024-02-06,9,138685
2024-02-06,10,97080
2024-02-06,11,99145
2024-02-06,12,103013
2024-02-06,13,107442
2024-02-06,14,104529
2024-02-06,15,104438
2024-02-06,16,116532
2024-02-06,17,170632
2024-02-06,18,251057
2024-02-06,19,171875
2024-02-06,20,104299
2024-02-06,21,98825
2024-02-06,22,76743
2024-02-06,23,30857
2024-02-07,0,13551
2024-02-07,1,452
2024-02-07,5,26
2024-02-07,6,23510
2024-02-07,7,93708
2024-02-07,8,222559
2024-02-07,9,121827
2024-02-07,10,89686
2024-02-07,11,92847
2024-02-07,12,101649
2024-02-07,13,110100
2024-02-07,14,111820
2024-02-07,15,121583
2024-02-07,16,141116
2024-02-07,17,186136
2024-02-07,18,219537
2024-02-07,19,137958
2024-02-07,20,92492
2024-02-07,21,87541
2024-02-07,22,74528
2024-02-07,23,32708
2024-02-08,0,9377
2024-02-08,1,274
2024-02-08,5,33
2024-02-08,6,14422
2024-02-08,7,27679
2024-02-08,8,39588
2024-02-08,9,51738
2024-02-08,10,68313
2024-02-08,11,80412
2024-02-08,12,76810
2024-02-08,13,82727
2024-02-08,14,92276
2024-02-08,15,94342
2024-02-08,16,95197
2024-02-08,17,103851
2024-02-08,18,88545
2024-02-08,19,69702
2024-02-08,20,60068
2024-02-08,21,55587
2024-02-08,22,46145
2024-02-08,23,22177
2024-02-09,0,8649
2024-02-09,1,174
2024-02-09,5,21
2024-02-09,6,11371
2024-02-09,7,18093
2024-02-09,8,23434
2024-02-09,9,31541
2024-02-09,10,43247
2024-02-09,11,50757
2024-02-09,12,45307
2024-02-09,13,47671
2024-02-09,14,55628
2024-02-09,15,58607
2024-02-09,16,64564
2024-02-09,17,65341
2024-02-09,18,51379
2024-02-09,19,37717
2024-02-09,20,32849
2024-02-09,21,41229
2024-02-09,22,34308
2024-02-09,23,21063
2024-02-10,0,8900
2024-02-10,1,257
2024-02-10,5,18
2024-02-10,6,11175
2024-02-10,7,16904
2024-02-10,8,25054
2024-02-10,9,40244
2024-02-10,10,65500
2024-02-10,11,94222
2024-02-10,12,87398
2024-02-10,13,95772
2024-02-10,14,112766
2024-02-10,15,114668
2024-02-10,16,114461
2024-02-10,17,112456
2024-02-10,18,100721
2024-02-10,19,81397
2024-02-10,20,65000
2024-02-10,21,59141
2024-02-10,22,46480
2024-02-10,23,23654
2024-02-11,0,10245
2024-02-11,1,249
2024-02-11,5,23
2024-02-11,6,11425
2024-02-11,7,19372
2024-02-11,8,34326
2024-02-11,9,48377
2024-02-11,10,78304
2024-02-11,11,104926
2024-02-11,12,92853
2024-02-11,13,99952
2024-02-11,14,107679
2024-02-11,15,114427
2024-02-11,16,117098
2024-02-11,17,119579
2024-02-11,18,104701
2024-02-11,19,86591
2024-02-11,20,78127
2024-02-11,21,70012
2024-02-11,22,54836
2024-02-11,23,27984
2024-02-12,0,12544
2024-02-12,1,324
2024-02-12,5,30
2024-02-12,6,11939
2024-02-12,7,18999
2024-02-12,8,28931
2024-02-12,9,50110
2024-02-12,10,81875
2024-02-12,11,108721
2024-02-12,12,97635
2024-02-12,13,107299
2024-02-12,14,121941
2024-02-12,15,124828
2024-02-12,16,129329
2024-02-12,17,134559
2024-02-12,18,122035
2024-02-12,19,99658
2024-02-12,20,85937
2024-02-12,21,77901
2024-02-12,22,61514
2024-02-12,23,32241
2024-02-13,0,14993
2024-02-13,1,369
2024-02-13,5,35
2024-02-13,6,11639
2024-02-13,7,19623
2024-02-13,8,31733
2024-02-13,9,51567
2024-02-13,10,83433
2024-02-13,11,112828
2024-02-13,12,100257
2024-02-13,13,107681
2024-02-13,14,124325
2024-02-13,15,128205
2024-02-13,16,131553
2024-02-13,17,140537
2024-02-13,18,126271
2024-02-13,19,102980
2024-02-13,20,88960
2024-02-13,21,83741
2024-02-13,22,67013
2024-02-13,23,35605
2024-02-14,0,11486
2024-02-14,1,309
2024-02-14,5,30
2024-02-14,6,12344
2024-02-14,7,22434
2024-02-14,8,36456
2024-02-14,9,54543
2024-02-14,10,81789
2024-02-14,11,108698
2024-02-14,12,101778
2024-02-14,13,109525
2024-02-14,14,122840
2024-02-14,15,125015
2024-02-14,16,127513
2024-02-14,17,137112
2024-02-14,18,124972
2024-02-14,19,99334
2024-02-14,20,87279
2024-02-14,21,80886
2024-02-14,22,59757
2024-02-14,23,29427
2024-02-15,0,9344
2024-02-15,1,254
2024-02-15,5,42
2024-02-15,6,25084
2024-02-15,7,100879
2024-02-15,8,233375
2024-02-15,9,120802
2024-02-15,10,85041
2024-02-15,11,89913
2024-02-15,12,89506
2024-02-15,13,94687
2024-02-15,14,97037
2024-02-15,15,95761
2024-02-15,16,106369
2024-02-15,17,159816
2024-02-15,18,246962
2024-02-15,19,163939
2024-02-15,20,94636
2024-02-15,21,83669
2024-02-15,22,62327
2024-02-15,23,25279
2024-02-16,0,12396
2024-02-16,1,397
2024-02-16,5,27
2024-02-16,6,28840
2024-02-16,7,137624
2024-02-16,8,241472
2024-02-16,9,120884
2024-02-16,10,81089
2024-02-16,11,83662
2024-02-16,12,83912
2024-02-16,13,87200
2024-02-16,14,88664
2024-02-16,15,88764
2024-02-16,16,124763
2024-02-16,17,181489
2024-02-16,18,257936
2024-02-16,19,167928
2024-02-16,20,99000
2024-02-16,21,92717
2024-02-16,22,74514
2024-02-16,23,31151
2024-02-17,0,18108
2024-02-17,1,502
2024-02-17,5,30
2024-02-17,6,26170
2024-02-17,7,115953
2024-02-17,8,188732
2024-02-17,9,103098
2024-02-17,10,87913
2024-02-17,11,98620
2024-02-17,12,97453
2024-02-17,13,101908
2024-02-17,14,103662
2024-02-17,15,107149
2024-02-17,16,144577
2024-02-17,17,197513
2024-02-17,18,241462
2024-02-17,19,147408
2024-02-17,20,100735
2024-02-17,21,102108
2024-02-17,22,89351
2024-02-17,23,44662
2024-02-18,0,9355
2024-02-18,1,233
2024-02-18,5,38
2024-02-18,6,15856
2024-02-18,7,28503
2024-02-18,8,48198
2024-02-18,9,66763
2024-02-18,10,84334
2024-02-18,11,108390
2024-02-18,12,104415
2024-02-18,13,113733
2024-02-18,14,120562
2024-02-18,15,122102
2024-02-18,16,126768
2024-02-18,17,142869
2024-02-18,18,127177
2024-02-18,19,103407
2024-02-18,20,91828
2024-02-18,21,82330
2024-02-18,22,57919
2024-02-18,23,25006
2024-02-19,0,8583
2024-02-19,1,280
2024-02-19,5,39
2024-02-19,6,31530
2024-02-19,7,147507
2024-02-19,8,261975
2024-02-19,9,138433
2024-02-19,10,84484
2024-02-19,11,80728
2024-02-19,12,83446
2024-02-19,13,85933
2024-02-19,14,83166
2024-02-19,15,85913
2024-02-19,16,120609
2024-02-19,17,181570
2024-02-19,18,262040
2024-02-19,19,172808
2024-02-19,20,98951
2024-02-19,21,87642
2024-02-19,22,64806
2024-02-19,23,23366
2024-02-20,0,9044
2024-02-20,1,274
2024-02-20,5,33
2024-02-20,6,31567
2024-02-20,7,147353
2024-02-20,8,268215
2024-02-20,9,147339
2024-02-20,10,90101
2024-02-20,11,83957
2024-02-20,12,87620
2024-02-20,13,89190
2024-02-20,14,85609
2024-02-20,15,89738
2024-02-20,16,124355
2024-02-20,17,187398
2024-02-20,18,268371
2024-02-20,19,174087
2024-02-20,20,102914
2024-02-20,21,95565
2024-02-20,22,70143
2024-02-20,23,24798
2024-02-21,0,9547
2024-02-21,1,312
2024-02-21,5,25
2024-02-21,6,31120
2024-02-21,7,147762
2024-02-21,8,265889
2024-02-21,9,148033
2024-02-21,10,89161
2024-02-21,11,84285
2024-02-21,12,90346
2024-02-21,13,91304
2024-02-21,14,87512
2024-02-21,15,90150
2024-02-21,16,125460
2024-02-21,17,190407
2024-02-21,18,268265
2024-02-21,19,175445
2024-02-21,20,104311
2024-02-21,21,100073
2024-02-21,22,74092
2024-02-21,23,26337
2024-02-22,0,10498
2024-02-22,1,306
2024-02-22,5,32
2024-02-22,6,30808
2024-02-22,7,147880
2024-02-22,8,265631
2024-02-22,9,145378
2024-02-22,10,90966
2024-02-22,11,85076
2024-02-22,12,89689
2024-02-22,13,92378
2024-02-22,14,89050
2024-02-22,15,93553
2024-02-22,16,128499
2024-02-22,17,192754
2024-02-22,18,270826
2024-02-22,19,174873
2024-02-22,20,106041
2024-02-22,21,102142
2024-02-22,22,76079
2024-02-22,23,27688
2024-02-23,0,18104
2024-02-23,1,525
2024-02-23,5,30
2024-02-23,6,31210
2024-02-23,7,146152
2024-02-23,8,262141
2024-02-23,9,143777
2024-02-23,10,94073
2024-02-23,11,90564
2024-02-23,12,98642
2024-02-23,13,103082
2024-02-23,14,99508
2024-02-23,15,104406
2024-02-23,16,143720
2024-02-23,17,214297
2024-02-23,18,291580
2024-02-23,19,195128
2024-02-23,20,122037
2024-02-23,21,125219
2024-02-23,22,105784
2024-02-23,23,45579
2024-02-24,0,19067
2024-02-24,1,530
2024-02-24,5,47
2024-02-24,6,19605
2024-02-24,7,38469
2024-02-24,8,71168
2024-02-24,9,91101
2024-02-24,10,106818
2024-02-24,11,124985
2024-02-24,12,130020
2024-02-24,13,140911
2024-02-24,14,137773
2024-02-24,15,140403
2024-02-24,16,152739
2024-02-24,17,184651
2024-02-24,18,170233
2024-02-24,19,131150
2024-02-24,20,115580
2024-02-24,21,115651
2024-02-24,22,97486
2024-02-24,23,47607
2024-02-25,0,9965
2024-02-25,1,275
2024-02-25,5,45
2024-02-25,6,16976
2024-02-25,7,29994
2024-02-25,8,53862
2024-02-25,9,75332
2024-02-25,10,92348
2024-02-25,11,112521
2024-02-25,12,115392
2024-02-25,13,122622
2024-02-25,14,129054
2024-02-25,15,131281
2024-02-25,16,137850
2024-02-25,17,154205
2024-02-25,18,132429
2024-02-25,19,104997
2024-02-25,20,94450
2024-02-25,21,87061
2024-02-25,22,60809
2024-02-25,23,25939
2024-02-26,0,9321
2024-02-26,1,273
2024-02-26,5,44
2024-02-26,6,30782
2024-02-26,7,146262
2024-02-26,8,261227
2024-02-26,9,144933
2024-02-26,10,86942
2024-02-26,11,81320
2024-02-26,12,86190
2024-02-26,13,87525
2024-02-26,14,81661
2024-02-26,15,85667
2024-02-26,16,119942
2024-02-26,17,184419
2024-02-26,18,259755
2024-02-26,19,170539
2024-02-26,20,100075
2024-02-26,21,91163
2024-02-26,22,68634
2024-02-26,23,24881
2024-02-27,0,16496
2024-02-27,1,536
2024-02-27,5,25
2024-02-27,6,30359
2024-02-27,7,145345
2024-02-27,8,270176
2024-02-27,9,153848
2024-02-27,10,89596
2024-02-27,11,81650
2024-02-27,12,87455
2024-02-27,13,90598
2024-02-27,14,84701
2024-02-27,15,89052
2024-02-27,16,125315
2024-02-27,17,193908
2024-02-27,18,278464
2024-02-27,19,186699
2024-02-27,20,115320
2024-02-27,21,113490
2024-02-27,22,93237
2024-02-27,23,39005
2024-02-28,0,10494
2024-02-28,1,327
2024-02-28,5,31
2024-02-28,6,16116
2024-02-28,7,29099
2024-02-28,8,46760
2024-02-28,9,68731
2024-02-28,10,94584
2024-02-28,11,121379
2024-02-28,12,114344
2024-02-28,13,123213
2024-02-28,14,132932
2024-02-28,15,135341
2024-02-28,16,141578
2024-02-28,17,154677
2024-02-28,18,142882
2024-02-28,19,111001
2024-02-28,20,95423
2024-02-28,21,89276
2024-02-28,22,66905
2024-02-28,23,26917
2024-02-29,0,9946
2024-02-29,1,293
2024-02-29,5,30
2024-02-29,6,31505
2024-02-29,7,148832
2024-02-29,8,266099
2024-02-29,9,147813
2024-02-29,10,95031
2024-02-29,11,88636
2024-02-29,12,94148
2024-02-29,13,95510
2024-02-29,14,90725
2024-02-29,15,95968
2024-02-29,16,133427
2024-02-29,17,192797
2024-02-29,18,265682
2024-02-29,19,177798
2024-02-29,20,105591
2024-02-29,21,101923
2024-02-29,22,76655
2024-02-29,23,28525
2024-03-01,0,15727
2024-03-01,1,510
2024-03-01,5,31
2024-03-01,6,30241
2024-03-01,7,145505
2024-03-01,8,266814
2024-03-01,9,146766
2024-03-01,10,88811
2024-03-01,11,82986
2024-03-01,12,94098
2024-03-01,13,97723
2024-03-01,14,89920
2024-03-01,15,92706
2024-03-01,16,133655
2024-03-01,17,203481
2024-03-01,18,285483
2024-03-01,19,194098
2024-03-01,20,119191
2024-03-01,21,117563
2024-03-01,22,98164
2024-03-01,23,41013
2024-03-02,0,16420
2024-03-02,1,465
2024-03-02,5,21
2024-03-02,6,17548
2024-03-02,7,35438
2024-03-02,8,66600
2024-03-02,9,82951
2024-03-02,10,94906
2024-03-02,11,111927
2024-03-02,12,118607
2024-03-02,13,129660
2024-03-02,14,126052
2024-03-02,15,127341
2024-03-02,16,136005
2024-03-02,17,154314
2024-03-02,18,136508
2024-03-02,19,100427
2024-03-02,20,90593
2024-03-02,21,104313
2024-03-02,22,82222
2024-03-02,23,39162
2024-03-03,0,10149
2024-03-03,1,306
2024-03-03,5,27
2024-03-03,6,15373
2024-03-03,7,28491
2024-03-03,8,48729
2024-03-03,9,66019
2024-03-03,10,80881
2024-03-03,11,100971
2024-03-03,12,103623
2024-03-03,13,118217
2024-03-03,14,120741
2024-03-03,15,119369
2024-03-03,16,121705
2024-03-03,17,138058
2024-03-03,18,122525
2024-03-03,19,99535
2024-03-03,20,97961
2024-03-03,21,84363
2024-03-03,22,62091
2024-03-03,23,26588
2024-03-04,0,9031
2024-03-04,1,265
2024-03-04,5,39
2024-03-04,6,32014
2024-03-04,7,149267
2024-03-04,8,265589
2024-03-04,9,145392
2024-03-04,10,89629
2024-03-04,11,81778
2024-03-04,12,88615
2024-03-04,13,90480
2024-03-04,14,83771
2024-03-04,15,86419
2024-03-04,16,118446
2024-03-04,17,182268
2024-03-04,18,263132
2024-03-04,19,175754
2024-03-04,20,102547
2024-03-04,21,91750
2024-03-04,22,69012
2024-03-04,23,25038
2024-03-05,0,9898
2024-03-05,1,307
2024-03-05,5,32
2024-03-05,6,31358
2024-03-05,7,151007
2024-03-05,8,272319
2024-03-05,9,151801
2024-03-05,10,93876
2024-03-05,11,85344
2024-03-05,12,91573
2024-03-05,13,94668
2024-03-05,14,85946
2024-03-05,15,90177
2024-03-05,16,124268
2024-03-05,17,188551
2024-03-05,18,270760
2024-03-05,19,178081
2024-03-05,20,105938
2024-03-05,21,100658
2024-03-05,22,74688
2024-03-05,23,27119
2024-03-06,0,9914
2024-03-06,1,324
2024-03-06,5,31
2024-03-06,6,30768
2024-03-06,7,147927
2024-03-06,8,274927
2024-03-06,9,152279
2024-03-06,10,90486
2024-03-06,11,80757
2024-03-06,12,91064
2024-03-06,13,91522
2024-03-06,14,83401
2024-03-06,15,87454
2024-03-06,16,121481
2024-03-06,17,191361
2024-03-06,18,273250
2024-03-06,19,179740
2024-03-06,20,107387
2024-03-06,21,102805
2024-03-06,22,78313
2024-03-06,23,27488
2024-03-07,0,10828
2024-03-07,1,284
2024-03-07,5,31
2024-03-07,6,30216
2024-03-07,7,146946
2024-03-07,8,272036
2024-03-07,9,159513
2024-03-07,10,90080
2024-03-07,11,80072
2024-03-07,12,87224
2024-03-07,13,90446
2024-03-07,14,81876
2024-03-07,15,85825
2024-03-07,16,121203
2024-03-07,17,188018
2024-03-07,18,274827
2024-03-07,19,180089
2024-03-07,20,106154
2024-03-07,21,104171
2024-03-07,22,81619
2024-03-07,23,30425
2024-03-08,0,18846
2024-03-08,1,539
2024-03-08,5,36
2024-03-08,6,30950
2024-03-08,7,147218
2024-03-08,8,265933
2024-03-08,9,145900
2024-03-08,10,95270
2024-03-08,11,91374
2024-03-08,12,101097
2024-03-08,13,105589
2024-03-08,14,99189
2024-03-08,15,103012
2024-03-08,16,140827
2024-03-08,17,210718
2024-03-08,18,293259
2024-03-08,19,196442
2024-03-08,20,122768
2024-03-08,21,124700
2024-03-08,22,106256
2024-03-08,23,45728
2024-03-09,0,18849
2024-03-09,1,509
2024-03-09,5,44
2024-03-09,6,19429
2024-03-09,7,39504
2024-03-09,8,73696
2024-03-09,9,91790
2024-03-09,10,101007
2024-03-09,11,120154
2024-03-09,12,126418
2024-03-09,13,135883
2024-03-09,14,131247
2024-03-09,15,131742
2024-03-09,16,142689
2024-03-09,17,168586
2024-03-09,18,155896
2024-03-09,19,116836
2024-03-09,20,99430
2024-03-09,21,101993
2024-03-09,22,90349
2024-03-09,23,43340
2024-03-10,0,10401
2024-03-10,1,280
2024-03-10,5,37
2024-03-10,6,15928
2024-03-10,7,29892
2024-03-10,8,52030
2024-03-10,9,71320
2024-03-10,10,84763
2024-03-10,11,103890
2024-03-10,12,107239
2024-03-10,13,117502
2024-03-10,14,120104
2024-03-10,15,119731
2024-03-10,16,126779
2024-03-10,17,145823
2024-03-10,18,125995
2024-03-10,19,100104
2024-03-10,20,87868
2024-03-10,21,85571
2024-03-10,22,60248
2024-03-10,23,27855
2024-03-11,0,8715
2024-03-11,1,283
2024-03-11,5,46
2024-03-11,6,31597
2024-03-11,7,147953
2024-03-11,8,266059
2024-03-11,9,143930
2024-03-11,10,88628
2024-03-11,11,81121
2024-03-11,12,87651
2024-03-11,13,90545
2024-03-11,14,80598
2024-03-11,15,82777
2024-03-11,16,116674
2024-03-11,17,182627
2024-03-11,18,262469
2024-03-11,19,183052
2024-03-11,20,101817
2024-03-11,21,91889
2024-03-11,22,69015
2024-03-11,23,24142
2024-03-12,0,9834
2024-03-12,1,320
2024-03-12,5,22
2024-03-12,6,31280
2024-03-12,7,150056
2024-03-12,8,275642
2024-03-12,9,153447
2024-03-12,10,93443
2024-03-12,11,85293
2024-03-12,12,91702
2024-03-12,13,93771
2024-03-12,14,86781
2024-03-12,15,90635
2024-03-12,16,122854
2024-03-12,17,189516
2024-03-12,18,271961
2024-03-12,19,180599
2024-03-12,20,108241
2024-03-12,21,104106
2024-03-12,22,77586
2024-03-12,23,27577
2024-03-13,0,10131
2024-03-13,1,298
2024-03-13,5,31
2024-03-13,6,31260
2024-03-13,7,150923
2024-03-13,8,271746
2024-03-13,9,150494
2024-03-13,10,92392
2024-03-13,11,84973
2024-03-13,12,94868
2024-03-13,13,97682
2024-03-13,14,87920
2024-03-13,15,90581
2024-03-13,16,126068
2024-03-13,17,192358
2024-03-13,18,271883
2024-03-13,19,174274
2024-03-13,20,105741
2024-03-13,21,102616
2024-03-13,22,78215
2024-03-13,23,27790
2024-03-14,0,11352
2024-03-14,1,346
2024-03-14,5,27
2024-03-14,6,31759
2024-03-14,7,149558
2024-03-14,8,270134
2024-03-14,9,149503
2024-03-14,10,94032
2024-03-14,11,85167
2024-03-14,12,92389
2024-03-14,13,97383
2024-03-14,14,86980
2024-03-14,15,92106
2024-03-14,16,127199
2024-03-14,17,194662
2024-03-14,18,273573
2024-03-14,19,176026
2024-03-14,20,106573
2024-03-14,21,104562
2024-03-14,22,81727
2024-03-14,23,30666
2024-03-15,0,17973
2024-03-15,1,627
2024-03-15,5,33
2024-03-15,6,32131
2024-03-15,7,148164
2024-03-15,8,263509
2024-03-15,9,145508
2024-03-15,10,96864
2024-03-15,11,91420
2024-03-15,12,101950
2024-03-15,13,107742
2024-03-15,14,99923
2024-03-15,15,101793
2024-03-15,16,142921
2024-03-15,17,213174
2024-03-15,18,288545
2024-03-15,19,190230
2024-03-15,20,117127
2024-03-15,21,119462
2024-03-15,22,103191
2024-03-15,23,44188
2024-03-16,0,18324
2024-03-16,1,497
2024-03-16,5,29
2024-03-16,6,20509
2024-03-16,7,42938
2024-03-16,8,76493
2024-03-16,9,94584
2024-03-16,10,107200
2024-03-16,11,124559
2024-03-16,12,130719
2024-03-16,13,142816
2024-03-16,14,135715
2024-03-16,15,140009
2024-03-16,16,148922
2024-03-16,17,174061
2024-03-16,18,158146
2024-03-16,19,118015
2024-03-16,20,107188
2024-03-16,21,106263
2024-03-16,22,87422
2024-03-16,23,42774
2024-03-17,0,10188
2024-03-17,1,278
2024-03-17,5,37
2024-03-17,6,16557
2024-03-17,7,31109
2024-03-17,8,56655
2024-03-17,9,76891
2024-03-17,10,89824
2024-03-17,11,107965
2024-03-17,12,109977
2024-03-17,13,122446
2024-03-17,14,124948
2024-03-17,15,126703
2024-03-17,16,133504
2024-03-17,17,148406
2024-03-17,18,129337
2024-03-17,19,104585
2024-03-17,20,94548
2024-03-17,21,87336
2024-03-17,22,62821
2024-03-17,23,27461
2024-03-18,0,8759
2024-03-18,1,260
2024-03-18,5,40
2024-03-18,6,31787
2024-03-18,7,147285
2024-03-18,8,265505
2024-03-18,9,144319
2024-03-18,10,89138
2024-03-18,11,81548
2024-03-18,12,87922
2024-03-18,13,90268
2024-03-18,14,82273
2024-03-18,15,85678
2024-03-18,16,117817
2024-03-18,17,182275
2024-03-18,18,261285
2024-03-18,19,171285
2024-03-18,20,101064
2024-03-18,21,93079
2024-03-18,22,68879
2024-03-18,23,24709
2024-03-19,0,9804
2024-03-19,1,279
2024-03-19,5,21
2024-03-19,6,30727
2024-03-19,7,148574
2024-03-19,8,274373
2024-03-19,9,155334
2024-03-19,10,88893
2024-03-19,11,79084
2024-03-19,12,87477
2024-03-19,13,89433
2024-03-19,14,80193
2024-03-19,15,84430
2024-03-19,16,119067
2024-03-19,17,184902
2024-03-19,18,266853
2024-03-19,19,175802
2024-03-19,20,102982
2024-03-19,21,99881
2024-03-19,22,73505
2024-03-19,23,26817
2024-03-20,0,10362
2024-03-20,1,292
2024-03-20,5,33
2024-03-20,6,31452
2024-03-20,7,151186
2024-03-20,8,269780
2024-03-20,9,150430
2024-03-20,10,92415
2024-03-20,11,85369
2024-03-20,12,94791
2024-03-20,13,97877
2024-03-20,14,87454
2024-03-20,15,90503
2024-03-20,16,124085
2024-03-20,17,190655
2024-03-20,18,267975
2024-03-20,19,178197
2024-03-20,20,106218
2024-03-20,21,104934
2024-03-20,22,77481
2024-03-20,23,28134
2024-03-21,0,10829
2024-03-21,1,345
2024-03-21,5,33
2024-03-21,6,31975
2024-03-21,7,150315
2024-03-21,8,269555
2024-03-21,9,148685
2024-03-21,10,93279
2024-03-21,11,84263
2024-03-21,12,92215
2024-03-21,13,95230
2024-03-21,14,87337
2024-03-21,15,91708
2024-03-21,16,127056
2024-03-21,17,189911
2024-03-21,18,269078
2024-03-21,19,174844
2024-03-21,20,104568
2024-03-21,21,103623
2024-03-21,22,80245
2024-03-21,23,29738
2024-03-22,0,18282
2024-03-22,1,532
2024-03-22,5,30
2024-03-22,6,32142
2024-03-22,7,148268
2024-03-22,8,261720
2024-03-22,9,143448
2024-03-22,10,96181
2024-03-22,11,90401
2024-03-22,12,102500
2024-03-22,13,107866
2024-03-22,14,97564
2024-03-22,15,101331
2024-03-22,16,141401
2024-03-22,17,208117
2024-03-22,18,283135
2024-03-22,19,184528
2024-03-22,20,115837
2024-03-22,21,118958
2024-03-22,22,99118
2024-03-22,23,43580
2024-03-23,0,16670
2024-03-23,1,457
2024-03-23,5,40
2024-03-23,6,21758
2024-03-23,7,43718
2024-03-23,8,75281
2024-03-23,9,94448
2024-03-23,10,105577
2024-03-23,11,121141
2024-03-23,12,126060
2024-03-23,13,135720
2024-03-23,14,129878
2024-03-23,15,128798
2024-03-23,16,140990
2024-03-23,17,167338
2024-03-23,18,153262
2024-03-23,19,115300
2024-03-23,20,101266
2024-03-23,21,97982
2024-03-23,22,82573
2024-03-23,23,38508
2024-03-24,0,10500
2024-03-24,1,296
2024-03-24,5,40
2024-03-24,6,17674
2024-03-24,7,33052
2024-03-24,8,54898
2024-03-24,9,74867
2024-03-24,10,85499
2024-03-24,11,102298
2024-03-24,12,102664
2024-03-24,13,111638
2024-03-24,14,114422
2024-03-24,15,114429
2024-03-24,16,119137
2024-03-24,17,137151
2024-03-24,18,120114
2024-03-24,19,97952
2024-03-24,20,86007
2024-03-24,21,80643
2024-03-24,22,60240
2024-03-24,23,27949
2024-03-25,0,8893
2024-03-25,1,265
2024-03-25,5,30
2024-03-25,6,32609
2024-03-25,7,149654
2024-03-25,8,262645
2024-03-25,9,142448
2024-03-25,10,89934
2024-03-25,11,82705
2024-03-25,12,88979
2024-03-25,13,90895
2024-03-25,14,82671
2024-03-25,15,86733
2024-03-25,16,120361
2024-03-25,17,179869
2024-03-25,18,254651
2024-03-25,19,165909
2024-03-25,20,99214
2024-03-25,21,91126
2024-03-25,22,66153
2024-03-25,23,23631
2024-03-26,0,9373
2024-03-26,1,287
2024-03-26,5,38
2024-03-26,6,32569
2024-03-26,7,151543
2024-03-26,8,272583
2024-03-26,9,150977
2024-03-26,10,89577
2024-03-26,11,81099
2024-03-26,12,89695
2024-03-26,13,92040
2024-03-26,14,84031
2024-03-26,15,87762
2024-03-26,16,125346
2024-03-26,17,186854
2024-03-26,18,264774
2024-03-26,19,173089
2024-03-26,20,103491
2024-03-26,21,97844
2024-03-26,22,72464
2024-03-26,23,26138
2024-03-27,0,10309
2024-03-27,1,295
2024-03-27,5,38
2024-03-27,6,31659
2024-03-27,7,151486
2024-03-27,8,269872
2024-03-27,9,150128
2024-03-27,10,92903
2024-03-27,11,85778
2024-03-27,12,94422
2024-03-27,13,96298
2024-03-27,14,87178
2024-03-27,15,91131
2024-03-27,16,127448
2024-03-27,17,191030
2024-03-27,18,269736
2024-03-27,19,175035
2024-03-27,20,106082
2024-03-27,21,103909
2024-03-27,22,77837
2024-03-27,23,28277
2024-03-28,0,10973
2024-03-28,1,340
2024-03-28,5,38
2024-03-28,6,32149
2024-03-28,7,149217
2024-03-28,8,268538
2024-03-28,9,153009
2024-03-28,10,96586
2024-03-28,11,86392
2024-03-28,12,94996
2024-03-28,13,97462
2024-03-28,14,88190
2024-03-28,15,92173
2024-03-28,16,128185
2024-03-28,17,192751
2024-03-28,18,269492
2024-03-28,19,176363
2024-03-28,20,107571
2024-03-28,21,103632
2024-03-28,22,79316
2024-03-28,23,29885
2024-03-29,0,18506
2024-03-29,1,559
2024-03-29,5,36
2024-03-29,6,32128
2024-03-29,7,147448
2024-03-29,8,260780
2024-03-29,9,143789
2024-03-29,10,96526
2024-03-29,11,91731
2024-03-29,12,101004
2024-03-29,13,104959
2024-03-29,14,97398
2024-03-29,15,101046
2024-03-29,16,140375
2024-03-29,17,203977
2024-03-29,18,280377
2024-03-29,19,190735
2024-03-29,20,120412
2024-03-29,21,119889
2024-03-29,22,101261
2024-03-29,23,45584
2024-03-30,0,16666
2024-03-30,1,542
2024-03-30,5,53
2024-03-30,6,21285
2024-03-30,7,43858
2024-03-30,8,74481
2024-03-30,9,89748
2024-03-30,10,101509
2024-03-30,11,116979
2024-03-30,12,124406
2024-03-30,13,134222
2024-03-30,14,129227
2024-03-30,15,131770
2024-03-30,16,139718
2024-03-30,17,160066
2024-03-30,18,145792
2024-03-30,19,110068
2024-03-30,20,98348
2024-03-30,21,102083
2024-03-30,22,84174
2024-03-30,23,40308
2024-03-31,0,9865
2024-03-31,1,257
2024-03-31,5,47
2024-03-31,6,16919
2024-03-31,7,31388
2024-03-31,8,51241
2024-03-31,9,66556
2024-03-31,10,79843
2024-03-31,11,98488
2024-03-31,12,101220
2024-03-31,13,112793
2024-03-31,14,112564
2024-03-31,15,112829
2024-03-31,16,122739
2024-03-31,17,130617
2024-03-31,18,108945
2024-03-31,19,84822
2024-03-31,20,78834
2024-03-31,21,72214
2024-03-31,22,53547
2024-03-31,23,24098
2024-04-01,0,9140
2024-04-01,1,258
2024-04-01,5,32
2024-04-01,6,32361
2024-04-01,7,145423
2024-04-01,8,260117
2024-04-01,9,136912
2024-04-01,10,85836
2024-04-01,11,80129
2024-04-01,12,85653
2024-04-01,13,87190
2024-04-01,14,80582
2024-04-01,15,83835
2024-04-01,16,114202
2024-04-01,17,175129
2024-04-01,18,253042
2024-04-01,19,168674
2024-04-01,20,104126
2024-04-01,21,88778
2024-04-01,22,66553
2024-04-01,23,24249
2024-04-02,0,9868
2024-04-02,1,291
2024-04-02,5,44
2024-04-02,6,31741
2024-04-02,7,147284
2024-04-02,8,262029
2024-04-02,9,143537
2024-04-02,10,89519
2024-04-02,11,83497
2024-04-02,12,90431
2024-04-02,13,92099
2024-04-02,14,85580
2024-04-02,15,88488
2024-04-02,16,121894
2024-04-02,17,182761
2024-04-02,18,258208
2024-04-02,19,171750
2024-04-02,20,105805
2024-04-02,21,98325
2024-04-02,22,74627
2024-04-02,23,26615
2024-04-03,0,13123
2024-04-03,1,373
2024-04-03,5,28
2024-04-03,6,31599
2024-04-03,7,142643
2024-04-03,8,78189
2024-04-03,9,124823
2024-04-03,10,88650
2024-04-03,11,77582
2024-04-03,12,83746
2024-04-03,13,90726
2024-04-03,14,83238
2024-04-03,15,87745
2024-04-03,16,120001
2024-04-03,17,176414
2024-04-03,18,234699
2024-04-03,19,155401
2024-04-03,20,99706
2024-04-03,21,92218
2024-04-03,22,79298
2024-04-03,23,35166
2024-04-04,0,11343
2024-04-04,1,346
2024-04-04,5,32
2024-04-04,6,19182
2024-04-04,7,30954
2024-04-04,8,45472
2024-04-04,9,63085
2024-04-04,10,80395
2024-04-04,11,91949
2024-04-04,12,86434
2024-04-04,13,95459
2024-04-04,14,103933
2024-04-04,15,100862
2024-04-04,16,100682
2024-04-04,17,109285
2024-04-04,18,104910
2024-04-04,19,85602
2024-04-04,20,78383
2024-04-04,21,76696
2024-04-04,22,67619
2024-04-04,23,30721
2024-04-05,0,13643
2024-04-05,1,367
2024-04-05,5,30
2024-04-05,6,15299
2024-04-05,7,26947
2024-04-05,8,41047
2024-04-05,9,62530
2024-04-05,10,85063
2024-04-05,11,105903
2024-04-05,12,99865
2024-04-05,13,108450
2024-04-05,14,116051
2024-04-05,15,116153
2024-04-05,16,124563
2024-04-05,17,136512
2024-04-05,18,121386
2024-04-05,19,98336
2024-04-05,20,89749
2024-04-05,21,85510
2024-04-05,22,69561
2024-04-05,23,33118
2024-04-06,0,15278
2024-04-06,1,391
2024-04-06,5,30
2024-04-06,6,15455
2024-04-06,7,27449
2024-04-06,8,45241
2024-04-06,9,68214
2024-04-06,10,89477
2024-04-06,11,109122
2024-04-06,12,107358
2024-04-06,13,117409
2024-04-06,14,121245
2024-04-06,15,123918
2024-04-06,16,128071
2024-04-06,17,144438
2024-04-06,18,127411
2024-04-06,19,99781
2024-04-06,20,87257
2024-04-06,21,88498
2024-04-06,22,77134
2024-04-06,23,36574
2024-04-07,0,10276
2024-04-07,1,274
2024-04-07,5,27
2024-04-07,6,13342
2024-04-07,7,22778
2024-04-07,8,39031
2024-04-07,9,58428
2024-04-07,10,74136
2024-04-07,11,92431
2024-04-07,12,96207
2024-04-07,13,106696
2024-04-07,14,109241
2024-04-07,15,108250
2024-04-07,16,111910
2024-04-07,17,122736
2024-04-07,18,112967
2024-04-07,19,89411
2024-04-07,20,85068
2024-04-07,21,77293
2024-04-07,22,54732
2024-04-07,23,25021
2024-04-08,0,8283
2024-04-08,1,269
2024-04-08,5,36
2024-04-08,6,32418
2024-04-08,7,148787
2024-04-08,8,263327
2024-04-08,9,143652
2024-04-08,10,84547
2024-04-08,11,77870
2024-04-08,12,83088
2024-04-08,13,84103
2024-04-08,14,76713
2024-04-08,15,79736
2024-04-08,16,111848
2024-04-08,17,173309
2024-04-08,18,250399
2024-04-08,19,169620
2024-04-08,20,100035
2024-04-08,21,88929
2024-04-08,22,66201
2024-04-08,23,23058
2024-04-09,0,9039
2024-04-09,1,289
2024-04-09,5,39
2024-04-09,6,31646
2024-04-09,7,148735
2024-04-09,8,272822
2024-04-09,9,150607
2024-04-09,10,86786
2024-04-09,11,76561
2024-04-09,12,85033
2024-04-09,13,86952
2024-04-09,14,78080
2024-04-09,15,81384
2024-04-09,16,116277
2024-04-09,17,178685
2024-04-09,18,258615
2024-04-09,19,173125
2024-04-09,20,102094
2024-04-09,21,94800
2024-04-09,22,72186
2024-04-09,23,25075
2024-04-10,0,9774
2024-04-10,1,283
2024-04-10,5,35
2024-04-10,6,33711
2024-04-10,7,150808
2024-04-10,8,273012
2024-04-10,9,151038
2024-04-10,10,88864
2024-04-10,11,80503
2024-04-10,12,89482
2024-04-10,13,92565
2024-04-10,14,81457
2024-04-10,15,83883
2024-04-10,16,117948
2024-04-10,17,182880
2024-04-10,18,261983
2024-04-10,19,173715
2024-04-10,20,104231
2024-04-10,21,99126
2024-04-10,22,74332
2024-04-10,23,27300
2024-04-11,0,10359
2024-04-11,1,309
2024-04-11,5,31
2024-04-11,6,33477
2024-04-11,7,151206
2024-04-11,8,269446
2024-04-11,9,144867
2024-04-11,10,90667
2024-04-11,11,81579
2024-04-11,12,89670
2024-04-11,13,91431
2024-04-11,14,83070
2024-04-11,15,87795
2024-04-11,16,121212
2024-04-11,17,185557
2024-04-11,18,263222
2024-04-11,19,175264
2024-04-11,20,106223
2024-04-11,21,100680
2024-04-11,22,78163
2024-04-11,23,28447
2024-04-12,0,17681
2024-04-12,1,571
2024-04-12,5,41
2024-04-12,6,32744
2024-04-12,7,148800
2024-04-12,8,264471
2024-04-12,9,142969
2024-04-12,10,93241
2024-04-12,11,88997
2024-04-12,12,99242
2024-04-12,13,102505
2024-04-12,14,93810
2024-04-12,15,96727
2024-04-12,16,137338
2024-04-12,17,204232
2024-04-12,18,279159
2024-04-12,19,186255
2024-04-12,20,116389
2024-04-12,21,116749
2024-04-12,22,100153
2024-04-12,23,43216
2024-04-13,0,18569
2024-04-13,1,498
2024-04-13,5,43
2024-04-13,6,20899
2024-04-13,7,44690
2024-04-13,8,77646
2024-04-13,9,92593
2024-04-13,10,102040
2024-04-13,11,118653
2024-04-13,12,128302
2024-04-13,13,139818
2024-04-13,14,128141
2024-04-13,15,126970
2024-04-13,16,139129
2024-04-13,17,165623
2024-04-13,18,153795
2024-04-13,19,116496
2024-04-13,20,98284
2024-04-13,21,99451
2024-04-13,22,85794
2024-04-13,23,43861
2024-04-14,0,9162
2024-04-14,1,244
2024-04-14,5,42
2024-04-14,6,17937
2024-04-14,7,34906
2024-04-14,8,60197
2024-04-14,9,79890
2024-04-14,10,87041
2024-04-14,11,108826
2024-04-14,12,110761
2024-04-14,13,119973
2024-04-14,14,115138
2024-04-14,15,113150
2024-04-14,16,123024
2024-04-14,17,149843
2024-04-14,18,120858
2024-04-14,19,96879
2024-04-14,20,84039
2024-04-14,21,75306
2024-04-14,22,54745
2024-04-14,23,24978
2024-04-15,0,8432
2024-04-15,1,259
2024-04-15,5,41
2024-04-15,6,33475
2024-04-15,7,148697
2024-04-15,8,264615
2024-04-15,9,142007
2024-04-15,10,86878
2024-04-15,11,81339
2024-04-15,12,86623
2024-04-15,13,87308
2024-04-15,14,81318
2024-04-15,15,84178
2024-04-15,16,115569
2024-04-15,17,177912
2024-04-15,18,255272
2024-04-15,19,167832
2024-04-15,20,98650
2024-04-15,21,86949
2024-04-15,22,64743
2024-04-15,23,22994
2024-04-16,0,9140
2024-04-16,1,261
2024-04-16,5,28
2024-04-16,6,33010
2024-04-16,7,152008
2024-04-16,8,272257
2024-04-16,9,148297
2024-04-16,10,87797
2024-04-16,11,79216
2024-04-16,12,85336
2024-04-16,13,87451
2024-04-16,14,80438
2024-04-16,15,84164
2024-04-16,16,119103
2024-04-16,17,182592
2024-04-16,18,259655
2024-04-16,19,169117
2024-04-16,20,100393
2024-04-16,21,92824
2024-04-16,22,70096
2024-04-16,23,24864
2024-04-17,0,9506
2024-04-17,1,316
2024-04-17,5,30
2024-04-17,6,32910
2024-04-17,7,151563
2024-04-17,8,270447
2024-04-17,9,147572
2024-04-17,10,88130
2024-04-17,11,82312
2024-04-17,12,90815
2024-04-17,13,92582
2024-04-17,14,84668
2024-04-17,15,86506
2024-04-17,16,120200
2024-04-17,17,192633
2024-04-17,18,266294
2024-04-17,19,169919
2024-04-17,20,100880
2024-04-17,21,97376
2024-04-17,22,74092
2024-04-17,23,26336
2024-04-18,0,10646
2024-04-18,1,331
2024-04-18,5,40
2024-04-18,6,31797
2024-04-18,7,141638
2024-04-18,8,272939
2024-04-18,9,161421
2024-04-18,10,89660
2024-04-18,11,78798
2024-04-18,12,86436
2024-04-18,13,89832
2024-04-18,14,80658
2024-04-18,15,85115
2024-04-18,16,119689
2024-04-18,17,187386
2024-04-18,18,266617
2024-04-18,19,176041
2024-04-18,20,104286
2024-04-18,21,101338
2024-04-18,22,78412
2024-04-18,23,28390
2024-04-19,0,17368
2024-04-19,1,593
2024-04-19,5,34
2024-04-19,6,32782
2024-04-19,7,146986
2024-04-19,8,263545
2024-04-19,9,143989
2024-04-19,10,92525
2024-04-19,11,89408
2024-04-19,12,98801
2024-04-19,13,103040
2024-04-19,14,95077
2024-04-19,15,100366
2024-04-19,16,138549
2024-04-19,17,214286
2024-04-19,18,280460
2024-04-19,19,183897
2024-04-19,20,113719
2024-04-19,21,114574
2024-04-19,22,97581
2024-04-19,23,42996
2024-04-20,0,16926
2024-04-20,1,530
2024-04-20,5,50
2024-04-20,6,21849
2024-04-20,7,45863
2024-04-20,8,78958
2024-04-20,9,94256
2024-04-20,10,105969
2024-04-20,11,123346
2024-04-20,12,130021
2024-04-20,13,140348
2024-04-20,14,133067
2024-04-20,15,135497
2024-04-20,16,147616
2024-04-20,17,167913
2024-04-20,18,149907
2024-04-20,19,119933
2024-04-20,20,103142
2024-04-20,21,102479
2024-04-20,22,85684
2024-04-20,23,39989
2024-04-21,0,9691
2024-04-21,1,308
2024-04-21,5,45
2024-04-21,6,19231
2024-04-21,7,35014
2024-04-21,8,57798
2024-04-21,9,74121
2024-04-21,10,86606
2024-04-21,11,103206
2024-04-21,12,107078
2024-04-21,13,116410
2024-04-21,14,116145
2024-04-21,15,113176
2024-04-21,16,122810
2024-04-21,17,141736
2024-04-21,18,124769
2024-04-21,19,102111
2024-04-21,20,89868
2024-04-21,21,82239
2024-04-21,22,59409
2024-04-21,23,25668
2024-04-22,0,8530
2024-04-22,1,272
2024-04-22,5,40
2024-04-22,6,31917
2024-04-22,7,127002
2024-04-22,8,256382
2024-04-22,9,143539
2024-04-22,10,88944
2024-04-22,11,84015
2024-04-22,12,89964
2024-04-22,13,90243
2024-04-22,14,82217
2024-04-22,15,85683
2024-04-22,16,105964
2024-04-22,17,168658
2024-04-22,18,249874
2024-04-22,19,166371
2024-04-22,20,95849
2024-04-22,21,82771
2024-04-22,22,63544
2024-04-22,23,22794
2024-04-23,0,8871
2024-04-23,1,310
2024-04-23,5,21
2024-04-23,6,29979
2024-04-23,7,125434
2024-04-23,8,254295
2024-04-23,9,152435
2024-04-23,10,86347
2024-04-23,11,79200
2024-04-23,12,86394
2024-04-23,13,89664
2024-04-23,14,81519
2024-04-23,15,84196
2024-04-23,16,106410
2024-04-23,17,167874
2024-04-23,18,256079
2024-04-23,19,166880
2024-04-23,20,98152
2024-04-23,21,90407
2024-04-23,22,68858
2024-04-23,23,24896
2024-04-24,0,9937
2024-04-24,1,339
2024-04-24,5,25
2024-04-24,6,29712
2024-04-24,7,126738
2024-04-24,8,266369
2024-04-24,9,154836
2024-04-24,10,87249
2024-04-24,11,76691
2024-04-24,12,88581
2024-04-24,13,90738
2024-04-24,14,81795
2024-04-24,15,84429
2024-04-24,16,107459
2024-04-24,17,174126
2024-04-24,18,263421
2024-04-24,19,175153
2024-04-24,20,101969
2024-04-24,21,95607
2024-04-24,22,73988
2024-04-24,23,26723
2024-04-25,0,10140
2024-04-25,1,334
2024-04-25,5,30
2024-04-25,6,29903
2024-04-25,7,127127
2024-04-25,8,265598
2024-04-25,9,152333
2024-04-25,10,91670
2024-04-25,11,83481
2024-04-25,12,92907
2024-04-25,13,96498
2024-04-25,14,87993
2024-04-25,15,90400
2024-04-25,16,110858
2024-04-25,17,167688
2024-04-25,18,274402
2024-04-25,19,179730
2024-04-25,20,105077
2024-04-25,21,99964
2024-04-25,22,76794
2024-04-25,23,27390
2024-04-26,0,17463
2024-04-26,1,486
2024-04-26,5,38
2024-04-26,6,32652
2024-04-26,7,145934
2024-04-26,8,260928
2024-04-26,9,141533
2024-04-26,10,91791
2024-04-26,11,89150
2024-04-26,12,95807
2024-04-26,13,96776
2024-04-26,14,87691
2024-04-26,15,91402
2024-04-26,16,128718
2024-04-26,17,197615
2024-04-26,18,274152
2024-04-26,19,181320
2024-04-26,20,110917
2024-04-26,21,111005
2024-04-26,22,96891
2024-04-26,23,43498
2024-04-27,0,16529
2024-04-27,1,477
2024-04-27,5,41
2024-04-27,6,19792
2024-04-27,7,39797
2024-04-27,8,69255
2024-04-27,9,84012
2024-04-27,10,93455
2024-04-27,11,112183
2024-04-27,12,119271
2024-04-27,13,128491
2024-04-27,14,122280
2024-04-27,15,123900
2024-04-27,16,130137
2024-04-27,17,161148
2024-04-27,18,146898
2024-04-27,19,109837
2024-04-27,20,94849
2024-04-27,21,94298
2024-04-27,22,81996
2024-04-27,23,42908
2024-04-28,0,10282
2024-04-28,1,291
2024-04-28,5,33
2024-04-28,6,16934
2024-04-28,7,33805
2024-04-28,8,54738
2024-04-28,9,68897
2024-04-28,10,80042
2024-04-28,11,97452
2024-04-28,12,100429
2024-04-28,13,107827
2024-04-28,14,109037
2024-04-28,15,111300
2024-04-28,16,118198
2024-04-28,17,135490
2024-04-28,18,120127
2024-04-28,19,99262
2024-04-28,20,88996
2024-04-28,21,82624
2024-04-28,22,60187
2024-04-28,23,26360
2024-04-29,0,9026
2024-04-29,1,295
2024-04-29,5,55
2024-04-29,6,34074
2024-04-29,7,149659
2024-04-29,8,261000
2024-04-29,9,142434
2024-04-29,10,89494
2024-04-29,11,82834
2024-04-29,12,88189
2024-04-29,13,90671
2024-04-29,14,82873
2024-04-29,15,87040
2024-04-29,16,118716
2024-04-29,17,181208
2024-04-29,18,254204
2024-04-29,19,169461
2024-04-29,20,101200
2024-04-29,21,91155
2024-04-29,22,67838
2024-04-29,23,24304
2024-04-30,0,13650
2024-04-30,1,494
2024-04-30,5,32
2024-04-30,6,33446
2024-04-30,7,152332
2024-04-30,8,269321
2024-04-30,9,145881
2024-04-30,10,91837
2024-04-30,11,84319
2024-04-30,12,89745
2024-04-30,13,94211
2024-04-30,14,86988
2024-04-30,15,92995
2024-04-30,16,125027
2024-04-30,17,186274
2024-04-30,18,260864
2024-04-30,19,172941
2024-04-30,20,106901
2024-04-30,21,101411
2024-04-30,22,82718
2024-04-30,23,33864
2024-05-01,0,9137
2024-05-01,1,262
2024-05-01,5,32
2024-05-01,6,24011
2024-05-01,7,95989
2024-05-01,8,92932
2024-05-01,9,80424
2024-05-01,10,88312
2024-05-01,11,102508
2024-05-01,12,104110
2024-05-01,13,106775
2024-05-01,14,104260
2024-05-01,15,106555
2024-05-01,16,134078
2024-05-01,17,165934
2024-05-01,18,145781
2024-05-01,19,96857
2024-05-01,20,76942
2024-05-01,21,81391
2024-05-01,22,66065
2024-05-01,23,24756
2024-05-02,0,10490
2024-05-02,1,335
2024-05-02,5,37
2024-05-02,6,32416
2024-05-02,7,149440
2024-05-02,8,270955
2024-05-02,9,146163
2024-05-02,10,90101
2024-05-02,11,81091
2024-05-02,12,87867
2024-05-02,13,91127
2024-05-02,14,83006
2024-05-02,15,86373
2024-05-02,16,120596
2024-05-02,17,187291
2024-05-02,18,261764
2024-05-02,19,172176
2024-05-02,20,104354
2024-05-02,21,98805
2024-05-02,22,74499
2024-05-02,23,28074
2024-05-03,0,17330
2024-05-03,1,549
2024-05-03,5,36
2024-05-03,6,33429
2024-05-03,7,148499
2024-05-03,8,262029
2024-05-03,9,141921
2024-05-03,10,94823
2024-05-03,11,90454
2024-05-03,12,99416
2024-05-03,13,104646
2024-05-03,14,96889
2024-05-03,15,99930
2024-05-03,16,137729
2024-05-03,17,207088
2024-05-03,18,281619
2024-05-03,19,191727
2024-05-03,20,120847
2024-05-03,21,119833
2024-05-03,22,99348
2024-05-03,23,43312
2024-05-04,0,16165
2024-05-04,1,436
2024-05-04,5,56
2024-05-04,6,21666
2024-05-04,7,47507
2024-05-04,8,80077
2024-05-04,9,93305
2024-05-04,10,104136
2024-05-04,11,120685
2024-05-04,12,125753
2024-05-04,13,135481
2024-05-04,14,128221
2024-05-04,15,124070
2024-05-04,16,144897
2024-05-04,17,159628
2024-05-04,18,144066
2024-05-04,19,114115
2024-05-04,20,97381
2024-05-04,21,99874
2024-05-04,22,84755
2024-05-04,23,40325
2024-05-05,0,10007
2024-05-05,1,301
2024-05-05,5,37
2024-05-05,6,19896
2024-05-05,7,33619
2024-05-05,8,57232
2024-05-05,9,74047
2024-05-05,10,83870
2024-05-05,11,102781
2024-05-05,12,102902
2024-05-05,13,110191
2024-05-05,14,113392
2024-05-05,15,108914
2024-05-05,16,119084
2024-05-05,17,141550
2024-05-05,18,121680
2024-05-05,19,98323
2024-05-05,20,88400
2024-05-05,21,81856
2024-05-05,22,62760
2024-05-05,23,25739
2024-05-06,0,8823
2024-05-06,1,249
2024-05-06,5,30
2024-05-06,6,34110
2024-05-06,7,147450
2024-05-06,8,262647
2024-05-06,9,141113
2024-05-06,10,88169
2024-05-06,11,82183
2024-05-06,12,87319
2024-05-06,13,89539
2024-05-06,14,80996
2024-05-06,15,85131
2024-05-06,16,115296
2024-05-06,17,176897
2024-05-06,18,254204
2024-05-06,19,167741
2024-05-06,20,98821
2024-05-06,21,90138
2024-05-06,22,66447
2024-05-06,23,24130
2024-05-07,0,9312
2024-05-07,1,288
2024-05-07,5,31
2024-05-07,6,33488
2024-05-07,7,151235
2024-05-07,8,270896
2024-05-07,9,145737
2024-05-07,10,88032
2024-05-07,11,80316
2024-05-07,12,87561
2024-05-07,13,90884
2024-05-07,14,81186
2024-05-07,15,85435
2024-05-07,16,117817
2024-05-07,17,182270
2024-05-07,18,260078
2024-05-07,19,169272
2024-05-07,20,100715
2024-05-07,21,95884
2024-05-07,22,71103
2024-05-07,23,25339
2024-05-08,0,10114
2024-05-08,1,350
2024-05-08,5,31
2024-05-08,6,32989
2024-05-08,7,150893
2024-05-08,8,268768
2024-05-08,9,145176
2024-05-08,10,88558
2024-05-08,11,81897
2024-05-08,12,91376
2024-05-08,13,93021
2024-05-08,14,83384
2024-05-08,15,86125
2024-05-08,16,118171
2024-05-08,17,183974
2024-05-08,18,261653
2024-05-08,19,172442
2024-05-08,20,104518
2024-05-08,21,99696
2024-05-08,22,74516
2024-05-08,23,27013
2024-05-09,0,10521
2024-05-09,1,354
2024-05-09,5,32
2024-05-09,6,34188
2024-05-09,7,151209
2024-05-09,8,267931
2024-05-09,9,144595
2024-05-09,10,90115
2024-05-09,11,81906
2024-05-09,12,90513
2024-05-09,13,93898
2024-05-09,14,84131
2024-05-09,15,87952
2024-05-09,16,122635
2024-05-09,17,186052
2024-05-09,18,264299
2024-05-09,19,174229
2024-05-09,20,105774
2024-05-09,21,102813
2024-05-09,22,77421
2024-05-09,23,28924
2024-05-10,0,17635
2024-05-10,1,603
2024-05-10,5,32
2024-05-10,6,33268
2024-05-10,7,148255
2024-05-10,8,260670
2024-05-10,9,139958
2024-05-10,10,92782
2024-05-10,11,89733
2024-05-10,12,100907
2024-05-10,13,106269
2024-05-10,14,98140
2024-05-10,15,96347
2024-05-10,16,144970
2024-05-10,17,206218
2024-05-10,18,276629
2024-05-10,19,191082
2024-05-10,20,118331
2024-05-10,21,116185
2024-05-10,22,98299
2024-05-10,23,43319
2024-05-11,0,15761
2024-05-11,1,450
2024-05-11,5,48
2024-05-11,6,20444
2024-05-11,7,41298
2024-05-11,8,69743
2024-05-11,9,85839
2024-05-11,10,99746
2024-05-11,11,115412
2024-05-11,12,119590
2024-05-11,13,128595
2024-05-11,14,124026
2024-05-11,15,123167
2024-05-11,16,136827
2024-05-11,17,156770
2024-05-11,18,137544
2024-05-11,19,110420
2024-05-11,20,95889
2024-05-11,21,96542
2024-05-11,22,80501
2024-05-11,23,38028
2024-05-12,0,9003
2024-05-12,1,256
2024-05-12,5,47
2024-05-12,6,17129
2024-05-12,7,29007
2024-05-12,8,46034
2024-05-12,9,65846
2024-05-12,10,79630
2024-05-12,11,97357
2024-05-12,12,94659
2024-05-12,13,103534
2024-05-12,14,107483
2024-05-12,15,107625
2024-05-12,16,123374
2024-05-12,17,125832
2024-05-12,18,108740
2024-05-12,19,95524
2024-05-12,20,90644
2024-05-12,21,74338
2024-05-12,22,55366
2024-05-12,23,23662
2024-05-13,0,8564
2024-05-13,1,274
2024-05-13,5,36
2024-05-13,6,33009
2024-05-13,7,145694
2024-05-13,8,260434
2024-05-13,9,140871
2024-05-13,10,86186
2024-05-13,11,79582
2024-05-13,12,85793
2024-05-13,13,87831
2024-05-13,14,80217
2024-05-13,15,82428
2024-05-13,16,115621
2024-05-13,17,178031
2024-05-13,18,254565
2024-05-13,19,164327
2024-05-13,20,97130
2024-05-13,21,87920
2024-05-13,22,63172
2024-05-13,23,23189
2024-05-14,0,9813
2024-05-14,1,305
2024-05-14,5,18
2024-05-14,6,32531
2024-05-14,7,150212
2024-05-14,8,264621
2024-05-14,9,151566
2024-05-14,10,89275
2024-05-14,11,80221
2024-05-14,12,87622
2024-05-14,13,90354
2024-05-14,14,81725
2024-05-14,15,85195
2024-05-14,16,121852
2024-05-14,17,179753
2024-05-14,18,259222
2024-05-14,19,171603
2024-05-14,20,101383
2024-05-14,21,95078
2024-05-14,22,70660
2024-05-14,23,26120
2024-05-15,0,10524
2024-05-15,1,390
2024-05-15,5,26
2024-05-15,6,33748
2024-05-15,7,149976
2024-05-15,8,267903
2024-05-15,9,145800
2024-05-15,10,90137
2024-05-15,11,84170
2024-05-15,12,94576
2024-05-15,13,96795
2024-05-15,14,86705
2024-05-15,15,89554
2024-05-15,16,124183
2024-05-15,17,187295
2024-05-15,18,262535
2024-05-15,19,177619
2024-05-15,20,105699
2024-05-15,21,100097
2024-05-15,22,76259
2024-05-15,23,29091
2024-05-16,0,10944
2024-05-16,1,350
2024-05-16,5,31
2024-05-16,6,33566
2024-05-16,7,148544
2024-05-16,8,266249
2024-05-16,9,147995
2024-05-16,10,91686
2024-05-16,11,83717
2024-05-16,12,91408
2024-05-16,13,94788
2024-05-16,14,84738
2024-05-16,15,89913
2024-05-16,16,123748
2024-05-16,17,188551
2024-05-16,18,262681
2024-05-16,19,174401
2024-05-16,20,105917
2024-05-16,21,100000
2024-05-16,22,75598
2024-05-16,23,28642
2024-05-17,0,17633
2024-05-17,1,663
2024-05-17,5,30
2024-05-17,6,33102
2024-05-17,7,145368
2024-05-17,8,258172
2024-05-17,9,140668
2024-05-17,10,93194
2024-05-17,11,90175
2024-05-17,12,114971
2024-05-17,13,114227
2024-05-17,14,104494
2024-05-17,15,109760
2024-05-17,16,138448
2024-05-17,17,200083
2024-05-17,18,277041
2024-05-17,19,184772
2024-05-17,20,116425
2024-05-17,21,113658
2024-05-17,22,96934
2024-05-17,23,43188
2024-05-18,0,16893
2024-05-18,1,477
2024-05-18,5,49
2024-05-18,6,23802
2024-05-18,7,48195
2024-05-18,8,76537
2024-05-18,9,92641
2024-05-18,10,103998
2024-05-18,11,121709
2024-05-18,12,127752
2024-05-18,13,137127
2024-05-18,14,129160
2024-05-18,15,129119
2024-05-18,16,143891
2024-05-18,17,175596
2024-05-18,18,156309
2024-05-18,19,120762
2024-05-18,20,105108
2024-05-18,21,105713
2024-05-18,22,89034
2024-05-18,23,41729
2024-05-19,0,10062
2024-05-19,1,266
2024-05-19,5,44
2024-05-19,6,18551
2024-05-19,7,36407
2024-05-19,8,55931
2024-05-19,9,73378
2024-05-19,10,84871
2024-05-19,11,104399
2024-05-19,12,107664
2024-05-19,13,122443
2024-05-19,14,119454
2024-05-19,15,120622
2024-05-19,16,128772
2024-05-19,17,144497
2024-05-19,18,121061
2024-05-19,19,100473
2024-05-19,20,90251
2024-05-19,21,83156
2024-05-19,22,59734
2024-05-19,23,25741
2024-05-20,0,8845
2024-05-20,1,319
2024-05-20,5,44
2024-05-20,6,34890
2024-05-20,7,151947
2024-05-20,8,264595
2024-05-20,9,142464
2024-05-20,10,88149
2024-05-20,11,80588
2024-05-20,12,90111
2024-05-20,13,88555
2024-05-20,14,81349
2024-05-20,15,84696
2024-05-20,16,116497
2024-05-20,17,179304
2024-05-20,18,257180
2024-05-20,19,168033
2024-05-20,20,98243
2024-05-20,21,87999
2024-05-20,22,66466
2024-05-20,23,24520
2024-05-21,0,11260
2024-05-21,1,363
2024-05-21,5,35
2024-05-21,6,33034
2024-05-21,7,147971
2024-05-21,8,271254
2024-05-21,9,146873
2024-05-21,10,87910
2024-05-21,11,79338
2024-05-21,12,87075
2024-05-21,13,88578
2024-05-21,14,79002
2024-05-21,15,84498
2024-05-21,16,118835
2024-05-21,17,186113
2024-05-21,18,267136
2024-05-21,19,174555
2024-05-21,20,98626
2024-05-21,21,90963
2024-05-21,22,68883
2024-05-21,23,25962
2024-05-22,0,9731
2024-05-22,1,295
2024-05-22,5,29
2024-05-22,6,31856
2024-05-22,7,145804
2024-05-22,8,270963
2024-05-22,9,149716
2024-05-22,10,86851
2024-05-22,11,79246
2024-05-22,12,89740
2024-05-22,13,90075
2024-05-22,14,81785
2024-05-22,15,84804
2024-05-22,16,120054
2024-05-22,17,185471
2024-05-22,18,263753
2024-05-22,19,170565
2024-05-22,20,101212
2024-05-22,21,93900
2024-05-22,22,71856
2024-05-22,23,26273
2024-05-23,0,10461
2024-05-23,1,343
2024-05-23,5,30
2024-05-23,6,32663
2024-05-23,7,146008
2024-05-23,8,267246
2024-05-23,9,146761
2024-05-23,10,90187
2024-05-23,11,82576
2024-05-23,12,89950
2024-05-23,13,90988
2024-05-23,14,82465
2024-05-23,15,87097
2024-05-23,16,123875
2024-05-23,17,188897
2024-05-23,18,266923
2024-05-23,19,174260
2024-05-23,20,100158
2024-05-23,21,96619
2024-05-23,22,75245
2024-05-23,23,28248
2024-05-24,0,22821
2024-05-24,1,811
2024-05-24,5,24
2024-05-24,6,32324
2024-05-24,7,142636
2024-05-24,8,266288
2024-05-24,9,151407
2024-05-24,10,94941
2024-05-24,11,89353
2024-05-24,12,100792
2024-05-24,13,106930
2024-05-24,14,100205
2024-05-24,15,102990
2024-05-24,16,143158
2024-05-24,17,216889
2024-05-24,18,290125
2024-05-24,19,195820
2024-05-24,20,121777
2024-05-24,21,121300
2024-05-24,22,110225
2024-05-24,23,52955
2024-05-25,0,17667
2024-05-25,1,551
2024-05-25,5,42
2024-05-25,6,21765
2024-05-25,7,45342
2024-05-25,8,78056
2024-05-25,9,93345
2024-05-25,10,104569
2024-05-25,11,120987
2024-05-25,12,129724
2024-05-25,13,140744
2024-05-25,14,134073
2024-05-25,15,132624
2024-05-25,16,143748
2024-05-25,17,171297
2024-05-25,18,155432
2024-05-25,19,116651
2024-05-25,20,102521
2024-05-25,21,103057
2024-05-25,22,90295
2024-05-25,23,46079
2024-05-26,0,9949
2024-05-26,1,301
2024-05-26,5,38
2024-05-26,6,16978
2024-05-26,7,32180
2024-05-26,8,55888
2024-05-26,9,71072
2024-05-26,10,85876
2024-05-26,11,107223
2024-05-26,12,106911
2024-05-26,13,115708
2024-05-26,14,115658
2024-05-26,15,118155
2024-05-26,16,126197
2024-05-26,17,139550
2024-05-26,18,120157
2024-05-26,19,96021
2024-05-26,20,88367
2024-05-26,21,83143
2024-05-26,22,59320
2024-05-26,23,25239
2024-05-27,0,8582
2024-05-27,1,279
2024-05-27,5,52
2024-05-27,6,33498
2024-05-27,7,145053
2024-05-27,8,260407
2024-05-27,9,142678
2024-05-27,10,90033
2024-05-27,11,82556
2024-05-27,12,88727
2024-05-27,13,87831
2024-05-27,14,80561
2024-05-27,15,83931
2024-05-27,16,114989
2024-05-27,17,174295
2024-05-27,18,253130
2024-05-27,19,167056
2024-05-27,20,99700
2024-05-27,21,85269
2024-05-27,22,64231
2024-05-27,23,22979
2024-05-28,0,10376
2024-05-28,1,360
2024-05-28,5,30
2024-05-28,6,31077
2024-05-28,7,143458
2024-05-28,8,273334
2024-05-28,9,154687
2024-05-28,10,88159
2024-05-28,11,78024
2024-05-28,12,85085
2024-05-28,13,87835
2024-05-28,14,81603
2024-05-28,15,85910
2024-05-28,16,121431
2024-05-28,17,187223
2024-05-28,18,267070
2024-05-28,19,174622
2024-05-28,20,102146
2024-05-28,21,95482
2024-05-28,22,74740
2024-05-28,23,27930
2024-05-29,0,9982
2024-05-29,1,324
2024-05-29,5,26
2024-05-29,6,32499
2024-05-29,7,146947
2024-05-29,8,267662
2024-05-29,9,145787
2024-05-29,10,89976
2024-05-29,11,83034
2024-05-29,12,92098
2024-05-29,13,93745
2024-05-29,14,84399
2024-05-29,15,86485
2024-05-29,16,121145
2024-05-29,17,185392
2024-05-29,18,260741
2024-05-29,19,173623
2024-05-29,20,102343
2024-05-29,21,96736
2024-05-29,22,72560
2024-05-29,23,26419
2024-05-30,0,10169
2024-05-30,1,302
2024-05-30,5,28
2024-05-30,6,33086
2024-05-30,7,145325
2024-05-30,8,265743
2024-05-30,9,145026
2024-05-30,10,91531
2024-05-30,11,83466
2024-05-30,12,89862
2024-05-30,13,93244
2024-05-30,14,85160
2024-05-30,15,87673
2024-05-30,16,120725
2024-05-30,17,186114
2024-05-30,18,260848
2024-05-30,19,170299
2024-05-30,20,102142
2024-05-30,21,96694
2024-05-30,22,75511
2024-05-30,23,27541
2024-05-31,0,17840
2024-05-31,1,610
2024-05-31,5,42
2024-05-31,6,33119
2024-05-31,7,145641
2024-05-31,8,260435
2024-05-31,9,141356
2024-05-31,10,91621
2024-05-31,11,87826
2024-05-31,12,97988
2024-05-31,13,102635
2024-05-31,14,92936
2024-05-31,15,97718
2024-05-31,16,134346
2024-05-31,17,200133
2024-05-31,18,272807
2024-05-31,19,183478
2024-05-31,20,112979
2024-05-31,21,112682
2024-05-31,22,101516
2024-05-31,23,44827
2024-06-01,0,15570
2024-06-01,1,483
2024-06-01,5,42
2024-06-01,6,19854
2024-06-01,7,41734
2024-06-01,8,71833
2024-06-01,9,89686
2024-06-01,10,98073
2024-06-01,11,116232
2024-06-01,12,124703
2024-06-01,13,132375
2024-06-01,14,124203
2024-06-01,15,123203
2024-06-01,16,140634
2024-06-01,17,160525
2024-06-01,18,142056
2024-06-01,19,104190
2024-06-01,20,90640
2024-06-01,21,95404
2024-06-01,22,88632
2024-06-01,23,39247
2024-06-02,0,9423
2024-06-02,1,278
2024-06-02,5,35
2024-06-02,6,16166
2024-06-02,7,29241
2024-06-02,8,47678
2024-06-02,9,62568
2024-06-02,10,71071
2024-06-02,11,86019
2024-06-02,12,87848
2024-06-02,13,97274
2024-06-02,14,100043
2024-06-02,15,100602
2024-06-02,16,107788
2024-06-02,17,122062
2024-06-02,18,105965
2024-06-02,19,81852
2024-06-02,20,73014
2024-06-02,21,72231
2024-06-02,22,58142
2024-06-02,23,24331
2024-06-03,0,8531
2024-06-03,1,250
2024-06-03,5,29
2024-06-03,6,33139
2024-06-03,7,146430
2024-06-03,8,263704
2024-06-03,9,142906
2024-06-03,10,86730
2024-06-03,11,82465
2024-06-03,12,89273
2024-06-03,13,92064
2024-06-03,14,82455
2024-06-03,15,87513
2024-06-03,16,119211
2024-06-03,17,180438
2024-06-03,18,254967
2024-06-03,19,171318
2024-06-03,20,102468
2024-06-03,21,88151
2024-06-03,22,65055
2024-06-03,23,23657
2024-06-04,0,9514
2024-06-04,1,299
2024-06-04,5,24
2024-06-04,6,32679
2024-06-04,7,145802
2024-06-04,8,271226
2024-06-04,9,152118
2024-06-04,10,92502
2024-06-04,11,85090
2024-06-04,12,94981
2024-06-04,13,96021
2024-06-04,14,87389
2024-06-04,15,92274
2024-06-04,16,122106
2024-06-04,17,186123
2024-06-04,18,264577
2024-06-04,19,170806
2024-06-04,20,100935
2024-06-04,21,93875
2024-06-04,22,69699
2024-06-04,23,25532
2024-06-05,0,9616
2024-06-05,1,331
2024-06-05,5,33
2024-06-05,6,31907
2024-06-05,7,143400
2024-06-05,8,268803
2024-06-05,9,151530
2024-06-05,10,93834
2024-06-05,11,84786
2024-06-05,12,96261
2024-06-05,13,97188
2024-06-05,14,87152
2024-06-05,15,89454
2024-06-05,16,120166
2024-06-05,17,188971
2024-06-05,18,270857
2024-06-05,19,179467
2024-06-05,20,105063
2024-06-05,21,99199
2024-06-05,22,76100
2024-06-05,23,26492
2024-06-06,0,10708
2024-06-06,1,365
2024-06-06,5,36
2024-06-06,6,31871
2024-06-06,7,142466
2024-06-06,8,269834
2024-06-06,9,159047
2024-06-06,10,97027
2024-06-06,11,86400
2024-06-06,12,95258
2024-06-06,13,99584
2024-06-06,14,91394
2024-06-06,15,96033
2024-06-06,16,125562
2024-06-06,17,193363
2024-06-06,18,272762
2024-06-06,19,176921
2024-06-06,20,108787
2024-06-06,21,101324
2024-06-06,22,77052
2024-06-06,23,28146
2024-06-07,0,17270
2024-06-07,1,579
2024-06-07,5,39
2024-06-07,6,32445
2024-06-07,7,139743
2024-06-07,8,255502
2024-06-07,9,144608
2024-06-07,10,98326
2024-06-07,11,95597
2024-06-07,12,108078
2024-06-07,13,112927
2024-06-07,14,106453
2024-06-07,15,110963
2024-06-07,16,143306
2024-06-07,17,206631
2024-06-07,18,274760
2024-06-07,19,181687
2024-06-07,20,115241
2024-06-07,21,112519
2024-06-07,22,95570
2024-06-07,23,42784
2024-06-08,0,16074
2024-06-08,1,491
2024-06-08,5,43
2024-06-08,6,20494
2024-06-08,7,37623
2024-06-08,8,59450
2024-06-08,9,78670
2024-06-08,10,97166
2024-06-08,11,112911
2024-06-08,12,113635
2024-06-08,13,122585
2024-06-08,14,121020
2024-06-08,15,119397
2024-06-08,16,127548
2024-06-08,17,148603
2024-06-08,18,134636
2024-06-08,19,106179
2024-06-08,20,95298
2024-06-08,21,94773
2024-06-08,22,78560
2024-06-08,23,38331
2024-06-09,0,13311
2024-06-09,1,335
2024-06-09,5,40
2024-06-09,6,16228
2024-06-09,7,28126
2024-06-09,8,44695
2024-06-09,9,65038
2024-06-09,10,82315
2024-06-09,11,101107
2024-06-09,12,95784
2024-06-09,13,103627
2024-06-09,14,106652
2024-06-09,15,107698
2024-06-09,16,114485
2024-06-09,17,128024
2024-06-09,18,113553
2024-06-09,19,94380
2024-06-09,20,84775
2024-06-09,21,82955
2024-06-09,22,66624
2024-06-09,23,32845
2024-06-10,0,9417
2024-06-10,1,269
2024-06-10,5,32
2024-06-10,6,13347
2024-06-10,7,21605
2024-06-10,8,29798
2024-06-10,9,44732
2024-06-10,10,62423
2024-06-10,11,76807
2024-06-10,12,72722
2024-06-10,13,80619
2024-06-10,14,91983
2024-06-10,15,93732
2024-06-10,16,96844
2024-06-10,17,108269
2024-06-10,18,98327
2024-06-10,19,84147
2024-06-10,20,78186
2024-06-10,21,73484
2024-06-10,22,55562
2024-06-10,23,24187
2024-06-11,0,9120
2024-06-11,1,287
2024-06-11,5,28
2024-06-11,6,33334
2024-06-11,7,141684
2024-06-11,8,257272
2024-06-11,9,140279
2024-06-11,10,88200
2024-06-11,11,83765
2024-06-11,12,89080
2024-06-11,13,91801
2024-06-11,14,85507
2024-06-11,15,88398
2024-06-11,16,116426
2024-06-11,17,177286
2024-06-11,18,252542
2024-06-11,19,171487
2024-06-11,20,101401
2024-06-11,21,90870
2024-06-11,22,68479
2024-06-11,23,25235
2024-06-12,0,9633
2024-06-12,1,323
2024-06-12,5,32
2024-06-12,6,32189
2024-06-12,7,142871
2024-06-12,8,260620
2024-06-12,9,141240
2024-06-12,10,87388
2024-06-12,11,84304
2024-06-12,12,93979
2024-06-12,13,95616
2024-06-12,14,85986
2024-06-12,15,88637
2024-06-12,16,116417
2024-06-12,17,183209
2024-06-12,18,256016
2024-06-12,19,172978
2024-06-12,20,104799
2024-06-12,21,98807
2024-06-12,22,71898
2024-06-12,23,26620
2024-06-13,0,10102
2024-06-13,1,281
2024-06-13,5,26
2024-06-13,6,33053
2024-06-13,7,141903
2024-06-13,8,260758
2024-06-13,9,143220
2024-06-13,10,89513
2024-06-13,11,84724
2024-06-13,12,91993
2024-06-13,13,94224
2024-06-13,14,87535
2024-06-13,15,90100
2024-06-13,16,118888
2024-06-13,17,183347
2024-06-13,18,258271
2024-06-13,19,171864
2024-06-13,20,105303
2024-06-13,21,99281
2024-06-13,22,74598
2024-06-13,23,28146
2024-06-14,0,17592
2024-06-14,1,551
2024-06-14,5,30
2024-06-14,6,32289
2024-06-14,7,138614
2024-06-14,8,254687
2024-06-14,9,138935
2024-06-14,10,91259
2024-06-14,11,89942
2024-06-14,12,97939
2024-06-14,13,100412
2024-06-14,14,93066
2024-06-14,15,96635
2024-06-14,16,131206
2024-06-14,17,198264
2024-06-14,18,273304
2024-06-14,19,180706
2024-06-14,20,114712
2024-06-14,21,113831
2024-06-14,22,103284
2024-06-14,23,43271
2024-06-15,0,16330
2024-06-15,1,504
2024-06-15,5,29
2024-06-15,6,21355
2024-06-15,7,43153
2024-06-15,8,72239
2024-06-15,9,86874
2024-06-15,10,98112
2024-06-15,11,114423
2024-06-15,12,119204
2024-06-15,13,128288
2024-06-15,14,121559
2024-06-15,15,127231
2024-06-15,16,140688
2024-06-15,17,159938
2024-06-15,18,142412
2024-06-15,19,108701
2024-06-15,20,102355
2024-06-15,21,100448
2024-06-15,22,86987
2024-06-15,23,39807
2024-06-16,0,9353
2024-06-16,1,276
2024-06-16,5,37
2024-06-16,6,18137
2024-06-16,7,32566
2024-06-16,8,54488
2024-06-16,9,69621
2024-06-16,10,79972
2024-06-16,11,97247
2024-06-16,12,99374
2024-06-16,13,108876
2024-06-16,14,108990
2024-06-16,15,109287
2024-06-16,16,118300
2024-06-16,17,128499
2024-06-16,18,111125
2024-06-16,19,87803
2024-06-16,20,83123
2024-06-16,21,75101
2024-06-16,22,58046
2024-06-16,23,24121
2024-06-17,0,8761
2024-06-17,1,298
2024-06-17,5,47
2024-06-17,6,33266
2024-06-17,7,139876
2024-06-17,8,255469
2024-06-17,9,136588
2024-06-17,10,85191
2024-06-17,11,82125
2024-06-17,12,88174
2024-06-17,13,89752
2024-06-17,14,83682
2024-06-17,15,86106
2024-06-17,16,112717
2024-06-17,17,174959
2024-06-17,18,249454
2024-06-17,19,164525
2024-06-17,20,97638
2024-06-17,21,86505
2024-06-17,22,64823
2024-06-17,23,23555
2024-06-18,0,9308
2024-06-18,1,323
2024-06-18,5,37
2024-06-18,6,31977
2024-06-18,7,140167
2024-06-18,8,260504
2024-06-18,9,139522
2024-06-18,10,86300
2024-06-18,11,83917
2024-06-18,12,88278
2024-06-18,13,90727
2024-06-18,14,84605
2024-06-18,15,81465
2024-06-18,16,113081
2024-06-18,17,175159
2024-06-18,18,250379
2024-06-18,19,166486
2024-06-18,20,99544
2024-06-18,21,92475
2024-06-18,22,67899
2024-06-18,23,25039
2024-06-19,0,9778
2024-06-19,1,316
2024-06-19,5,43
2024-06-19,6,32467
2024-06-19,7,139484
2024-06-19,8,259649
2024-06-19,9,138614
2024-06-19,10,86198
2024-06-19,11,84711
2024-06-19,12,90721
2024-06-19,13,94161
2024-06-19,14,86858
2024-06-19,15,80390
2024-06-19,16,113898
2024-06-19,17,180818
2024-06-19,18,256484
2024-06-19,19,169896
2024-06-19,20,100879
2024-06-19,21,95563
2024-06-19,22,70428
2024-06-19,23,26154
2024-06-20,0,10382
2024-06-20,1,354
2024-06-20,5,36
2024-06-20,6,32624
2024-06-20,7,138764
2024-06-20,8,258461
2024-06-20,9,139928
2024-06-20,10,88282
2024-06-20,11,86008
2024-06-20,12,90228
2024-06-20,13,94570
2024-06-20,14,87034
2024-06-20,15,89455
2024-06-20,16,117963
2024-06-20,17,182660
2024-06-20,18,256881
2024-06-20,19,165448
2024-06-20,20,101998
2024-06-20,21,97430
2024-06-20,22,72769
2024-06-20,23,28061
2024-06-21,0,17720
2024-06-21,1,586
2024-06-21,5,36
2024-06-21,6,32864
2024-06-21,7,138271
2024-06-21,8,251510
2024-06-21,9,134043
2024-06-21,10,90421
2024-06-21,11,89855
2024-06-21,12,96809
2024-06-21,13,101981
2024-06-21,14,93453
2024-06-21,15,89159
2024-06-21,16,125734
2024-06-21,17,192743
2024-06-21,18,266104
2024-06-21,19,179920
2024-06-21,20,112192
2024-06-21,21,112799
2024-06-21,22,97267
2024-06-21,23,42420
2024-06-22,0,15916
2024-06-22,1,482
2024-06-22,5,56
2024-06-22,6,20890
2024-06-22,7,40193
2024-06-22,8,67627
2024-06-22,9,84802
2024-06-22,10,96243
2024-06-22,11,110968
2024-06-22,12,117320
2024-06-22,13,125932
2024-06-22,14,121214
2024-06-22,15,117999
2024-06-22,16,128402
2024-06-22,17,152520
2024-06-22,18,136694
2024-06-22,19,108573
2024-06-22,20,96428
2024-06-22,21,99402
2024-06-22,22,87276
2024-06-22,23,39509
2024-06-23,0,9498
2024-06-23,1,267
2024-06-23,5,47
2024-06-23,6,17447
2024-06-23,7,30759
2024-06-23,8,50249
2024-06-23,9,67084
2024-06-23,10,79885
2024-06-23,11,95487
2024-06-23,12,97043
2024-06-23,13,103864
2024-06-23,14,97913
2024-06-23,15,98395
2024-06-23,16,106703
2024-06-23,17,123049
2024-06-23,18,102204
2024-06-23,19,85829
2024-06-23,20,82562
2024-06-23,21,77357
2024-06-23,22,56391
2024-06-23,23,24172
2024-06-24,0,8503
2024-06-24,1,265
2024-06-24,5,40
2024-06-24,6,32867
2024-06-24,7,135523
2024-06-24,8,250768
2024-06-24,9,131928
2024-06-24,10,84513
2024-06-24,11,80715
2024-06-24,12,84654
2024-06-24,13,88216
2024-06-24,14,81539
2024-06-24,15,72460
2024-06-24,16,108935
2024-06-24,17,169218
2024-06-24,18,244292
2024-06-24,19,160905
2024-06-24,20,95082
2024-06-24,21,84760
2024-06-24,22,60734
2024-06-24,23,22160
2024-06-25,0,9157
2024-06-25,1,274
2024-06-25,5,40
2024-06-25,6,32356
2024-06-25,7,137571
2024-06-25,8,259565
2024-06-25,9,141394
2024-06-25,10,87319
2024-06-25,11,85110
2024-06-25,12,88635
2024-06-25,13,93089
2024-06-25,14,87217
2024-06-25,15,84595
2024-06-25,16,110538
2024-06-25,17,173685
2024-06-25,18,248479
2024-06-25,19,164976
2024-06-25,20,104190
2024-06-25,21,92159
2024-06-25,22,67294
2024-06-25,23,24782
2024-06-26,0,9634
2024-06-26,1,295
2024-06-26,5,32
2024-06-26,6,32508
2024-06-26,7,139032
2024-06-26,8,254944
2024-06-26,9,140645
2024-06-26,10,88454
2024-06-26,11,86658
2024-06-26,12,92689
2024-06-26,13,94345
2024-06-26,14,89020
2024-06-26,15,87217
2024-06-26,16,121459
2024-06-26,17,180341
2024-06-26,18,255106
2024-06-26,19,168020
2024-06-26,20,102487
2024-06-26,21,95745
2024-06-26,22,71403
2024-06-26,23,26237
2024-06-27,0,10807
2024-06-27,1,318
2024-06-27,5,26
2024-06-27,6,32628
2024-06-27,7,138977
2024-06-27,8,256022
2024-06-27,9,142315
2024-06-27,10,89947
2024-06-27,11,85481
2024-06-27,12,90563
2024-06-27,13,95409
2024-06-27,14,88149
2024-06-27,15,92598
2024-06-27,16,117660
2024-06-27,17,181119
2024-06-27,18,257795
2024-06-27,19,172678
2024-06-27,20,107342
2024-06-27,21,99478
2024-06-27,22,74343
2024-06-27,23,29182
2024-06-28,0,18238
2024-06-28,1,535
2024-06-28,5,38
2024-06-28,6,31840
2024-06-28,7,136581
2024-06-28,8,248863
2024-06-28,9,140307
2024-06-28,10,107138
2024-06-28,11,105522
2024-06-28,12,111040
2024-06-28,13,115735
2024-06-28,14,107410
2024-06-28,15,94960
2024-06-28,16,123484
2024-06-28,17,186081
2024-06-28,18,264494
2024-06-28,19,181486
2024-06-28,20,116044
2024-06-28,21,110927
2024-06-28,22,93858
2024-06-28,23,43596
2024-06-29,0,16447
2024-06-29,1,447
2024-06-29,5,47
2024-06-29,6,20735
2024-06-29,7,40066
2024-06-29,8,68082
2024-06-29,9,86922
2024-06-29,10,101559
2024-06-29,11,118255
2024-06-29,12,119434
2024-06-29,13,130742
2024-06-29,14,126472
2024-06-29,15,121510
2024-06-29,16,131291
2024-06-29,17,159197
2024-06-29,18,139745
2024-06-29,19,111373
2024-06-29,20,94942
2024-06-29,21,96098
2024-06-29,22,79114
2024-06-29,23,39907
2024-06-30,0,9777
2024-06-30,1,327
2024-06-30,5,52
2024-06-30,6,17349
2024-06-30,7,32185
2024-06-30,8,49861
2024-06-30,9,67191
2024-06-30,10,82268
2024-06-30,11,98720
2024-06-30,12,99693
2024-06-30,13,106745
2024-06-30,14,110170
2024-06-30,15,108889
2024-06-30,16,114110
2024-06-30,17,129414
2024-06-30,18,115446
2024-06-30,19,94686
2024-06-30,20,87885
2024-06-30,21,80077
2024-06-30,22,60122
2024-06-30,23,26276
2024-07-01,0,8053
2024-07-01,1,244
2024-07-01,5,50
2024-07-01,6,30078
2024-07-01,7,116387
2024-07-01,8,255600
2024-07-01,9,139100
2024-07-01,10,87409
2024-07-01,11,84392
2024-07-01,12,89703
2024-07-01,13,94035
2024-07-01,14,82971
2024-07-01,15,81120
2024-07-01,16,99975
2024-07-01,17,162384
2024-07-01,18,248623
2024-07-01,19,169369
2024-07-01,20,97432
2024-07-01,21,82285
2024-07-01,22,60433
2024-07-01,23,21809
2024-07-02,0,8856
2024-07-02,1,277
2024-07-02,5,39
2024-07-02,6,29608
2024-07-02,7,118248
2024-07-02,8,263034
2024-07-02,9,142113
2024-07-02,10,87983
2024-07-02,11,84449
2024-07-02,12,91345
2024-07-02,13,94707
2024-07-02,14,82187
2024-07-02,15,73224
2024-07-02,16,101024
2024-07-02,17,164710
2024-07-02,18,248097
2024-07-02,19,168959
2024-07-02,20,100433
2024-07-02,21,88797
2024-07-02,22,66581
2024-07-02,23,24465
2024-07-03,0,9177
2024-07-03,1,305
2024-07-03,5,27
2024-07-03,6,29614
2024-07-03,7,117152
2024-07-03,8,261997
2024-07-03,9,141772
2024-07-03,10,89246
2024-07-03,11,86708
2024-07-03,12,93243
2024-07-03,13,96468
2024-07-03,14,86532
2024-07-03,15,84612
2024-07-03,16,104027
2024-07-03,17,173134
2024-07-03,18,256521
2024-07-03,19,167326
2024-07-03,20,100851
2024-07-03,21,92455
2024-07-03,22,69084
2024-07-03,23,25495
2024-07-04,0,9502
2024-07-04,1,293
2024-07-04,5,32
2024-07-04,6,29714
2024-07-04,7,116561
2024-07-04,8,258932
2024-07-04,9,140918
2024-07-04,10,88258
2024-07-04,11,85808
2024-07-04,12,91311
2024-07-04,13,95671
2024-07-04,14,87201
2024-07-04,15,86984
2024-07-04,16,106848
2024-07-04,17,170082
2024-07-04,18,254436
2024-07-04,19,167324
2024-07-04,20,101827
2024-07-04,21,94520
2024-07-04,22,70819
2024-07-04,23,27028
2024-07-05,0,16650
2024-07-05,1,472
2024-07-05,5,41
2024-07-05,6,29923
2024-07-05,7,115172
2024-07-05,8,250873
2024-07-05,9,138380
2024-07-05,10,91605
2024-07-05,11,91359
2024-07-05,12,97878
2024-07-05,13,102838
2024-07-05,14,95450
2024-07-05,15,95843
2024-07-05,16,118789
2024-07-05,17,187688
2024-07-05,18,268394
2024-07-05,19,178908
2024-07-05,20,111691
2024-07-05,21,107254
2024-07-05,22,96238
2024-07-05,23,41805
2024-07-06,0,15073
2024-07-06,1,429
2024-07-06,5,52
2024-07-06,6,20411
2024-07-06,7,40934
2024-07-06,8,68513
2024-07-06,9,84168
2024-07-06,10,96902
2024-07-06,11,111497
2024-07-06,12,116551
2024-07-06,13,125482
2024-07-06,14,118311
2024-07-06,15,118887
2024-07-06,16,130972
2024-07-06,17,151860
2024-07-06,18,137979
2024-07-06,19,106705
2024-07-06,20,95398
2024-07-06,21,97855
2024-07-06,22,82885
2024-07-06,23,37788
2024-07-07,0,9558
2024-07-07,1,252
2024-07-07,5,39
2024-07-07,6,17180
2024-07-07,7,32248
2024-07-07,8,55545
2024-07-07,9,67750
2024-07-07,10,79300
2024-07-07,11,96726
2024-07-07,12,96978
2024-07-07,13,107768
2024-07-07,14,106737
2024-07-07,15,102322
2024-07-07,16,110852
2024-07-07,17,128729
2024-07-07,18,115182
2024-07-07,19,93478
2024-07-07,20,86237
2024-07-07,21,82129
2024-07-07,22,58730
2024-07-07,23,25259
2024-07-08,0,8437
2024-07-08,1,271
2024-07-08,5,35
2024-07-08,6,30068
2024-07-08,7,116668
2024-07-08,8,254837
2024-07-08,9,138666
2024-07-08,10,85477
2024-07-08,11,82168
2024-07-08,12,90075
2024-07-08,13,92443
2024-07-08,14,84101
2024-07-08,15,86533
2024-07-08,16,84424
2024-07-08,17,166716
2024-07-08,18,250054
2024-07-08,19,167853
2024-07-08,20,95963
2024-07-08,21,83524
2024-07-08,22,62705
2024-07-08,23,23243
2024-07-09,0,9064
2024-07-09,1,266
2024-07-09,5,32
2024-07-09,6,29638
2024-07-09,7,116291
2024-07-09,8,260686
2024-07-09,9,144819
2024-07-09,10,88315
2024-07-09,11,86541
2024-07-09,12,93277
2024-07-09,13,98309
2024-07-09,14,86579
2024-07-09,15,87897
2024-07-09,16,98518
2024-07-09,17,169884
2024-07-09,18,257097
2024-07-09,19,168047
2024-07-09,20,99185
2024-07-09,21,89336
2024-07-09,22,67107
2024-07-09,23,24513
2024-07-10,0,9759
2024-07-10,1,311
2024-07-10,5,30
2024-07-10,6,29751
2024-07-10,7,116906
2024-07-10,8,262046
2024-07-10,9,144236
2024-07-10,10,89298
2024-07-10,11,87787
2024-07-10,12,95478
2024-07-10,13,100026
2024-07-10,14,77331
2024-07-10,15,82383
2024-07-10,16,104802
2024-07-10,17,171208
2024-07-10,18,255463
2024-07-10,19,170110
2024-07-10,20,100475
2024-07-10,21,93658
2024-07-10,22,70370
2024-07-10,23,26380
2024-07-11,0,9654
2024-07-11,1,307
2024-07-11,5,25
2024-07-11,6,30120
2024-07-11,7,117606
2024-07-11,8,264717
2024-07-11,9,150686
2024-07-11,10,96679
2024-07-11,11,94959
2024-07-11,12,100739
2024-07-11,13,103285
2024-07-11,14,90068
2024-07-11,15,88922
2024-07-11,16,105944
2024-07-11,17,170602
2024-07-11,18,254592
2024-07-11,19,170362
2024-07-11,20,104081
2024-07-11,21,96743
2024-07-11,22,74366
2024-07-11,23,27736
2024-07-12,0,16451
2024-07-12,1,527
2024-07-12,5,38
2024-07-12,6,29997
2024-07-12,7,113916
2024-07-12,8,250273
2024-07-12,9,138829
2024-07-12,10,92573
2024-07-12,11,92520
2024-07-12,12,101331
2024-07-12,13,105181
2024-07-12,14,96416
2024-07-12,15,97415
2024-07-12,16,116760
2024-07-12,17,187957
2024-07-12,18,270947
2024-07-12,19,177478
2024-07-12,20,111031
2024-07-12,21,108169
2024-07-12,22,92505
2024-07-12,23,41771
2024-07-13,0,17728
2024-07-13,1,486
2024-07-13,5,52
2024-07-13,6,20959
2024-07-13,7,40426
2024-07-13,8,67261
2024-07-13,9,84220
2024-07-13,10,97656
2024-07-13,11,116211
2024-07-13,12,117055
2024-07-13,13,127924
2024-07-13,14,121818
2024-07-13,15,125098
2024-07-13,16,127292
2024-07-13,17,154086
2024-07-13,18,141063
2024-07-13,19,109053
2024-07-13,20,95452
2024-07-13,21,99868
2024-07-13,22,88714
2024-07-13,23,42677
2024-07-14,0,10340
2024-07-14,1,329
2024-07-14,5,41
2024-07-14,6,17584
2024-07-14,7,31429
2024-07-14,8,51776
2024-07-14,9,69657
2024-07-14,10,84293
2024-07-14,11,101180
2024-07-14,12,101130
2024-07-14,13,111834
2024-07-14,14,111804
2024-07-14,15,110916
2024-07-14,16,118853
2024-07-14,17,136782
2024-07-14,18,120654
2024-07-14,19,98705
2024-07-14,20,91025
2024-07-14,21,84212
2024-07-14,22,62095
2024-07-14,23,28064
2024-07-15,0,8503
2024-07-15,1,254
2024-07-15,5,39
2024-07-15,6,30643
2024-07-15,7,118053
2024-07-15,8,255073
2024-07-15,9,137612
2024-07-15,10,87136
2024-07-15,11,84554
2024-07-15,12,93043
2024-07-15,13,96353
2024-07-15,14,86594
2024-07-15,15,86321
2024-07-15,16,102873
2024-07-15,17,168416
2024-07-15,18,252696
2024-07-15,19,167457
2024-07-15,20,97940
2024-07-15,21,84906
2024-07-15,22,65515
2024-07-15,23,23974
2024-07-16,0,8974
2024-07-16,1,256
2024-07-16,5,38
2024-07-16,6,30188
2024-07-16,7,119898
2024-07-16,8,261629
2024-07-16,9,143100
2024-07-16,10,89087
2024-07-16,11,85280
2024-07-16,12,93812
2024-07-16,13,97206
2024-07-16,14,86205
2024-07-16,15,87708
2024-07-16,16,104593
2024-07-16,17,172769
2024-07-16,18,255525
2024-07-16,19,171988
2024-07-16,20,102138
2024-07-16,21,91735
2024-07-16,22,69975
2024-07-16,23,25933
2024-07-17,0,9728
2024-07-17,1,289
2024-07-17,5,32
2024-07-17,6,30111
2024-07-17,7,120166
2024-07-17,8,260987
2024-07-17,9,142816
2024-07-17,10,89243
2024-07-17,11,87374
2024-07-17,12,96303
2024-07-17,13,99687
2024-07-17,14,88736
2024-07-17,15,89079
2024-07-17,16,111173
2024-07-17,17,179219
2024-07-17,18,264942
2024-07-17,19,174944
2024-07-17,20,105561
2024-07-17,21,102675
2024-07-17,22,74709
2024-07-17,23,28088
2024-07-18,0,9718
2024-07-18,1,291
2024-07-18,5,37
2024-07-18,6,30382
2024-07-18,7,119854
2024-07-18,8,258751
2024-07-18,9,141819
2024-07-18,10,88566
2024-07-18,11,86339
2024-07-18,12,94495
2024-07-18,13,99009
2024-07-18,14,88005
2024-07-18,15,88584
2024-07-18,16,109416
2024-07-18,17,177606
2024-07-18,18,259562
2024-07-18,19,170841
2024-07-18,20,102934
2024-07-18,21,97291
2024-07-18,22,73163
2024-07-18,23,27646
2024-07-19,0,16487
2024-07-19,1,525
2024-07-19,5,37
2024-07-19,6,30211
2024-07-19,7,117727
2024-07-19,8,250602
2024-07-19,9,138277
2024-07-19,10,90872
2024-07-19,11,90562
2024-07-19,12,100253
2024-07-19,13,105386
2024-07-19,14,95770
2024-07-19,15,96784
2024-07-19,16,118795
2024-07-19,17,192177
2024-07-19,18,271556
2024-07-19,19,175644
2024-07-19,20,110570
2024-07-19,21,108987
2024-07-19,22,92709
2024-07-19,23,41541
2024-07-20,0,16546
2024-07-20,1,482
2024-07-20,5,34
2024-07-20,6,21062
2024-07-20,7,41394
2024-07-20,8,69775
2024-07-20,9,83876
2024-07-20,10,97126
2024-07-20,11,114592
2024-07-20,12,117564
2024-07-20,13,126453
2024-07-20,14,122032
2024-07-20,15,121361
2024-07-20,16,133683
2024-07-20,17,158374
2024-07-20,18,138441
2024-07-20,19,110328
2024-07-20,20,98008
2024-07-20,21,115466
2024-07-20,22,92318
2024-07-20,23,41202
2024-07-21,0,9795
2024-07-21,1,273
2024-07-21,5,40
2024-07-21,6,17399
2024-07-21,7,31214
2024-07-21,8,52246
2024-07-21,9,68099
2024-07-21,10,82049
2024-07-21,11,97928
2024-07-21,12,100590
2024-07-21,13,108062
2024-07-21,14,106346
2024-07-21,15,105337
2024-07-21,16,114031
2024-07-21,17,132737
2024-07-21,18,115337
2024-07-21,19,97037
2024-07-21,20,96396
2024-07-21,21,85170
2024-07-21,22,63526
2024-07-21,23,28044
2024-07-22,0,8643
2024-07-22,1,265
2024-07-22,5,32
2024-07-22,6,30319
2024-07-22,7,120429
2024-07-22,8,254180
2024-07-22,9,135499
2024-07-22,10,84874
2024-07-22,11,82429
2024-07-22,12,91101
2024-07-22,13,92956
2024-07-22,14,82776
2024-07-22,15,84946
2024-07-22,16,102867
2024-07-22,17,166291
2024-07-22,18,251132
2024-07-22,19,167797
2024-07-22,20,98831
2024-07-22,21,86325
2024-07-22,22,63834
2024-07-22,23,23658
2024-07-23,0,9107
2024-07-23,1,239
2024-07-23,5,28
2024-07-23,6,30119
2024-07-23,7,122477
2024-07-23,8,262791
2024-07-23,9,144498
2024-07-23,10,89139
2024-07-23,11,86720
2024-07-23,12,106100
2024-07-23,13,70032
2024-07-23,14,73623
2024-07-23,15,92535
2024-07-23,16,108307
2024-07-23,17,169088
2024-07-23,18,252247
2024-07-23,19,168462
2024-07-23,20,94741
2024-07-23,21,90976
2024-07-23,22,67555
2024-07-23,23,24875
2024-07-24,0,2045
2024-07-24,1,68
2024-07-24,5,25
2024-07-24,6,8572
2024-07-24,7,14916
2024-07-24,8,17279
2024-07-24,9,18560
2024-07-24,10,19014
2024-07-24,11,20843
2024-07-24,12,21213
2024-07-24,13,21048
2024-07-24,14,21532
2024-07-24,15,19591
2024-07-24,16,18359
2024-07-24,17,18653
2024-07-24,18,15605
2024-07-24,19,11761
2024-07-24,20,8728
2024-07-24,21,7259
2024-07-24,22,5850
2024-07-24,23,4082
2024-07-25,0,6093
2024-07-25,1,171
2024-07-25,5,19
2024-07-25,6,6185
2024-07-25,7,9783
2024-07-25,8,10751
2024-07-25,9,12295
2024-07-25,10,14895
2024-07-25,11,20914
2024-07-25,12,26227
2024-07-25,13,33371
2024-07-25,14,34354
2024-07-25,15,37038
2024-07-25,16,41875
2024-07-25,17,48800
2024-07-25,18,47393
2024-07-25,19,40458
2024-07-25,20,35244
2024-07-25,21,35032
2024-07-25,22,30730
2024-07-25,23,14352
2024-07-26,0,16625
2024-07-26,1,523
2024-07-26,5,35
2024-07-26,6,31684
2024-07-26,7,125789
2024-07-26,8,263842
2024-07-26,9,148449
2024-07-26,10,95790
2024-07-26,11,91609
2024-07-26,12,102499
2024-07-26,13,110273
2024-07-26,14,100862
2024-07-26,15,101504
2024-07-26,16,121396
2024-07-26,17,192988
2024-07-26,18,277422
2024-07-26,19,196054
2024-07-26,20,119272
2024-07-26,21,112452
2024-07-26,22,98301
2024-07-26,23,42032
2024-07-27,0,17184
2024-07-27,1,560
2024-07-27,5,32
2024-07-27,6,19634
2024-07-27,7,39736
2024-07-27,8,70041
2024-07-27,9,89344
2024-07-27,10,102272
2024-07-27,11,118736
2024-07-27,12,122192
2024-07-27,13,136829
2024-07-27,14,133740
2024-07-27,15,131028
2024-07-27,16,145220
2024-07-27,17,166067
2024-07-27,18,152396
2024-07-27,19,114592
2024-07-27,20,97847
2024-07-27,21,99921
2024-07-27,22,93073
2024-07-27,23,43266
2024-07-28,0,10400
2024-07-28,1,337
2024-07-28,5,36
2024-07-28,6,17755
2024-07-28,7,31563
2024-07-28,8,55924
2024-07-28,9,73467
2024-07-28,10,87589
2024-07-28,11,103557
2024-07-28,12,105761
2024-07-28,13,115438
2024-07-28,14,116082
2024-07-28,15,118232
2024-07-28,16,127331
2024-07-28,17,143957
2024-07-28,18,126331
2024-07-28,19,103116
2024-07-28,20,91378
2024-07-28,21,92343
2024-07-28,22,69056
2024-07-28,23,28332
2024-07-29,0,9370
2024-07-29,1,304
2024-07-29,5,21
2024-07-29,6,31623
2024-07-29,7,123824
2024-07-29,8,257392
2024-07-29,9,143131
2024-07-29,10,94766
2024-07-29,11,91259
2024-07-29,12,101494
2024-07-29,13,103668
2024-07-29,14,95130
2024-07-29,15,95859
2024-07-29,16,112681
2024-07-29,17,175492
2024-07-29,18,251545
2024-07-29,19,174179
2024-07-29,20,104735
2024-07-29,21,92967
2024-07-29,22,66548
2024-07-29,23,24723
2024-07-30,0,9381
2024-07-30,1,261
2024-07-30,5,34
2024-07-30,6,30035
2024-07-30,7,123101
2024-07-30,8,256912
2024-07-30,9,147678
2024-07-30,10,90764
2024-07-30,11,87998
2024-07-30,12,95729
2024-07-30,13,100674
2024-07-30,14,89689
2024-07-30,15,90277
2024-07-30,16,110046
2024-07-30,17,175929
2024-07-30,18,255201
2024-07-30,19,169318
2024-07-30,20,101572
2024-07-30,21,93450
2024-07-30,22,70144
2024-07-30,23,25648
2024-07-31,0,10607
2024-07-31,1,310
2024-07-31,5,28
2024-07-31,6,30015
2024-07-31,7,122585
2024-07-31,8,259215
2024-07-31,9,142973
2024-07-31,10,90563
2024-07-31,11,88784
2024-07-31,12,98747
2024-07-31,13,103441
2024-07-31,14,90567
2024-07-31,15,93220
2024-07-31,16,110378
2024-07-31,17,173895
2024-07-31,18,264793
2024-07-31,19,185850
2024-07-31,20,109664
2024-07-31,21,101709
2024-07-31,22,75348
2024-07-31,23,28151
2024-08-01,0,10120
2024-08-01,1,303
2024-08-01,5,41
2024-08-01,6,30796
2024-08-01,7,124444
2024-08-01,8,260172
2024-08-01,9,142929
2024-08-01,10,89264
2024-08-01,11,87285
2024-08-01,12,96827
2024-08-01,13,99218
2024-08-01,14,89771
2024-08-01,15,90654
2024-08-01,16,109320
2024-08-01,17,175750
2024-08-01,18,257450
2024-08-01,19,172938
2024-08-01,20,105801
2024-08-01,21,97273
2024-08-01,22,74188
2024-08-01,23,27432
2024-08-02,0,16482
2024-08-02,1,542
2024-08-02,5,37
2024-08-02,6,30481
2024-08-02,7,121316
2024-08-02,8,251184
2024-08-02,9,136766
2024-08-02,10,91074
2024-08-02,11,89551
2024-08-02,12,100456
2024-08-02,13,104820
2024-08-02,14,95043
2024-08-02,15,97396
2024-08-02,16,118640
2024-08-02,17,189103
2024-08-02,18,269652
2024-08-02,19,180229
2024-08-02,20,114726
2024-08-02,21,108753
2024-08-02,22,96369
2024-08-02,23,42713
2024-08-03,0,15526
2024-08-03,1,486
2024-08-03,5,36
2024-08-03,6,20271
2024-08-03,7,39951
2024-08-03,8,68181
2024-08-03,9,82685
2024-08-03,10,97881
2024-08-03,11,113175
2024-08-03,12,115546
2024-08-03,13,124070
2024-08-03,14,122049
2024-08-03,15,120427
2024-08-03,16,132076
2024-08-03,17,155845
2024-08-03,18,141586
2024-08-03,19,111906
2024-08-03,20,96879
2024-08-03,21,98599
2024-08-03,22,92672
2024-08-03,23,42178
2024-08-04,0,12615
2024-08-04,1,352
2024-08-04,5,29
2024-08-04,6,16197
2024-08-04,7,29992
2024-08-04,8,50169
2024-08-04,9,64268
2024-08-04,10,78338
2024-08-04,11,95124
2024-08-04,12,94005
2024-08-04,13,103979
2024-08-04,14,104217
2024-08-04,15,102942
2024-08-04,16,114621
2024-08-04,17,130996
2024-08-04,18,113325
2024-08-04,19,94213
2024-08-04,20,86845
2024-08-04,21,78981
2024-08-04,22,58686
2024-08-04,23,25126
2024-08-05,0,8448
2024-08-05,1,259
2024-08-05,5,44
2024-08-05,6,30449
2024-08-05,7,122154
2024-08-05,8,256857
2024-08-05,9,135289
2024-08-05,10,84618
2024-08-05,11,81157
2024-08-05,12,90965
2024-08-05,13,92983
2024-08-05,14,83544
2024-08-05,15,83929
2024-08-05,16,102892
2024-08-05,17,165512
2024-08-05,18,251252
2024-08-05,19,171315
2024-08-05,20,99995
2024-08-05,21,86451
2024-08-05,22,65972
2024-08-05,23,24284
2024-08-06,0,9094
2024-08-06,1,258
2024-08-06,5,40
2024-08-06,6,29805
2024-08-06,7,124021
2024-08-06,8,262881
2024-08-06,9,144869
2024-08-06,10,88748
2024-08-06,11,86613
2024-08-06,12,95334
2024-08-06,13,97867
2024-08-06,14,87603
2024-08-06,15,88439
2024-08-06,16,109801
2024-08-06,17,176291
2024-08-06,18,260834
2024-08-06,19,172452
2024-08-06,20,102494
2024-08-06,21,93946
2024-08-06,22,70400
2024-08-06,23,25327
2024-08-07,0,9636
2024-08-07,1,297
2024-08-07,5,38
2024-08-07,6,29757
2024-08-07,7,121961
2024-08-07,8,262262
2024-08-07,9,142642
2024-08-07,10,89207
2024-08-07,11,85884
2024-08-07,12,96073
2024-08-07,13,99366
2024-08-07,14,87492
2024-08-07,15,89714
2024-08-07,16,110897
2024-08-07,17,179479
2024-08-07,18,265672
2024-08-07,19,177153
2024-08-07,20,104124
2024-08-07,21,96278
2024-08-07,22,74961
2024-08-07,23,27223
2024-08-08,0,9556
2024-08-08,1,317
2024-08-08,5,42
2024-08-08,6,30047
2024-08-08,7,121947
2024-08-08,8,258452
2024-08-08,9,139825
2024-08-08,10,87416
2024-08-08,11,85065
2024-08-08,12,94741
2024-08-08,13,98693
2024-08-08,14,87205
2024-08-08,15,87896
2024-08-08,16,110149
2024-08-08,17,176900
2024-08-08,18,262981
2024-08-08,19,174188
2024-08-08,20,100641
2024-08-08,21,90014
2024-08-08,22,68976
2024-08-08,23,26749
2024-08-09,0,17564
2024-08-09,1,537
2024-08-09,5,37
2024-08-09,6,30389
2024-08-09,7,120479
2024-08-09,8,252562
2024-08-09,9,138484
2024-08-09,10,92372
2024-08-09,11,92087
2024-08-09,12,104704
2024-08-09,13,105898
2024-08-09,14,95790
2024-08-09,15,98638
2024-08-09,16,120953
2024-08-09,17,192054
2024-08-09,18,275476
2024-08-09,19,181081
2024-08-09,20,113730
2024-08-09,21,109913
2024-08-09,22,97859
2024-08-09,23,44561
2024-08-10,0,19722
2024-08-10,1,563
2024-08-10,5,48
2024-08-10,6,20456
2024-08-10,7,40810
2024-08-10,8,69703
2024-08-10,9,85037
2024-08-10,10,102958
2024-08-10,11,121920
2024-08-10,12,124345
2024-08-10,13,136928
2024-08-10,14,126066
2024-08-10,15,129485
2024-08-10,16,150843
2024-08-10,17,180131
2024-08-10,18,166791
2024-08-10,19,140251
2024-08-10,20,111937
2024-08-10,21,133632
2024-08-10,22,103890
2024-08-10,23,48388
2024-08-11,0,10176
2024-08-11,1,269
2024-08-11,5,43
2024-08-11,6,17706
2024-08-11,7,31853
2024-08-11,8,53974
2024-08-11,9,69421
2024-08-11,10,84572
2024-08-11,11,104946
2024-08-11,12,106823
2024-08-11,13,115841
2024-08-11,14,114722
2024-08-11,15,112182
2024-08-11,16,123559
2024-08-11,17,139580
2024-08-11,18,122766
2024-08-11,19,103317
2024-08-11,20,92125
2024-08-11,21,87862
2024-08-11,22,66544
2024-08-11,23,28677
2024-08-12,0,8543
2024-08-12,1,281
2024-08-12,5,46
2024-08-12,6,30561
2024-08-12,7,120588
2024-08-12,8,254360
2024-08-12,9,138652
2024-08-12,10,87897
2024-08-12,11,86935
2024-08-12,12,94165
2024-08-12,13,97735
2024-08-12,14,84403
2024-08-12,15,86253
2024-08-12,16,106313
2024-08-12,17,170139
2024-08-12,18,253997
2024-08-12,19,169803
2024-08-12,20,98441
2024-08-12,21,85924
2024-08-12,22,65370
2024-08-12,23,24012
2024-08-13,0,9064
2024-08-13,1,275
2024-08-13,5,35
2024-08-13,6,30397
2024-08-13,7,121336
2024-08-13,8,261418
2024-08-13,9,145702
2024-08-13,10,90764
2024-08-13,11,88355
2024-08-13,12,95052
2024-08-13,13,100033
2024-08-13,14,86682
2024-08-13,15,84901
2024-08-13,16,106730
2024-08-13,17,174376
2024-08-13,18,262850
2024-08-13,19,170601
2024-08-13,20,101483
2024-08-13,21,93081
2024-08-13,22,71253
2024-08-13,23,25592
2024-08-14,0,9493
2024-08-14,1,309
2024-08-14,5,34
2024-08-14,6,29675
2024-08-14,7,122138
2024-08-14,8,260418
2024-08-14,9,143398
2024-08-14,10,91175
2024-08-14,11,88937
2024-08-14,12,96329
2024-08-14,13,97702
2024-08-14,14,84191
2024-08-14,15,86027
2024-08-14,16,106369
2024-08-14,17,175651
2024-08-14,18,259289
2024-08-14,19,174836
2024-08-14,20,103100
2024-08-14,21,96474
2024-08-14,22,73034
2024-08-14,23,26644
2024-08-15,0,10006
2024-08-15,1,304
2024-08-15,5,33
2024-08-15,6,29669
2024-08-15,7,120993
2024-08-15,8,258384
2024-08-15,9,143919
2024-08-15,10,90395
2024-08-15,11,89229
2024-08-15,12,96427
2024-08-15,13,96345
2024-08-15,14,85598
2024-08-15,15,82499
2024-08-15,16,105728
2024-08-15,17,170918
2024-08-15,18,259176
2024-08-15,19,170582
2024-08-15,20,100928
2024-08-15,21,96063
2024-08-15,22,73109
2024-08-15,23,27520
2024-08-16,0,17096
2024-08-16,1,593
2024-08-16,5,36
2024-08-16,6,29972
2024-08-16,7,109818
2024-08-16,8,257957
2024-08-16,9,139087
2024-08-16,10,92959
2024-08-16,11,93485
2024-08-16,12,102270
2024-08-16,13,107382
2024-08-16,14,99354
2024-08-16,15,100102
2024-08-16,16,124012
2024-08-16,17,190119
2024-08-16,18,274636
2024-08-16,19,178188
2024-08-16,20,110650
2024-08-16,21,107930
2024-08-16,22,94381
2024-08-16,23,47438
2024-08-17,0,16136
2024-08-17,1,476
2024-08-17,5,51
2024-08-17,6,19787
2024-08-17,7,39764
2024-08-17,8,66603
2024-08-17,9,82637
2024-08-17,10,95802
2024-08-17,11,114008
2024-08-17,12,116317
2024-08-17,13,127006
2024-08-17,14,119171
2024-08-17,15,118681
2024-08-17,16,130191
2024-08-17,17,153879
2024-08-17,18,139144
2024-08-17,19,107011
2024-08-17,20,92277
2024-08-17,21,96584
2024-08-17,22,86772
2024-08-17,23,38610
2024-08-18,0,9230
2024-08-18,1,276
2024-08-18,5,32
2024-08-18,6,15863
2024-08-18,7,29131
2024-08-18,8,47888
2024-08-18,9,65974
2024-08-18,10,76043
2024-08-18,11,91186
2024-08-18,12,92871
2024-08-18,13,102057
2024-08-18,14,104297
2024-08-18,15,101504
2024-08-18,16,110642
2024-08-18,17,127464
2024-08-18,18,113848
2024-08-18,19,93766
2024-08-18,20,83464
2024-08-18,21,82188
2024-08-18,22,58262
2024-08-18,23,25585
2024-08-19,0,8342
2024-08-19,1,285
2024-08-19,5,40
2024-08-19,6,29389
2024-08-19,7,114856
2024-08-19,8,252423
2024-08-19,9,135985
2024-08-19,10,87898
2024-08-19,11,85578
2024-08-19,12,92795
2024-08-19,13,95318
2024-08-19,14,88627
2024-08-19,15,83243
2024-08-19,16,99159
2024-08-19,17,166598
2024-08-19,18,252295
2024-08-19,19,166864
2024-08-19,20,97112
2024-08-19,21,83249
2024-08-19,22,61921
2024-08-19,23,22795
2024-08-20,0,8892
2024-08-20,1,307
2024-08-20,5,27
2024-08-20,6,29526
2024-08-20,7,120184
2024-08-20,8,259264
2024-08-20,9,146128
2024-08-20,10,91870
2024-08-20,11,89594
2024-08-20,12,95018
2024-08-20,13,98286
2024-08-20,14,89978
2024-08-20,15,86692
2024-08-20,16,106560
2024-08-20,17,171494
2024-08-20,18,264928
2024-08-20,19,174629
2024-08-20,20,99955
2024-08-20,21,90420
2024-08-20,22,66849
2024-08-20,23,24695
2024-08-21,0,9901
2024-08-21,1,297
2024-08-21,5,31
2024-08-21,6,29909
2024-08-21,7,123255
2024-08-21,8,261489
2024-08-21,9,147794
2024-08-21,10,92861
2024-08-21,11,91470
2024-08-21,12,99514
2024-08-21,13,101564
2024-08-21,14,93932
2024-08-21,15,92234
2024-08-21,16,112464
2024-08-21,17,180928
2024-08-21,18,261275
2024-08-21,19,176572
2024-08-21,20,103861
2024-08-21,21,97735
2024-08-21,22,73580
2024-08-21,23,27284
2024-08-22,0,10100
2024-08-22,1,384
2024-08-22,5,32
2024-08-22,6,30782
2024-08-22,7,123367
2024-08-22,8,257625
2024-08-22,9,147406
2024-08-22,10,93808
2024-08-22,11,90820
2024-08-22,12,97836
2024-08-22,13,103309
2024-08-22,14,93320
2024-08-22,15,93286
2024-08-22,16,118914
2024-08-22,17,186840
2024-08-22,18,263735
2024-08-22,19,170493
2024-08-22,20,103592
2024-08-22,21,98036
2024-08-22,22,75214
2024-08-22,23,28481
2024-08-23,0,17107
2024-08-23,1,555
2024-08-23,5,44
2024-08-23,6,31168
2024-08-23,7,121129
2024-08-23,8,251914
2024-08-23,9,143301
2024-08-23,10,98517
2024-08-23,11,97210
2024-08-23,12,105357
2024-08-23,13,110424
2024-08-23,14,102504
2024-08-23,15,93189
2024-08-23,16,124686
2024-08-23,17,194387
2024-08-23,18,271953
2024-08-23,19,178553
2024-08-23,20,113035
2024-08-23,21,109418
2024-08-23,22,92302
2024-08-23,23,42042
2024-08-24,0,17075
2024-08-24,1,540
2024-08-24,5,35
2024-08-24,6,21116
2024-08-24,7,42361
2024-08-24,8,71088
2024-08-24,9,89202
2024-08-24,10,104058
2024-08-24,11,121746
2024-08-24,12,126894
2024-08-24,13,133236
2024-08-24,14,127971
2024-08-24,15,126204
2024-08-24,16,141369
2024-08-24,17,169791
2024-08-24,18,150091
2024-08-24,19,116231
2024-08-24,20,101252
2024-08-24,21,104039
2024-08-24,22,87574
2024-08-24,23,43560
2024-08-25,0,10374
2024-08-25,1,293
2024-08-25,5,52
2024-08-25,6,17779
2024-08-25,7,32097
2024-08-25,8,53950
2024-08-25,9,71146
2024-08-25,10,86429
2024-08-25,11,104908
2024-08-25,12,107629
2024-08-25,13,118343
2024-08-25,14,117550
2024-08-25,15,114291
2024-08-25,16,123968
2024-08-25,17,145433
2024-08-25,18,125293
2024-08-25,19,102036
2024-08-25,20,91842
2024-08-25,21,83026
2024-08-25,22,65988
2024-08-25,23,26902
2024-08-26,0,8684
2024-08-26,1,250
2024-08-26,5,39
2024-08-26,6,29828
2024-08-26,7,115862
2024-08-26,8,247017
2024-08-26,9,135000
2024-08-26,10,86837
2024-08-26,11,87212
2024-08-26,12,91142
2024-08-26,13,94235
2024-08-26,14,88774
2024-08-26,15,87598
2024-08-26,16,105867
2024-08-26,17,166417
2024-08-26,18,252021
2024-08-26,19,166970
2024-08-26,20,98934
2024-08-26,21,85247
2024-08-26,22,63701
2024-08-26,23,23547
2024-08-27,0,9111
2024-08-27,1,310
2024-08-27,5,26
2024-08-27,6,29460
2024-08-27,7,118688
2024-08-27,8,255967
2024-08-27,9,141088
2024-08-27,10,90412
2024-08-27,11,88223
2024-08-27,12,92658
2024-08-27,13,96609
2024-08-27,14,89767
2024-08-27,15,89612
2024-08-27,16,109231
2024-08-27,17,173980
2024-08-27,18,258416
2024-08-27,19,172158
2024-08-27,20,102653
2024-08-27,21,92562
2024-08-27,22,67937
2024-08-27,23,25378
2024-08-28,0,9802
2024-08-28,1,284
2024-08-28,5,35
2024-08-28,6,29412
2024-08-28,7,116602
2024-08-28,8,255309
2024-08-28,9,139103
2024-08-28,10,89844
2024-08-28,11,88001
2024-08-28,12,92420
2024-08-28,13,97658
2024-08-28,14,90832
2024-08-28,15,91048
2024-08-28,16,108376
2024-08-28,17,173836
2024-08-28,18,258735
2024-08-28,19,169154
2024-08-28,20,103022
2024-08-28,21,94143
2024-08-28,22,69791
2024-08-28,23,25896
2024-08-29,0,9931
2024-08-29,1,320
2024-08-29,5,37
2024-08-29,6,29591
2024-08-29,7,116964
2024-08-29,8,252565
2024-08-29,9,137354
2024-08-29,10,87478
2024-08-29,11,86909
2024-08-29,12,91146
2024-08-29,13,95692
2024-08-29,14,86031
2024-08-29,15,82320
2024-08-29,16,104671
2024-08-29,17,170127
2024-08-29,18,255259
2024-08-29,19,165899
2024-08-29,20,99597
2024-08-29,21,92785
2024-08-29,22,71238
2024-08-29,23,26234
2024-08-30,0,16648
2024-08-30,1,572
2024-08-30,5,44
2024-08-30,6,34737
2024-08-30,7,155820
2024-08-30,8,248021
2024-08-30,9,128176
2024-08-30,10,85654
2024-08-30,11,85102
2024-08-30,12,89383
2024-08-30,13,92750
2024-08-30,14,87871
2024-08-30,15,90023
2024-08-30,16,135076
2024-08-30,17,198282
2024-08-30,18,270658
2024-08-30,19,175767
2024-08-30,20,110343
2024-08-30,21,107673
2024-08-30,22,92243
2024-08-30,23,40631
2024-08-31,0,16195
2024-08-31,1,529
2024-08-31,5,47
2024-08-31,6,20076
2024-08-31,7,38333
2024-08-31,8,65561
2024-08-31,9,80629
2024-08-31,10,94985
2024-08-31,11,110882
2024-08-31,12,114221
2024-08-31,13,123850
2024-08-31,14,117657
2024-08-31,15,118218
2024-08-31,16,129475
2024-08-31,17,158023
2024-08-31,18,142814
2024-08-31,19,110835
2024-08-31,20,96259
2024-08-31,21,99201
2024-08-31,22,83101
2024-08-31,23,39331
2024-09-01,0,8603
2024-09-01,1,206
2024-09-01,5,48
2024-09-01,6,17172
2024-09-01,7,30527
2024-09-01,8,49990
2024-09-01,9,64873
2024-09-01,10,75481
2024-09-01,11,91380
2024-09-01,12,93611
2024-09-01,13,102492
2024-09-01,14,102160
2024-09-01,15,102971
2024-09-01,16,111132
2024-09-01,17,128198
2024-09-01,18,113982
2024-09-01,19,92998
2024-09-01,20,83899
2024-09-01,21,76839
2024-09-01,22,54487
2024-09-01,23,24529
2024-09-02,0,8150
2024-09-02,1,261
2024-09-02,5,37
2024-09-02,6,35043
2024-09-02,7,159075
2024-09-02,8,259639
2024-09-02,9,131584
2024-09-02,10,79574
2024-09-02,11,75728
2024-09-02,12,78742
2024-09-02,13,80742
2024-09-02,14,75086
2024-09-02,15,78003
2024-09-02,16,120167
2024-09-02,17,178755
2024-09-02,18,254589
2024-09-02,19,168599
2024-09-02,20,97659
2024-09-02,21,85183
2024-09-02,22,63444
2024-09-02,23,22215
2024-09-03,0,8475
2024-09-03,1,272
2024-09-03,5,39
2024-09-03,6,34309
2024-09-03,7,162032
2024-09-03,8,265649
2024-09-03,9,139141
2024-09-03,10,84065
2024-09-03,11,79347
2024-09-03,12,81918
2024-09-03,13,85649
2024-09-03,14,79207
2024-09-03,15,81443
2024-09-03,16,125591
2024-09-03,17,184689
2024-09-03,18,262503
2024-09-03,19,170731
2024-09-03,20,100551
2024-09-03,21,92046
2024-09-03,22,68144
2024-09-03,23,24366
2024-09-04,0,9279
2024-09-04,1,260
2024-09-04,5,40
2024-09-04,6,34369
2024-09-04,7,162297
2024-09-04,8,259808
2024-09-04,9,148184
2024-09-04,10,86425
2024-09-04,11,81034
2024-09-04,12,86494
2024-09-04,13,88969
2024-09-04,14,81705
2024-09-04,15,82359
2024-09-04,16,128165
2024-09-04,17,196377
2024-09-04,18,264053
2024-09-04,19,173018
2024-09-04,20,103288
2024-09-04,21,95094
2024-09-04,22,72142
2024-09-04,23,25783
2024-09-05,0,9886
2024-09-05,1,304
2024-09-05,5,34
2024-09-05,6,34683
2024-09-05,7,160437
2024-09-05,8,264479
2024-09-05,9,143205
2024-09-05,10,89277
2024-09-05,11,82962
2024-09-05,12,87201
2024-09-05,13,89981
2024-09-05,14,82477
2024-09-05,15,84208
2024-09-05,16,131057
2024-09-05,17,197157
2024-09-05,18,266513
2024-09-05,19,173639
2024-09-05,20,105433
2024-09-05,21,98580
2024-09-05,22,74125
2024-09-05,23,26726
2024-09-06,0,16903
2024-09-06,1,512
2024-09-06,5,36
2024-09-06,6,34299
2024-09-06,7,160247
2024-09-06,8,257709
2024-09-06,9,137705
2024-09-06,10,90366
2024-09-06,11,86890
2024-09-06,12,93881
2024-09-06,13,98429
2024-09-06,14,92217
2024-09-06,15,95425
2024-09-06,16,144373
2024-09-06,17,207712
2024-09-06,18,281523
2024-09-06,19,186968
2024-09-06,20,115442
2024-09-06,21,113820
2024-09-06,22,97434
2024-09-06,23,42012
2024-09-07,0,15651
2024-09-07,1,445
2024-09-07,5,40
2024-09-07,6,20429
2024-09-07,7,41508
2024-09-07,8,71058
2024-09-07,9,84864
2024-09-07,10,95351
2024-09-07,11,112935
2024-09-07,12,122511
2024-09-07,13,122026
2024-09-07,14,112724
2024-09-07,15,115869
2024-09-07,16,127219
2024-09-07,17,158190
2024-09-07,18,143534
2024-09-07,19,108438
2024-09-07,20,94069
2024-09-07,21,93695
2024-09-07,22,79762
2024-09-07,23,37469
2024-09-08,0,10653
2024-09-08,1,344
2024-09-08,5,25
2024-09-08,6,16903
2024-09-08,7,30439
2024-09-08,8,51205
2024-09-08,9,67605
2024-09-08,10,78417
2024-09-08,11,96551
2024-09-08,12,97784
2024-09-08,13,106881
2024-09-08,14,106885
2024-09-08,15,106796
2024-09-08,16,114215
2024-09-08,17,134994
2024-09-08,18,123656
2024-09-08,19,98589
2024-09-08,20,85716
2024-09-08,21,83492
2024-09-08,22,62285
2024-09-08,23,27521
2024-09-09,0,8217
2024-09-09,1,253
2024-09-09,5,41
2024-09-09,6,34796
2024-09-09,7,163846
2024-09-09,8,264362
2024-09-09,9,141869
2024-09-09,10,82426
2024-09-09,11,77595
2024-09-09,12,83959
2024-09-09,13,82977
2024-09-09,14,76528
2024-09-09,15,81293
2024-09-09,16,120796
2024-09-09,17,188633
2024-09-09,18,264395
2024-09-09,19,169142
2024-09-09,20,98192
2024-09-09,21,88648
2024-09-09,22,66982
2024-09-09,23,23105
2024-09-10,0,8867
2024-09-10,1,280
2024-09-10,5,37
2024-09-10,6,34225
2024-09-10,7,165505
2024-09-10,8,273601
2024-09-10,9,149650
2024-09-10,10,85849
2024-09-10,11,78403
2024-09-10,12,85366
2024-09-10,13,87061
2024-09-10,14,79912
2024-09-10,15,84258
2024-09-10,16,125703
2024-09-10,17,193620
2024-09-10,18,269920
2024-09-10,19,173927
2024-09-10,20,102317
2024-09-10,21,95102
2024-09-10,22,72058
2024-09-10,23,25231
2024-09-11,0,9126
2024-09-11,1,280
2024-09-11,5,37
2024-09-11,6,34134
2024-09-11,7,165014
2024-09-11,8,273891
2024-09-11,9,148686
2024-09-11,10,85253
2024-09-11,11,81500
2024-09-11,12,90139
2024-09-11,13,91035
2024-09-11,14,82155
2024-09-11,15,86461
2024-09-11,16,126049
2024-09-11,17,197271
2024-09-11,18,270560
2024-09-11,19,172607
2024-09-11,20,102835
2024-09-11,21,99337
2024-09-11,22,75396
2024-09-11,23,26128
2024-09-12,0,9637
2024-09-12,1,291
2024-09-12,5,30
2024-09-12,6,33767
2024-09-12,7,164402
2024-09-12,8,270899
2024-09-12,9,148149
2024-09-12,10,88299
2024-09-12,11,81297
2024-09-12,12,89066
2024-09-12,13,89433
2024-09-12,14,82713
2024-09-12,15,86815
2024-09-12,16,128053
2024-09-12,17,197442
2024-09-12,18,274473
2024-09-12,19,173585
2024-09-12,20,104131
2024-09-12,21,100885
2024-09-12,22,77111
2024-09-12,23,27640
2024-09-13,0,16377
2024-09-13,1,599
2024-09-13,5,42
2024-09-13,6,34020
2024-09-13,7,162739
2024-09-13,8,261644
2024-09-13,9,142849
2024-09-13,10,90955
2024-09-13,11,86797
2024-09-13,12,98559
2024-09-13,13,100785
2024-09-13,14,94272
2024-09-13,15,99038
2024-09-13,16,142445
2024-09-13,17,215800
2024-09-13,18,287365
2024-09-13,19,187806
2024-09-13,20,117396
2024-09-13,21,116603
2024-09-13,22,101374
2024-09-13,23,42605
2024-09-14,0,17098
2024-09-14,1,518
2024-09-14,5,36
2024-09-14,6,20975
2024-09-14,7,42832
2024-09-14,8,72435
2024-09-14,9,86218
2024-09-14,10,96654
2024-09-14,11,110688
2024-09-14,12,117320
2024-09-14,13,125975
2024-09-14,14,117243
2024-09-14,15,119687
2024-09-14,16,130578
2024-09-14,17,151228
2024-09-14,18,134661
2024-09-14,19,100435
2024-09-14,20,85570
2024-09-14,21,91696
2024-09-14,22,81815
2024-09-14,23,38747
2024-09-15,0,10489
2024-09-15,1,321
2024-09-15,5,33
2024-09-15,6,16161
2024-09-15,7,28470
2024-09-15,8,49133
2024-09-15,9,65341
2024-09-15,10,79838
2024-09-15,11,96982
2024-09-15,12,96668
2024-09-15,13,106038
2024-09-15,14,107276
2024-09-15,15,108818
2024-09-15,16,119311
2024-09-15,17,132482
2024-09-15,18,116650
2024-09-15,19,95812
2024-09-15,20,89705
2024-09-15,21,84186
2024-09-15,22,61100
2024-09-15,23,27220
2024-09-16,0,15046
2024-09-16,1,482
2024-09-16,5,22
2024-09-16,6,32614
2024-09-16,7,152144
2024-09-16,8,229326
2024-09-16,9,122958
2024-09-16,10,84547
2024-09-16,11,83615
2024-09-16,12,89737
2024-09-16,13,89969
2024-09-16,14,85489
2024-09-16,15,89857
2024-09-16,16,128965
2024-09-16,17,196210
2024-09-16,18,260933
2024-09-16,19,159041
2024-09-16,20,97101
2024-09-16,21,91324
2024-09-16,22,79517
2024-09-16,23,38368
2024-09-17,0,10944
2024-09-17,1,333
2024-09-17,5,28
2024-09-17,6,14210
2024-09-17,7,24002
2024-09-17,8,34381
2024-09-17,9,49758
2024-09-17,10,70008
2024-09-17,11,90925
2024-09-17,12,83611
2024-09-17,13,88846
2024-09-17,14,97931
2024-09-17,15,99933
2024-09-17,16,108286
2024-09-17,17,119777
2024-09-17,18,106707
2024-09-17,19,89450
2024-09-17,20,82684
2024-09-17,21,81057
2024-09-17,22,60064
2024-09-17,23,26759
2024-09-18,0,8553
2024-09-18,1,276
2024-09-18,5,49
2024-09-18,6,35126
2024-09-18,7,163269
2024-09-18,8,271323
2024-09-18,9,146129
2024-09-18,10,84784
2024-09-18,11,78611
2024-09-18,12,88634
2024-09-18,13,88833
2024-09-18,14,79740
2024-09-18,15,82738
2024-09-18,16,120494
2024-09-18,17,192676
2024-09-18,18,270256
2024-09-18,19,172381
2024-09-18,20,99543
2024-09-18,21,95713
2024-09-18,22,73649
2024-09-18,23,23922
2024-09-19,0,9665
2024-09-19,1,301
2024-09-19,5,22
2024-09-19,6,34139
2024-09-19,7,164188
2024-09-19,8,271348
2024-09-19,9,147234
2024-09-19,10,87095
2024-09-19,11,79341
2024-09-19,12,87220
2024-09-19,13,88902
2024-09-19,14,79814
2024-09-19,15,82003
2024-09-19,16,116588
2024-09-19,17,194952
2024-09-19,18,272089
2024-09-19,19,171590
2024-09-19,20,100143
2024-09-19,21,98812
2024-09-19,22,76214
2024-09-19,23,27715
2024-09-20,0,17425
2024-09-20,1,532
2024-09-20,5,32
2024-09-20,6,34352
2024-09-20,7,162680
2024-09-20,8,265296
2024-09-20,9,142300
2024-09-20,10,90034
2024-09-20,11,86351
2024-09-20,12,97444
2024-09-20,13,100515
2024-09-20,14,91161
2024-09-20,15,93793
2024-09-20,16,138586
2024-09-20,17,212455
2024-09-20,18,291063
2024-09-20,19,188208
2024-09-20,20,116441
2024-09-20,21,116326
2024-09-20,22,100597
2024-09-20,23,43693
2024-09-21,0,15354
2024-09-21,1,441
2024-09-21,5,46
2024-09-21,6,21353
2024-09-21,7,44266
2024-09-21,8,78430
2024-09-21,9,88826
2024-09-21,10,95958
2024-09-21,11,111285
2024-09-21,12,125175
2024-09-21,13,131571
2024-09-21,14,119853
2024-09-21,15,118648
2024-09-21,16,130068
2024-09-21,17,154092
2024-09-21,18,138172
2024-09-21,19,100689
2024-09-21,20,84611
2024-09-21,21,98153
2024-09-21,22,82004
2024-09-21,23,37909
2024-09-22,0,9106
2024-09-22,1,283
2024-09-22,5,30
2024-09-22,6,16572
2024-09-22,7,29335
2024-09-22,8,51973
2024-09-22,9,65334
2024-09-22,10,78765
2024-09-22,11,90844
2024-09-22,12,92052
2024-09-22,13,98842
2024-09-22,14,96132
2024-09-22,15,96690
2024-09-22,16,102675
2024-09-22,17,117411
2024-09-22,18,103703
2024-09-22,19,80795
2024-09-22,20,74091
2024-09-22,21,73453
2024-09-22,22,65435
2024-09-22,23,24603
2024-09-23,0,8371
2024-09-23,1,276
2024-09-23,5,39
2024-09-23,6,34524
2024-09-23,7,162552
2024-09-23,8,271698
2024-09-23,9,145419
2024-09-23,10,85498
2024-09-23,11,78699
2024-09-23,12,86168
2024-09-23,13,86905
2024-09-23,14,77639
2024-09-23,15,79826
2024-09-23,16,118843
2024-09-23,17,191952
2024-09-23,18,271242
2024-09-23,19,173999
2024-09-23,20,98210
2024-09-23,21,88409
2024-09-23,22,68043
2024-09-23,23,23106
2024-09-24,0,9179
2024-09-24,1,297
2024-09-24,5,22
2024-09-24,6,33851
2024-09-24,7,164573
2024-09-24,8,277327
2024-09-24,9,151381
2024-09-24,10,87761
2024-09-24,11,79611
2024-09-24,12,88652
2024-09-24,13,89618
2024-09-24,14,78928
2024-09-24,15,82985
2024-09-24,16,121799
2024-09-24,17,195464
2024-09-24,18,274345
2024-09-24,19,171494
2024-09-24,20,100547
2024-09-24,21,97054
2024-09-24,22,74158
2024-09-24,23,25913
2024-09-25,0,9619
2024-09-25,1,308
2024-09-25,5,33
2024-09-25,6,33550
2024-09-25,7,164223
2024-09-25,8,274964
2024-09-25,9,148013
2024-09-25,10,87677
2024-09-25,11,80719
2024-09-25,12,90777
2024-09-25,13,92220
2024-09-25,14,81851
2024-09-25,15,84622
2024-09-25,16,122697
2024-09-25,17,195489
2024-09-25,18,274115
2024-09-25,19,174491
2024-09-25,20,104434
2024-09-25,21,101416
2024-09-25,22,76077
2024-09-25,23,27055
2024-09-26,0,10337
2024-09-26,1,310
2024-09-26,5,34
2024-09-26,6,34144
2024-09-26,7,163752
2024-09-26,8,272262
2024-09-26,9,147921
2024-09-26,10,88669
2024-09-26,11,80748
2024-09-26,12,89110
2024-09-26,13,91050
2024-09-26,14,81340
2024-09-26,15,85721
2024-09-26,16,123203
2024-09-26,17,200662
2024-09-26,18,273898
2024-09-26,19,169955
2024-09-26,20,103276
2024-09-26,21,101735
2024-09-26,22,78894
2024-09-26,23,28528
2024-09-27,0,17532
2024-09-27,1,612
2024-09-27,5,37
2024-09-27,6,33827
2024-09-27,7,161804
2024-09-27,8,263186
2024-09-27,9,143461
2024-09-27,10,91967
2024-09-27,11,87024
2024-09-27,12,98044
2024-09-27,13,101467
2024-09-27,14,92711
2024-09-27,15,97364
2024-09-27,16,141980
2024-09-27,17,220138
2024-09-27,18,294685
2024-09-27,19,188685
2024-09-27,20,120313
2024-09-27,21,118666
2024-09-27,22,100179
2024-09-27,23,44217
2024-09-28,0,16487
2024-09-28,1,606
2024-09-28,5,34
2024-09-28,6,20072
2024-09-28,7,41399
2024-09-28,8,72841
2024-09-28,9,88432
2024-09-28,10,99351
2024-09-28,11,116179
2024-09-28,12,123481
2024-09-28,13,134694
2024-09-28,14,127497
2024-09-28,15,128685
2024-09-28,16,142027
2024-09-28,17,168074
2024-09-28,18,153330
2024-09-28,19,117026
2024-09-28,20,97699
2024-09-28,21,107081
2024-09-28,22,88450
2024-09-28,23,42221
2024-09-29,0,9923
2024-09-29,1,268
2024-09-29,5,36
2024-09-29,6,16650
2024-09-29,7,30906
2024-09-29,8,52856
2024-09-29,9,67419
2024-09-29,10,79694
2024-09-29,11,98367
2024-09-29,12,99128
2024-09-29,13,107905
2024-09-29,14,109379
2024-09-29,15,110638
2024-09-29,16,118597
2024-09-29,17,132820
2024-09-29,18,120708
2024-09-29,19,96517
2024-09-29,20,87549
2024-09-29,21,84636
2024-09-29,22,62228
2024-09-29,23,26780
2024-09-30,0,8156
2024-09-30,1,273
2024-09-30,5,31
2024-09-30,6,34592
2024-09-30,7,162579
2024-09-30,8,274192
2024-09-30,9,146542
2024-09-30,10,86930
2024-09-30,11,79357
2024-09-30,12,87921
2024-09-30,13,89456
2024-09-30,14,78830
2024-09-30,15,82473
2024-09-30,16,119599
2024-09-30,17,188822
2024-09-30,18,263488
2024-09-30,19,172322
2024-09-30,20,100918
2024-09-30,21,88335
2024-09-30,22,66379
2024-09-30,23,22172
2024-10-01,0,11538
2024-10-01,1,405
2024-10-01,5,35
2024-10-01,6,32370
2024-10-01,7,162742
2024-10-01,8,274790
2024-10-01,9,139882
2024-10-01,10,79097
2024-10-01,11,69755
2024-10-01,12,79472
2024-10-01,13,79986
2024-10-01,14,70342
2024-10-01,15,74728
2024-10-01,16,112110
2024-10-01,17,185342
2024-10-01,18,265759
2024-10-01,19,166618
2024-10-01,20,91026
2024-10-01,21,90949
2024-10-01,22,73655
2024-10-01,23,28453
2024-10-02,0,5110
2024-10-02,1,141
2024-10-02,5,33
2024-10-02,6,9709
2024-10-02,7,16756
2024-10-02,8,22989
2024-10-02,9,29653
2024-10-02,10,37749
2024-10-02,11,43935
2024-10-02,12,43976
2024-10-02,13,47001
2024-10-02,14,51497
2024-10-02,15,46294
2024-10-02,16,45095
2024-10-02,17,49072
2024-10-02,18,46622
2024-10-02,19,34923
2024-10-02,20,27243
2024-10-02,21,26079
2024-10-02,22,23500
2024-10-02,23,11281
2024-10-03,0,4968
2024-10-03,1,149
2024-10-03,5,19
2024-10-03,6,7815
2024-10-03,7,12769
2024-10-03,8,16209
2024-10-03,9,19502
2024-10-03,10,22759
2024-10-03,11,27506
2024-10-03,12,30544
2024-10-03,13,34339
2024-10-03,14,37462
2024-10-03,15,36771
2024-10-03,16,38588
2024-10-03,17,43477
2024-10-03,18,42512
2024-10-03,19,33687
2024-10-03,20,29411
2024-10-03,21,28050
2024-10-03,22,24800
2024-10-03,23,12269
2024-10-04,0,16271
2024-10-04,1,449
2024-10-04,5,37
2024-10-04,6,34301
2024-10-04,7,165368
2024-10-04,8,272928
2024-10-04,9,146079
2024-10-04,10,89051
2024-10-04,11,82690
2024-10-04,12,94765
2024-10-04,13,99683
2024-10-04,14,89452
2024-10-04,15,93590
2024-10-04,16,135412
2024-10-04,17,209316
2024-10-04,18,286746
2024-10-04,19,193925
2024-10-04,20,117447
2024-10-04,21,112932
2024-10-04,22,100145
2024-10-04,23,43353
2024-10-05,0,17570
2024-10-05,1,558
2024-10-05,5,47
2024-10-05,6,19391
2024-10-05,7,40723
2024-10-05,8,71519
2024-10-05,9,88432
2024-10-05,10,100307
2024-10-05,11,117449
2024-10-05,12,127154
2024-10-05,13,138889
2024-10-05,14,132032
2024-10-05,15,132971
2024-10-05,16,146699
2024-10-05,17,173267
2024-10-05,18,152382
2024-10-05,19,112428
2024-10-05,20,97246
2024-10-05,21,103355
2024-10-05,22,91075
2024-10-05,23,42830
2024-10-06,0,9839
2024-10-06,1,279
2024-10-06,5,32
2024-10-06,6,16495
2024-10-06,7,31073
2024-10-06,8,53696
2024-10-06,9,71685
2024-10-06,10,85306
2024-10-06,11,103600
2024-10-06,12,106351
2024-10-06,13,116674
2024-10-06,14,117738
2024-10-06,15,118463
2024-10-06,16,127265
2024-10-06,17,142963
2024-10-06,18,124305
2024-10-06,19,98596
2024-10-06,20,91421
2024-10-06,21,82423
2024-10-06,22,59262
2024-10-06,23,25034
2024-10-07,0,8419
2024-10-07,1,283
2024-10-07,5,32
2024-10-07,6,35436
2024-10-07,7,164077
2024-10-07,8,271261
2024-10-07,9,147695
2024-10-07,10,90281
2024-10-07,11,82843
2024-10-07,12,90393
2024-10-07,13,92365
2024-10-07,14,82897
2024-10-07,15,87685
2024-10-07,16,121674
2024-10-07,17,190818
2024-10-07,18,270225
2024-10-07,19,182129
2024-10-07,20,105328
2024-10-07,21,94297
2024-10-07,22,70238
2024-10-07,23,23677
2024-10-08,0,9565
2024-10-08,1,292
2024-10-08,5,25
2024-10-08,6,33692
2024-10-08,7,163851
2024-10-08,8,282235
2024-10-08,9,160658
2024-10-08,10,91345
2024-10-08,11,79988
2024-10-08,12,88754
2024-10-08,13,91559
2024-10-08,14,81441
2024-10-08,15,85129
2024-10-08,16,123404
2024-10-08,17,192111
2024-10-08,18,272337
2024-10-08,19,179237
2024-10-08,20,104567
2024-10-08,21,100006
2024-10-08,22,75374
2024-10-08,23,26141
2024-10-09,0,16926
2024-10-09,1,494
2024-10-09,5,37
2024-10-09,6,33451
2024-10-09,7,163718
2024-10-09,8,276258
2024-10-09,9,152656
2024-10-09,10,91383
2024-10-09,11,85618
2024-10-09,12,98056
2024-10-09,13,100652
2024-10-09,14,89526
2024-10-09,15,94815
2024-10-09,16,133558
2024-10-09,17,203100
2024-10-09,18,279225
2024-10-09,19,188349
2024-10-09,20,119019
2024-10-09,21,114345
2024-10-09,22,95008
2024-10-09,23,41438
2024-10-10,0,10693
2024-10-10,1,400
2024-10-10,5,37
2024-10-10,6,21602
2024-10-10,7,37111
2024-10-10,8,49944
2024-10-10,9,67500
2024-10-10,10,86562
2024-10-10,11,107411
2024-10-10,12,102387
2024-10-10,13,108216
2024-10-10,14,115131
2024-10-10,15,115031
2024-10-10,16,121869
2024-10-10,17,138471
2024-10-10,18,126202
2024-10-10,19,103384
2024-10-10,20,90577
2024-10-10,21,86447
2024-10-10,22,65485
2024-10-10,23,28515
2024-10-11,0,15884
2024-10-11,1,539
2024-10-11,5,31
2024-10-11,6,33549
2024-10-11,7,152495
2024-10-11,8,235191
2024-10-11,9,128900
2024-10-11,10,93217
2024-10-11,11,93079
2024-10-11,12,101590
2024-10-11,13,107962
2024-10-11,14,102389
2024-10-11,15,108357
2024-10-11,16,144438
2024-10-11,17,208173
2024-10-11,18,265669
2024-10-11,19,169639
2024-10-11,20,111017
2024-10-11,21,109215
2024-10-11,22,91419
2024-10-11,23,40809
2024-10-12,0,17428
2024-10-12,1,559
2024-10-12,5,40
2024-10-12,6,21377
2024-10-12,7,41707
2024-10-12,8,68485
2024-10-12,9,86344
2024-10-12,10,101395
2024-10-12,11,117912
2024-10-12,12,123931
2024-10-12,13,132562
2024-10-12,14,129547
2024-10-12,15,130603
2024-10-12,16,142628
2024-10-12,17,165983
2024-10-12,18,153582
2024-10-12,19,113989
2024-10-12,20,103112
2024-10-12,21,102227
2024-10-12,22,84221
2024-10-12,23,43483
2024-10-13,0,11143
2024-10-13,1,312
2024-10-13,5,34
2024-10-13,6,17650
2024-10-13,7,33295
2024-10-13,8,53848
2024-10-13,9,71614
2024-10-13,10,85292
2024-10-13,11,103058
2024-10-13,12,104150
2024-10-13,13,112754
2024-10-13,14,114777
2024-10-13,15,115121
2024-10-13,16,124488
2024-10-13,17,146869
2024-10-13,18,127474
2024-10-13,19,100643
2024-10-13,20,89936
2024-10-13,21,82661
2024-10-13,22,63395
2024-10-13,23,27191
2024-10-14,0,8434
2024-10-14,1,241
2024-10-14,5,37
2024-10-14,6,36024
2024-10-14,7,164511
2024-10-14,8,267687
2024-10-14,9,144091
2024-10-14,10,88755
2024-10-14,11,82364
2024-10-14,12,89271
2024-10-14,13,89293
2024-10-14,14,80174
2024-10-14,15,84937
2024-10-14,16,123288
2024-10-14,17,186687
2024-10-14,18,260244
2024-10-14,19,168165
2024-10-14,20,99311
2024-10-14,21,89980
2024-10-14,22,65375
2024-10-14,23,23337
2024-10-15,0,8915
2024-10-15,1,283
2024-10-15,5,30
2024-10-15,6,34644
2024-10-15,7,167494
2024-10-15,8,274532
2024-10-15,9,150204
2024-10-15,10,89605
2024-10-15,11,81342
2024-10-15,12,89773
2024-10-15,13,91158
2024-10-15,14,80919
2024-10-15,15,86827
2024-10-15,16,128481
2024-10-15,17,195897
2024-10-15,18,267685
2024-10-15,19,174342
2024-10-15,20,102113
2024-10-15,21,94867
2024-10-15,22,70823
2024-10-15,23,24505
2024-10-16,0,9351
2024-10-16,1,271
2024-10-16,5,28
2024-10-16,6,34282
2024-10-16,7,164114
2024-10-16,8,276123
2024-10-16,9,148139
2024-10-16,10,89483
2024-10-16,11,82507
2024-10-16,12,92680
2024-10-16,13,94654
2024-10-16,14,83847
2024-10-16,15,86880
2024-10-16,16,127197
2024-10-16,17,193507
2024-10-16,18,270831
2024-10-16,19,170953
2024-10-16,20,102950
2024-10-16,21,100464
2024-10-16,22,77039
2024-10-16,23,25583
2024-10-17,0,10460
2024-10-17,1,302
2024-10-17,5,28
2024-10-17,6,34567
2024-10-17,7,163966
2024-10-17,8,273686
2024-10-17,9,150921
2024-10-17,10,92816
2024-10-17,11,83784
2024-10-17,12,92145
2024-10-17,13,96177
2024-10-17,14,84306
2024-10-17,15,88642
2024-10-17,16,128953
2024-10-17,17,198496
2024-10-17,18,275960
2024-10-17,19,175109
2024-10-17,20,105970
2024-10-17,21,103013
2024-10-17,22,79463
2024-10-17,23,29493
2024-10-18,0,17875
2024-10-18,1,618
2024-10-18,5,38
2024-10-18,6,34801
2024-10-18,7,160002
2024-10-18,8,264983
2024-10-18,9,144378
2024-10-18,10,93300
2024-10-18,11,87897
2024-10-18,12,99922
2024-10-18,13,103758
2024-10-18,14,94963
2024-10-18,15,99152
2024-10-18,16,142875
2024-10-18,17,218983
2024-10-18,18,289438
2024-10-18,19,185320
2024-10-18,20,116849
2024-10-18,21,117793
2024-10-18,22,99611
2024-10-18,23,45573
2024-10-19,0,16809
2024-10-19,1,476
2024-10-19,5,40
2024-10-19,6,22910
2024-10-19,7,49201
2024-10-19,8,79774
2024-10-19,9,94283
2024-10-19,10,107180
2024-10-19,11,120921
2024-10-19,12,133143
2024-10-19,13,145081
2024-10-19,14,133753
2024-10-19,15,139692
2024-10-19,16,153907
2024-10-19,17,183338
2024-10-19,18,168616
2024-10-19,19,120320
2024-10-19,20,102807
2024-10-19,21,111785
2024-10-19,22,89608
2024-10-19,23,46090
2024-10-20,0,10431
2024-10-20,1,321
2024-10-20,5,39
2024-10-20,6,17035
2024-10-20,7,33067
2024-10-20,8,58913
2024-10-20,9,70525
2024-10-20,10,84566
2024-10-20,11,103391
2024-10-20,12,106423
2024-10-20,13,115191
2024-10-20,14,115019
2024-10-20,15,119566
2024-10-20,16,131179
2024-10-20,17,145983
2024-10-20,18,122128
2024-10-20,19,95998
2024-10-20,20,90418
2024-10-20,21,90624
2024-10-20,22,61094
2024-10-20,23,27549
2024-10-21,0,8358
2024-10-21,1,245
2024-10-21,5,26
2024-10-21,6,35217
2024-10-21,7,161048
2024-10-21,8,269049
2024-10-21,9,145325
2024-10-21,10,88760
2024-10-21,11,81031
2024-10-21,12,87653
2024-10-21,13,89097
2024-10-21,14,80526
2024-10-21,15,84309
2024-10-21,16,120505
2024-10-21,17,189612
2024-10-21,18,266089
2024-10-21,19,171260
2024-10-21,20,100257
2024-10-21,21,91587
2024-10-21,22,68616
2024-10-21,23,23415
2024-10-22,0,8908
2024-10-22,1,294
2024-10-22,5,26
2024-10-22,6,34188
2024-10-22,7,163657
2024-10-22,8,276124
2024-10-22,9,150807
2024-10-22,10,90782
2024-10-22,11,81916
2024-10-22,12,88195
2024-10-22,13,91926
2024-10-22,14,82222
2024-10-22,15,87855
2024-10-22,16,126756
2024-10-22,17,201633
2024-10-22,18,276370
2024-10-22,19,169994
2024-10-22,20,100803
2024-10-22,21,98937
2024-10-22,22,83196
2024-10-22,23,26955
2024-10-23,0,9815
2024-10-23,1,351
2024-10-23,5,36
2024-10-23,6,33372
2024-10-23,7,162862
2024-10-23,8,277989
2024-10-23,9,160011
2024-10-23,10,90719
2024-10-23,11,81834
2024-10-23,12,90423
2024-10-23,13,94777
2024-10-23,14,83973
2024-10-23,15,86542
2024-10-23,16,125349
2024-10-23,17,201405
2024-10-23,18,277600
2024-10-23,19,177547
2024-10-23,20,105813
2024-10-23,21,102138
2024-10-23,22,79240
2024-10-23,23,27629
2024-10-24,0,10168
2024-10-24,1,313
2024-10-24,5,34
2024-10-24,6,33691
2024-10-24,7,161516
2024-10-24,8,279417
2024-10-24,9,155295
2024-10-24,10,92128
2024-10-24,11,81794
2024-10-24,12,90318
2024-10-24,13,93474
2024-10-24,14,82888
2024-10-24,15,86753
2024-10-24,16,125438
2024-10-24,17,203777
2024-10-24,18,281561
2024-10-24,19,182471
2024-10-24,20,106845
2024-10-24,21,104859
2024-10-24,22,79546
2024-10-24,23,27884
2024-10-25,0,19214
2024-10-25,1,629
2024-10-25,5,29
2024-10-25,6,32990
2024-10-25,7,158514
2024-10-25,8,268880
2024-10-25,9,149650
2024-10-25,10,93027
2024-10-25,11,86744
2024-10-25,12,99721
2024-10-25,13,103095
2024-10-25,14,94043
2024-10-25,15,99781
2024-10-25,16,140986
2024-10-25,17,217921
2024-10-25,18,294229
2024-10-25,19,190092
2024-10-25,20,118114
2024-10-25,21,119591
2024-10-25,22,104840
2024-10-25,23,48529
2024-10-26,0,22627
2024-10-26,1,787
2024-10-26,5,44
2024-10-26,6,21651
2024-10-26,7,45632
2024-10-26,8,76246
2024-10-26,9,91590
2024-10-26,10,103468
2024-10-26,11,122191
2024-10-26,12,135453
2024-10-26,13,147516
2024-10-26,14,136885
2024-10-26,15,137288
2024-10-26,16,153534
2024-10-26,17,187023
2024-10-26,18,167624
2024-10-26,19,124389
2024-10-26,20,107509
2024-10-26,21,113286
2024-10-26,22,97500
2024-10-26,23,50159
2024-10-27,0,10763
2024-10-27,1,289
2024-10-27,5,58
2024-10-27,6,22268
2024-10-27,7,36089
2024-10-27,8,58402
2024-10-27,9,72538
2024-10-27,10,84301
2024-10-27,11,103358
2024-10-27,12,107060
2024-10-27,13,117282
2024-10-27,14,117085
2024-10-27,15,117274
2024-10-27,16,125469
2024-10-27,17,148537
2024-10-27,18,130811
2024-10-27,19,101618
2024-10-27,20,92204
2024-10-27,21,81762
2024-10-27,22,60811
2024-10-27,23,27518
2024-10-28,0,8601
2024-10-28,1,281
2024-10-28,5,43
2024-10-28,6,34339
2024-10-28,7,159626
2024-10-28,8,271059
2024-10-28,9,148231
2024-10-28,10,89582
2024-10-28,11,82777
2024-10-28,12,88370
2024-10-28,13,89996
2024-10-28,14,82242
2024-10-28,15,86089
2024-10-28,16,122074
2024-10-28,17,192570
2024-10-28,18,264814
2024-10-28,19,170815
2024-10-28,20,99700
2024-10-28,21,91011
2024-10-28,22,66997
2024-10-28,23,23549
2024-10-29,0,9464
2024-10-29,1,299
2024-10-29,5,33
2024-10-29,6,34199
2024-10-29,7,164408
2024-10-29,8,275322
2024-10-29,9,154929
2024-10-29,10,91139
2024-10-29,11,82631
2024-10-29,12,90702
2024-10-29,13,91823
2024-10-29,14,84036
2024-10-29,15,89424
2024-10-29,16,123065
2024-10-29,17,198433
2024-10-29,18,273573
2024-10-29,19,174922
2024-10-29,20,103576
2024-10-29,21,96344
2024-10-29,22,74594
2024-10-29,23,25490
2024-10-30,0,11052
2024-10-30,1,326
2024-10-30,5,36
2024-10-30,6,32890
2024-10-30,7,162599
2024-10-30,8,278368
2024-10-30,9,153212
2024-10-30,10,90463
2024-10-30,11,81530
2024-10-30,12,92771
2024-10-30,13,92959
2024-10-30,14,82510
2024-10-30,15,84942
2024-10-30,16,122844
2024-10-30,17,196287
2024-10-30,18,272054
2024-10-30,19,180453
2024-10-30,20,106407
2024-10-30,21,103572
2024-10-30,22,79445
2024-10-30,23,29891
2024-10-31,0,1890
2024-10-31,1,49
2024-10-31,5,15
2024-10-31,6,7788
2024-10-31,7,11694
2024-10-31,8,12717
2024-10-31,9,13093
2024-10-31,10,12454
2024-10-31,11,14246
2024-10-31,12,12685
2024-10-31,13,12960
2024-10-31,14,12808
2024-10-31,15,11866
2024-10-31,16,11209
2024-10-31,17,12692
2024-10-31,18,11919
2024-10-31,19,8941
2024-10-31,20,6742
2024-10-31,21,6592
2024-10-31,22,5537
2024-10-31,23,3850
2024-11-01,0,17057
2024-11-01,1,522
2024-11-01,5,42
2024-11-01,6,32479
2024-11-01,7,158552
2024-11-01,8,272184
2024-11-01,9,147545
2024-11-01,10,86537
2024-11-01,11,77485
2024-11-01,12,91033
2024-11-01,13,93796
2024-11-01,14,86146
2024-11-01,15,91051
2024-11-01,16,131460
2024-11-01,17,204833
2024-11-01,18,283539
2024-11-01,19,187152
2024-11-01,20,112929
2024-11-01,21,108619
2024-11-01,22,93930
2024-11-01,23,43245
2024-11-02,0,23099
2024-11-02,1,1557
2024-11-02,2,460
2024-11-02,3,144
2024-11-02,5,38
2024-11-02,6,19964
2024-11-02,7,45220
2024-11-02,8,74726
2024-11-02,9,93130
2024-11-02,10,106589
2024-11-02,11,124408
2024-11-02,12,128912
2024-11-02,13,140286
2024-11-02,14,133568
2024-11-02,15,139020
2024-11-02,16,150025
2024-11-02,17,182361
2024-11-02,18,163409
2024-11-02,19,117376
2024-11-02,20,106155
2024-11-02,21,107155
2024-11-02,22,97695
2024-11-02,23,48720
2024-11-03,0,10266
2024-11-03,1,305
2024-11-03,5,43
2024-11-03,6,16598
2024-11-03,7,31826
2024-11-03,8,56196
2024-11-03,9,74441
2024-11-03,10,86306
2024-11-03,11,104686
2024-11-03,12,108244
2024-11-03,13,118570
2024-11-03,14,118623
2024-11-03,15,120469
2024-11-03,16,132022
2024-11-03,17,151520
2024-11-03,18,130548
2024-11-03,19,99668
2024-11-03,20,88364
2024-11-03,21,82754
2024-11-03,22,61525
2024-11-03,23,26331
2024-11-04,0,8820
2024-11-04,1,272
2024-11-04,5,43
2024-11-04,6,34876
2024-11-04,7,159100
2024-11-04,8,273781
2024-11-04,9,151973
2024-11-04,10,94100
2024-11-04,11,86703
2024-11-04,12,93242
2024-11-04,13,93939
2024-11-04,14,86934
2024-11-04,15,90078
2024-11-04,16,122746
2024-11-04,17,189915
2024-11-04,18,265038
2024-11-04,19,173705
2024-11-04,20,102063
2024-11-04,21,91418
2024-11-04,22,67923
2024-11-04,23,24214
2024-11-05,0,9243
2024-11-05,1,294
2024-11-05,5,33
2024-11-05,6,34072
2024-11-05,7,161864
2024-11-05,8,280278
2024-11-05,9,159359
2024-11-05,10,92469
2024-11-05,11,82659
2024-11-05,12,90314
2024-11-05,13,91456
2024-11-05,14,83517
2024-11-05,15,87830
2024-11-05,16,126010
2024-11-05,17,197527
2024-11-05,18,272032
2024-11-05,19,178025
2024-11-05,20,104476
2024-11-05,21,98841
2024-11-05,22,74650
2024-11-05,23,25850
2024-11-06,0,9927
2024-11-06,1,317
2024-11-06,5,38
2024-11-06,6,33260
2024-11-06,7,161128
2024-11-06,8,279571
2024-11-06,9,153076
2024-11-06,10,92391
2024-11-06,11,84866
2024-11-06,12,94247
2024-11-06,13,95989
2024-11-06,14,87018
2024-11-06,15,89622
2024-11-06,16,124725
2024-11-06,17,198704
2024-11-06,18,273616
2024-11-06,19,175331
2024-11-06,20,105803
2024-11-06,21,102959
2024-11-06,22,77383
2024-11-06,23,27494
2024-11-07,0,11123
2024-11-07,1,304
2024-11-07,5,35
2024-11-07,6,33422
2024-11-07,7,160820
2024-11-07,8,277914
2024-11-07,9,155334
2024-11-07,10,94591
2024-11-07,11,86662
2024-11-07,12,95200
2024-11-07,13,96989
2024-11-07,14,88018
2024-11-07,15,92640
2024-11-07,16,128453
2024-11-07,17,206539
2024-11-07,18,280687
2024-11-07,19,180650
2024-11-07,20,109165
2024-11-07,21,106586
2024-11-07,22,81474
2024-11-07,23,29686
2024-11-08,0,19296
2024-11-08,1,646
2024-11-08,5,38
2024-11-08,6,33501
2024-11-08,7,157446
2024-11-08,8,268235
2024-11-08,9,148345
2024-11-08,10,95005
2024-11-08,11,92642
2024-11-08,12,103528
2024-11-08,13,108710
2024-11-08,14,100087
2024-11-08,15,107038
2024-11-08,16,146982
2024-11-08,17,220698
2024-11-08,18,294937
2024-11-08,19,191632
2024-11-08,20,120219
2024-11-08,21,122018
2024-11-08,22,105642
2024-11-08,23,46492
2024-11-09,0,19030
2024-11-09,1,651
2024-11-09,5,30
2024-11-09,6,22140
2024-11-09,7,56252
2024-11-09,8,82117
2024-11-09,9,94534
2024-11-09,10,107247
2024-11-09,11,123730
2024-11-09,12,131050
2024-11-09,13,141716
2024-11-09,14,136590
2024-11-09,15,137346
2024-11-09,16,151643
2024-11-09,17,183973
2024-11-09,18,164481
2024-11-09,19,118565
2024-11-09,20,102023
2024-11-09,21,105927
2024-11-09,22,91811
2024-11-09,23,47459
2024-11-10,0,11681
2024-11-10,1,315
2024-11-10,5,52
2024-11-10,6,18034
2024-11-10,7,36005
2024-11-10,8,60077
2024-11-10,9,73532
2024-11-10,10,88046
2024-11-10,11,107407
2024-11-10,12,110472
2024-11-10,13,118897
2024-11-10,14,120525
2024-11-10,15,123012
2024-11-10,16,135709
2024-11-10,17,151755
2024-11-10,18,132762
2024-11-10,19,100136
2024-11-10,20,90558
2024-11-10,21,85396
2024-11-10,22,64131
2024-11-10,23,32498
2024-11-11,0,9454
2024-11-11,1,330
2024-11-11,5,46
2024-11-11,6,34262
2024-11-11,7,148590
2024-11-11,8,269135
2024-11-11,9,148079
2024-11-11,10,93345
2024-11-11,11,86372
2024-11-11,12,94160
2024-11-11,13,95291
2024-11-11,14,88100
2024-11-11,15,92491
2024-11-11,16,121285
2024-11-11,17,190516
2024-11-11,18,267862
2024-11-11,19,175000
2024-11-11,20,103450
2024-11-11,21,94363
2024-11-11,22,71269
2024-11-11,23,24930
2024-11-12,0,9435
2024-11-12,1,300
2024-11-12,5,33
2024-11-12,6,33611
2024-11-12,7,160240
2024-11-12,8,279093
2024-11-12,9,154323
2024-11-12,10,93233
2024-11-12,11,82360
2024-11-12,12,90296
2024-11-12,13,92910
2024-11-12,14,83499
2024-11-12,15,87570
2024-11-12,16,125083
2024-11-12,17,197465
2024-11-12,18,277344
2024-11-12,19,179832
2024-11-12,20,105569
2024-11-12,21,101929
2024-11-12,22,77145
2024-11-12,23,26172
2024-11-13,0,10766
2024-11-13,1,355
2024-11-13,5,28
2024-11-13,6,33504
2024-11-13,7,160736
2024-11-13,8,279411
2024-11-13,9,154550
2024-11-13,10,93310
2024-11-13,11,86281
2024-11-13,12,97023
2024-11-13,13,97036
2024-11-13,14,86861
2024-11-13,15,91167
2024-11-13,16,129007
2024-11-13,17,207567
2024-11-13,18,280383
2024-11-13,19,178867
2024-11-13,20,106419
2024-11-13,21,107491
2024-11-13,22,91218
2024-11-13,23,29017
2024-11-14,0,11109
2024-11-14,1,390
2024-11-14,5,32
2024-11-14,6,34793
2024-11-14,7,162369
2024-11-14,8,275131
2024-11-14,9,153664
2024-11-14,10,94933
2024-11-14,11,87884
2024-11-14,12,94884
2024-11-14,13,98462
2024-11-14,14,90618
2024-11-14,15,94119
2024-11-14,16,130298
2024-11-14,17,207896
2024-11-14,18,283253
2024-11-14,19,173431
2024-11-14,20,112288
2024-11-14,21,105401
2024-11-14,22,89598
2024-11-14,23,31104
2024-11-15,0,19553
2024-11-15,1,610
2024-11-15,5,24
2024-11-15,6,34463
2024-11-15,7,159174
2024-11-15,8,268461
2024-11-15,9,147539
2024-11-15,10,99852
2024-11-15,11,96191
2024-11-15,12,106722
2024-11-15,13,112553
2024-11-15,14,103834
2024-11-15,15,109371
2024-11-15,16,150859
2024-11-15,17,229390
2024-11-15,18,298535
2024-11-15,19,193718
2024-11-15,20,119682
2024-11-15,21,124061
2024-11-15,22,115102
2024-11-15,23,47714
2024-11-16,0,19011
2024-11-16,1,624
2024-11-16,5,32
2024-11-16,6,21135
2024-11-16,7,47780
2024-11-16,8,78918
2024-11-16,9,96022
2024-11-16,10,107622
2024-11-16,11,124119
2024-11-16,12,132901
2024-11-16,13,144693
2024-11-16,14,139694
2024-11-16,15,141235
2024-11-16,16,157527
2024-11-16,17,199064
2024-11-16,18,173836
2024-11-16,19,121095
2024-11-16,20,101814
2024-11-16,21,110281
2024-11-16,22,106354
2024-11-16,23,46438
2024-11-17,0,11695
2024-11-17,1,397
2024-11-17,5,44
2024-11-17,6,17694
2024-11-17,7,33842
2024-11-17,8,60732
2024-11-17,9,77206
2024-11-17,10,91414
2024-11-17,11,109303
2024-11-17,12,113855
2024-11-17,13,125902
2024-11-17,14,128481
2024-11-17,15,126743
2024-11-17,16,138260
2024-11-17,17,160895
2024-11-17,18,135872
2024-11-17,19,101272
2024-11-17,20,92202
2024-11-17,21,90103
2024-11-17,22,69537
2024-11-17,23,40483
2024-11-18,0,9885
2024-11-18,1,311
2024-11-18,5,43
2024-11-18,6,34282
2024-11-18,7,155209
2024-11-18,8,271234
2024-11-18,9,150772
2024-11-18,10,95302
2024-11-18,11,88349
2024-11-18,12,95173
2024-11-18,13,97094
2024-11-18,14,88035
2024-11-18,15,92914
2024-11-18,16,128187
2024-11-18,17,202841
2024-11-18,18,280881
2024-11-18,19,180150
2024-11-18,20,104442
2024-11-18,21,99345
2024-11-18,22,82591
2024-11-18,23,26498
2024-11-19,0,10153
2024-11-19,1,311
2024-11-19,5,33
2024-11-19,6,32866
2024-11-19,7,158613
2024-11-19,8,280622
2024-11-19,9,160007
2024-11-19,10,91614
2024-11-19,11,82839
2024-11-19,12,90928
2024-11-19,13,95113
2024-11-19,14,84159
2024-11-19,15,86805
2024-11-19,16,124624
2024-11-19,17,198713
2024-11-19,18,276476
2024-11-19,19,180625
2024-11-19,20,106152
2024-11-19,21,104131
2024-11-19,22,75942
2024-11-19,23,26301
2024-11-20,0,12577
2024-11-20,1,424
2024-11-20,5,32
2024-11-20,6,33072
2024-11-20,7,158241
2024-11-20,8,280998
2024-11-20,9,156954
2024-11-20,10,92219
2024-11-20,11,84116
2024-11-20,12,94581
2024-11-20,13,95598
2024-11-20,14,87425
2024-11-20,15,91331
2024-11-20,16,126600
2024-11-20,17,203897
2024-11-20,18,278285
2024-11-20,19,181434
2024-11-20,20,107056
2024-11-20,21,104843
2024-11-20,22,80045
2024-11-20,23,29549
2024-11-21,0,11749
2024-11-21,1,365
2024-11-21,5,34
2024-11-21,6,33160
2024-11-21,7,158751
2024-11-21,8,277254
2024-11-21,9,153396
2024-11-21,10,92732
2024-11-21,11,84362
2024-11-21,12,91971
2024-11-21,13,93211
2024-11-21,14,84823
2024-11-21,15,88251
2024-11-21,16,126976
2024-11-21,17,204590
2024-11-21,18,280556
2024-11-21,19,182415
2024-11-21,20,108512
2024-11-21,21,108534
2024-11-21,22,83210
2024-11-21,23,29797
2024-11-22,0,19612
2024-11-22,1,692
2024-11-22,5,44
2024-11-22,6,33783
2024-11-22,7,155829
2024-11-22,8,267896
2024-11-22,9,145751
2024-11-22,10,94366
2024-11-22,11,91842
2024-11-22,12,101532
2024-11-22,13,106077
2024-11-22,14,99264
2024-11-22,15,105670
2024-11-22,16,146283
2024-11-22,17,224675
2024-11-22,18,293121
2024-11-22,19,192142
2024-11-22,20,119718
2024-11-22,21,123079
2024-11-22,22,106958
2024-11-22,23,48161
2024-11-23,0,18955
2024-11-23,1,611
2024-11-23,5,33
2024-11-23,6,21238
2024-11-23,7,46539
2024-11-23,8,74305
2024-11-23,9,91804
2024-11-23,10,104474
2024-11-23,11,123409
2024-11-23,12,129988
2024-11-23,13,140605
2024-11-23,14,133692
2024-11-23,15,135964
2024-11-23,16,154203
2024-11-23,17,186262
2024-11-23,18,159227
2024-11-23,19,117644
2024-11-23,20,100099
2024-11-23,21,104504
2024-11-23,22,92118
2024-11-23,23,46930
2024-11-24,0,11974
2024-11-24,1,349
2024-11-24,5,43
2024-11-24,6,16912
2024-11-24,7,32562
2024-11-24,8,55515
2024-11-24,9,73628
2024-11-24,10,88391
2024-11-24,11,107856
2024-11-24,12,110174
2024-11-24,13,118783
2024-11-24,14,120863
2024-11-24,15,123302
2024-11-24,16,134122
2024-11-24,17,157519
2024-11-24,18,129751
2024-11-24,19,99247
2024-11-24,20,87287
2024-11-24,21,84103
2024-11-24,22,69766
2024-11-24,23,29728
2024-11-25,0,9139
2024-11-25,1,308
2024-11-25,5,35
2024-11-25,6,33859
2024-11-25,7,155681
2024-11-25,8,266134
2024-11-25,9,146887
2024-11-25,10,93673
2024-11-25,11,86724
2024-11-25,12,92284
2024-11-25,13,94347
2024-11-25,14,86670
2024-11-25,15,90634
2024-11-25,16,125995
2024-11-25,17,194870
2024-11-25,18,266495
2024-11-25,19,174079
2024-11-25,20,101775
2024-11-25,21,93995
2024-11-25,22,68023
2024-11-25,23,25074
2024-11-26,0,10013
2024-11-26,1,333
2024-11-26,5,36
2024-11-26,6,33239
2024-11-26,7,159529
2024-11-26,8,277391
2024-11-26,9,156828
2024-11-26,10,89957
2024-11-26,11,80719
2024-11-26,12,88383
2024-11-26,13,92574
2024-11-26,14,87690
2024-11-26,15,92508
2024-11-26,16,134549
2024-11-26,17,202000
2024-11-26,18,273713
2024-11-26,19,177546
2024-11-26,20,105248
2024-11-26,21,102332
2024-11-26,22,75810
2024-11-26,23,26472
2024-11-27,0,10296
2024-11-27,1,395
2024-11-27,5,41
2024-11-27,6,32656
2024-11-27,7,159389
2024-11-27,8,273038
2024-11-27,9,153551
2024-11-27,10,92492
2024-11-27,11,87307
2024-11-27,12,97202
2024-11-27,13,101143
2024-11-27,14,90363
2024-11-27,15,93341
2024-11-27,16,132184
2024-11-27,17,201306
2024-11-27,18,273541
2024-11-27,19,181917
2024-11-27,20,108217
2024-11-27,21,106546
2024-11-27,22,78753
2024-11-27,23,28463
2024-11-28,0,11463
2024-11-28,1,412
2024-11-28,5,33
2024-11-28,6,33526
2024-11-28,7,158854
2024-11-28,8,269576
2024-11-28,9,152927
2024-11-28,10,94563
2024-11-28,11,87004
2024-11-28,12,96385
2024-11-28,13,98364
2024-11-28,14,90860
2024-11-28,15,95290
2024-11-28,16,135382
2024-11-28,17,204765
2024-11-28,18,279483
2024-11-28,19,185876
2024-11-28,20,109605
2024-11-28,21,107619
2024-11-28,22,90584
2024-11-28,23,31948
2024-11-29,0,19320
2024-11-29,1,692
2024-11-29,5,47
2024-11-29,6,33424
2024-11-29,7,155020
2024-11-29,8,266489
2024-11-29,9,147183
2024-11-29,10,99136
2024-11-29,11,94541
2024-11-29,12,105424
2024-11-29,13,109731
2024-11-29,14,102757
2024-11-29,15,108342
2024-11-29,16,150196
2024-11-29,17,223968
2024-11-29,18,297542
2024-11-29,19,201742
2024-11-29,20,126055
2024-11-29,21,127207
2024-11-29,22,108913
2024-11-29,23,48121
2024-11-30,0,19794
2024-11-30,1,519
2024-11-30,5,56
2024-11-30,6,21059
2024-11-30,7,45533
2024-11-30,8,73219
2024-11-30,9,92588
2024-11-30,10,107604
2024-11-30,11,128099
2024-11-30,12,131650
2024-11-30,13,142547
2024-11-30,14,139848
2024-11-30,15,144201
2024-11-30,16,158222
2024-11-30,17,193155
2024-11-30,18,168729
2024-11-30,19,125959
2024-11-30,20,111436
2024-11-30,21,114072
2024-11-30,22,102224
2024-11-30,23,48507
2024-12-01,0,11481
2024-12-01,1,355
2024-12-01,5,36
2024-12-01,6,16775
2024-12-01,7,32806
2024-12-01,8,57657
2024-12-01,9,73371
2024-12-01,10,90790
2024-12-01,11,110842
2024-12-01,12,115763
2024-12-01,13,127370
2024-12-01,14,129562
2024-12-01,15,131321
2024-12-01,16,136639
2024-12-01,17,158212
2024-12-01,18,139195
2024-12-01,19,108906
2024-12-01,20,99743
2024-12-01,21,89290
2024-12-01,22,67143
2024-12-01,23,29928
2024-12-02,0,8966
2024-12-02,1,299
2024-12-02,5,35
2024-12-02,6,33720
2024-12-02,7,156604
2024-12-02,8,269372
2024-12-02,9,148996
2024-12-02,10,94088
2024-12-02,11,86402
2024-12-02,12,91092
2024-12-02,13,93476
2024-12-02,14,85933
2024-12-02,15,89390
2024-12-02,16,125125
2024-12-02,17,191891
2024-12-02,18,266058
2024-12-02,19,175282
2024-12-02,20,101903
2024-12-02,21,94700
2024-12-02,22,68589
2024-12-02,23,24608
2024-12-03,0,9485
2024-12-03,1,290
2024-12-03,5,31
2024-12-03,6,33461
2024-12-03,7,159806
2024-12-03,8,278448
2024-12-03,9,154547
2024-12-03,10,95249
2024-12-03,11,85146
2024-12-03,12,93373
2024-12-03,13,96122
2024-12-03,14,87396
2024-12-03,15,90235
2024-12-03,16,126940
2024-12-03,17,196357
2024-12-03,18,273669
2024-12-03,19,177822
2024-12-03,20,105804
2024-12-03,21,99013
2024-12-03,22,75426
2024-12-03,23,26081
2024-12-04,0,10230
2024-12-04,1,327
2024-12-04,5,37
2024-12-04,6,32824
2024-12-04,7,157498
2024-12-04,8,277099
2024-12-04,9,154336
2024-12-04,10,95788
2024-12-04,11,88022
2024-12-04,12,97227
2024-12-04,13,98174
2024-12-04,14,90480
2024-12-04,15,94707
2024-12-04,16,131377
2024-12-04,17,201616
2024-12-04,18,275240
2024-12-04,19,179242
2024-12-04,20,108704
2024-12-04,21,105195
2024-12-04,22,79674
2024-12-04,23,27882
2024-12-05,0,13939
2024-12-05,1,415
2024-12-05,5,34
2024-12-05,6,33605
2024-12-05,7,158890
2024-12-05,8,276380
2024-12-05,9,155955
2024-12-05,10,97862
2024-12-05,11,89467
2024-12-05,12,97085
2024-12-05,13,100973
2024-12-05,14,91990
2024-12-05,15,98239
2024-12-05,16,135927
2024-12-05,17,209978
2024-12-05,18,288749
2024-12-05,19,183793
2024-12-05,20,110073
2024-12-05,21,108473
2024-12-05,22,84785
2024-12-05,23,39215
2024-12-06,0,24661
2024-12-06,1,730
2024-12-06,5,33
2024-12-06,6,33400
2024-12-06,7,155311
2024-12-06,8,267862
2024-12-06,9,149681
2024-12-06,10,101184
2024-12-06,11,96752
2024-12-06,12,108233
2024-12-06,13,113034
2024-12-06,14,106171
2024-12-06,15,112573
2024-12-06,16,153698
2024-12-06,17,235683
2024-12-06,18,305869
2024-12-06,19,197956
2024-12-06,20,123492
2024-12-06,21,128345
2024-12-06,22,112392
2024-12-06,23,56943
2024-12-07,0,21152
2024-12-07,1,809
2024-12-07,5,41
2024-12-07,6,21747
2024-12-07,7,50278
2024-12-07,8,79675
2024-12-07,9,98077
2024-12-07,10,113594
2024-12-07,11,134504
2024-12-07,12,140957
2024-12-07,13,154219
2024-12-07,14,148498
2024-12-07,15,156650
2024-12-07,16,173917
2024-12-07,17,208665
2024-12-07,18,178231
2024-12-07,19,126600
2024-12-07,20,110891
2024-12-07,21,114419
2024-12-07,22,115662
2024-12-07,23,53492
2024-12-08,0,11441
2024-12-08,1,344
2024-12-08,5,33
2024-12-08,6,16535
2024-12-08,7,32436
2024-12-08,8,57729
2024-12-08,9,75363
2024-12-08,10,91022
2024-12-08,11,112944
2024-12-08,12,120026
2024-12-08,13,132737
2024-12-08,14,134638
2024-12-08,15,137200
2024-12-08,16,149838
2024-12-08,17,168631
2024-12-08,18,138160
2024-12-08,19,107013
2024-12-08,20,97132
2024-12-08,21,92906
2024-12-08,22,78079
2024-12-08,23,30355
2024-12-09,0,9610
2024-12-09,1,262
2024-12-09,5,41
2024-12-09,6,33080
2024-12-09,7,148588
2024-12-09,8,264719
2024-12-09,9,148282
2024-12-09,10,95147
2024-12-09,11,89924
2024-12-09,12,95006
2024-12-09,13,96856
2024-12-09,14,90178
2024-12-09,15,94452
2024-12-09,16,124690
2024-12-09,17,195058
2024-12-09,18,271371
2024-12-09,19,176450
2024-12-09,20,105209
2024-12-09,21,96053
2024-12-09,22,72249
2024-12-09,23,25820
2024-12-10,0,10199
2024-12-10,1,310
2024-12-10,5,40
2024-12-10,6,33135
2024-12-10,7,157753
2024-12-10,8,277225
2024-12-10,9,156453
2024-12-10,10,97048
2024-12-10,11,88277
2024-12-10,12,94710
2024-12-10,13,97059
2024-12-10,14,89029
2024-12-10,15,93323
2024-12-10,16,128822
2024-12-10,17,202114
2024-12-10,18,277066
2024-12-10,19,180543
2024-12-10,20,108039
2024-12-10,21,103676
2024-12-10,22,78411
2024-12-10,23,27406
2024-12-11,0,10818
2024-12-11,1,364
2024-12-11,5,37
2024-12-11,6,32732
2024-12-11,7,157400
2024-12-11,8,274212
2024-12-11,9,156478
2024-12-11,10,95973
2024-12-11,11,89471
2024-12-11,12,98763
2024-12-11,13,101256
2024-12-11,14,91660
2024-12-11,15,95361
2024-12-11,16,131001
2024-12-11,17,204240
2024-12-11,18,277351
2024-12-11,19,180949
2024-12-11,20,109343
2024-12-11,21,108466
2024-12-11,22,81647
2024-12-11,23,28965
2024-12-12,0,11672
2024-12-12,1,335
2024-12-12,5,38
2024-12-12,6,32899
2024-12-12,7,153984
2024-12-12,8,275152
2024-12-12,9,156901
2024-12-12,10,98460
2024-12-12,11,89559
2024-12-12,12,96426
2024-12-12,13,100114
2024-12-12,14,91454
2024-12-12,15,95518
2024-12-12,16,133505
2024-12-12,17,206624
2024-12-12,18,281252
2024-12-12,19,181800
2024-12-12,20,109873
2024-12-12,21,110190
2024-12-12,22,87707
2024-12-12,23,31744
2024-12-13,0,20414
2024-12-13,1,657
2024-12-13,5,41
2024-12-13,6,32448
2024-12-13,7,150783
2024-12-13,8,266802
2024-12-13,9,150404
2024-12-13,10,98799
2024-12-13,11,95129
2024-12-13,12,106777
2024-12-13,13,111439
2024-12-13,14,105311
2024-12-13,15,107542
2024-12-13,16,149858
2024-12-13,17,228298
2024-12-13,18,294604
2024-12-13,19,198087
2024-12-13,20,123617
2024-12-13,21,130306
2024-12-13,22,115894
2024-12-13,23,49872
2024-12-14,0,21636
2024-12-14,1,709
2024-12-14,5,57
2024-12-14,6,20883
2024-12-14,7,43386
2024-12-14,8,75234
2024-12-14,9,94880
2024-12-14,10,111888
2024-12-14,11,132068
2024-12-14,12,139071
2024-12-14,13,152310
2024-12-14,14,147711
2024-12-14,15,151073
2024-12-14,16,168182
2024-12-14,17,202871
2024-12-14,18,176523
2024-12-14,19,129397
2024-12-14,20,113208
2024-12-14,21,119002
2024-12-14,22,105452
2024-12-14,23,52288
2024-12-15,0,11438
2024-12-15,1,347
2024-12-15,5,8586
2024-12-15,6,20255
2024-12-15,7,34202
2024-12-15,8,61450
2024-12-15,9,80929
2024-12-15,10,97718
2024-12-15,11,122736
2024-12-15,12,121550
2024-12-15,13,129111
2024-12-15,14,131480
2024-12-15,15,134604
2024-12-15,16,150026
2024-12-15,17,168555
2024-12-15,18,136035
2024-12-15,19,107328
2024-12-15,20,99394
2024-12-15,21,96586
2024-12-15,22,73335
2024-12-15,23,30376
2024-12-16,0,9758
2024-12-16,1,279
2024-12-16,5,28
2024-12-16,6,32778
2024-12-16,7,151790
2024-12-16,8,262730
2024-12-16,9,149883
2024-12-16,10,92319
2024-12-16,11,87316
2024-12-16,12,94546
2024-12-16,13,94291
2024-12-16,14,88332
2024-12-16,15,93223
2024-12-16,16,124241
2024-12-16,17,196691
2024-12-16,18,268760
2024-12-16,19,174931
2024-12-16,20,104889
2024-12-16,21,97967
2024-12-16,22,72521
2024-12-16,23,25676
2024-12-17,0,10245
2024-12-17,1,332
2024-12-17,5,31
2024-12-17,6,32140
2024-12-17,7,156376
2024-12-17,8,271442
2024-12-17,9,159394
2024-12-17,10,95552
2024-12-17,11,89624
2024-12-17,12,94821
2024-12-17,13,98092
2024-12-17,14,90064
2024-12-17,15,94247
2024-12-17,16,130185
2024-12-17,17,201993
2024-12-17,18,277452
2024-12-17,19,180100
2024-12-17,20,107989
2024-12-17,21,106166
2024-12-17,22,81527
2024-12-17,23,28127
2024-12-18,0,11065
2024-12-18,1,390
2024-12-18,5,33
2024-12-18,6,32062
2024-12-18,7,152285
2024-12-18,8,273342
2024-12-18,9,155452
2024-12-18,10,94624
2024-12-18,11,90754
2024-12-18,12,99072
2024-12-18,13,100178
2024-12-18,14,92671
2024-12-18,15,95378
2024-12-18,16,133767
2024-12-18,17,203527
2024-12-18,18,279444
2024-12-18,19,180193
2024-12-18,20,112049
2024-12-18,21,110954
2024-12-18,22,84948
2024-12-18,23,30019
2024-12-19,0,11791
2024-12-19,1,404
2024-12-19,5,36
2024-12-19,6,31863
2024-12-19,7,151638
2024-12-19,8,269628
2024-12-19,9,154736
2024-12-19,10,95826
2024-12-19,11,89894
2024-12-19,12,95536
2024-12-19,13,99484
2024-12-19,14,91257
2024-12-19,15,93061
2024-12-19,16,129128
2024-12-19,17,204217
2024-12-19,18,278190
2024-12-19,19,189682
2024-12-19,20,112696
2024-12-19,21,114834
2024-12-19,22,90348
2024-12-19,23,32655
2024-12-20,0,23435
2024-12-20,1,909
2024-12-20,5,34
2024-12-20,6,31464
2024-12-20,7,150153
2024-12-20,8,264885
2024-12-20,9,151334
2024-12-20,10,100226
2024-12-20,11,97781
2024-12-20,12,107492
2024-12-20,13,112439
2024-12-20,14,108019
2024-12-20,15,110635
2024-12-20,16,155494
2024-12-20,17,232047
2024-12-20,18,297935
2024-12-20,19,200554
2024-12-20,20,129113
2024-12-20,21,138086
2024-12-20,22,133299
2024-12-20,23,58176
2024-12-21,0,24814
2024-12-21,1,752
2024-12-21,5,38
2024-12-21,6,19063
2024-12-21,7,39425
2024-12-21,8,69247
2024-12-21,9,88793
2024-12-21,10,105594
2024-12-21,11,128780
2024-12-21,12,135519
2024-12-21,13,146242
2024-12-21,14,143845
2024-12-21,15,148734
2024-12-21,16,166958
2024-12-21,17,202349
2024-12-21,18,179932
2024-12-21,19,127188
2024-12-21,20,111085
2024-12-21,21,115494
2024-12-21,22,107089
2024-12-21,23,63741
2024-12-22,0,13224
2024-12-22,1,404
2024-12-22,5,43
2024-12-22,6,16177
2024-12-22,7,29739
2024-12-22,8,52321
2024-12-22,9,72368
2024-12-22,10,89900
2024-12-22,11,115430
2024-12-22,12,116285
2024-12-22,13,128969
2024-12-22,14,131686
2024-12-22,15,137007
2024-12-22,16,149760
2024-12-22,17,175533
2024-12-22,18,144600
2024-12-22,19,112869
2024-12-22,20,102612
2024-12-22,21,103370
2024-12-22,22,85141
2024-12-22,23,33208
2024-12-23,0,10466
2024-12-23,1,320
2024-12-23,5,32
2024-12-23,6,32074
2024-12-23,7,148920
2024-12-23,8,263206
2024-12-23,9,146293
2024-12-23,10,95064
2024-12-23,11,92897
2024-12-23,12,98139
2024-12-23,13,99875
2024-12-23,14,96432
2024-12-23,15,100274
2024-12-23,16,132811
2024-12-23,17,201537
2024-12-23,18,277164
2024-12-23,19,188057
2024-12-23,20,110979
2024-12-23,21,105265
2024-12-23,22,79520
2024-12-23,23,27886
2024-12-24,0,14313
2024-12-24,1,488
2024-12-24,5,31
2024-12-24,6,31336
2024-12-24,7,149268
2024-12-24,8,273408
2024-12-24,9,156637
2024-12-24,10,95810
2024-12-24,11,94088
2024-12-24,12,99119
2024-12-24,13,102764
2024-12-24,14,96670
2024-12-24,15,102107
2024-12-24,16,138371
2024-12-24,17,210888
2024-12-24,18,287545
2024-12-24,19,196875
2024-12-24,20,115969
2024-12-24,21,114686
2024-12-24,22,92000
2024-12-24,23,34663
2024-12-25,0,15516
2024-12-25,1,507
2024-12-25,5,31
2024-12-25,6,31275
2024-12-25,7,148889
2024-12-25,8,262311
2024-12-25,9,146198
2024-12-25,10,97573
2024-12-25,11,100638
2024-12-25,12,106704
2024-12-25,13,108023
2024-12-25,14,103680
2024-12-25,15,107070
2024-12-25,16,144087
2024-12-25,17,217949
2024-12-25,18,288489
2024-12-25,19,194396
2024-12-25,20,120580
2024-12-25,21,119618
2024-12-25,22,98540
2024-12-25,23,39605
2024-12-26,0,12516
2024-12-26,1,432
2024-12-26,5,37
2024-12-26,6,32153
2024-12-26,7,150507
2024-12-26,8,267255
2024-12-26,9,153509
2024-12-26,10,97525
2024-12-26,11,95337
2024-12-26,12,100387
2024-12-26,13,102306
2024-12-26,14,97684
2024-12-26,15,101842
2024-12-26,16,135904
2024-12-26,17,210744
2024-12-26,18,283617
2024-12-26,19,184132
2024-12-26,20,114279
2024-12-26,21,116937
2024-12-26,22,90973
2024-12-26,23,34718
2024-12-27,0,21732
2024-12-27,1,738
2024-12-27,5,60
2024-12-27,6,31704
2024-12-27,7,148361
2024-12-27,8,261464
2024-12-27,9,146954
2024-12-27,10,100786
2024-12-27,11,102455
2024-12-27,12,111431
2024-12-27,13,117043
2024-12-27,14,110756
2024-12-27,15,114729
2024-12-27,16,152457
2024-12-27,17,229042
2024-12-27,18,297270
2024-12-27,19,194717
2024-12-27,20,124035
2024-12-27,21,130723
2024-12-27,22,118299
2024-12-27,23,56057
2024-12-28,0,21668
2024-12-28,1,690
2024-12-28,5,46
2024-12-28,6,19384
2024-12-28,7,39595
2024-12-28,8,67409
2024-12-28,9,87471
2024-12-28,10,108708
2024-12-28,11,133312
2024-12-28,12,133243
2024-12-28,13,144619
2024-12-28,14,142218
2024-12-28,15,147641
2024-12-28,16,161790
2024-12-28,17,193117
2024-12-28,18,173934
2024-12-28,19,121850
2024-12-28,20,105571
2024-12-28,21,111017
2024-12-28,22,99674
2024-12-28,23,65058
2024-12-29,0,13056
2024-12-29,1,390
2024-12-29,5,34
2024-12-29,6,15458
2024-12-29,7,28768
2024-12-29,8,50552
2024-12-29,9,70174
2024-12-29,10,89084
2024-12-29,11,116049
2024-12-29,12,116007
2024-12-29,13,124055
2024-12-29,14,131857
2024-12-29,15,138137
2024-12-29,16,149423
2024-12-29,17,168750
2024-12-29,18,140661
2024-12-29,19,108328
2024-12-29,20,99401
2024-12-29,21,99515
2024-12-29,22,82045
2024-12-29,23,32361
2024-12-30,0,12666
2024-12-30,1,393
2024-12-30,5,35
2024-12-30,6,32179
2024-12-30,7,147096
2024-12-30,8,252562
2024-12-30,9,143674
2024-12-30,10,97453
2024-12-30,11,98453
2024-12-30,12,101625
2024-12-30,13,103607
2024-12-30,14,102138
2024-12-30,15,104526
2024-12-30,16,139910
2024-12-30,17,203374
2024-12-30,18,273061
2024-12-30,19,180588
2024-12-30,20,112781
2024-12-30,21,108199
2024-12-30,22,82175
2024-12-30,23,31444
2024-12-31,0,67280
2024-12-31,1,127363
2024-12-31,5,42
2024-12-31,6,31220
2024-12-31,7,146756
2024-12-31,8,248501
2024-12-31,9,136401
2024-12-31,10,96878
2024-12-31,11,101498
2024-12-31,12,107393
2024-12-31,13,114595
2024-12-31,14,117165
2024-12-31,15,128219
2024-12-31,16,175306
2024-12-31,17,248395
2024-12-31,18,309805
2024-12-31,19,222858
2024-12-31,20,157275
2024-12-31,21,153228
2024-12-31,22,159115
2024-12-31,23,102396
2025-01-01,0,9814
2025-01-01,1,286
2025-01-01,2,88884
2025-01-01,3,37191
2025-01-01,4,24862
2025-01-01,5,19883
2025-01-01,6,26910
2025-01-01,7,36276
2025-01-01,8,45928
2025-01-01,9,53200
2025-01-01,10,72026
2025-01-01,11,97919
2025-01-01,12,98536
2025-01-01,13,101936
2025-01-01,14,114153
2025-01-01,15,114394
2025-01-01,16,123645
2025-01-01,17,129268
2025-01-01,18,113783
2025-01-01,19,91851
2025-01-01,20,81258
2025-01-01,21,73758
2025-01-01,22,55234
2025-01-01,23,23209
2025-01-02,0,10872
2025-01-02,1,353
2025-01-02,5,31
2025-01-02,6,32185
2025-01-02,7,148468
2025-01-02,8,265745
2025-01-02,9,145966
2025-01-02,10,92421
2025-01-02,11,89073
2025-01-02,12,92246
2025-01-02,13,94344
2025-01-02,14,91173
2025-01-02,15,94913
2025-01-02,16,127346
2025-01-02,17,196189
2025-01-02,18,270124
2025-01-02,19,179488
2025-01-02,20,110253
2025-01-02,21,108231
2025-01-02,22,77619
2025-01-02,23,28866
2025-01-03,0,18577
2025-01-03,1,635
2025-01-03,5,30
2025-01-03,6,31317
2025-01-03,7,147458
2025-01-03,8,262948
2025-01-03,9,143953
2025-01-03,10,95451
2025-01-03,11,94879
2025-01-03,12,100301
2025-01-03,13,104044
2025-01-03,14,100552
2025-01-03,15,102215
2025-01-03,16,140224
2025-01-03,17,209639
2025-01-03,18,281097
2025-01-03,19,188736
2025-01-03,20,118601
2025-01-03,21,124971
2025-01-03,22,103442
2025-01-03,23,44534
2025-01-04,0,18094
2025-01-04,1,590
2025-01-04,5,29
2025-01-04,6,18038
2025-01-04,7,37418
2025-01-04,8,66272
2025-01-04,9,84376
2025-01-04,10,101218
2025-01-04,11,127737
2025-01-04,12,123887
2025-01-04,13,131347
2025-01-04,14,129093
2025-01-04,15,137990
2025-01-04,16,146641
2025-01-04,17,172858
2025-01-04,18,151579
2025-01-04,19,110148
2025-01-04,20,95912
2025-01-04,21,100944
2025-01-04,22,87281
2025-01-04,23,42103
2025-01-05,0,10857
2025-01-05,1,305
2025-01-05,5,42
2025-01-05,6,15180
2025-01-05,7,28624
2025-01-05,8,48999
2025-01-05,9,66905
2025-01-05,10,84334
2025-01-05,11,105433
2025-01-05,12,103525
2025-01-05,13,114395
2025-01-05,14,117588
2025-01-05,15,120688
2025-01-05,16,124785
2025-01-05,17,143244
2025-01-05,18,120562
2025-01-05,19,93170
2025-01-05,20,83231
2025-01-05,21,78953
2025-01-05,22,62176
2025-01-05,23,27792
2025-01-06,0,9682
2025-01-06,1,325
2025-01-06,5,35
2025-01-06,6,32513
2025-01-06,7,147752
2025-01-06,8,266448
2025-01-06,9,142935
2025-01-06,10,89064
2025-01-06,11,86612
2025-01-06,12,88727
2025-01-06,13,92841
2025-01-06,14,89766
2025-01-06,15,91763
2025-01-06,16,123069
2025-01-06,17,188817
2025-01-06,18,261642
2025-01-06,19,176216
2025-01-06,20,104982
2025-01-06,21,99781
2025-01-06,22,72263
2025-01-06,23,25540
2025-01-07,0,10471
2025-01-07,1,355
2025-01-07,5,31
2025-01-07,6,31635
2025-01-07,7,148780
2025-01-07,8,270175
2025-01-07,9,150949
2025-01-07,10,92389
2025-01-07,11,88323
2025-01-07,12,91836
2025-01-07,13,95452
2025-01-07,14,91801
2025-01-07,15,92430
2025-01-07,16,126014
2025-01-07,17,192195
2025-01-07,18,267848
2025-01-07,19,176783
2025-01-07,20,106879
2025-01-07,21,107724
2025-01-07,22,75920
2025-01-07,23,27202
2025-01-08,0,11034
2025-01-08,1,335
2025-01-08,5,39
2025-01-08,6,31268
2025-01-08,7,147160
2025-01-08,8,269637
2025-01-08,9,150483
2025-01-08,10,92121
2025-01-08,11,90214
2025-01-08,12,94285
2025-01-08,13,96147
2025-01-08,14,92527
2025-01-08,15,94439
2025-01-08,16,126195
2025-01-08,17,194852
2025-01-08,18,268751
2025-01-08,19,176954
2025-01-08,20,108182
2025-01-08,21,111795
2025-01-08,22,82790
2025-01-08,23,29291
2025-01-09,0,11060
2025-01-09,1,385
2025-01-09,5,32
2025-01-09,6,31694
2025-01-09,7,146228
2025-01-09,8,267043
2025-01-09,9,148022
2025-01-09,10,90687
2025-01-09,11,88432
2025-01-09,12,92337
2025-01-09,13,94679
2025-01-09,14,90621
2025-01-09,15,92765
2025-01-09,16,126715
2025-01-09,17,195034
2025-01-09,18,265320
2025-01-09,19,173003
2025-01-09,20,107614
2025-01-09,21,112362
2025-01-09,22,80443
2025-01-09,23,28646
2025-01-10,0,19761
2025-01-10,1,621
2025-01-10,5,35
2025-01-10,6,30956
2025-01-10,7,143664
2025-01-10,8,263685
2025-01-10,9,144777
2025-01-10,10,92587
2025-01-10,11,92394
2025-01-10,12,96407
2025-01-10,13,101402
2025-01-10,14,99240
2025-01-10,15,102079
2025-01-10,16,139226
2025-01-10,17,213970
2025-01-10,18,281282
2025-01-10,19,186722
2025-01-10,20,117458
2025-01-10,21,129436
2025-01-10,22,116657
2025-01-10,23,49902
2025-01-11,0,18408
2025-01-11,1,626
2025-01-11,5,29
2025-01-11,6,17953
2025-01-11,7,37303
2025-01-11,8,65307
2025-01-11,9,84634
2025-01-11,10,103271
2025-01-11,11,124883
2025-01-11,12,125551
2025-01-11,13,141615
2025-01-11,14,145337
2025-01-11,15,143519
2025-01-11,16,155052
2025-01-11,17,185385
2025-01-11,18,168053
2025-01-11,19,115800
2025-01-11,20,101419
2025-01-11,21,108103
2025-01-11,22,91039
2025-01-11,23,46113
2025-01-12,0,10622
2025-01-12,1,357
2025-01-12,5,36
2025-01-12,6,15612
2025-01-12,7,29822
2025-01-12,8,51657
2025-01-12,9,70578
2025-01-12,10,88598
2025-01-12,11,112166
2025-01-12,12,110203
2025-01-12,13,116255
2025-01-12,14,125451
2025-01-12,15,129649
2025-01-12,16,136880
2025-01-12,17,150539
2025-01-12,18,131251
2025-01-12,19,100347
2025-01-12,20,91358
2025-01-12,21,88353
2025-01-12,22,63854
2025-01-12,23,27003
2025-01-13,0,9879
2025-01-13,1,377
2025-01-13,5,38
2025-01-13,6,31526
2025-01-13,7,143723
2025-01-13,8,262700
2025-01-13,9,141540
2025-01-13,10,88981
2025-01-13,11,87066
2025-01-13,12,89492
2025-01-13,13,92279
2025-01-13,14,90564
2025-01-13,15,91966
2025-01-13,16,124446
2025-01-13,17,187291
2025-01-13,18,259058
2025-01-13,19,173671
2025-01-13,20,105294
2025-01-13,21,101027
2025-01-13,22,71560
2025-01-13,23,26528
2025-01-14,0,10504
2025-01-14,1,373
2025-01-14,5,31
2025-01-14,6,31477
2025-01-14,7,145261
2025-01-14,8,268250
2025-01-14,9,151122
2025-01-14,10,93691
2025-01-14,11,91552
2025-01-14,12,92524
2025-01-14,13,97200
2025-01-14,14,96076
2025-01-14,15,98305
2025-01-14,16,127969
2025-01-14,17,190595
2025-01-14,18,262937
2025-01-14,19,174407
2025-01-14,20,108163
2025-01-14,21,109159
2025-01-14,22,76238
2025-01-14,23,27161
2025-01-15,0,11128
2025-01-15,1,350
2025-01-15,5,27
2025-01-15,6,30804
2025-01-15,7,145473
2025-01-15,8,266956
2025-01-15,9,147366
2025-01-15,10,89453
2025-01-15,11,86752
2025-01-15,12,92098
2025-01-15,13,93903
2025-01-15,14,88899
2025-01-15,15,89966
2025-01-15,16,125836
2025-01-15,17,190759
2025-01-15,18,259088
2025-01-15,19,171208
2025-01-15,20,103904
2025-01-15,21,108653
2025-01-15,22,81566
2025-01-15,23,28637
2025-01-16,0,11617
2025-01-16,1,386
2025-01-16,5,36
2025-01-16,6,30906
2025-01-16,7,146149
2025-01-16,8,262134
2025-01-16,9,147187
2025-01-16,10,91826
2025-01-16,11,91163
2025-01-16,12,94598
2025-01-16,13,97697
2025-01-16,14,94443
2025-01-16,15,100169
2025-01-16,16,134465
2025-01-16,17,193389
2025-01-16,18,259336
2025-01-16,19,170596
2025-01-16,20,106859
2025-01-16,21,111791
2025-01-16,22,83038
2025-01-16,23,29915
2025-01-17,0,19750
2025-01-17,1,709
2025-01-17,5,33
2025-01-17,6,30973
2025-01-17,7,145230
2025-01-17,8,258095
2025-01-17,9,144022
2025-01-17,10,97238
2025-01-17,11,101195
2025-01-17,12,110148
2025-01-17,13,113784
2025-01-17,14,111131
2025-01-17,15,116674
2025-01-17,16,143898
2025-01-17,17,207792
2025-01-17,18,278707
2025-01-17,19,186464
2025-01-17,20,118761
2025-01-17,21,130279
2025-01-17,22,115009
2025-01-17,23,51911
2025-01-18,0,18216
2025-01-18,1,575
2025-01-18,5,28
2025-01-18,6,18585
2025-01-18,7,40255
2025-01-18,8,69106
2025-01-18,9,85254
2025-01-18,10,105431
2025-01-18,11,128884
2025-01-18,12,127588
2025-01-18,13,137862
2025-01-18,14,137444
2025-01-18,15,149066
2025-01-18,16,151447
2025-01-18,17,178229
2025-01-18,18,157684
2025-01-18,19,113214
2025-01-18,20,97938
2025-01-18,21,106279
2025-01-18,22,91070
2025-01-18,23,46935
2025-01-19,0,10765
2025-01-19,1,306
2025-01-19,5,27
2025-01-19,6,14495
2025-01-19,7,29434
2025-01-19,8,51381
2025-01-19,9,65466
2025-01-19,10,83981
2025-01-19,11,108889
2025-01-19,12,104212
2025-01-19,13,113130
2025-01-19,14,121898
2025-01-19,15,121241
2025-01-19,16,124434
2025-01-19,17,153137
2025-01-19,18,128983
2025-01-19,19,102058
2025-01-19,20,87137
2025-01-19,21,83469
2025-01-19,22,64075
2025-01-19,23,27181
2025-01-20,0,10731
2025-01-20,1,447
2025-01-20,5,37
2025-01-20,6,30255
2025-01-20,7,132340
2025-01-20,8,255388
2025-01-20,9,144039
2025-01-20,10,104229
2025-01-20,11,102458
2025-01-20,12,104402
2025-01-20,13,110027
2025-01-20,14,107603
2025-01-20,15,115820
2025-01-20,16,122667
2025-01-20,17,181523
2025-01-20,18,261093
2025-01-20,19,176419
2025-01-20,20,108449
2025-01-20,21,101033
2025-01-20,22,76100
2025-01-20,23,28840
2025-01-21,0,11201
2025-01-21,1,442
2025-01-21,5,43
2025-01-21,6,27789
2025-01-21,7,115514
2025-01-21,8,259769
2025-01-21,9,151250
2025-01-21,10,101490
2025-01-21,11,100422
2025-01-21,12,104665
2025-01-21,13,109803
2025-01-21,14,105640
2025-01-21,15,105579
2025-01-21,16,123719
2025-01-21,17,186092
2025-01-21,18,266584
2025-01-21,19,177765
2025-01-21,20,107658
2025-01-21,21,106055
2025-01-21,22,79751
2025-01-21,23,30251
2025-01-22,0,12069
2025-01-22,1,350
2025-01-22,5,24
2025-01-22,6,27176
2025-01-22,7,113527
2025-01-22,8,254754
2025-01-22,9,148085
2025-01-22,10,99303
2025-01-22,11,99938
2025-01-22,12,105386
2025-01-22,13,110458
2025-01-22,14,105084
2025-01-22,15,105694
2025-01-22,16,123541
2025-01-22,17,187713
2025-01-22,18,264514
2025-01-22,19,175821
2025-01-22,20,109797
2025-01-22,21,108022
2025-01-22,22,83829
2025-01-22,23,31464
2025-01-23,0,13185
2025-01-23,1,468
2025-01-23,5,27
2025-01-23,6,27027
2025-01-23,7,108794
2025-01-23,8,251478
2025-01-23,9,146062
2025-01-23,10,99529
2025-01-23,11,99550
2025-01-23,12,105230
2025-01-23,13,110497
2025-01-23,14,106785
2025-01-23,15,106748
2025-01-23,16,123100
2025-01-23,17,186635
2025-01-23,18,264363
2025-01-23,19,172917
2025-01-23,20,106592
2025-01-23,21,107244
2025-01-23,22,84627
2025-01-23,23,33427
2025-01-24,0,18258
2025-01-24,1,669
2025-01-24,5,26
2025-01-24,6,26465
2025-01-24,7,99868
2025-01-24,8,232169
2025-01-24,9,133519
2025-01-24,10,103477
2025-01-24,11,105704
2025-01-24,12,113646
2025-01-24,13,119427
2025-01-24,14,118798
2025-01-24,15,126952
2025-01-24,16,154820
2025-01-24,17,210145
2025-01-24,18,243431
2025-01-24,19,148284
2025-01-24,20,101228
2025-01-24,21,102998
2025-01-24,22,88532
2025-01-24,23,42402
2025-01-25,0,14580
2025-01-25,1,593
2025-01-25,5,38
2025-01-25,6,16884
2025-01-25,7,31312
2025-01-25,8,51373
2025-01-25,9,71967
2025-01-25,10,94211
2025-01-25,11,111937
2025-01-25,12,108952
2025-01-25,13,117331
2025-01-25,14,123930
2025-01-25,15,124155
2025-01-25,16,128181
2025-01-25,17,147678
2025-01-25,18,126637
2025-01-25,19,96682
2025-01-25,20,85191
2025-01-25,21,82906
2025-01-25,22,67231
2025-01-25,23,34104
2025-01-26,0,9868
2025-01-26,1,324
2025-01-26,5,27
2025-01-26,6,13820
2025-01-26,7,23926
2025-01-26,8,38892
2025-01-26,9,58765
2025-01-26,10,79720
2025-01-26,11,97271
2025-01-26,12,93946
2025-01-26,13,101292
2025-01-26,14,113660
2025-01-26,15,110969
2025-01-26,16,111929
2025-01-26,17,122839
2025-01-26,18,100486
2025-01-26,19,76611
2025-01-26,20,66574
2025-01-26,21,62251
2025-01-26,22,50379
2025-01-26,23,23780
2025-01-27,0,9410
2025-01-27,1,295
2025-01-27,5,25
2025-01-27,6,12990
2025-01-27,7,25143
2025-01-27,8,34620
2025-01-27,9,47621
2025-01-27,10,65099
2025-01-27,11,79332
2025-01-27,12,74647
2025-01-27,13,80479
2025-01-27,14,89978
2025-01-27,15,92327
2025-01-27,16,96943
2025-01-27,17,105385
2025-01-27,18,93405
2025-01-27,19,72830
2025-01-27,20,62019
2025-01-27,21,57027
2025-01-27,22,46423
2025-01-27,23,22840
2025-01-28,0,8856
2025-01-28,1,212
2025-01-28,5,16
2025-01-28,6,11602
2025-01-28,7,17581
2025-01-28,8,23790
2025-01-28,9,32274
2025-01-28,10,45818
2025-01-28,11,53291
2025-01-28,12,48312
2025-01-28,13,50745
2025-01-28,14,59844
2025-01-28,15,63233
2025-01-28,16,71073
2025-01-28,17,70295
2025-01-28,18,58140
2025-01-28,19,41856
2025-01-28,20,35072
2025-01-28,21,43541
2025-01-28,22,36977
2025-01-28,23,21192
2025-01-29,0,8250
2025-01-29,1,193
2025-01-29,5,15
2025-01-29,6,11503
2025-01-29,7,17873
2025-01-29,8,26030
2025-01-29,9,43453
2025-01-29,10,70522
2025-01-29,11,94721
2025-01-29,12,94423
2025-01-29,13,105565
2025-01-29,14,122682
2025-01-29,15,124663
2025-01-29,16,124212
2025-01-29,17,120737
2025-01-29,18,101528
2025-01-29,19,80376
2025-01-29,20,65441
2025-01-29,21,57147
2025-01-29,22,45054
2025-01-29,23,21900
2025-01-30,0,10069
2025-01-30,1,250
2025-01-30,5,23
2025-01-30,6,11348
2025-01-30,7,17709
2025-01-30,8,27000
2025-01-30,9,45762
2025-01-30,10,80098
2025-01-30,11,105493
2025-01-30,12,90087
2025-01-30,13,95930
2025-01-30,14,110716
2025-01-30,15,115840
2025-01-30,16,120189
2025-01-30,17,122539
2025-01-30,18,107382
2025-01-30,19,85941
2025-01-30,20,77121
2025-01-30,21,71065
2025-01-30,22,54497
2025-01-30,23,27646
2025-01-31,0,11829
2025-01-31,1,357
2025-01-31,5,27
2025-01-31,6,12026
2025-01-31,7,19415
2025-01-31,8,29777
2025-01-31,9,50998
2025-01-31,10,83868
2025-01-31,11,112112
2025-01-31,12,102334
2025-01-31,13,106513
2025-01-31,14,122146
2025-01-31,15,128518
2025-01-31,16,135582
2025-01-31,17,134417
2025-01-31,18,114024
2025-01-31,19,88610
2025-01-31,20,74895
2025-01-31,21,69104
2025-01-31,22,54481
2025-01-31,23,27925
2025-02-01,0,13741
2025-02-01,1,409
2025-02-01,5,29
2025-02-01,6,11403
2025-02-01,7,18758
2025-02-01,8,29589
2025-02-01,9,48710
2025-02-01,10,79189
2025-02-01,11,109475
2025-02-01,12,98502
2025-02-01,13,107494
2025-02-01,14,121738
2025-02-01,15,124485
2025-02-01,16,131054
2025-02-01,17,143310
2025-02-01,18,121166
2025-02-01,19,99215
2025-02-01,20,86040
2025-02-01,21,78200
2025-02-01,22,62880
2025-02-01,23,32119
2025-02-02,0,9613
2025-02-02,1,258
2025-02-02,5,31
2025-02-02,6,11460
2025-02-02,7,18758
2025-02-02,8,30892
2025-02-02,9,48585
2025-02-02,10,69340
2025-02-02,11,91686
2025-02-02,12,86837
2025-02-02,13,95122
2025-02-02,14,106579
2025-02-02,15,105832
2025-02-02,16,111422
2025-02-02,17,119005
2025-02-02,18,103541
2025-02-02,19,81601
2025-02-02,20,73070
2025-02-02,21,68276
2025-02-02,22,50406
2025-02-02,23,23087
2025-02-03,0,8326
2025-02-03,1,257
2025-02-03,5,34
2025-02-03,6,27045
2025-02-03,7,109684
2025-02-03,8,253717
2025-02-03,9,137877
2025-02-03,10,81121
2025-02-03,11,79997
2025-02-03,12,83895
2025-02-03,13,87226
2025-02-03,14,83541
2025-02-03,15,83863
2025-02-03,16,96714
2025-02-03,17,158176
2025-02-03,18,252412
2025-02-03,19,169885
2025-02-03,20,94085
2025-02-03,21,81196
2025-02-03,22,58959
2025-02-03,23,21670
2025-02-04,0,9134
2025-02-04,1,321
2025-02-04,5,29
2025-02-04,6,26068
2025-02-04,7,110399
2025-02-04,8,254646
2025-02-04,9,142876
2025-02-04,10,89863
2025-02-04,11,90219
2025-02-04,12,95346
2025-02-04,13,101469
2025-02-04,14,97484
2025-02-04,15,97488
2025-02-04,16,114309
2025-02-04,17,176856
2025-02-04,18,265980
2025-02-04,19,179542
2025-02-04,20,103338
2025-02-04,21,90507
2025-02-04,22,65599
2025-02-04,23,24012
2025-02-05,0,10260
2025-02-05,1,365
2025-02-05,5,31
2025-02-05,6,26754
2025-02-05,7,113979
2025-02-05,8,256632
2025-02-05,9,144642
2025-02-05,10,92587
2025-02-05,11,92531
2025-02-05,12,98756
2025-02-05,13,105253
2025-02-05,14,99146
2025-02-05,15,97649
2025-02-05,16,116818
2025-02-05,17,179923
2025-02-05,18,265428
2025-02-05,19,178724
2025-02-05,20,104020
2025-02-05,21,95310
2025-02-05,22,69162
2025-02-05,23,26040
2025-02-06,0,10490
2025-02-06,1,305
2025-02-06,5,42
2025-02-06,6,28347
2025-02-06,7,112980
2025-02-06,8,257272
2025-02-06,9,151982
2025-02-06,10,98743
2025-02-06,11,96515
2025-02-06,12,102089
2025-02-06,13,108442
2025-02-06,14,104616
2025-02-06,15,102475
2025-02-06,16,121769
2025-02-06,17,186522
2025-02-06,18,272337
2025-02-06,19,182146
2025-02-06,20,106946
2025-02-06,21,98106
2025-02-06,22,72184
2025-02-06,23,27559
2025-02-07,0,13810
2025-02-07,1,476
2025-02-07,5,42
2025-02-07,6,28459
2025-02-07,7,113221
2025-02-07,8,256458
2025-02-07,9,153587
2025-02-07,10,98330
2025-02-07,11,97932
2025-02-07,12,104734
2025-02-07,13,112566
2025-02-07,14,107616
2025-02-07,15,108306
2025-02-07,16,126840
2025-02-07,17,196487
2025-02-07,18,282752
2025-02-07,19,185283
2025-02-07,20,111825
2025-02-07,21,110878
2025-02-07,22,91091
2025-02-07,23,36889
2025-02-08,0,17902
2025-02-08,1,678
2025-02-08,5,28
2025-02-08,6,24424
2025-02-08,7,82373
2025-02-08,8,183104
2025-02-08,9,114238
2025-02-08,10,100418
2025-02-08,11,112482
2025-02-08,12,118795
2025-02-08,13,127327
2025-02-08,14,125075
2025-02-08,15,128866
2025-02-08,16,144934
2025-02-08,17,204386
2025-02-08,18,244303
2025-02-08,19,141474
2025-02-08,20,99160
2025-02-08,21,111146
2025-02-08,22,94328
2025-02-08,23,43331
2025-02-09,0,9962
2025-02-09,1,294
2025-02-09,5,29
2025-02-09,6,15558
2025-02-09,7,29544
2025-02-09,8,48160
2025-02-09,9,69552
2025-02-09,10,88225
2025-02-09,11,111029
2025-02-09,12,112390
2025-02-09,13,122908
2025-02-09,14,127345
2025-02-09,15,129229
2025-02-09,16,137548
2025-02-09,17,151193
2025-02-09,18,129009
2025-02-09,19,99471
2025-02-09,20,87984
2025-02-09,21,89981
2025-02-09,22,62938
2025-02-09,23,26136
2025-02-10,0,9181
2025-02-10,1,334
2025-02-10,5,39
2025-02-10,6,28078
2025-02-10,7,112840
2025-02-10,8,251330
2025-02-10,9,142429
2025-02-10,10,93018
2025-02-10,11,94468
2025-02-10,12,99167
2025-02-10,13,106107
2025-02-10,14,102730
2025-02-10,15,102997
2025-02-10,16,118931
2025-02-10,17,181208
2025-02-10,18,268485
2025-02-10,19,179663
2025-02-10,20,103255
2025-02-10,21,91311
2025-02-10,22,65988
2025-02-10,23,24275
2025-02-11,0,9830
2025-02-11,1,303
2025-02-11,5,25
2025-02-11,6,31964
2025-02-11,7,152182
2025-02-11,8,263082
2025-02-11,9,146699
2025-02-11,10,92149
2025-02-11,11,90091
2025-02-11,12,91087
2025-02-11,13,96076
2025-02-11,14,93056
2025-02-11,15,94497
2025-02-11,16,134761
2025-02-11,17,195612
2025-02-11,18,276639
2025-02-11,19,183070
2025-02-11,20,108243
2025-02-11,21,98939
2025-02-11,22,72033
2025-02-11,23,26443
2025-02-12,0,9388
2025-02-12,1,249
2025-02-12,5,26
2025-02-12,6,30956
2025-02-12,7,148184
2025-02-12,8,262555
2025-02-12,9,140687
2025-02-12,10,85624
2025-02-12,11,83383
2025-02-12,12,89623
2025-02-12,13,92043
2025-02-12,14,88935
2025-02-12,15,87642
2025-02-12,16,130443
2025-02-12,17,196352
2025-02-12,18,279728
2025-02-12,19,182456
2025-02-12,20,105028
2025-02-12,21,100139
2025-02-12,22,79793
2025-02-12,23,26623
2025-02-13,0,11342
2025-02-13,1,288
2025-02-13,5,43
2025-02-13,6,30770
2025-02-13,7,146954
2025-02-13,8,266682
2025-02-13,9,152986
2025-02-13,10,86059
2025-02-13,11,82004
2025-02-13,12,85037
2025-02-13,13,89265
2025-02-13,14,85171
2025-02-13,15,86990
2025-02-13,16,129494
2025-02-13,17,195650
2025-02-13,18,276756
2025-02-13,19,180243
2025-02-13,20,106460
2025-02-13,21,102780
2025-02-13,22,83322
2025-02-13,23,29496
2025-02-14,0,19484
2025-02-14,1,735
2025-02-14,5,51
2025-02-14,6,31121
2025-02-14,7,145993
2025-02-14,8,258353
2025-02-14,9,138352
2025-02-14,10,92903
2025-02-14,11,95851
2025-02-14,12,98974
2025-02-14,13,104256
2025-02-14,14,102919
2025-02-14,15,103117
2025-02-14,16,145942
2025-02-14,17,216964
2025-02-14,18,292438
2025-02-14,19,195918
2025-02-14,20,121745
2025-02-14,21,120117
2025-02-14,22,106486
2025-02-14,23,50142
2025-02-15,0,19763
2025-02-15,1,592
2025-02-15,5,28
2025-02-15,6,19449
2025-02-15,7,39190
2025-02-15,8,68850
2025-02-15,9,89942
2025-02-15,10,109149
2025-02-15,11,131962
2025-02-15,12,134495
2025-02-15,13,147871
2025-02-15,14,149551
2025-02-15,15,150340
2025-02-15,16,160321
2025-02-15,17,190003
2025-02-15,18,177033
2025-02-15,19,131590
2025-02-15,20,114920
2025-02-15,21,116200
2025-02-15,22,97267
2025-02-15,23,49479
2025-02-16,0,10499
2025-02-16,1,304
2025-02-16,5,31
2025-02-16,6,16492
2025-02-16,7,29506
2025-02-16,8,52720
2025-02-16,9,71898
2025-02-16,10,88943
2025-02-16,11,111237
2025-02-16,12,111197
2025-02-16,13,120074
2025-02-16,14,126350
2025-02-16,15,128345
2025-02-16,16,133918
2025-02-16,17,153465
2025-02-16,18,135221
2025-02-16,19,104869
2025-02-16,20,92983
2025-02-16,21,84959
2025-02-16,22,63540
2025-02-16,23,29651
2025-02-17,0,8996
2025-02-17,1,295
2025-02-17,5,35
2025-02-17,6,33066
2025-02-17,7,155274
2025-02-17,8,268569
2025-02-17,9,151190
2025-02-17,10,92811
2025-02-17,11,86882
2025-02-17,12,92485
2025-02-17,13,94330
2025-02-17,14,89606
2025-02-17,15,92606
2025-02-17,16,130792
2025-02-17,17,196774
2025-02-17,18,272635
2025-02-17,19,176323
2025-02-17,20,102471
2025-02-17,21,91261
2025-02-17,22,66765
2025-02-17,23,23964
2025-02-18,0,9247
2025-02-18,1,315
2025-02-18,5,33
2025-02-18,6,32375
2025-02-18,7,154491
2025-02-18,8,274854
2025-02-18,9,156871
2025-02-18,10,92077
2025-02-18,11,84908
2025-02-18,12,91179
2025-02-18,13,93480
2025-02-18,14,88199
2025-02-18,15,92625
2025-02-18,16,132528
2025-02-18,17,198727
2025-02-18,18,275421
2025-02-18,19,177852
2025-02-18,20,103881
2025-02-18,21,98435
2025-02-18,22,70887
2025-02-18,23,24396
2025-02-19,0,10287
2025-02-19,1,287
2025-02-19,5,30
2025-02-19,6,31857
2025-02-19,7,153133
2025-02-19,8,273354
2025-02-19,9,153318
2025-02-19,10,93032
2025-02-19,11,87547
2025-02-19,12,95504
2025-02-19,13,96453
2025-02-19,14,91712
2025-02-19,15,94464
2025-02-19,16,131406
2025-02-19,17,199455
2025-02-19,18,274744
2025-02-19,19,178976
2025-02-19,20,106738
2025-02-19,21,102794
2025-02-19,22,74962
2025-02-19,23,27534
2025-02-20,0,10354
2025-02-20,1,301
2025-02-20,5,26
2025-02-20,6,32223
2025-02-20,7,153215
2025-02-20,8,271710
2025-02-20,9,156327
2025-02-20,10,96400
2025-02-20,11,90790
2025-02-20,12,94913
2025-02-20,13,99309
2025-02-20,14,94251
2025-02-20,15,98034
2025-02-20,16,138105
2025-02-20,17,203342
2025-02-20,18,279802
2025-02-20,19,179309
2025-02-20,20,109163
2025-02-20,21,108056
2025-02-20,22,78229
2025-02-20,23,28720
2025-02-21,0,18400
2025-02-21,1,609
2025-02-21,5,36
2025-02-21,6,31897
2025-02-21,7,151186
2025-02-21,8,269124
2025-02-21,9,149473
2025-02-21,10,94356
2025-02-21,11,92519
2025-02-21,12,101801
2025-02-21,13,105771
2025-02-21,14,101779
2025-02-21,15,105084
2025-02-21,16,148886
2025-02-21,17,223875
2025-02-21,18,304120
2025-02-21,19,188579
2025-02-21,20,121571
2025-02-21,21,129706
2025-02-21,22,111439
2025-02-21,23,50941
2025-02-22,0,18974
2025-02-22,1,652
2025-02-22,5,32
2025-02-22,6,19559
2025-02-22,7,40181
2025-02-22,8,70811
2025-02-22,9,92110
2025-02-22,10,110582
2025-02-22,11,132593
2025-02-22,12,140650
2025-02-22,13,152066
2025-02-22,14,147362
2025-02-22,15,150244
2025-02-22,16,161518
2025-02-22,17,188878
2025-02-22,18,166283
2025-02-22,19,117343
2025-02-22,20,99861
2025-02-22,21,106186
2025-02-22,22,100754
2025-02-22,23,53384
2025-02-23,0,10793
2025-02-23,1,327
2025-02-23,5,35
2025-02-23,6,15633
2025-02-23,7,26891
2025-02-23,8,50187
2025-02-23,9,66214
2025-02-23,10,79865
2025-02-23,11,101826
2025-02-23,12,106106
2025-02-23,13,116479
2025-02-23,14,118583
2025-02-23,15,121052
2025-02-23,16,128679
2025-02-23,17,151636
2025-02-23,18,127195
2025-02-23,19,97256
2025-02-23,20,89427
2025-02-23,21,84263
2025-02-23,22,75396
2025-02-23,23,31300
2025-02-24,0,9181
2025-02-24,1,321
2025-02-24,5,35
2025-02-24,6,33081
2025-02-24,7,152298
2025-02-24,8,269395
2025-02-24,9,151694
2025-02-24,10,90529
2025-02-24,11,82252
2025-02-24,12,89851
2025-02-24,13,91909
2025-02-24,14,84702
2025-02-24,15,87208
2025-02-24,16,124658
2025-02-24,17,190580
2025-02-24,18,267954
2025-02-24,19,177296
2025-02-24,20,101469
2025-02-24,21,93542
2025-02-24,22,67937
2025-02-24,23,24128
2025-02-25,0,10417
2025-02-25,1,330
2025-02-25,5,43
2025-02-25,6,32457
2025-02-25,7,153677
2025-02-25,8,273507
2025-02-25,9,155658
2025-02-25,10,93747
2025-02-25,11,86224
2025-02-25,12,93723
2025-02-25,13,95658
2025-02-25,14,89829
2025-02-25,15,92822
2025-02-25,16,131432
2025-02-25,17,204130
2025-02-25,18,283512
2025-02-25,19,179295
2025-02-25,20,103949
2025-02-25,21,99015
2025-02-25,22,83606
2025-02-25,23,33227
2025-02-26,0,10557
2025-02-26,1,361
2025-02-26,5,30
2025-02-26,6,32427
2025-02-26,7,153823
2025-02-26,8,272725
2025-02-26,9,153531
2025-02-26,10,93031
2025-02-26,11,85647
2025-02-26,12,95657
2025-02-26,13,96542
2025-02-26,14,88595
2025-02-26,15,92164
2025-02-26,16,128437
2025-02-26,17,199177
2025-02-26,18,274592
2025-02-26,19,177347
2025-02-26,20,109650
2025-02-26,21,106301
2025-02-26,22,77857
2025-02-26,23,28455
2025-02-27,0,17531
2025-02-27,1,654
2025-02-27,5,30
2025-02-27,6,33031
2025-02-27,7,153520
2025-02-27,8,266187
2025-02-27,9,149832
2025-02-27,10,95922
2025-02-27,11,89822
2025-02-27,12,98414
2025-02-27,13,102862
2025-02-27,14,96114
2025-02-27,15,101652
2025-02-27,16,141142
2025-02-27,17,211646
2025-02-27,18,286645
2025-02-27,19,193768
2025-02-27,20,123360
2025-02-27,21,120092
2025-02-27,22,98938
2025-02-27,23,41859
2025-02-28,0,16739
2025-02-28,1,524
2025-02-28,5,37
2025-02-28,6,20580
2025-02-28,7,36407
2025-02-28,8,54769
2025-02-28,9,77999
2025-02-28,10,105777
2025-02-28,11,130741
2025-02-28,12,123831
2025-02-28,13,133401
2025-02-28,14,142725
2025-02-28,15,143329
2025-02-28,16,149156
2025-02-28,17,167322
2025-02-28,18,154827
2025-02-28,19,124470
2025-02-28,20,107101
2025-02-28,21,102919
2025-02-28,22,83501
2025-02-28,23,39526
2025-03-01,0,15610
2025-03-01,1,516
2025-03-01,5,34
2025-03-01,6,17956
2025-03-01,7,33914
2025-03-01,8,57448
2025-03-01,9,81183
2025-03-01,10,104440
2025-03-01,11,124741
2025-03-01,12,128278
2025-03-01,13,137641
2025-03-01,14,137213
2025-03-01,15,137092
2025-03-01,16,144767
2025-03-01,17,169541
2025-03-01,18,151627
2025-03-01,19,117950
2025-03-01,20,102259
2025-03-01,21,98661
2025-03-01,22,81309
2025-03-01,23,37190
2025-03-02,0,9952
2025-03-02,1,307
2025-03-02,5,32
2025-03-02,6,16254
2025-03-02,7,28431
2025-03-02,8,48527
2025-03-02,9,67588
2025-03-02,10,87764
2025-03-02,11,107998
2025-03-02,12,110403
2025-03-02,13,119164
2025-03-02,14,120997
2025-03-02,15,119856
2025-03-02,16,124768
2025-03-02,17,147399
2025-03-02,18,126132
2025-03-02,19,101256
2025-03-02,20,91168
2025-03-02,21,82465
2025-03-02,22,58527
2025-03-02,23,25907
2025-03-03,0,8384
2025-03-03,1,235
2025-03-03,5,29
2025-03-03,6,33740
2025-03-03,7,155094
2025-03-03,8,271075
2025-03-03,9,148898
2025-03-03,10,92491
2025-03-03,11,84016
2025-03-03,12,90800
2025-03-03,13,92461
2025-03-03,14,83144
2025-03-03,15,88265
2025-03-03,16,121817
2025-03-03,17,188993
2025-03-03,18,265327
2025-03-03,19,171948
2025-03-03,20,100957
2025-03-03,21,91466
2025-03-03,22,66184
2025-03-03,23,24402
2025-03-04,0,8693
2025-03-04,1,292
2025-03-04,5,40
2025-03-04,6,32235
2025-03-04,7,156108
2025-03-04,8,277217
2025-03-04,9,156649
2025-03-04,10,89892
2025-03-04,11,79626
2025-03-04,12,87919
2025-03-04,13,88992
2025-03-04,14,79680
2025-03-04,15,84430
2025-03-04,16,124095
2025-03-04,17,201220
2025-03-04,18,276793
2025-03-04,19,183992
2025-03-04,20,102441
2025-03-04,21,94480
2025-03-04,22,70307
2025-03-04,23,23548
2025-03-05,0,10284
2025-03-05,1,324
2025-03-05,5,32
2025-03-05,6,31641
2025-03-05,7,154738
2025-03-05,8,279696
2025-03-05,9,162951
2025-03-05,10,91635
2025-03-05,11,80060
2025-03-05,12,91196
2025-03-05,13,93860
2025-03-05,14,83225
2025-03-05,15,87121
2025-03-05,16,126220
2025-03-05,17,193788
2025-03-05,18,276700
2025-03-05,19,184078
2025-03-05,20,110113
2025-03-05,21,105435
2025-03-05,22,77986
2025-03-05,23,27264
2025-03-06,0,10783
2025-03-06,1,342
2025-03-06,5,26
2025-03-06,6,31784
2025-03-06,7,153553
2025-03-06,8,280593
2025-03-06,9,165000
2025-03-06,10,93424
2025-03-06,11,83148
2025-03-06,12,91011
2025-03-06,13,94360
2025-03-06,14,84178
2025-03-06,15,89772
2025-03-06,16,127455
2025-03-06,17,199629
2025-03-06,18,281391
2025-03-06,19,185474
2025-03-06,20,110342
2025-03-06,21,105875
2025-03-06,22,80746
2025-03-06,23,29644
2025-03-07,0,17343
2025-03-07,1,559
2025-03-07,5,38
2025-03-07,6,32544
2025-03-07,7,153461
2025-03-07,8,268889
2025-03-07,9,153514
2025-03-07,10,96613
2025-03-07,11,90326
2025-03-07,12,101808
2025-03-07,13,107198
2025-03-07,14,98514
2025-03-07,15,102444
2025-03-07,16,145076
2025-03-07,17,221229
2025-03-07,18,294648
2025-03-07,19,191782
2025-03-07,20,127913
2025-03-07,21,126429
2025-03-07,22,104413
2025-03-07,23,43733
2025-03-08,0,18685
2025-03-08,1,609
2025-03-08,5,28
2025-03-08,6,19457
2025-03-08,7,42484
2025-03-08,8,75154
2025-03-08,9,92855
2025-03-08,10,104711
2025-03-08,11,123452
2025-03-08,12,132105
2025-03-08,13,141569
2025-03-08,14,135144
2025-03-08,15,135679
2025-03-08,16,150919
2025-03-08,17,178317
2025-03-08,18,158431
2025-03-08,19,117030
2025-03-08,20,100219
2025-03-08,21,105897
2025-03-08,22,91412
2025-03-08,23,42254
2025-03-09,0,10383
2025-03-09,1,301
2025-03-09,5,33
2025-03-09,6,16809
2025-03-09,7,32715
2025-03-09,8,56732
2025-03-09,9,73587
2025-03-09,10,87585
2025-03-09,11,107567
2025-03-09,12,112295
2025-03-09,13,123462
2025-03-09,14,125693
2025-03-09,15,127701
2025-03-09,16,135341
2025-03-09,17,152589
2025-03-09,18,132848
2025-03-09,19,103533
2025-03-09,20,92163
2025-03-09,21,88002
2025-03-09,22,63680
2025-03-09,23,26955
2025-03-10,0,9074
2025-03-10,1,329
2025-03-10,5,48
2025-03-10,6,34100
2025-03-10,7,155027
2025-03-10,8,268070
2025-03-10,9,154376
2025-03-10,10,93539
2025-03-10,11,85949
2025-03-10,12,93318
2025-03-10,13,95689
2025-03-10,14,86946
2025-03-10,15,91350
2025-03-10,16,126512
2025-03-10,17,193988
2025-03-10,18,268528
2025-03-10,19,177188
2025-03-10,20,104222
2025-03-10,21,94668
2025-03-10,22,69954
2025-03-10,23,24555
2025-03-11,0,9546
2025-03-11,1,287
2025-03-11,5,31
2025-03-11,6,33093
2025-03-11,7,156735
2025-03-11,8,279099
2025-03-11,9,157482
2025-03-11,10,95582
2025-03-11,11,86675
2025-03-11,12,95036
2025-03-11,13,96991
2025-03-11,14,88412
2025-03-11,15,92486
2025-03-11,16,129467
2025-03-11,17,199163
2025-03-11,18,275874
2025-03-11,19,180765
2025-03-11,20,108412
2025-03-11,21,103058
2025-03-11,22,74940
2025-03-11,23,26147
2025-03-12,0,10148
2025-03-12,1,326
2025-03-12,5,38
2025-03-12,6,33281
2025-03-12,7,157508
2025-03-12,8,278113
2025-03-12,9,156265
2025-03-12,10,96341
2025-03-12,11,89842
2025-03-12,12,99587
2025-03-12,13,100882
2025-03-12,14,91226
2025-03-12,15,94405
2025-03-12,16,130461
2025-03-12,17,200202
2025-03-12,18,278374
2025-03-12,19,181568
2025-03-12,20,109576
2025-03-12,21,106677
2025-03-12,22,78188
2025-03-12,23,28284
2025-03-13,0,10743
2025-03-13,1,359
2025-03-13,5,30
2025-03-13,6,32900
2025-03-13,7,157731
2025-03-13,8,276686
2025-03-13,9,151961
2025-03-13,10,89753
2025-03-13,11,78947
2025-03-13,12,88061
2025-03-13,13,92339
2025-03-13,14,83836
2025-03-13,15,86781
2025-03-13,16,124218
2025-03-13,17,196670
2025-03-13,18,275622
2025-03-13,19,177035
2025-03-13,20,106452
2025-03-13,21,103874
2025-03-13,22,78861
2025-03-13,23,28992
2025-03-14,0,18194
2025-03-14,1,640
2025-03-14,5,42
2025-03-14,6,32744
2025-03-14,7,154195
2025-03-14,8,269238
2025-03-14,9,150297
2025-03-14,10,96599
2025-03-14,11,90130
2025-03-14,12,102373
2025-03-14,13,108197
2025-03-14,14,97805
2025-03-14,15,101126
2025-03-14,16,143921
2025-03-14,17,218511
2025-03-14,18,293982
2025-03-14,19,192316
2025-03-14,20,123249
2025-03-14,21,126257
2025-03-14,22,104437
2025-03-14,23,44554
2025-03-15,0,17395
2025-03-15,1,539
2025-03-15,5,31
2025-03-15,6,20511
2025-03-15,7,42718
2025-03-15,8,72669
2025-03-15,9,88544
2025-03-15,10,99595
2025-03-15,11,112062
2025-03-15,12,123574
2025-03-15,13,132487
2025-03-15,14,122361
2025-03-15,15,124175
2025-03-15,16,133963
2025-03-15,17,159368
2025-03-15,18,144297
2025-03-15,19,110057
2025-03-15,20,95669
2025-03-15,21,99530
2025-03-15,22,84689
2025-03-15,23,39611
2025-03-16,0,11162
2025-03-16,1,285
2025-03-16,5,26
2025-03-16,6,15954
2025-03-16,7,29875
2025-03-16,8,54189
2025-03-16,9,73747
2025-03-16,10,89844
2025-03-16,11,108656
2025-03-16,12,112637
2025-03-16,13,126318
2025-03-16,14,127270
2025-03-16,15,131557
2025-03-16,16,137017
2025-03-16,17,148367
2025-03-16,18,129590
2025-03-16,19,108194
2025-03-16,20,108052
2025-03-16,21,91307
2025-03-16,22,63696
2025-03-16,23,27393
2025-03-17,0,8994
2025-03-17,1,291
2025-03-17,5,35
2025-03-17,6,33306
2025-03-17,7,151434
2025-03-17,8,268819
2025-03-17,9,151225
2025-03-17,10,92665
2025-03-17,11,85152
2025-03-17,12,92466
2025-03-17,13,94264
2025-03-17,14,86141
2025-03-17,15,88897
2025-03-17,16,124987
2025-03-17,17,192652
2025-03-17,18,265364
2025-03-17,19,176041
2025-03-17,20,101824
2025-03-17,21,92954
2025-03-17,22,68075
2025-03-17,23,24346
2025-03-18,0,9772
2025-03-18,1,277
2025-03-18,5,36
2025-03-18,6,32651
2025-03-18,7,155261
2025-03-18,8,278023
2025-03-18,9,158585
2025-03-18,10,95255
2025-03-18,11,84872
2025-03-18,12,95136
2025-03-18,13,98484
2025-03-18,14,87866
2025-03-18,15,91261
2025-03-18,16,126619
2025-03-18,17,196587
2025-03-18,18,274195
2025-03-18,19,181949
2025-03-18,20,106754
2025-03-18,21,103551
2025-03-18,22,74977
2025-03-18,23,26052
2025-03-19,0,10309
2025-03-19,1,325
2025-03-19,5,37
2025-03-19,6,32168
2025-03-19,7,154642
2025-03-19,8,273498
2025-03-19,9,154050
2025-03-19,10,94100
2025-03-19,11,86284
2025-03-19,12,97116
2025-03-19,13,99974
2025-03-19,14,89795
2025-03-19,15,92073
2025-03-19,16,128634
2025-03-19,17,200542
2025-03-19,18,275501
2025-03-19,19,181537
2025-03-19,20,108466
2025-03-19,21,105629
2025-03-19,22,77541
2025-03-19,23,27658
2025-03-20,0,11117
2025-03-20,1,345
2025-03-20,5,33
2025-03-20,6,33380
2025-03-20,7,156432
2025-03-20,8,274418
2025-03-20,9,156938
2025-03-20,10,97878
2025-03-20,11,90184
2025-03-20,12,100339
2025-03-20,13,103308
2025-03-20,14,94081
2025-03-20,15,98211
2025-03-20,16,134687
2025-03-20,17,205599
2025-03-20,18,279784
2025-03-20,19,186474
2025-03-20,20,112061
2025-03-20,21,109984
2025-03-20,22,82641
2025-03-20,23,29644
2025-03-21,0,18579
2025-03-21,1,599
2025-03-21,5,32
2025-03-21,6,33458
2025-03-21,7,154320
2025-03-21,8,267301
2025-03-21,9,153573
2025-03-21,10,100885
2025-03-21,11,96644
2025-03-21,12,108240
2025-03-21,13,113566
2025-03-21,14,104588
2025-03-21,15,108710
2025-03-21,16,150211
2025-03-21,17,222308
2025-03-21,18,294664
2025-03-21,19,196665
2025-03-21,20,121132
2025-03-21,21,126132
2025-03-21,22,106734
2025-03-21,23,45050
2025-03-22,0,18256
2025-03-22,1,578
2025-03-22,5,30
2025-03-22,6,22103
2025-03-22,7,47332
2025-03-22,8,80075
2025-03-22,9,98025
2025-03-22,10,112701
2025-03-22,11,129283
2025-03-22,12,137586
2025-03-22,13,149532
2025-03-22,14,144612
2025-03-22,15,144753
2025-03-22,16,157012
2025-03-22,17,181842
2025-03-22,18,166065
2025-03-22,19,127402
2025-03-22,20,112555
2025-03-22,21,109945
2025-03-22,22,93919
2025-03-22,23,47253
2025-03-23,0,10817
2025-03-23,1,321
2025-03-23,5,42
2025-03-23,6,18655
2025-03-23,7,34842
2025-03-23,8,58812
2025-03-23,9,77426
2025-03-23,10,93194
2025-03-23,11,111140
2025-03-23,12,112814
2025-03-23,13,123422
2025-03-23,14,128292
2025-03-23,15,130001
2025-03-23,16,137337
2025-03-23,17,149896
2025-03-23,18,132552
2025-03-23,19,106167
2025-03-23,20,99261
2025-03-23,21,87252
2025-03-23,22,64228
2025-03-23,23,27656
2025-03-24,0,9057
2025-03-24,1,324
2025-03-24,5,51
2025-03-24,6,34001
2025-03-24,7,155691
2025-03-24,8,268485
2025-03-24,9,149722
2025-03-24,10,93760
2025-03-24,11,86370
2025-03-24,12,94944
2025-03-24,13,96430
2025-03-24,14,87623
2025-03-24,15,91572
2025-03-24,16,127005
2025-03-24,17,192142
2025-03-24,18,266895
2025-03-24,19,172268
2025-03-24,20,101133
2025-03-24,21,94085
2025-03-24,22,67859
2025-03-24,23,24055
2025-03-25,0,9781
2025-03-25,1,291
2025-03-25,5,43
2025-03-25,6,34791
2025-03-25,7,159620
2025-03-25,8,275462
2025-03-25,9,157976
2025-03-25,10,96630
2025-03-25,11,90131
2025-03-25,12,98079
2025-03-25,13,99554
2025-03-25,14,90598
2025-03-25,15,94003
2025-03-25,16,134483
2025-03-25,17,197844
2025-03-25,18,272133
2025-03-25,19,177058
2025-03-25,20,106615
2025-03-25,21,100588
2025-03-25,22,72992
2025-03-25,23,25647
2025-03-26,0,10031
2025-03-26,1,274
2025-03-26,5,38
2025-03-26,6,33786
2025-03-26,7,159466
2025-03-26,8,276277
2025-03-26,9,154351
2025-03-26,10,96949
2025-03-26,11,89969
2025-03-26,12,100536
2025-03-26,13,102671
2025-03-26,14,92121
2025-03-26,15,95480
2025-03-26,16,137061
2025-03-26,17,200222
2025-03-26,18,278301
2025-03-26,19,180165
2025-03-26,20,109791
2025-03-26,21,104972
2025-03-26,22,76815
2025-03-26,23,27139
2025-03-27,0,10651
2025-03-27,1,332
2025-03-27,5,31
2025-03-27,6,34602
2025-03-27,7,157123
2025-03-27,8,276566
2025-03-27,9,157726
2025-03-27,10,98383
2025-03-27,11,90287
2025-03-27,12,98346
2025-03-27,13,101264
2025-03-27,14,92059
2025-03-27,15,96168
2025-03-27,16,136794
2025-03-27,17,203152
2025-03-27,18,280481
2025-03-27,19,179947
2025-03-27,20,109444
2025-03-27,21,106566
2025-03-27,22,79313
2025-03-27,23,28920
2025-03-28,0,18280
2025-03-28,1,553
2025-03-28,5,47
2025-03-28,6,33546
2025-03-28,7,152032
2025-03-28,8,266987
2025-03-28,9,152655
2025-03-28,10,97761
2025-03-28,11,92329
2025-03-28,12,103752
2025-03-28,13,109402
2025-03-28,14,99597
2025-03-28,15,102954
2025-03-28,16,148335
2025-03-28,17,221835
2025-03-28,18,292989
2025-03-28,19,190957
2025-03-28,20,120628
2025-03-28,21,122325
2025-03-28,22,100148
2025-03-28,23,45286
2025-03-29,0,16656
2025-03-29,1,497
2025-03-29,5,35
2025-03-29,6,22103
2025-03-29,7,45692
2025-03-29,8,75498
2025-03-29,9,92778
2025-03-29,10,106142
2025-03-29,11,125078
2025-03-29,12,136198
2025-03-29,13,147461
2025-03-29,14,139606
2025-03-29,15,140630
2025-03-29,16,150605
2025-03-29,17,173591
2025-03-29,18,149716
2025-03-29,19,113059
2025-03-29,20,108437
2025-03-29,21,102915
2025-03-29,22,84822
2025-03-29,23,39742
2025-03-30,0,10370
2025-03-30,1,278
2025-03-30,5,35
2025-03-30,6,16249
2025-03-30,7,30277
2025-03-30,8,52464
2025-03-30,9,66560
2025-03-30,10,78858
2025-03-30,11,95656
2025-03-30,12,101717
2025-03-30,13,109529
2025-03-30,14,110841
2025-03-30,15,107059
2025-03-30,16,114883
2025-03-30,17,132591
2025-03-30,18,112407
2025-03-30,19,91099
2025-03-30,20,87803
2025-03-30,21,77554
2025-03-30,22,57865
2025-03-30,23,26316
2025-03-31,0,9209
2025-03-31,1,302
2025-03-31,5,44
2025-03-31,6,36401
2025-03-31,7,150834
2025-03-31,8,270460
2025-03-31,9,153592
2025-03-31,10,89317
2025-03-31,11,81794
2025-03-31,12,88430
2025-03-31,13,88282
2025-03-31,14,81705
2025-03-31,15,84450
2025-03-31,16,119128
2025-03-31,17,184101
2025-03-31,18,254416
2025-03-31,19,183914
2025-03-31,20,103625
2025-03-31,21,91953
2025-03-31,22,66884
2025-03-31,23,23460
2025-04-01,0,10180
2025-04-01,1,308
2025-04-01,5,31
2025-04-01,6,31734
2025-04-01,7,149002
2025-04-01,8,271522
2025-04-01,9,155110
2025-04-01,10,89438
2025-04-01,11,81138
2025-04-01,12,89049
2025-04-01,13,91557
2025-04-01,14,83481
2025-04-01,15,86479
2025-04-01,16,122637
2025-04-01,17,187116
2025-04-01,18,265539
2025-04-01,19,177916
2025-04-01,20,106754
2025-04-01,21,97977
2025-04-01,22,74197
2025-04-01,23,26408
2025-04-02,0,15874
2025-04-02,1,559
2025-04-02,5,30
2025-04-02,6,32067
2025-04-02,7,148189
2025-04-02,8,257620
2025-04-02,9,138709
2025-04-02,10,92360
2025-04-02,11,89945
2025-04-02,12,99821
2025-04-02,13,103571
2025-04-02,14,96891
2025-04-02,15,100300
2025-04-02,16,135753
2025-04-02,17,198444
2025-04-02,18,268382
2025-04-02,19,184209
2025-04-02,20,118833
2025-04-02,21,110124
2025-04-02,22,88776
2025-04-02,23,39782
2025-04-03,0,12925
2025-04-03,1,397
2025-04-03,5,29
2025-04-03,6,19578
2025-04-03,7,36259
2025-04-03,8,52200
2025-04-03,9,73626
2025-04-03,10,98698
2025-04-03,11,113468
2025-04-03,12,111072
2025-04-03,13,118072
2025-04-03,14,125422
2025-04-03,15,125209
2025-04-03,16,129891
2025-04-03,17,144552
2025-04-03,18,134496
2025-04-03,19,107454
2025-04-03,20,94592
2025-04-03,21,89831
2025-04-03,22,70856
2025-04-03,23,31301
2025-04-04,0,13684
2025-04-04,1,416
2025-04-04,5,40
2025-04-04,6,17796
2025-04-04,7,30292
2025-04-04,8,43629
2025-04-04,9,65594
2025-04-04,10,88081
2025-04-04,11,104851
2025-04-04,12,99752
2025-04-04,13,110713
2025-04-04,14,123153
2025-04-04,15,123728
2025-04-04,16,132583
2025-04-04,17,146564
2025-04-04,18,138158
2025-04-04,19,105890
2025-04-04,20,91992
2025-04-04,21,92459
2025-04-04,22,82799
2025-04-04,23,34429
2025-04-05,0,13618
2025-04-05,1,418
2025-04-05,5,37
2025-04-05,6,15871
2025-04-05,7,28918
2025-04-05,8,44614
2025-04-05,9,65992
2025-04-05,10,89019
2025-04-05,11,107913
2025-04-05,12,107690
2025-04-05,13,115329
2025-04-05,14,118841
2025-04-05,15,121741
2025-04-05,16,124752
2025-04-05,17,137123
2025-04-05,18,121082
2025-04-05,19,90008
2025-04-05,20,85487
2025-04-05,21,89844
2025-04-05,22,73790
2025-04-05,23,32962
2025-04-06,0,10783
2025-04-06,1,315
2025-04-06,5,30
2025-04-06,6,14238
2025-04-06,7,24884
2025-04-06,8,42392
2025-04-06,9,61210
2025-04-06,10,76861
2025-04-06,11,93862
2025-04-06,12,99075
2025-04-06,13,109707
2025-04-06,14,110976
2025-04-06,15,107229
2025-04-06,16,111247
2025-04-06,17,125447
2025-04-06,18,114176
2025-04-06,19,94345
2025-04-06,20,82973
2025-04-06,21,76046
2025-04-06,22,60034
2025-04-06,23,25665
2025-04-07,0,8348
2025-04-07,1,249
2025-04-07,5,35
2025-04-07,6,35000
2025-04-07,7,155173
2025-04-07,8,264809
2025-04-07,9,144485
2025-04-07,10,90147
2025-04-07,11,82930
2025-04-07,12,89915
2025-04-07,13,91107
2025-04-07,14,83021
2025-04-07,15,87146
2025-04-07,16,121470
2025-04-07,17,184308
2025-04-07,18,258103
2025-04-07,19,170171
2025-04-07,20,100980
2025-04-07,21,88513
2025-04-07,22,65472
2025-04-07,23,23428
2025-04-08,0,9181
2025-04-08,1,292
2025-04-08,5,41
2025-04-08,6,33820
2025-04-08,7,156764
2025-04-08,8,274447
2025-04-08,9,151449
2025-04-08,10,91380
2025-04-08,11,82605
2025-04-08,12,90451
2025-04-08,13,92395
2025-04-08,14,84140
2025-04-08,15,88275
2025-04-08,16,123087
2025-04-08,17,189930
2025-04-08,18,266057
2025-04-08,19,176465
2025-04-08,20,104511
2025-04-08,21,96341
2025-04-08,22,71139
2025-04-08,23,24645
2025-04-09,0,8898
2025-04-09,1,294
2025-04-09,5,29
2025-04-09,6,33908
2025-04-09,7,156389
2025-04-09,8,275953
2025-04-09,9,146512
2025-04-09,10,94536
2025-04-09,11,84182
2025-04-09,12,93833
2025-04-09,13,95514
2025-04-09,14,84941
2025-04-09,15,89657
2025-04-09,16,123313
2025-04-09,17,190036
2025-04-09,18,268617
2025-04-09,19,174783
2025-04-09,20,107692
2025-04-09,21,104261
2025-04-09,22,73682
2025-04-09,23,24768
2025-04-10,0,10224
2025-04-10,1,325
2025-04-10,5,35
2025-04-10,6,33390
2025-04-10,7,153936
2025-04-10,8,277171
2025-04-10,9,155598
2025-04-10,10,86025
2025-04-10,11,73410
2025-04-10,12,82822
2025-04-10,13,86380
2025-04-10,14,77859
2025-04-10,15,81921
2025-04-10,16,119963
2025-04-10,17,187931
2025-04-10,18,268250
2025-04-10,19,177305
2025-04-10,20,106476
2025-04-10,21,100168
2025-04-10,22,76635
2025-04-10,23,27370
2025-04-11,0,17990
2025-04-11,1,587
2025-04-11,5,35
2025-04-11,6,34750
2025-04-11,7,153740
2025-04-11,8,267205
2025-04-11,9,148565
2025-04-11,10,96826
2025-04-11,11,92153
2025-04-11,12,102963
2025-04-11,13,107273
2025-04-11,14,98545
2025-04-11,15,103048
2025-04-11,16,146705
2025-04-11,17,212871
2025-04-11,18,285725
2025-04-11,19,192089
2025-04-11,20,119769
2025-04-11,21,119662
2025-04-11,22,105005
2025-04-11,23,45633
2025-04-12,0,14698
2025-04-12,1,486
2025-04-12,5,40
2025-04-12,6,21533
2025-04-12,7,46719
2025-04-12,8,78005
2025-04-12,9,93600
2025-04-12,10,103693
2025-04-12,11,119951
2025-04-12,12,131019
2025-04-12,13,141666
2025-04-12,14,132940
2025-04-12,15,131776
2025-04-12,16,142810
2025-04-12,17,167545
2025-04-12,18,151346
2025-04-12,19,116152
2025-04-12,20,100874
2025-04-12,21,101544
2025-04-12,22,90137
2025-04-12,23,37107
2025-04-13,0,9885
2025-04-13,1,273
2025-04-13,5,35
2025-04-13,6,17877
2025-04-13,7,34036
2025-04-13,8,59622
2025-04-13,9,75092
2025-04-13,10,86243
2025-04-13,11,108239
2025-04-13,12,114005
2025-04-13,13,121077
2025-04-13,14,120936
2025-04-13,15,122305
2025-04-13,16,128654
2025-04-13,17,146783
2025-04-13,18,130084
2025-04-13,19,105249
2025-04-13,20,90600
2025-04-13,21,84996
2025-04-13,22,63906
2025-04-13,23,26045
2025-04-14,0,8880
2025-04-14,1,284
2025-04-14,5,43
2025-04-14,6,34927
2025-04-14,7,152229
2025-04-14,8,265810
2025-04-14,9,148832
2025-04-14,10,91163
2025-04-14,11,84391
2025-04-14,12,91997
2025-04-14,13,91808
2025-04-14,14,85094
2025-04-14,15,88886
2025-04-14,16,120599
2025-04-14,17,185548
2025-04-14,18,262194
2025-04-14,19,174351
2025-04-14,20,104098
2025-04-14,21,91469
2025-04-14,22,65991
2025-04-14,23,23483
2025-04-15,0,9615
2025-04-15,1,314
2025-04-15,5,36
2025-04-15,6,34937
2025-04-15,7,157429
2025-04-15,8,275611
2025-04-15,9,157565
2025-04-15,10,94219
2025-04-15,11,86257
2025-04-15,12,93491
2025-04-15,13,96077
2025-04-15,14,87569
2025-04-15,15,91598
2025-04-15,16,129710
2025-04-15,17,197438
2025-04-15,18,272395
2025-04-15,19,177359
2025-04-15,20,106613
2025-04-15,21,101299
2025-04-15,22,74310
2025-04-15,23,25776
2025-04-16,0,10427
2025-04-16,1,336
2025-04-16,5,41
2025-04-16,6,34568
2025-04-16,7,157289
2025-04-16,8,275437
2025-04-16,9,156217
2025-04-16,10,95294
2025-04-16,11,89176
2025-04-16,12,98715
2025-04-16,13,99301
2025-04-16,14,90436
2025-04-16,15,93360
2025-04-16,16,130606
2025-04-16,17,201288
2025-04-16,18,274596
2025-04-16,19,178075
2025-04-16,20,107788
2025-04-16,21,105004
2025-04-16,22,78486
2025-04-16,23,27546
2025-04-17,0,10686
2025-04-17,1,385
2025-04-17,5,34
2025-04-17,6,34492
2025-04-17,7,157001
2025-04-17,8,273822
2025-04-17,9,156361
2025-04-17,10,95966
2025-04-17,11,89211
2025-04-17,12,96734
2025-04-17,13,97859
2025-04-17,14,90032
2025-04-17,15,94663
2025-04-17,16,134001
2025-04-17,17,202934
2025-04-17,18,273659
2025-04-17,19,178526
2025-04-17,20,108877
2025-04-17,21,106271
2025-04-17,22,79904
2025-04-17,23,28368
2025-04-18,0,18384
2025-04-18,1,673
2025-04-18,5,34
2025-04-18,6,34535
2025-04-18,7,153254
2025-04-18,8,266416
2025-04-18,9,149351
2025-04-18,10,96791
2025-04-18,11,94112
2025-04-18,12,105319
2025-04-18,13,110007
2025-04-18,14,102667
2025-04-18,15,106802
2025-04-18,16,148394
2025-04-18,17,219266
2025-04-18,18,289010
2025-04-18,19,189709
2025-04-18,20,119069
2025-04-18,21,124241
2025-04-18,22,106672
2025-04-18,23,45977
2025-04-19,0,17623
2025-04-19,1,534
2025-04-19,5,42
2025-04-19,6,22107
2025-04-19,7,46795
2025-04-19,8,79107
2025-04-19,9,95087
2025-04-19,10,111113
2025-04-19,11,130569
2025-04-19,12,141306
2025-04-19,13,152684
2025-04-19,14,148772
2025-04-19,15,150947
2025-04-19,16,162099
2025-04-19,17,184820
2025-04-19,18,167152
2025-04-19,19,128526
2025-04-19,20,117854
2025-04-19,21,112487
2025-04-19,22,98655
2025-04-19,23,43030
2025-04-20,0,10559
2025-04-20,1,339
2025-04-20,5,55
2025-04-20,6,18477
2025-04-20,7,34670
2025-04-20,8,57606
2025-04-20,9,75477
2025-04-20,10,91650
2025-04-20,11,110951
2025-04-20,12,117335
2025-04-20,13,127268
2025-04-20,14,127878
2025-04-20,15,128354
2025-04-20,16,129155
2025-04-20,17,141144
2025-04-20,18,127637
2025-04-20,19,100925
2025-04-20,20,88810
2025-04-20,21,84161
2025-04-20,22,65473
2025-04-20,23,26524
2025-04-21,0,8868
2025-04-21,1,256
2025-04-21,5,32
2025-04-21,6,34629
2025-04-21,7,151620
2025-04-21,8,268640
2025-04-21,9,146846
2025-04-21,10,92391
2025-04-21,11,85276
2025-04-21,12,93352
2025-04-21,13,93963
2025-04-21,14,85186
2025-04-21,15,90452
2025-04-21,16,128212
2025-04-21,17,192459
2025-04-21,18,266086
2025-04-21,19,169624
2025-04-21,20,100432
2025-04-21,21,90893
2025-04-21,22,68207
2025-04-21,23,23368
2025-04-22,0,9554
2025-04-22,1,329
2025-04-22,5,40
2025-04-22,6,34722
2025-04-22,7,157496
2025-04-22,8,275013
2025-04-22,9,155281
2025-04-22,10,93620
2025-04-22,11,86318
2025-04-22,12,94706
2025-04-22,13,94760
2025-04-22,14,85038
2025-04-22,15,90482
2025-04-22,16,127920
2025-04-22,17,196445
2025-04-22,18,272265
2025-04-22,19,179569
2025-04-22,20,107680
2025-04-22,21,102167
2025-04-22,22,74915
2025-04-22,23,25761
2025-04-23,0,9772
2025-04-23,1,318
2025-04-23,5,42
2025-04-23,6,33966
2025-04-23,7,155200
2025-04-23,8,281214
2025-04-23,9,155270
2025-04-23,10,89506
2025-04-23,11,82359
2025-04-23,12,92015
2025-04-23,13,93099
2025-04-23,14,83598
2025-04-23,15,88476
2025-04-23,16,128505
2025-04-23,17,200523
2025-04-23,18,278315
2025-04-23,19,175574
2025-04-23,20,104831
2025-04-23,21,105681
2025-04-23,22,76586
2025-04-23,23,26835
2025-04-24,0,10624
2025-04-24,1,339
2025-04-24,5,39
2025-04-24,6,33866
2025-04-24,7,155238
2025-04-24,8,272429
2025-04-24,9,152146
2025-04-24,10,93117
2025-04-24,11,85176
2025-04-24,12,94229
2025-04-24,13,94369
2025-04-24,14,84834
2025-04-24,15,89614
2025-04-24,16,127351
2025-04-24,17,198155
2025-04-24,18,274832
2025-04-24,19,173693
2025-04-24,20,105183
2025-04-24,21,103514
2025-04-24,22,83998
2025-04-24,23,29120
2025-04-25,0,19650
2025-04-25,1,662
2025-04-25,5,50
2025-04-25,6,34000
2025-04-25,7,152440
2025-04-25,8,268962
2025-04-25,9,151511
2025-04-25,10,92837
2025-04-25,11,88534
2025-04-25,12,100190
2025-04-25,13,105846
2025-04-25,14,96554
2025-04-25,15,99615
2025-04-25,16,143161
2025-04-25,17,217083
2025-04-25,18,292213
2025-04-25,19,191023
2025-04-25,20,116836
2025-04-25,21,117332
2025-04-25,22,101981
2025-04-25,23,49329
2025-04-26,0,18133
2025-04-26,1,573
2025-04-26,5,45
2025-04-26,6,20434
2025-04-26,7,42277
2025-04-26,8,75205
2025-04-26,9,89953
2025-04-26,10,99701
2025-04-26,11,119664
2025-04-26,12,128633
2025-04-26,13,145351
2025-04-26,14,146749
2025-04-26,15,148928
2025-04-26,16,164706
2025-04-26,17,182866
2025-04-26,18,161761
2025-04-26,19,113701
2025-04-26,20,97195
2025-04-26,21,101124
2025-04-26,22,97411
2025-04-26,23,44996
2025-04-27,0,10814
2025-04-27,1,367
2025-04-27,5,55
2025-04-27,6,19240
2025-04-27,7,38452
2025-04-27,8,57877
2025-04-27,9,75200
2025-04-27,10,90975
2025-04-27,11,111298
2025-04-27,12,115764
2025-04-27,13,126121
2025-04-27,14,130093
2025-04-27,15,128096
2025-04-27,16,132273
2025-04-27,17,149329
2025-04-27,18,130679
2025-04-27,19,113155
2025-04-27,20,98736
2025-04-27,21,93105
2025-04-27,22,66159
2025-04-27,23,27893
2025-04-28,0,9353
2025-04-28,1,289
2025-04-28,5,36
2025-04-28,6,33404
2025-04-28,7,150911
2025-04-28,8,271634
2025-04-28,9,155818
2025-04-28,10,89999
2025-04-28,11,79941
2025-04-28,12,86756
2025-04-28,13,88876
2025-04-28,14,82443
2025-04-28,15,86193
2025-04-28,16,121833
2025-04-28,17,187262
2025-04-28,18,261891
2025-04-28,19,172257
2025-04-28,20,101073
2025-04-28,21,91848
2025-04-28,22,67517
2025-04-28,23,24419
2025-04-29,0,9850
2025-04-29,1,301
2025-04-29,5,43
2025-04-29,6,34947
2025-04-29,7,155462
2025-04-29,8,274786
2025-04-29,9,155167
2025-04-29,10,95206
2025-04-29,11,88125
2025-04-29,12,93906
2025-04-29,13,96138
2025-04-29,14,88337
2025-04-29,15,92630
2025-04-29,16,129531
2025-04-29,17,195539
2025-04-29,18,269698
2025-04-29,19,179060
2025-04-29,20,109011
2025-04-29,21,101483
2025-04-29,22,74832
2025-04-29,23,25985
2025-04-30,0,14767
2025-04-30,1,518
2025-04-30,5,32
2025-04-30,6,34335
2025-04-30,7,156711
2025-04-30,8,273098
2025-04-30,9,152293
2025-04-30,10,96205
2025-04-30,11,90731
2025-04-30,12,99616
2025-04-30,13,103522
2025-04-30,14,94002
2025-04-30,15,97065
2025-04-30,16,131919
2025-04-30,17,199385
2025-04-30,18,272412
2025-04-30,19,183192
2025-04-30,20,114103
2025-04-30,21,111774
2025-04-30,22,87325
2025-04-30,23,36051
2025-05-01,0,10410
2025-05-01,1,351
2025-05-01,5,35
2025-05-01,6,26983
2025-05-01,7,99733
2025-05-01,8,97732
2025-05-01,9,87606
2025-05-01,10,96372
2025-05-01,11,109076
2025-05-01,12,107332
2025-05-01,13,110369
2025-05-01,14,111133
2025-05-01,15,113468
2025-05-01,16,143069
2025-05-01,17,175849
2025-05-01,18,155256
2025-05-01,19,107539
2025-05-01,20,86734
2025-05-01,21,89369
2025-05-01,22,69138
2025-05-01,23,27715
2025-05-02,0,16983
2025-05-02,1,550
2025-05-02,5,49
2025-05-02,6,34163
2025-05-02,7,147160
2025-05-02,8,244406
2025-05-02,9,135652
2025-05-02,10,99634
2025-05-02,11,97898
2025-05-02,12,105492
2025-05-02,13,110217
2025-05-02,14,103847
2025-05-02,15,107508
2025-05-02,16,143640
2025-05-02,17,207970
2025-05-02,18,269851
2025-05-02,19,180653
2025-05-02,20,117417
2025-05-02,21,115494
2025-05-02,22,96132
2025-05-02,23,42426
2025-05-03,0,16133
2025-05-03,1,557
2025-05-03,5,37
2025-05-03,6,21705
2025-05-03,7,47710
2025-05-03,8,77612
2025-05-03,9,90366
2025-05-03,10,104308
2025-05-03,11,119376
2025-05-03,12,129648
2025-05-03,13,137964
2025-05-03,14,130989
2025-05-03,15,129075
2025-05-03,16,141871
2025-05-03,17,166742
2025-05-03,18,150097
2025-05-03,19,117960
2025-05-03,20,103557
2025-05-03,21,104522
2025-05-03,22,81998
2025-05-03,23,38294
2025-05-04,0,10278
2025-05-04,1,308
2025-05-04,5,54
2025-05-04,6,22266
2025-05-04,7,35907
2025-05-04,8,59221
2025-05-04,9,76834
2025-05-04,10,88414
2025-05-04,11,104382
2025-05-04,12,105548
2025-05-04,13,116161
2025-05-04,14,118720
2025-05-04,15,113950
2025-05-04,16,123762
2025-05-04,17,145346
2025-05-04,18,123060
2025-05-04,19,101037
2025-05-04,20,89217
2025-05-04,21,83515
2025-05-04,22,61506
2025-05-04,23,26447
2025-05-05,0,9041
2025-05-05,1,301
2025-05-05,5,36
2025-05-05,6,35477
2025-05-05,7,152730
2025-05-05,8,269120
2025-05-05,9,150253
2025-05-05,10,96269
2025-05-05,11,88390
2025-05-05,12,94947
2025-05-05,13,95415
2025-05-05,14,88807
2025-05-05,15,91484
2025-05-05,16,124340
2025-05-05,17,188003
2025-05-05,18,257108
2025-05-05,19,176033
2025-05-05,20,101013
2025-05-05,21,91081
2025-05-05,22,66331
2025-05-05,23,23760
2025-05-06,0,9533
2025-05-06,1,283
2025-05-06,5,37
2025-05-06,6,34811
2025-05-06,7,155476
2025-05-06,8,276212
2025-05-06,9,153756
2025-05-06,10,93067
2025-05-06,11,85470
2025-05-06,12,93091
2025-05-06,13,94580
2025-05-06,14,84260
2025-05-06,15,89168
2025-05-06,16,124191
2025-05-06,17,190114
2025-05-06,18,267387
2025-05-06,19,174782
2025-05-06,20,104112
2025-05-06,21,98471
2025-05-06,22,71268
2025-05-06,23,25703
2025-05-07,0,10260
2025-05-07,1,360
2025-05-07,5,38
2025-05-07,6,32614
2025-05-07,7,152456
2025-05-07,8,275203
2025-05-07,9,163617
2025-05-07,10,90156
2025-05-07,11,79922
2025-05-07,12,88978
2025-05-07,13,89194
2025-05-07,14,75546
2025-05-07,15,78892
2025-05-07,16,115487
2025-05-07,17,187693
2025-05-07,18,269315
2025-05-07,19,178534
2025-05-07,20,104043
2025-05-07,21,99675
2025-05-07,22,73097
2025-05-07,23,27292
2025-05-08,0,11009
2025-05-08,1,352
2025-05-08,5,45
2025-05-08,6,34810
2025-05-08,7,153962
2025-05-08,8,273955
2025-05-08,9,153869
2025-05-08,10,95394
2025-05-08,11,89306
2025-05-08,12,98439
2025-05-08,13,102062
2025-05-08,14,91243
2025-05-08,15,96115
2025-05-08,16,131252
2025-05-08,17,198964
2025-05-08,18,271656
2025-05-08,19,181207
2025-05-08,20,110779
2025-05-08,21,107243
2025-05-08,22,79664
2025-05-08,23,29060
2025-05-09,0,16954
2025-05-09,1,611
2025-05-09,5,32
2025-05-09,6,34527
2025-05-09,7,151306
2025-05-09,8,265948
2025-05-09,9,150465
2025-05-09,10,97838
2025-05-09,11,93747
2025-05-09,12,105614
2025-05-09,13,110609
2025-05-09,14,101385
2025-05-09,15,106541
2025-05-09,16,147063
2025-05-09,17,220723
2025-05-09,18,285348
2025-05-09,19,191462
2025-05-09,20,116939
2025-05-09,21,117384
2025-05-09,22,98703
2025-05-09,23,41689
2025-05-10,0,16900
2025-05-10,1,537
2025-05-10,5,57
2025-05-10,6,20445
2025-05-10,7,40673
2025-05-10,8,64779
2025-05-10,9,78125
2025-05-10,10,90157
2025-05-10,11,105420
2025-05-10,12,112605
2025-05-10,13,123257
2025-05-10,14,114542
2025-05-10,15,115166
2025-05-10,16,129532
2025-05-10,17,153004
2025-05-10,18,140309
2025-05-10,19,109272
2025-05-10,20,94027
2025-05-10,21,98163
2025-05-10,22,84529
2025-05-10,23,38384
2025-05-11,0,10311
2025-05-11,1,322
2025-05-11,5,48
2025-05-11,6,14937
2025-05-11,7,25304
2025-05-11,8,40539
2025-05-11,9,56336
2025-05-11,10,72122
2025-05-11,11,89950
2025-05-11,12,88455
2025-05-11,13,96876
2025-05-11,14,97937
2025-05-11,15,99969
2025-05-11,16,115686
2025-05-11,17,121984
2025-05-11,18,109066
2025-05-11,19,90346
2025-05-11,20,90868
2025-05-11,21,78349
2025-05-11,22,57155
2025-05-11,23,24897
2025-05-12,0,9471
2025-05-12,1,301
2025-05-12,5,43
2025-05-12,6,34624
2025-05-12,7,151198
2025-05-12,8,263734
2025-05-12,9,147609
2025-05-12,10,92936
2025-05-12,11,85213
2025-05-12,12,93048
2025-05-12,13,94508
2025-05-12,14,85883
2025-05-12,15,89660
2025-05-12,16,125244
2025-05-12,17,186228
2025-05-12,18,260872
2025-05-12,19,173536
2025-05-12,20,102968
2025-05-12,21,92181
2025-05-12,22,66207
2025-05-12,23,24380
2025-05-13,0,9574
2025-05-13,1,343
2025-05-13,5,46
2025-05-13,6,35625
2025-05-13,7,156439
2025-05-13,8,271056
2025-05-13,9,153384
2025-05-13,10,92931
2025-05-13,11,85243
2025-05-13,12,93753
2025-05-13,13,95714
2025-05-13,14,85874
2025-05-13,15,90397
2025-05-13,16,129056
2025-05-13,17,192480
2025-05-13,18,267054
2025-05-13,19,174122
2025-05-13,20,104420
2025-05-13,21,97129
2025-05-13,22,70185
2025-05-13,23,25412
2025-05-14,0,10309
2025-05-14,1,376
2025-05-14,5,34
2025-05-14,6,34598
2025-05-14,7,153793
2025-05-14,8,270784
2025-05-14,9,151008
2025-05-14,10,92870
2025-05-14,11,86164
2025-05-14,12,97257
2025-05-14,13,97995
2025-05-14,14,87308
2025-05-14,15,89932
2025-05-14,16,129019
2025-05-14,17,193460
2025-05-14,18,268487
2025-05-14,19,175670
2025-05-14,20,107003
2025-05-14,21,101138
2025-05-14,22,74819
2025-05-14,23,27588
2025-05-15,0,10572
2025-05-15,1,313
2025-05-15,5,35
2025-05-15,6,35492
2025-05-15,7,152245
2025-05-15,8,268205
2025-05-15,9,151132
2025-05-15,10,92093
2025-05-15,11,85822
2025-05-15,12,93690
2025-05-15,13,96239
2025-05-15,14,86987
2025-05-15,15,91577
2025-05-15,16,129219
2025-05-15,17,194788
2025-05-15,18,268093
2025-05-15,19,174910
2025-05-15,20,106705
2025-05-15,21,101459
2025-05-15,22,75261
2025-05-15,23,28147
2025-05-16,0,17626
2025-05-16,1,596
2025-05-16,5,34
2025-05-16,6,35123
2025-05-16,7,149797
2025-05-16,8,260826
2025-05-16,9,143779
2025-05-16,10,95804
2025-05-16,11,94497
2025-05-16,12,116458
2025-05-16,13,116384
2025-05-16,14,105432
2025-05-16,15,111568
2025-05-16,16,142308
2025-05-16,17,207741
2025-05-16,18,283701
2025-05-16,19,183959
2025-05-16,20,117471
2025-05-16,21,115440
2025-05-16,22,96138
2025-05-16,23,43097
2025-05-17,0,17097
2025-05-17,1,550
2025-05-17,5,57
2025-05-17,6,25035
2025-05-17,7,50905
2025-05-17,8,80147
2025-05-17,9,92868
2025-05-17,10,105481
2025-05-17,11,123762
2025-05-17,12,132883
2025-05-17,13,138838
2025-05-17,14,130567
2025-05-17,15,130021
2025-05-17,16,140754
2025-05-17,17,175127
2025-05-17,18,152488
2025-05-17,19,113584
2025-05-17,20,96311
2025-05-17,21,101844
2025-05-17,22,92410
2025-05-17,23,40712
2025-05-18,0,10517
2025-05-18,1,297
2025-05-18,5,39
2025-05-18,6,19819
2025-05-18,7,38142
2025-05-18,8,59239
2025-05-18,9,74973
2025-05-18,10,88335
2025-05-18,11,107913
2025-05-18,12,113686
2025-05-18,13,122499
2025-05-18,14,117566
2025-05-18,15,114043
2025-05-18,16,117040
2025-05-18,17,134224
2025-05-18,18,117119
2025-05-18,19,97566
2025-05-18,20,86540
2025-05-18,21,78873
2025-05-18,22,58243
2025-05-18,23,25150
2025-05-19,0,9051
2025-05-19,1,347
2025-05-19,5,45
2025-05-19,6,35965
2025-05-19,7,148451
2025-05-19,8,265558
2025-05-19,9,148228
2025-05-19,10,91647
2025-05-19,11,84148
2025-05-19,12,90546
2025-05-19,13,92581
2025-05-19,14,82863
2025-05-19,15,86868
2025-05-19,16,121841
2025-05-19,17,186657
2025-05-19,18,262083
2025-05-19,19,169876
2025-05-19,20,100365
2025-05-19,21,87472
2025-05-19,22,64563
2025-05-19,23,23936
2025-05-20,0,10182
2025-05-20,1,372
2025-05-20,5,32
2025-05-20,6,35162
2025-05-20,7,153904
2025-05-20,8,274661
2025-05-20,9,157305
2025-05-20,10,95835
2025-05-20,11,86521
2025-05-20,12,93683
2025-05-20,13,95891
2025-05-20,14,86790
2025-05-20,15,91183
2025-05-20,16,128933
2025-05-20,17,197033
2025-05-20,18,275249
2025-05-20,19,176437
2025-05-20,20,104062
2025-05-20,21,98062
2025-05-20,22,72520
2025-05-20,23,26518
2025-05-21,0,10117
2025-05-21,1,327
2025-05-21,5,56
2025-05-21,6,34471
2025-05-21,7,151640
2025-05-21,8,274153
2025-05-21,9,160629
2025-05-21,10,96333
2025-05-21,11,89082
2025-05-21,12,98854
2025-05-21,13,100684
2025-05-21,14,90047
2025-05-21,15,93164
2025-05-21,16,129068
2025-05-21,17,199230
2025-05-21,18,276830
2025-05-21,19,176051
2025-05-21,20,106333
2025-05-21,21,100778
2025-05-21,22,74335
2025-05-21,23,27247
2025-05-22,0,10235
2025-05-22,1,332
2025-05-22,5,44
2025-05-22,6,35316
2025-05-22,7,151307
2025-05-22,8,272896
2025-05-22,9,158509
2025-05-22,10,97192
2025-05-22,11,88403
2025-05-22,12,97126
2025-05-22,13,99770
2025-05-22,14,90768
2025-05-22,15,94919
2025-05-22,16,131701
2025-05-22,17,202166
2025-05-22,18,276953
2025-05-22,19,171561
2025-05-22,20,107780
2025-05-22,21,101577
2025-05-22,22,75112
2025-05-22,23,27214
2025-05-23,0,18101
2025-05-23,1,551
2025-05-23,5,56
2025-05-23,6,35058
2025-05-23,7,150018
2025-05-23,8,263181
2025-05-23,9,155160
2025-05-23,10,101537
2025-05-23,11,95597
2025-05-23,12,106898
2025-05-23,13,112017
2025-05-23,14,102988
2025-05-23,15,107525
2025-05-23,16,148604
2025-05-23,17,215539
2025-05-23,18,287595
2025-05-23,19,190447
2025-05-23,20,118177
2025-05-23,21,118973
2025-05-23,22,102369
2025-05-23,23,45243
2025-05-24,0,16536
2025-05-24,1,524
2025-05-24,5,49
2025-05-24,6,22080
2025-05-24,7,46638
2025-05-24,8,77781
2025-05-24,9,92193
2025-05-24,10,99018
2025-05-24,11,110694
2025-05-24,12,120963
2025-05-24,13,133154
2025-05-24,14,121076
2025-05-24,15,120467
2025-05-24,16,135814
2025-05-24,17,162419
2025-05-24,18,148747
2025-05-24,19,109295
2025-05-24,20,97752
2025-05-24,21,101558
2025-05-24,22,84807
2025-05-24,23,41022
2025-05-25,0,11981
2025-05-25,1,348
2025-05-25,5,1656
2025-05-25,6,17723
2025-05-25,7,34201
2025-05-25,8,56787
2025-05-25,9,71184
2025-05-25,10,84786
2025-05-25,11,104502
2025-05-25,12,109396
2025-05-25,13,118896
2025-05-25,14,119836
2025-05-25,15,112386
2025-05-25,16,121579
2025-05-25,17,137475
2025-05-25,18,120453
2025-05-25,19,100185
2025-05-25,20,88663
2025-05-25,21,81569
2025-05-25,22,61938
2025-05-25,23,27220
2025-05-26,0,9294
2025-05-26,1,266
2025-05-26,5,1090
2025-05-26,6,33351
2025-05-26,7,146872
2025-05-26,8,268661
2025-05-26,9,154346
2025-05-26,10,92772
2025-05-26,11,82197
2025-05-26,12,89735
2025-05-26,13,92399
2025-05-26,14,83571
2025-05-26,15,87223
2025-05-26,16,121909
2025-05-26,17,186402
2025-05-26,18,263612
2025-05-26,19,171658
2025-05-26,20,98147
2025-05-26,21,87985
2025-05-26,22,65268
2025-05-26,23,23522
2025-05-27,0,9658
2025-05-27,1,321
2025-05-27,5,42
2025-05-27,6,34719
2025-05-27,7,152496
2025-05-27,8,272793
2025-05-27,9,152920
2025-05-27,10,94719
2025-05-27,11,87267
2025-05-27,12,95014
2025-05-27,13,97593
2025-05-27,14,88304
2025-05-27,15,93748
2025-05-27,16,129302
2025-05-27,17,192939
2025-05-27,18,269085
2025-05-27,19,174421
2025-05-27,20,104823
2025-05-27,21,96744
2025-05-27,22,72537
2025-05-27,23,25964
2025-05-28,0,10162
2025-05-28,1,350
2025-05-28,5,22
2025-05-28,6,33860
2025-05-28,7,151398
2025-05-28,8,270538
2025-05-28,9,150429
2025-05-28,10,93752
2025-05-28,11,87857
2025-05-28,12,97651
2025-05-28,13,99398
2025-05-28,14,88205
2025-05-28,15,91041
2025-05-28,16,126781
2025-05-28,17,192838
2025-05-28,18,269227
2025-05-28,19,175518
2025-05-28,20,105267
2025-05-28,21,99471
2025-05-28,22,73512
2025-05-28,23,26374
2025-05-29,0,15990
2025-05-29,1,515
2025-05-29,5,30
2025-05-29,6,32586
2025-05-29,7,146390
2025-05-29,8,265583
2025-05-29,9,149489
2025-05-29,10,91084
2025-05-29,11,81541
2025-05-29,12,91053
2025-05-29,13,94516
2025-05-29,14,84916
2025-05-29,15,90385
2025-05-29,16,128603
2025-05-29,17,195854
2025-05-29,18,269750
2025-05-29,19,177870
2025-05-29,20,110639
2025-05-29,21,107553
2025-05-29,22,87523
2025-05-29,23,37096
2025-05-30,0,14873
2025-05-30,1,494
2025-05-30,5,38
2025-05-30,6,19698
2025-05-30,7,36752
2025-05-30,8,51518
2025-05-30,9,70205
2025-05-30,10,92130
2025-05-30,11,108398
2025-05-30,12,103591
2025-05-30,13,111468
2025-05-30,14,119028
2025-05-30,15,118476
2025-05-30,16,124167
2025-05-30,17,142280
2025-05-30,18,127748
2025-05-30,19,106162
2025-05-30,20,94971
2025-05-30,21,91466
2025-05-30,22,75275
2025-05-30,23,36379
2025-05-31,0,15537
2025-05-31,1,528
2025-05-31,5,40
2025-05-31,6,16483
2025-05-31,7,26997
2025-05-31,8,40841
2025-05-31,9,59246
2025-05-31,10,79644
2025-05-31,11,92074
2025-05-31,12,89797
2025-05-31,13,100447
2025-05-31,14,108327
2025-05-31,15,112338
2025-05-31,16,120119
2025-05-31,17,137379
2025-05-31,18,123708
2025-05-31,19,102512
2025-05-31,20,92715
2025-05-31,21,90577
2025-05-31,22,74021
2025-05-31,23,37997
2025-06-01,0,10164
2025-06-01,1,333
2025-06-01,5,48
2025-06-01,6,16523
2025-06-01,7,27521
2025-06-01,8,43381
2025-06-01,9,60573
2025-06-01,10,77556
2025-06-01,11,94689
2025-06-01,12,96564
2025-06-01,13,105761
2025-06-01,14,110024
2025-06-01,15,108507
2025-06-01,16,114776
2025-06-01,17,127056
2025-06-01,18,110762
2025-06-01,19,93757
2025-06-01,20,85171
2025-06-01,21,77371
2025-06-01,22,55634
2025-06-01,23,24604
2025-06-02,0,8291
2025-06-02,1,239
2025-06-02,5,48
2025-06-02,6,34279
2025-06-02,7,150627
2025-06-02,8,263643
2025-06-02,9,145110
2025-06-02,10,89686
2025-06-02,11,84183
2025-06-02,12,90558
2025-06-02,13,90629
2025-06-02,14,82539
2025-06-02,15,87308
2025-06-02,16,119512
2025-06-02,17,180681
2025-06-02,18,253515
2025-06-02,19,169300
2025-06-02,20,99764
2025-06-02,21,87042
2025-06-02,22,63120
2025-06-02,23,21674
2025-06-03,0,9022
2025-06-03,1,346
2025-06-03,5,32
2025-06-03,6,34179
2025-06-03,7,152165
2025-06-03,8,270775
2025-06-03,9,151583
2025-06-03,10,90472
2025-06-03,11,79487
2025-06-03,12,89438
2025-06-03,13,91197
2025-06-03,14,80559
2025-06-03,15,84710
2025-06-03,16,117816
2025-06-03,17,182183
2025-06-03,18,260948
2025-06-03,19,169028
2025-06-03,20,98029
2025-06-03,21,90507
2025-06-03,22,67373
2025-06-03,23,23531
2025-06-04,0,9441
2025-06-04,1,308
2025-06-04,5,37
2025-06-04,6,32341
2025-06-04,7,147026
2025-06-04,8,273269
2025-06-04,9,152871
2025-06-04,10,89315
2025-06-04,11,80770
2025-06-04,12,92946
2025-06-04,13,91536
2025-06-04,14,82997
2025-06-04,15,88281
2025-06-04,16,119269
2025-06-04,17,182832
2025-06-04,18,266402
2025-06-04,19,175070
2025-06-04,20,109355
2025-06-04,21,98981
2025-06-04,22,72020
2025-06-04,23,25494
2025-06-05,0,10436
2025-06-05,1,327
2025-06-05,5,46
2025-06-05,6,32672
2025-06-05,7,146264
2025-06-05,8,268249
2025-06-05,9,155890
2025-06-05,10,91763
2025-06-05,11,82396
2025-06-05,12,91005
2025-06-05,13,94119
2025-06-05,14,86470
2025-06-05,15,91684
2025-06-05,16,123489
2025-06-05,17,191084
2025-06-05,18,270642
2025-06-05,19,177877
2025-06-05,20,106931
2025-06-05,21,99078
2025-06-05,22,76251
2025-06-05,23,27297
2025-06-06,0,18353
2025-06-06,1,637
2025-06-06,5,46
2025-06-06,6,34300
2025-06-06,7,146305
2025-06-06,8,260619
2025-06-06,9,146688
2025-06-06,10,96189
2025-06-06,11,93385
2025-06-06,12,104514
2025-06-06,13,108069
2025-06-06,14,100179
2025-06-06,15,103439
2025-06-06,16,138473
2025-06-06,17,208810
2025-06-06,18,286399
2025-06-06,19,188841
2025-06-06,20,117540
2025-06-06,21,117359
2025-06-06,22,101326
2025-06-06,23,42839
2025-06-07,0,18046
2025-06-07,1,662
2025-06-07,5,39
2025-06-07,6,23624
2025-06-07,7,46026
2025-06-07,8,77737
2025-06-07,9,95184
2025-06-07,10,105231
2025-06-07,11,123399
2025-06-07,12,134167
2025-06-07,13,142759
2025-06-07,14,125513
2025-06-07,15,127541
2025-06-07,16,147429
2025-06-07,17,170425
2025-06-07,18,152647
2025-06-07,19,111300
2025-06-07,20,97069
2025-06-07,21,100607
2025-06-07,22,89591
2025-06-07,23,53882
2025-06-08,0,10197
2025-06-08,1,331
2025-06-08,5,51
2025-06-08,6,18713
2025-06-08,7,33400
2025-06-08,8,53707
2025-06-08,9,69815
2025-06-08,10,84505
2025-06-08,11,103774
2025-06-08,12,108666
2025-06-08,13,118546
2025-06-08,14,119188
2025-06-08,15,115559
2025-06-08,16,123097
2025-06-08,17,142691
2025-06-08,18,121390
2025-06-08,19,96563
2025-06-08,20,85884
2025-06-08,21,81022
2025-06-08,22,63203
2025-06-08,23,33616
2025-06-09,0,8713
2025-06-09,1,298
2025-06-09,5,46
2025-06-09,6,34281
2025-06-09,7,145199
2025-06-09,8,258212
2025-06-09,9,142950
2025-06-09,10,88581
2025-06-09,11,85278
2025-06-09,12,89984
2025-06-09,13,91584
2025-06-09,14,85712
2025-06-09,15,87226
2025-06-09,16,115894
2025-06-09,17,181841
2025-06-09,18,258585
2025-06-09,19,170120
2025-06-09,20,99330
2025-06-09,21,87240
2025-06-09,22,63971
2025-06-09,23,22312
2025-06-10,0,9478
2025-06-10,1,351
2025-06-10,5,48
2025-06-10,6,34052
2025-06-10,7,147835
2025-06-10,8,267769
2025-06-10,9,150079
2025-06-10,10,91075
2025-06-10,11,87099
2025-06-10,12,94003
2025-06-10,13,95987
2025-06-10,14,88724
2025-06-10,15,91030
2025-06-10,16,123061
2025-06-10,17,187897
2025-06-10,18,264032
2025-06-10,19,174499
2025-06-10,20,106040
2025-06-10,21,97259
2025-06-10,22,70902
2025-06-10,23,25260
2025-06-11,0,10007
2025-06-11,1,312
2025-06-11,5,49
2025-06-11,6,34165
2025-06-11,7,147079
2025-06-11,8,264651
2025-06-11,9,145634
2025-06-11,10,90295
2025-06-11,11,87469
2025-06-11,12,95803
2025-06-11,13,96503
2025-06-11,14,88104
2025-06-11,15,90114
2025-06-11,16,122159
2025-06-11,17,187902
2025-06-11,18,265581
2025-06-11,19,174994
2025-06-11,20,107863
2025-06-11,21,100740
2025-06-11,22,74507
2025-06-11,23,26634
2025-06-12,0,10404
2025-06-12,1,399
2025-06-12,5,35
2025-06-12,6,33725
2025-06-12,7,145420
2025-06-12,8,264729
2025-06-12,9,146269
2025-06-12,10,87780
2025-06-12,11,81364
2025-06-12,12,89602
2025-06-12,13,93392
2025-06-12,14,84934
2025-06-12,15,87054
2025-06-12,16,120797
2025-06-12,17,186989
2025-06-12,18,264467
2025-06-12,19,170958
2025-06-12,20,104637
2025-06-12,21,99479
2025-06-12,22,75945
2025-06-12,23,27700
2025-06-13,0,17529
2025-06-13,1,622
2025-06-13,5,36
2025-06-13,6,32950
2025-06-13,7,141130
2025-06-13,8,255881
2025-06-13,9,139502
2025-06-13,10,91579
2025-06-13,11,90852
2025-06-13,12,99900
2025-06-13,13,104061
2025-06-13,14,97486
2025-06-13,15,101138
2025-06-13,16,136803
2025-06-13,17,206395
2025-06-13,18,288575
2025-06-13,19,186737
2025-06-13,20,114060
2025-06-13,21,112968
2025-06-13,22,101799
2025-06-13,23,47221
2025-06-14,0,17698
2025-06-14,1,523
2025-06-14,5,52
2025-06-14,6,20982
2025-06-14,7,44062
2025-06-14,8,72190
2025-06-14,9,88243
2025-06-14,10,99765
2025-06-14,11,116799
2025-06-14,12,124992
2025-06-14,13,136859
2025-06-14,14,128677
2025-06-14,15,129517
2025-06-14,16,142928
2025-06-14,17,165827
2025-06-14,18,148591
2025-06-14,19,115341
2025-06-14,20,100858
2025-06-14,21,106367
2025-06-14,22,90807
2025-06-14,23,44125
2025-06-15,0,10019
2025-06-15,1,296
2025-06-15,5,32
2025-06-15,6,19670
2025-06-15,7,34674
2025-06-15,8,55245
2025-06-15,9,71396
2025-06-15,10,84205
2025-06-15,11,102658
2025-06-15,12,106109
2025-06-15,13,115181
2025-06-15,14,118801
2025-06-15,15,118320
2025-06-15,16,123398
2025-06-15,17,142575
2025-06-15,18,123920
2025-06-15,19,102029
2025-06-15,20,92530
2025-06-15,21,91363
2025-06-15,22,64633
2025-06-15,23,26861
2025-06-16,0,8635
2025-06-16,1,296
2025-06-16,5,42
2025-06-16,6,33931
2025-06-16,7,142288
2025-06-16,8,256896
2025-06-16,9,139376
2025-06-16,10,87001
2025-06-16,11,84953
2025-06-16,12,89051
2025-06-16,13,91378
2025-06-16,14,84987
2025-06-16,15,87329
2025-06-16,16,118278
2025-06-16,17,182117
2025-06-16,18,255269
2025-06-16,19,165047
2025-06-16,20,98457
2025-06-16,21,87932
2025-06-16,22,63480
2025-06-16,23,22298
2025-06-17,0,9302
2025-06-17,1,290
2025-06-17,5,43
2025-06-17,6,33812
2025-06-17,7,144615
2025-06-17,8,254422
2025-06-17,9,150878
2025-06-17,10,87300
2025-06-17,11,85321
2025-06-17,12,91127
2025-06-17,13,94226
2025-06-17,14,85710
2025-06-17,15,85668
2025-06-17,16,117416
2025-06-17,17,182073
2025-06-17,18,259419
2025-06-17,19,167971
2025-06-17,20,101401
2025-06-17,21,93994
2025-06-17,22,70084
2025-06-17,23,24903
2025-06-18,0,10100
2025-06-18,1,379
2025-06-18,5,38
2025-06-18,6,33188
2025-06-18,7,143527
2025-06-18,8,262246
2025-06-18,9,142790
2025-06-18,10,88501
2025-06-18,11,87591
2025-06-18,12,93953
2025-06-18,13,96715
2025-06-18,14,88131
2025-06-18,15,88684
2025-06-18,16,122365
2025-06-18,17,188197
2025-06-18,18,263686
2025-06-18,19,172415
2025-06-18,20,106357
2025-06-18,21,100393
2025-06-18,22,73830
2025-06-18,23,26149
2025-06-19,0,10566
2025-06-19,1,377
2025-06-19,5,45
2025-06-19,6,33750
2025-06-19,7,140908
2025-06-19,8,262460
2025-06-19,9,142940
2025-06-19,10,88692
2025-06-19,11,86630
2025-06-19,12,92292
2025-06-19,13,95952
2025-06-19,14,88868
2025-06-19,15,90689
2025-06-19,16,122699
2025-06-19,17,187939
2025-06-19,18,263083
2025-06-19,19,169690
2025-06-19,20,104973
2025-06-19,21,99770
2025-06-19,22,76635
2025-06-19,23,27729
2025-06-20,0,18032
2025-06-20,1,588
2025-06-20,5,46
2025-06-20,6,34079
2025-06-20,7,139444
2025-06-20,8,254393
2025-06-20,9,138124
2025-06-20,10,90518
2025-06-20,11,91710
2025-06-20,12,99895
2025-06-20,13,104476
2025-06-20,14,97836
2025-06-20,15,100265
2025-06-20,16,132789
2025-06-20,17,201849
2025-06-20,18,276371
2025-06-20,19,180058
2025-06-20,20,112006
2025-06-20,21,113104
2025-06-20,22,95096
2025-06-20,23,43869
2025-06-21,0,16235
2025-06-21,1,476
2025-06-21,5,56
2025-06-21,6,22524
2025-06-21,7,42841
2025-06-21,8,68995
2025-06-21,9,86027
2025-06-21,10,97629
2025-06-21,11,114082
2025-06-21,12,117869
2025-06-21,13,128250
2025-06-21,14,121689
2025-06-21,15,121298
2025-06-21,16,132041
2025-06-21,17,157645
2025-06-21,18,141922
2025-06-21,19,108481
2025-06-21,20,94664
2025-06-21,21,96080
2025-06-21,22,84994
2025-06-21,23,39881
2025-06-22,0,9686
2025-06-22,1,305
2025-06-22,5,40
2025-06-22,6,18579
2025-06-22,7,32535
2025-06-22,8,52701
2025-06-22,9,68639
2025-06-22,10,82038
2025-06-22,11,99601
2025-06-22,12,98295
2025-06-22,13,106480
2025-06-22,14,107790
2025-06-22,15,104868
2025-06-22,16,115376
2025-06-22,17,132901
2025-06-22,18,113155
2025-06-22,19,94620
2025-06-22,20,86764
2025-06-22,21,81313
2025-06-22,22,58276
2025-06-22,23,24586
2025-06-23,0,8495
2025-06-23,1,255
2025-06-23,5,47
2025-06-23,6,33922
2025-06-23,7,140225
2025-06-23,8,255672
2025-06-23,9,135454
2025-06-23,10,84784
2025-06-23,11,83172
2025-06-23,12,86978
2025-06-23,13,89773
2025-06-23,14,83992
2025-06-23,15,87226
2025-06-23,16,116352
2025-06-23,17,177256
2025-06-23,18,251619
2025-06-23,19,162379
2025-06-23,20,97358
2025-06-23,21,86025
2025-06-23,22,61881
2025-06-23,23,22090
2025-06-24,0,9186
2025-06-24,1,319
2025-06-24,5,43
2025-06-24,6,33681
2025-06-24,7,141732
2025-06-24,8,262974
2025-06-24,9,144568
2025-06-24,10,89349
2025-06-24,11,86127
2025-06-24,12,89632
2025-06-24,13,94626
2025-06-24,14,88017
2025-06-24,15,92067
2025-06-24,16,121553
2025-06-24,17,185232
2025-06-24,18,257876
2025-06-24,19,167760
2025-06-24,20,103126
2025-06-24,21,95215
2025-06-24,22,69349
2025-06-24,23,24954
2025-06-25,0,10053
2025-06-25,1,352
2025-06-25,5,52
2025-06-25,6,33269
2025-06-25,7,142560
2025-06-25,8,262081
2025-06-25,9,145544
2025-06-25,10,91269
2025-06-25,11,89487
2025-06-25,12,93516
2025-06-25,13,97756
2025-06-25,14,89393
2025-06-25,15,88436
2025-06-25,16,124047
2025-06-25,17,185729
2025-06-25,18,262695
2025-06-25,19,170044
2025-06-25,20,103303
2025-06-25,21,98598
2025-06-25,22,72529
2025-06-25,23,26107
2025-06-26,0,10583
2025-06-26,1,348
2025-06-26,5,60
2025-06-26,6,33806
2025-06-26,7,144127
2025-06-26,8,256537
2025-06-26,9,147285
2025-06-26,10,93366
2025-06-26,11,90008
2025-06-26,12,94738
2025-06-26,13,98888
2025-06-26,14,92082
2025-06-26,15,94634
2025-06-26,16,128285
2025-06-26,17,187087
2025-06-26,18,260448
2025-06-26,19,169742
2025-06-26,20,104716
2025-06-26,21,98752
2025-06-26,22,73394
2025-06-26,23,27600
2025-06-27,0,18282
2025-06-27,1,652
2025-06-27,5,44
2025-06-27,6,33840
2025-06-27,7,142106
2025-06-27,8,249623
2025-06-27,9,140921
2025-06-27,10,93369
2025-06-27,11,94524
2025-06-27,12,100658
2025-06-27,13,106350
2025-06-27,14,101419
2025-06-27,15,108147
2025-06-27,16,129975
2025-06-27,17,206305
2025-06-27,18,273120
2025-06-27,19,179683
2025-06-27,20,115473
2025-06-27,21,112116
2025-06-27,22,104850
2025-06-27,23,46807
2025-06-28,0,18459
2025-06-28,1,514
2025-06-28,5,51
2025-06-28,6,22007
2025-06-28,7,43226
2025-06-28,8,68706
2025-06-28,9,91206
2025-06-28,10,107916
2025-06-28,11,124618
2025-06-28,12,127073
2025-06-28,13,138870
2025-06-28,14,133696
2025-06-28,15,135460
2025-06-28,16,148112
2025-06-28,17,176369
2025-06-28,18,151901
2025-06-28,19,113903
2025-06-28,20,100294
2025-06-28,21,101658
2025-06-28,22,96496
2025-06-28,23,45073
2025-06-29,0,10668
2025-06-29,1,301
2025-06-29,5,37
2025-06-29,6,18238
2025-06-29,7,32708
2025-06-29,8,51750
2025-06-29,9,68013
2025-06-29,10,86191
2025-06-29,11,105336
2025-06-29,12,107363
2025-06-29,13,115492
2025-06-29,14,119875
2025-06-29,15,119148
2025-06-29,16,131600
2025-06-29,17,146740
2025-06-29,18,121405
2025-06-29,19,98049
2025-06-29,20,90715
2025-06-29,21,85866
2025-06-29,22,66360
2025-06-29,23,34948
2025-06-30,0,9655
2025-06-30,1,311
2025-06-30,5,50
2025-06-30,6,33574
2025-06-30,7,138607
2025-06-30,8,252731
2025-06-30,9,140672
2025-06-30,10,102772
2025-06-30,11,100782
2025-06-30,12,105491
2025-06-30,13,106312
2025-06-30,14,98590
2025-06-30,15,99966
2025-06-30,16,115947
2025-06-30,17,174068
2025-06-30,18,253066
2025-06-30,19,175347
2025-06-30,20,109031
2025-06-30,21,91948
2025-06-30,22,65803
2025-06-30,23,24475
2025-07-01,0,9048
2025-07-01,1,312
2025-07-01,5,49
2025-07-01,6,31465
2025-07-01,7,121595
2025-07-01,8,263150
2025-07-01,9,148080
2025-07-01,10,91805
2025-07-01,11,89773
2025-07-01,12,94001
2025-07-01,13,97313
2025-07-01,14,88368
2025-07-01,15,89968
2025-07-01,16,110820
2025-07-01,17,174310
2025-07-01,18,259512
2025-07-01,19,174369
2025-07-01,20,105777
2025-07-01,21,92970
2025-07-01,22,67296
2025-07-01,23,24373
2025-07-02,0,9486
2025-07-02,1,303
2025-07-02,5,45
2025-07-02,6,30961
2025-07-02,7,120747
2025-07-02,8,262772
2025-07-02,9,146018
2025-07-02,10,90383
2025-07-02,11,88456
2025-07-02,12,94325
2025-07-02,13,97854
2025-07-02,14,89248
2025-07-02,15,88415
2025-07-02,16,111259
2025-07-02,17,178690
2025-07-02,18,261262
2025-07-02,19,174747
2025-07-02,20,106442
2025-07-02,21,96014
2025-07-02,22,70929
2025-07-02,23,25382
2025-07-03,0,10083
2025-07-03,1,311
2025-07-03,5,41
2025-07-03,6,30898
2025-07-03,7,120138
2025-07-03,8,260428
2025-07-03,9,145336
2025-07-03,10,90281
2025-07-03,11,88323
2025-07-03,12,94762
2025-07-03,13,96950
2025-07-03,14,89407
2025-07-03,15,88879
2025-07-03,16,110748
2025-07-03,17,179809
2025-07-03,18,261195
2025-07-03,19,173905
2025-07-03,20,106191
2025-07-03,21,96425
2025-07-03,22,73582
2025-07-03,23,26487
2025-07-04,0,16624
2025-07-04,1,561
2025-07-04,5,40
2025-07-04,6,31053
2025-07-04,7,117112
2025-07-04,8,252886
2025-07-04,9,143109
2025-07-04,10,96020
2025-07-04,11,97436
2025-07-04,12,103472
2025-07-04,13,109610
2025-07-04,14,102871
2025-07-04,15,105313
2025-07-04,16,129833
2025-07-04,17,199704
2025-07-04,18,274160
2025-07-04,19,180471
2025-07-04,20,114005
2025-07-04,21,109213
2025-07-04,22,99147
2025-07-04,23,48087
2025-07-05,0,16363
2025-07-05,1,457
2025-07-05,5,29
2025-07-05,6,20599
2025-07-05,7,40775
2025-07-05,8,69393
2025-07-05,9,87030
2025-07-05,10,101735
2025-07-05,11,119990
2025-07-05,12,124922
2025-07-05,13,134360
2025-07-05,14,130132
2025-07-05,15,130036
2025-07-05,16,146347
2025-07-05,17,168025
2025-07-05,18,147009
2025-07-05,19,114053
2025-07-05,20,100207
2025-07-05,21,102669
2025-07-05,22,97669
2025-07-05,23,44338
2025-07-06,0,8780
2025-07-06,1,238
2025-07-06,5,34
2025-07-06,6,15675
2025-07-06,7,28995
2025-07-06,8,51709
2025-07-06,9,66357
2025-07-06,10,82484
2025-07-06,11,100517
2025-07-06,12,102196
2025-07-06,13,116324
2025-07-06,14,114956
2025-07-06,15,113785
2025-07-06,16,124522
2025-07-06,17,142347
2025-07-06,18,109686
2025-07-06,19,78996
2025-07-06,20,72264
2025-07-06,21,68765
2025-07-06,22,60739
2025-07-06,23,26801
2025-07-07,0,7897
2025-07-07,1,296
2025-07-07,5,37
2025-07-07,6,26864
2025-07-07,7,111855
2025-07-07,8,248085
2025-07-07,9,131257
2025-07-07,10,75847
2025-07-07,11,70752
2025-07-07,12,76944
2025-07-07,13,80130
2025-07-07,14,70609
2025-07-07,15,71945
2025-07-07,16,90575
2025-07-07,17,156115
2025-07-07,18,243862
2025-07-07,19,152896
2025-07-07,20,85936
2025-07-07,21,74101
2025-07-07,22,57078
2025-07-07,23,21161
2025-07-08,0,8815
2025-07-08,1,287
2025-07-08,5,28
2025-07-08,6,30835
2025-07-08,7,120973
2025-07-08,8,263256
2025-07-08,9,150058
2025-07-08,10,91424
2025-07-08,11,88664
2025-07-08,12,96467
2025-07-08,13,100950
2025-07-08,14,90589
2025-07-08,15,91344
2025-07-08,16,111087
2025-07-08,17,179604
2025-07-08,18,260984
2025-07-08,19,173043
2025-07-08,20,101667
2025-07-08,21,93778
2025-07-08,22,67970
2025-07-08,23,23776
2025-07-09,0,9464
2025-07-09,1,322
2025-07-09,5,29
2025-07-09,6,29611
2025-07-09,7,119036
2025-07-09,8,267683
2025-07-09,9,151569
2025-07-09,10,89332
2025-07-09,11,84227
2025-07-09,12,93080
2025-07-09,13,97591
2025-07-09,14,87538
2025-07-09,15,88847
2025-07-09,16,109216
2025-07-09,17,178397
2025-07-09,18,268480
2025-07-09,19,175914
2025-07-09,20,102958
2025-07-09,21,94301
2025-07-09,22,70993
2025-07-09,23,24722
2025-07-10,0,10590
2025-07-10,1,322
2025-07-10,5,39
2025-07-10,6,29716
2025-07-10,7,118153
2025-07-10,8,268132
2025-07-10,9,157771
2025-07-10,10,97864
2025-07-10,11,96097
2025-07-10,12,102415
2025-07-10,13,105499
2025-07-10,14,95290
2025-07-10,15,96555
2025-07-10,16,115619
2025-07-10,17,183781
2025-07-10,18,267117
2025-07-10,19,174061
2025-07-10,20,105547
2025-07-10,21,97607
2025-07-10,22,75019
2025-07-10,23,27909
2025-07-11,0,19179
2025-07-11,1,598
2025-07-11,5,38
2025-07-11,6,30137
2025-07-11,7,115586
2025-07-11,8,251170
2025-07-11,9,143557
2025-07-11,10,94666
2025-07-11,11,97047
2025-07-11,12,106421
2025-07-11,13,111842
2025-07-11,14,103800
2025-07-11,15,106318
2025-07-11,16,130125
2025-07-11,17,204830
2025-07-11,18,278436
2025-07-11,19,179151
2025-07-11,20,111345
2025-07-11,21,108284
2025-07-11,22,102125
2025-07-11,23,53794
2025-07-12,0,18033
2025-07-12,1,510
2025-07-12,5,47
2025-07-12,6,20969
2025-07-12,7,41053
2025-07-12,8,68136
2025-07-12,9,84492
2025-07-12,10,100295
2025-07-12,11,122291
2025-07-12,12,125720
2025-07-12,13,135927
2025-07-12,14,132376
2025-07-12,15,133602
2025-07-12,16,149298
2025-07-12,17,173626
2025-07-12,18,143337
2025-07-12,19,110973
2025-07-12,20,96748
2025-07-12,21,99763
2025-07-12,22,83886
2025-07-12,23,52040
2025-07-13,0,10393
2025-07-13,1,322
2025-07-13,5,44
2025-07-13,6,17697
2025-07-13,7,31497
2025-07-13,8,53912
2025-07-13,9,70632
2025-07-13,10,85007
2025-07-13,11,106733
2025-07-13,12,108779
2025-07-13,13,118556
2025-07-13,14,118608
2025-07-13,15,116437
2025-07-13,16,124047
2025-07-13,17,140757
2025-07-13,18,124324
2025-07-13,19,101202
2025-07-13,20,92452
2025-07-13,21,89149
2025-07-13,22,62945
2025-07-13,23,27998
2025-07-14,0,8703
2025-07-14,1,312
2025-07-14,5,64
2025-07-14,6,30695
2025-07-14,7,118995
2025-07-14,8,258747
2025-07-14,9,142005
2025-07-14,10,88615
2025-07-14,11,88308
2025-07-14,12,95970
2025-07-14,13,98725
2025-07-14,14,89774
2025-07-14,15,90150
2025-07-14,16,108274
2025-07-14,17,171995
2025-07-14,18,256143
2025-07-14,19,169273
2025-07-14,20,99361
2025-07-14,21,86352
2025-07-14,22,64440
2025-07-14,23,22909
2025-07-15,0,9308
2025-07-15,1,326
2025-07-15,5,52
2025-07-15,6,30521
2025-07-15,7,122337
2025-07-15,8,263727
2025-07-15,9,149914
2025-07-15,10,91044
2025-07-15,11,89684
2025-07-15,12,97713
2025-07-15,13,101367
2025-07-15,14,90669
2025-07-15,15,90991
2025-07-15,16,112879
2025-07-15,17,180795
2025-07-15,18,263510
2025-07-15,19,173257
2025-07-15,20,103864
2025-07-15,21,94439
2025-07-15,22,69644
2025-07-15,23,25124
2025-07-16,0,9873
2025-07-16,1,338
2025-07-16,5,40
2025-07-16,6,31058
2025-07-16,7,121821
2025-07-16,8,262891
2025-07-16,9,148159
2025-07-16,10,91395
2025-07-16,11,89596
2025-07-16,12,100171
2025-07-16,13,103162
2025-07-16,14,84956
2025-07-16,15,83590
2025-07-16,16,111718
2025-07-16,17,180635
2025-07-16,18,263915
2025-07-16,19,168320
2025-07-16,20,101798
2025-07-16,21,94985
2025-07-16,22,73434
2025-07-16,23,26062
2025-07-17,0,10031
2025-07-17,1,300
2025-07-17,5,47
2025-07-17,6,30754
2025-07-17,7,122231
2025-07-17,8,261377
2025-07-17,9,146000
2025-07-17,10,91815
2025-07-17,11,91044
2025-07-17,12,111027
2025-07-17,13,67120
2025-07-17,14,75874
2025-07-17,15,93340
2025-07-17,16,111791
2025-07-17,17,183159
2025-07-17,18,263650
2025-07-17,19,173031
2025-07-17,20,104458
2025-07-17,21,98066
2025-07-17,22,75308
2025-07-17,23,26969
2025-07-18,0,16141
2025-07-18,1,514
2025-07-18,5,39
2025-07-18,6,31516
2025-07-18,7,119380
2025-07-18,8,251185
2025-07-18,9,142899
2025-07-18,10,96222
2025-07-18,11,97166
2025-07-18,12,107235
2025-07-18,13,111295
2025-07-18,14,102657
2025-07-18,15,103640
2025-07-18,16,128351
2025-07-18,17,200871
2025-07-18,18,281083
2025-07-18,19,183132
2025-07-18,20,116255
2025-07-18,21,110762
2025-07-18,22,100448
2025-07-18,23,41805
2025-07-19,0,16758
2025-07-19,1,609
2025-07-19,5,46
2025-07-19,6,18872
2025-07-19,7,38555
2025-07-19,8,66172
2025-07-19,9,81807
2025-07-19,10,96502
2025-07-19,11,114249
2025-07-19,12,121775
2025-07-19,13,131201
2025-07-19,14,126502
2025-07-19,15,124302
2025-07-19,16,137380
2025-07-19,17,162655
2025-07-19,18,141858
2025-07-19,19,112856
2025-07-19,20,97201
2025-07-19,21,100095
2025-07-19,22,90663
2025-07-19,23,47509
2025-07-20,0,9977
2025-07-20,1,314
2025-07-20,5,23
2025-07-20,6,16893
2025-07-20,7,30569
2025-07-20,8,52221
2025-07-20,9,69536
2025-07-20,10,85681
2025-07-20,11,108123
2025-07-20,12,110599
2025-07-20,13,122367
2025-07-20,14,118445
2025-07-20,15,115610
2025-07-20,16,123215
2025-07-20,17,139727
2025-07-20,18,122431
2025-07-20,19,104220
2025-07-20,20,98134
2025-07-20,21,87171
2025-07-20,22,60175
2025-07-20,23,26045
2025-07-21,0,8983
2025-07-21,1,309
2025-07-21,5,44
2025-07-21,6,29981
2025-07-21,7,120501
2025-07-21,8,260312
2025-07-21,9,147190
2025-07-21,10,87537
2025-07-21,11,84145
2025-07-21,12,94049
2025-07-21,13,97214
2025-07-21,14,88904
2025-07-21,15,89658
2025-07-21,16,108205
2025-07-21,17,175515
2025-07-21,18,260547
2025-07-21,19,170011
2025-07-21,20,96565
2025-07-21,21,84331
2025-07-21,22,64011
2025-07-21,23,23630
2025-07-22,0,9435
2025-07-22,1,339
2025-07-22,5,33
2025-07-22,6,30392
2025-07-22,7,124630
2025-07-22,8,262721
2025-07-22,9,148513
2025-07-22,10,91978
2025-07-22,11,88782
2025-07-22,12,98661
2025-07-22,13,102577
2025-07-22,14,91271
2025-07-22,15,92750
2025-07-22,16,115992
2025-07-22,17,183518
2025-07-22,18,267350
2025-07-22,19,175215
2025-07-22,20,102918
2025-07-22,21,94911
2025-07-22,22,75028
2025-07-22,23,26273
2025-07-23,0,9911
2025-07-23,1,289
2025-07-23,5,38
2025-07-23,6,30571
2025-07-23,7,124222
2025-07-23,8,262545
2025-07-23,9,148356
2025-07-23,10,91937
2025-07-23,11,90566
2025-07-23,12,101060
2025-07-23,13,103882
2025-07-23,14,92713
2025-07-23,15,94752
2025-07-23,16,116996
2025-07-23,17,189665
2025-07-23,18,270001
2025-07-23,19,174713
2025-07-23,20,106878
2025-07-23,21,100991
2025-07-23,22,79280
2025-07-23,23,27051
2025-07-24,0,10270
2025-07-24,1,352
2025-07-24,5,43
2025-07-24,6,31937
2025-07-24,7,125302
2025-07-24,8,265097
2025-07-24,9,152436
2025-07-24,10,94511
2025-07-24,11,90762
2025-07-24,12,101481
2025-07-24,13,106215
2025-07-24,14,94788
2025-07-24,15,94878
2025-07-24,16,117872
2025-07-24,17,191481
2025-07-24,18,276425
2025-07-24,19,184319
2025-07-24,20,110926
2025-07-24,21,103765
2025-07-24,22,76984
2025-07-24,23,26314
2025-07-25,0,15761
2025-07-25,1,550
2025-07-25,5,31
2025-07-25,6,30406
2025-07-25,7,119345
2025-07-25,8,256231
2025-07-25,9,149954
2025-07-25,10,94257
2025-07-25,11,91426
2025-07-25,12,103464
2025-07-25,13,110144
2025-07-25,14,99434
2025-07-25,15,101988
2025-07-25,16,125878
2025-07-25,17,200032
2025-07-25,18,289102
2025-07-25,19,185773
2025-07-25,20,116319
2025-07-25,21,118093
2025-07-25,22,105947
2025-07-25,23,42035
2025-07-26,0,16717
2025-07-26,1,551
2025-07-26,5,38
2025-07-26,6,18957
2025-07-26,7,37559
2025-07-26,8,62481
2025-07-26,9,91100
2025-07-26,10,109208
2025-07-26,11,128442
2025-07-26,12,134212
2025-07-26,13,142137
2025-07-26,14,140232
2025-07-26,15,140140
2025-07-26,16,142271
2025-07-26,17,164038
2025-07-26,18,146954
2025-07-26,19,113647
2025-07-26,20,104977
2025-07-26,21,104351
2025-07-26,22,91216
2025-07-26,23,41215
2025-07-27,0,9905
2025-07-27,1,313
2025-07-27,5,36
2025-07-27,6,17970
2025-07-27,7,32196
2025-07-27,8,54299
2025-07-27,9,73310
2025-07-27,10,89249
2025-07-27,11,109448
2025-07-27,12,110730
2025-07-27,13,120964
2025-07-27,14,123829
2025-07-27,15,123589
2025-07-27,16,127199
2025-07-27,17,145699
2025-07-27,18,124307
2025-07-27,19,103106
2025-07-27,20,92916
2025-07-27,21,84305
2025-07-27,22,59105
2025-07-27,23,25227
2025-07-28,0,8707
2025-07-28,1,308
2025-07-28,5,43
2025-07-28,6,31099
2025-07-28,7,121959
2025-07-28,8,254440
2025-07-28,9,142059
2025-07-28,10,91015
2025-07-28,11,90038
2025-07-28,12,99609
2025-07-28,13,101735
2025-07-28,14,91391
2025-07-28,15,93746
2025-07-28,16,110555
2025-07-28,17,176597
2025-07-28,18,259219
2025-07-28,19,170135
2025-07-28,20,99607
2025-07-28,21,90667
2025-07-28,22,66434
2025-07-28,23,22513
2025-07-29,0,9465
2025-07-29,1,317
2025-07-29,5,40
2025-07-29,6,28750
2025-07-29,7,121303
2025-07-29,8,252624
2025-07-29,9,155740
2025-07-29,10,92302
2025-07-29,11,85915
2025-07-29,12,96061
2025-07-29,13,99596
2025-07-29,14,89589
2025-07-29,15,91543
2025-07-29,16,113533
2025-07-29,17,182027
2025-07-29,18,264498
2025-07-29,19,175936
2025-07-29,20,104216
2025-07-29,21,98232
2025-07-29,22,72810
2025-07-29,23,25017
2025-07-30,0,9858
2025-07-30,1,286
2025-07-30,5,40
2025-07-30,6,30866
2025-07-30,7,124360
2025-07-30,8,260608
2025-07-30,9,147592
2025-07-30,10,93366
2025-07-30,11,92491
2025-07-30,12,102039
2025-07-30,13,105745
2025-07-30,14,95360
2025-07-30,15,96233
2025-07-30,16,118572
2025-07-30,17,189208
2025-07-30,18,268800
2025-07-30,19,175682
2025-07-30,20,106599
2025-07-30,21,99782
2025-07-30,22,78294
2025-07-30,23,27235
2025-07-31,0,10401
2025-07-31,1,327
2025-07-31,5,41
2025-07-31,6,30811
2025-07-31,7,124168
2025-07-31,8,258898
2025-07-31,9,144551
2025-07-31,10,91402
2025-07-31,11,90507
2025-07-31,12,101410
2025-07-31,13,103085
2025-07-31,14,93691
2025-07-31,15,95001
2025-07-31,16,116164
2025-07-31,17,182921
2025-07-31,18,263074
2025-07-31,19,174567
2025-07-31,20,107245
2025-07-31,21,99197
2025-07-31,22,73831
2025-07-31,23,27155
2025-08-01,0,16618
2025-08-01,1,541
2025-08-01,5,38
2025-08-01,6,31110
2025-08-01,7,122594
2025-08-01,8,252670
2025-08-01,9,139705
2025-08-01,10,92644
2025-08-01,11,93892
2025-08-01,12,105143
2025-08-01,13,108962
2025-08-01,14,98417
2025-08-01,15,101780
2025-08-01,16,125293
2025-08-01,17,194892
2025-08-01,18,279216
2025-08-01,19,184023
2025-08-01,20,110318
2025-08-01,21,106550
2025-08-01,22,97690
2025-08-01,23,43490
2025-08-02,0,16569
2025-08-02,1,535
2025-08-02,5,44
2025-08-02,6,19663
2025-08-02,7,40135
2025-08-02,8,68166
2025-08-02,9,84202
2025-08-02,10,98905
2025-08-02,11,120593
2025-08-02,12,124679
2025-08-02,13,129271
2025-08-02,14,125934
2025-08-02,15,128078
2025-08-02,16,139792
2025-08-02,17,160428
2025-08-02,18,141987
2025-08-02,19,111079
2025-08-02,20,97792
2025-08-02,21,108460
2025-08-02,22,98159
2025-08-02,23,41100
2025-08-03,0,9584
2025-08-03,1,285
2025-08-03,5,27
2025-08-03,6,16158
2025-08-03,7,29541
2025-08-03,8,50533
2025-08-03,9,66515
2025-08-03,10,84140
2025-08-03,11,108236
2025-08-03,12,109009
2025-08-03,13,119686
2025-08-03,14,120654
2025-08-03,15,117280
2025-08-03,16,123921
2025-08-03,17,139895
2025-08-03,18,115830
2025-08-03,19,100251
2025-08-03,20,96672
2025-08-03,21,85255
2025-08-03,22,59339
2025-08-03,23,25317
2025-08-04,0,8333
2025-08-04,1,289
2025-08-04,5,52
2025-08-04,6,31406
2025-08-04,7,124846
2025-08-04,8,257336
2025-08-04,9,142167
2025-08-04,10,88196
2025-08-04,11,86377
2025-08-04,12,95873
2025-08-04,13,98692
2025-08-04,14,88465
2025-08-04,15,89698
2025-08-04,16,107855
2025-08-04,17,174082
2025-08-04,18,258880
2025-08-04,19,171097
2025-08-04,20,99565
2025-08-04,21,85141
2025-08-04,22,62803
2025-08-04,23,22117
2025-08-05,0,9228
2025-08-05,1,323
2025-08-05,5,32
2025-08-05,6,30764
2025-08-05,7,126377
2025-08-05,8,265239
2025-08-05,9,150318
2025-08-05,10,93670
2025-08-05,11,90063
2025-08-05,12,101030
2025-08-05,13,91778
2025-08-05,14,83969
2025-08-05,15,89586
2025-08-05,16,109568
2025-08-05,17,178797
2025-08-05,18,263566
2025-08-05,19,171261
2025-08-05,20,101429
2025-08-05,21,93099
2025-08-05,22,71175
2025-08-05,23,25144
2025-08-06,0,10386
2025-08-06,1,313
2025-08-06,5,41
2025-08-06,6,31077
2025-08-06,7,126930
2025-08-06,8,265359
2025-08-06,9,149525
2025-08-06,10,94443
2025-08-06,11,93407
2025-08-06,12,103404
2025-08-06,13,106353
2025-08-06,14,97652
2025-08-06,15,97832
2025-08-06,16,120914
2025-08-06,17,190938
2025-08-06,18,277433
2025-08-06,19,181026
2025-08-06,20,109839
2025-08-06,21,110101
2025-08-06,22,80693
2025-08-06,23,27946
2025-08-07,0,10498
2025-08-07,1,306
2025-08-07,5,42
2025-08-07,6,31749
2025-08-07,7,126999
2025-08-07,8,262900
2025-08-07,9,151325
2025-08-07,10,97414
2025-08-07,11,96668
2025-08-07,12,106817
2025-08-07,13,110872
2025-08-07,14,100075
2025-08-07,15,101447
2025-08-07,16,124450
2025-08-07,17,193146
2025-08-07,18,273037
2025-08-07,19,179365
2025-08-07,20,110539
2025-08-07,21,102406
2025-08-07,22,76440
2025-08-07,23,28123
2025-08-08,0,15190
2025-08-08,1,485
2025-08-08,5,37
2025-08-08,6,31709
2025-08-08,7,124054
2025-08-08,8,252046
2025-08-08,9,144222
2025-08-08,10,97991
2025-08-08,11,98874
2025-08-08,12,110944
2025-08-08,13,116145
2025-08-08,14,107720
2025-08-08,15,109519
2025-08-08,16,134125
2025-08-08,17,203561
2025-08-08,18,283377
2025-08-08,19,187085
2025-08-08,20,115786
2025-08-08,21,107115
2025-08-08,22,88303
2025-08-08,23,37974
2025-08-09,0,16294
2025-08-09,1,476
2025-08-09,5,66
2025-08-09,6,20562
2025-08-09,7,43245
2025-08-09,8,72093
2025-08-09,9,90909
2025-08-09,10,107159
2025-08-09,11,124875
2025-08-09,12,127918
2025-08-09,13,138097
2025-08-09,14,133302
2025-08-09,15,134762
2025-08-09,16,148512
2025-08-09,17,174545
2025-08-09,18,152696
2025-08-09,19,118888
2025-08-09,20,104854
2025-08-09,21,105671
2025-08-09,22,89735
2025-08-09,23,39202
2025-08-10,0,10880
2025-08-10,1,310
2025-08-10,5,44
2025-08-10,6,17287
2025-08-10,7,33354
2025-08-10,8,56506
2025-08-10,9,75881
2025-08-10,10,91688
2025-08-10,11,111754
2025-08-10,12,112847
2025-08-10,13,125316
2025-08-10,14,123962
2025-08-10,15,119945
2025-08-10,16,130083
2025-08-10,17,150980
2025-08-10,18,132549
2025-08-10,19,103168
2025-08-10,20,91192
2025-08-10,21,87244
2025-08-10,22,65136
2025-08-10,23,28051
2025-08-11,0,9204
2025-08-11,1,292
2025-08-11,5,44
2025-08-11,6,31793
2025-08-11,7,122200
2025-08-11,8,256942
2025-08-11,9,146079
2025-08-11,10,95496
2025-08-11,11,95116
2025-08-11,12,101864
2025-08-11,13,105382
2025-08-11,14,97938
2025-08-11,15,97529
2025-08-11,16,117036
2025-08-11,17,180935
2025-08-11,18,264603
2025-08-11,19,175302
2025-08-11,20,102485
2025-08-11,21,88884
2025-08-11,22,66322
2025-08-11,23,24106
2025-08-12,0,9834
2025-08-12,1,309
2025-08-12,5,38
2025-08-12,6,31133
2025-08-12,7,124297
2025-08-12,8,263643
2025-08-12,9,151492
2025-08-12,10,96211
2025-08-12,11,94341
2025-08-12,12,101841
2025-08-12,13,104746
2025-08-12,14,94307
2025-08-12,15,94745
2025-08-12,16,119393
2025-08-12,17,188041
2025-08-12,18,271138
2025-08-12,19,175655
2025-08-12,20,103633
2025-08-12,21,98517
2025-08-12,22,76489
2025-08-12,23,27736
2025-08-13,0,8785
2025-08-13,1,315
2025-08-13,5,28
2025-08-13,6,28876
2025-08-13,7,120684
2025-08-13,8,259832
2025-08-13,9,140162
2025-08-13,10,84352
2025-08-13,11,82917
2025-08-13,12,92007
2025-08-13,13,93597
2025-08-13,14,82410
2025-08-13,15,83609
2025-08-13,16,107088
2025-08-13,17,177642
2025-08-13,18,262993
2025-08-13,19,163062
2025-08-13,20,91685
2025-08-13,21,86120
2025-08-13,22,68904
2025-08-13,23,24069
2025-08-14,0,10885
2025-08-14,1,316
2025-08-14,5,39
2025-08-14,6,30781
2025-08-14,7,122548
2025-08-14,8,258180
2025-08-14,9,144672
2025-08-14,10,91026
2025-08-14,11,91072
2025-08-14,12,99700
2025-08-14,13,103140
2025-08-14,14,93238
2025-08-14,15,93360
2025-08-14,16,116141
2025-08-14,17,185697
2025-08-14,18,267628
2025-08-14,19,175897
2025-08-14,20,106898
2025-08-14,21,100087
2025-08-14,22,76902
2025-08-14,23,27859
2025-08-15,0,17929
2025-08-15,1,649
2025-08-15,5,38
2025-08-15,6,31780
2025-08-15,7,120463
2025-08-15,8,251242
2025-08-15,9,143989
2025-08-15,10,97267
2025-08-15,11,99144
2025-08-15,12,109149
2025-08-15,13,113996
2025-08-15,14,104728
2025-08-15,15,107090
2025-08-15,16,131886
2025-08-15,17,205083
2025-08-15,18,284495
2025-08-15,19,183441
2025-08-15,20,116183
2025-08-15,21,115820
2025-08-15,22,104397
2025-08-15,23,44381
2025-08-16,0,17405
2025-08-16,1,581
2025-08-16,5,42
2025-08-16,6,21112
2025-08-16,7,42946
2025-08-16,8,73168
2025-08-16,9,94223
2025-08-16,10,108039
2025-08-16,11,127362
2025-08-16,12,129835
2025-08-16,13,141762
2025-08-16,14,135364
2025-08-16,15,137617
2025-08-16,16,152787
2025-08-16,17,179269
2025-08-16,18,159057
2025-08-16,19,125647
2025-08-16,20,109855
2025-08-16,21,112572
2025-08-16,22,101514
2025-08-16,23,44183
2025-08-17,0,11009
2025-08-17,1,305
2025-08-17,5,38
2025-08-17,6,17824
2025-08-17,7,33802
2025-08-17,8,58090
2025-08-17,9,74831
2025-08-17,10,90950
2025-08-17,11,112197
2025-08-17,12,111672
2025-08-17,13,122228
2025-08-17,14,123924
2025-08-17,15,126727
2025-08-17,16,134411
2025-08-17,17,152228
2025-08-17,18,130326
2025-08-17,19,108307
2025-08-17,20,100986
2025-08-17,21,98912
2025-08-17,22,71159
2025-08-17,23,30362
2025-08-18,0,9026
2025-08-18,1,286
2025-08-18,5,48
2025-08-18,6,31516
2025-08-18,7,118521
2025-08-18,8,252214
2025-08-18,9,142115
2025-08-18,10,90658
2025-08-18,11,90388
2025-08-18,12,95958
2025-08-18,13,99707
2025-08-18,14,90903
2025-08-18,15,90395
2025-08-18,16,109374
2025-08-18,17,174339
2025-08-18,18,259920
2025-08-18,19,169394
2025-08-18,20,99727
2025-08-18,21,87299
2025-08-18,22,64323
2025-08-18,23,23442
2025-08-19,0,9599
2025-08-19,1,363
2025-08-19,5,22
2025-08-19,6,30881
2025-08-19,7,121533
2025-08-19,8,258997
2025-08-19,9,150454
2025-08-19,10,94648
2025-08-19,11,93760
2025-08-19,12,99331
2025-08-19,13,103295
2025-08-19,14,93393
2025-08-19,15,94066
2025-08-19,16,117171
2025-08-19,17,186101
2025-08-19,18,270018
2025-08-19,19,175295
2025-08-19,20,104108
2025-08-19,21,94893
2025-08-19,22,73966
2025-08-19,23,25852
2025-08-20,0,10300
2025-08-20,1,332
2025-08-20,5,38
2025-08-20,6,31640
2025-08-20,7,125300
2025-08-20,8,262289
2025-08-20,9,150769
2025-08-20,10,95912
2025-08-20,11,96096
2025-08-20,12,102609
2025-08-20,13,107639
2025-08-20,14,95898
2025-08-20,15,91334
2025-08-20,16,121664
2025-08-20,17,191888
2025-08-20,18,275863
2025-08-20,19,179572
2025-08-20,20,107528
2025-08-20,21,108021
2025-08-20,22,80345
2025-08-20,23,28926
2025-08-21,0,10581
2025-08-21,1,374
2025-08-21,5,35
2025-08-21,6,31512
2025-08-21,7,126240
2025-08-21,8,259297
2025-08-21,9,149800
2025-08-21,10,96056
2025-08-21,11,95534
2025-08-21,12,102005
2025-08-21,13,105788
2025-08-21,14,97843
2025-08-21,15,99633
2025-08-21,16,125319
2025-08-21,17,189843
2025-08-21,18,268742
2025-08-21,19,175337
2025-08-21,20,107738
2025-08-21,21,101121
2025-08-21,22,75556
2025-08-21,23,27303
2025-08-22,0,17129
2025-08-22,1,614
2025-08-22,5,51
2025-08-22,6,31817
2025-08-22,7,122889
2025-08-22,8,251754
2025-08-22,9,147433
2025-08-22,10,101682
2025-08-22,11,102619
2025-08-22,12,110463
2025-08-22,13,116874
2025-08-22,14,109861
2025-08-22,15,111355
2025-08-22,16,138698
2025-08-22,17,211621
2025-08-22,18,285023
2025-08-22,19,185499
2025-08-22,20,117313
2025-08-22,21,114787
2025-08-22,22,104378
2025-08-22,23,44397
2025-08-23,0,16511
2025-08-23,1,579
2025-08-23,5,36
2025-08-23,6,21035
2025-08-23,7,39499
2025-08-23,8,66195
2025-08-23,9,92523
2025-08-23,10,112155
2025-08-23,11,131607
2025-08-23,12,134917
2025-08-23,13,145534
2025-08-23,14,141951
2025-08-23,15,143367
2025-08-23,16,151264
2025-08-23,17,173104
2025-08-23,18,152385
2025-08-23,19,118830
2025-08-23,20,104469
2025-08-23,21,114104
2025-08-23,22,91408
2025-08-23,23,40851
2025-08-24,0,10768
2025-08-24,1,341
2025-08-24,5,35
2025-08-24,6,18206
2025-08-24,7,33496
2025-08-24,8,54731
2025-08-24,9,73073
2025-08-24,10,89953
2025-08-24,11,110829
2025-08-24,12,112420
2025-08-24,13,122463
2025-08-24,14,124381
2025-08-24,15,121541
2025-08-24,16,132424
2025-08-24,17,153060
2025-08-24,18,138355
2025-08-24,19,111388
2025-08-24,20,95313
2025-08-24,21,96236
2025-08-24,22,73617
2025-08-24,23,31037
2025-08-25,0,9047
2025-08-25,1,314
2025-08-25,5,44
2025-08-25,6,31262
2025-08-25,7,118364
2025-08-25,8,249021
2025-08-25,9,140443
2025-08-25,10,90763
2025-08-25,11,91735
2025-08-25,12,95509
2025-08-25,13,98241
2025-08-25,14,91486
2025-08-25,15,91739
2025-08-25,16,110062
2025-08-25,17,176017
2025-08-25,18,260268
2025-08-25,19,170479
2025-08-25,20,100953
2025-08-25,21,87180
2025-08-25,22,64779
2025-08-25,23,23219
2025-08-26,0,9234
2025-08-26,1,312
2025-08-26,5,30
2025-08-26,6,31053
2025-08-26,7,123437
2025-08-26,8,257796
2025-08-26,9,147694
2025-08-26,10,92776
2025-08-26,11,92544
2025-08-26,12,96588
2025-08-26,13,100397
2025-08-26,14,91615
2025-08-26,15,93516
2025-08-26,16,116028
2025-08-26,17,184041
2025-08-26,18,268402
2025-08-26,19,173848
2025-08-26,20,104524
2025-08-26,21,94472
2025-08-26,22,72785
2025-08-26,23,26444
2025-08-27,0,10130
2025-08-27,1,342
2025-08-27,5,44
2025-08-27,6,30824
2025-08-27,7,120168
2025-08-27,8,257923
2025-08-27,9,147728
2025-08-27,10,92535
2025-08-27,11,92377
2025-08-27,12,97545
2025-08-27,13,102929
2025-08-27,14,96076
2025-08-27,15,95730
2025-08-27,16,115935
2025-08-27,17,187192
2025-08-27,18,270832
2025-08-27,19,172298
2025-08-27,20,105087
2025-08-27,21,101506
2025-08-27,22,77062
2025-08-27,23,27760
2025-08-28,0,10597
2025-08-28,1,342
2025-08-28,5,36
2025-08-28,6,30619
2025-08-28,7,119790
2025-08-28,8,255719
2025-08-28,9,144216
2025-08-28,10,93457
2025-08-28,11,92940
2025-08-28,12,97571
2025-08-28,13,102064
2025-08-28,14,95079
2025-08-28,15,94532
2025-08-28,16,117233
2025-08-28,17,187977
2025-08-28,18,268369
2025-08-28,19,174527
2025-08-28,20,107299
2025-08-28,21,100173
2025-08-28,22,78800
2025-08-28,23,28159
2025-08-29,0,18363
2025-08-29,1,660
2025-08-29,5,33
2025-08-29,6,30535
2025-08-29,7,117670
2025-08-29,8,245906
2025-08-29,9,137369
2025-08-29,10,93809
2025-08-29,11,96624
2025-08-29,12,104664
2025-08-29,13,110952
2025-08-29,14,103981
2025-08-29,15,105867
2025-08-29,16,130082
2025-08-29,17,202386
2025-08-29,18,280583
2025-08-29,19,184012
2025-08-29,20,116414
2025-08-29,21,114468
2025-08-29,22,105011
2025-08-29,23,47571
2025-08-30,0,18567
2025-08-30,1,585
2025-08-30,5,47
2025-08-30,6,21139
2025-08-30,7,41767
2025-08-30,8,68659
2025-08-30,9,85878
2025-08-30,10,101207
2025-08-30,11,118781
2025-08-30,12,125219
2025-08-30,13,136062
2025-08-30,14,130851
2025-08-30,15,135634
2025-08-30,16,152772
2025-08-30,17,176887
2025-08-30,18,158356
2025-08-30,19,124748
2025-08-30,20,105559
2025-08-30,21,127919
2025-08-30,22,109911
2025-08-30,23,49166
2025-08-31,0,9773
2025-08-31,1,333
2025-08-31,5,52
2025-08-31,6,16696
2025-08-31,7,30286
2025-08-31,8,52741
2025-08-31,9,67482
2025-08-31,10,83367
2025-08-31,11,104407
2025-08-31,12,106643
2025-08-31,13,119996
2025-08-31,14,117653
2025-08-31,15,112370
2025-08-31,16,122600
2025-08-31,17,130723
2025-08-31,18,120757
2025-08-31,19,98269
2025-08-31,20,91963
2025-08-31,21,81055
2025-08-31,22,56857
2025-08-31,23,26195
2025-09-01,0,7978
2025-09-01,1,309
2025-09-01,5,36
2025-09-01,6,35840
2025-09-01,7,161423
2025-09-01,8,256430
2025-09-01,9,135686
2025-09-01,10,83374
2025-09-01,11,79421
2025-09-01,12,84506
2025-09-01,13,85993
2025-09-01,14,79242
2025-09-01,15,83061
2025-09-01,16,126392
2025-09-01,17,185794
2025-09-01,18,260967
2025-09-01,19,163461
2025-09-01,20,94631
2025-09-01,21,82546
2025-09-01,22,64952
2025-09-01,23,21930
2025-09-02,0,8012
2025-09-02,1,286
2025-09-02,5,36
2025-09-02,6,34930
2025-09-02,7,162224
2025-09-02,8,269714
2025-09-02,9,141647
2025-09-02,10,85246
2025-09-02,11,80568
2025-09-02,12,84348
2025-09-02,13,87209
2025-09-02,14,80130
2025-09-02,15,83058
2025-09-02,16,129262
2025-09-02,17,192773
2025-09-02,18,268512
2025-09-02,19,174803
2025-09-02,20,99646
2025-09-02,21,90472
2025-09-02,22,67480
2025-09-02,23,22235
2025-09-03,0,9104
2025-09-03,1,307
2025-09-03,5,34
2025-09-03,6,34882
2025-09-03,7,162018
2025-09-03,8,269466
2025-09-03,9,142501
2025-09-03,10,86036
2025-09-03,11,83631
2025-09-03,12,89320
2025-09-03,13,90649
2025-09-03,14,83519
2025-09-03,15,87042
2025-09-03,16,132024
2025-09-03,17,194038
2025-09-03,18,270613
2025-09-03,19,171296
2025-09-03,20,103056
2025-09-03,21,98831
2025-09-03,22,72137
2025-09-03,23,24656
2025-09-04,0,9528
2025-09-04,1,315
2025-09-04,5,35
2025-09-04,6,35729
2025-09-04,7,163477
2025-09-04,8,268390
2025-09-04,9,141962
2025-09-04,10,86233
2025-09-04,11,81504
2025-09-04,12,85326
2025-09-04,13,88264
2025-09-04,14,81207
2025-09-04,15,82151
2025-09-04,16,130479
2025-09-04,17,193967
2025-09-04,18,268081
2025-09-04,19,169583
2025-09-04,20,102011
2025-09-04,21,96787
2025-09-04,22,73820
2025-09-04,23,25589
2025-09-05,0,17373
2025-09-05,1,524
2025-09-05,5,37
2025-09-05,6,34883
2025-09-05,7,159930
2025-09-05,8,260656
2025-09-05,9,137805
2025-09-05,10,88503
2025-09-05,11,87954
2025-09-05,12,94958
2025-09-05,13,97869
2025-09-05,14,91825
2025-09-05,15,96419
2025-09-05,16,144889
2025-09-05,17,215367
2025-09-05,18,288373
2025-09-05,19,184145
2025-09-05,20,113758
2025-09-05,21,112370
2025-09-05,22,97855
2025-09-05,23,49454
2025-09-06,0,15908
2025-09-06,1,515
2025-09-06,5,33
2025-09-06,6,19912
2025-09-06,7,40405
2025-09-06,8,68048
2025-09-06,9,82857
2025-09-06,10,93522
2025-09-06,11,106828
2025-09-06,12,116584
2025-09-06,13,125165
2025-09-06,14,119318
2025-09-06,15,119502
2025-09-06,16,137049
2025-09-06,17,159937
2025-09-06,18,144397
2025-09-06,19,107588
2025-09-06,20,93934
2025-09-06,21,107456
2025-09-06,22,86969
2025-09-06,23,38886
2025-09-07,0,8915
2025-09-07,1,270
2025-09-07,5,37
2025-09-07,6,17078
2025-09-07,7,31779
2025-09-07,8,52492
2025-09-07,9,68006
2025-09-07,10,82884
2025-09-07,11,101466
2025-09-07,12,106941
2025-09-07,13,120684
2025-09-07,14,118472
2025-09-07,15,110540
2025-09-07,16,120319
2025-09-07,17,134967
2025-09-07,18,114752
2025-09-07,19,96483
2025-09-07,20,90440
2025-09-07,21,80238
2025-09-07,22,54298
2025-09-07,23,24377
2025-09-08,0,7998
2025-09-08,1,280
2025-09-08,5,37
2025-09-08,6,35831
2025-09-08,7,166461
2025-09-08,8,265398
2025-09-08,9,144026
2025-09-08,10,85638
2025-09-08,11,80982
2025-09-08,12,88029
2025-09-08,13,87363
2025-09-08,14,79729
2025-09-08,15,84689
2025-09-08,16,129153
2025-09-08,17,193794
2025-09-08,18,267864
2025-09-08,19,168682
2025-09-08,20,97482
2025-09-08,21,87960
2025-09-08,22,64503
2025-09-08,23,21772
2025-09-09,0,8199
2025-09-09,1,273
2025-09-09,5,39
2025-09-09,6,35408
2025-09-09,7,168427
2025-09-09,8,271700
2025-09-09,9,150587
2025-09-09,10,87978
2025-09-09,11,82620
2025-09-09,12,87802
2025-09-09,13,89066
2025-09-09,14,81435
2025-09-09,15,86305
2025-09-09,16,132147
2025-09-09,17,200396
2025-09-09,18,275281
2025-09-09,19,170899
2025-09-09,20,100848
2025-09-09,21,94565
2025-09-09,22,70278
2025-09-09,23,23236
2025-09-10,0,9439
2025-09-10,1,314
2025-09-10,5,39
2025-09-10,6,35706
2025-09-10,7,166570
2025-09-10,8,274587
2025-09-10,9,154022
2025-09-10,10,90919
2025-09-10,11,85542
2025-09-10,12,93543
2025-09-10,13,94320
2025-09-10,14,86104
2025-09-10,15,90407
2025-09-10,16,132972
2025-09-10,17,206172
2025-09-10,18,276057
2025-09-10,19,174058
2025-09-10,20,104946
2025-09-10,21,100682
2025-09-10,22,75472
2025-09-10,23,25594
2025-09-11,0,9906
2025-09-11,1,337
2025-09-11,5,35
2025-09-11,6,35608
2025-09-11,7,166377
2025-09-11,8,272530
2025-09-11,9,157359
2025-09-11,10,93441
2025-09-11,11,85886
2025-09-11,12,92360
2025-09-11,13,93095
2025-09-11,14,85248
2025-09-11,15,90628
2025-09-11,16,138307
2025-09-11,17,211522
2025-09-11,18,276837
2025-09-11,19,173691
2025-09-11,20,106325
2025-09-11,21,102067
2025-09-11,22,77022
2025-09-11,23,26502
2025-09-12,0,17109
2025-09-12,1,537
2025-09-12,5,41
2025-09-12,6,35539
2025-09-12,7,164581
2025-09-12,8,265116
2025-09-12,9,149678
2025-09-12,10,94385
2025-09-12,11,90381
2025-09-12,12,101447
2025-09-12,13,104237
2025-09-12,14,99261
2025-09-12,15,102003
2025-09-12,16,152142
2025-09-12,17,222752
2025-09-12,18,291961
2025-09-12,19,182903
2025-09-12,20,115036
2025-09-12,21,117628
2025-09-12,22,101085
2025-09-12,23,43660
2025-09-13,0,17820
2025-09-13,1,574
2025-09-13,5,37
2025-09-13,6,21923
2025-09-13,7,48576
2025-09-13,8,81918
2025-09-13,9,91987
2025-09-13,10,101545
2025-09-13,11,121315
2025-09-13,12,134249
2025-09-13,13,142801
2025-09-13,14,133190
2025-09-13,15,133090
2025-09-13,16,149551
2025-09-13,17,179640
2025-09-13,18,159735
2025-09-13,19,122181
2025-09-13,20,107792
2025-09-13,21,115108
2025-09-13,22,94931
2025-09-13,23,41204
2025-09-14,0,9100
2025-09-14,1,294
2025-09-14,5,54
2025-09-14,6,18980
2025-09-14,7,34639
2025-09-14,8,57332
2025-09-14,9,72775
2025-09-14,10,85728
2025-09-14,11,103889
2025-09-14,12,108632
2025-09-14,13,119212
2025-09-14,14,116164
2025-09-14,15,117109
2025-09-14,16,126013
2025-09-14,17,143482
2025-09-14,18,130662
2025-09-14,19,102502
2025-09-14,20,94202
2025-09-14,21,83335
2025-09-14,22,58114
2025-09-14,23,24481
2025-09-15,0,8350
2025-09-15,1,249
2025-09-15,5,51
2025-09-15,6,36069
2025-09-15,7,165158
2025-09-15,8,269568
2025-09-15,9,147152
2025-09-15,10,85632
2025-09-15,11,80720
2025-09-15,12,87715
2025-09-15,13,87182
2025-09-15,14,78210
2025-09-15,15,83428
2025-09-15,16,124984
2025-09-15,17,193422
2025-09-15,18,270731
2025-09-15,19,170099
2025-09-15,20,98772
2025-09-15,21,90366
2025-09-15,22,67278
2025-09-15,23,22622
2025-09-16,0,8416
2025-09-16,1,289
2025-09-16,5,41
2025-09-16,6,35406
2025-09-16,7,168121
2025-09-16,8,272617
2025-09-16,9,159264
2025-09-16,10,88213
2025-09-16,11,81060
2025-09-16,12,89067
2025-09-16,13,90374
2025-09-16,14,79577
2025-09-16,15,85825
2025-09-16,16,130297
2025-09-16,17,201165
2025-09-16,18,276066
2025-09-16,19,170857
2025-09-16,20,101091
2025-09-16,21,96514
2025-09-16,22,71795
2025-09-16,23,24158
2025-09-17,0,9093
2025-09-17,1,307
2025-09-17,5,57
2025-09-17,6,35975
2025-09-17,7,167343
2025-09-17,8,273983
2025-09-17,9,151516
2025-09-17,10,88190
2025-09-17,11,81821
2025-09-17,12,94036
2025-09-17,13,93418
2025-09-17,14,82378
2025-09-17,15,87275
2025-09-17,16,129561
2025-09-17,17,202981
2025-09-17,18,278181
2025-09-17,19,172487
2025-09-17,20,105122
2025-09-17,21,101207
2025-09-17,22,76551
2025-09-17,23,25521
2025-09-18,0,9572
2025-09-18,1,276
2025-09-18,5,37
2025-09-18,6,35811
2025-09-18,7,167875
2025-09-18,8,274333
2025-09-18,9,151239
2025-09-18,10,89942
2025-09-18,11,83346
2025-09-18,12,91605
2025-09-18,13,93071
2025-09-18,14,82320
2025-09-18,15,89202
2025-09-18,16,133309
2025-09-18,17,208410
2025-09-18,18,279627
2025-09-18,19,171163
2025-09-18,20,103943
2025-09-18,21,105463
2025-09-18,22,78922
2025-09-18,23,27068
2025-09-19,0,17217
2025-09-19,1,491
2025-09-19,5,32
2025-09-19,6,35260
2025-09-19,7,163910
2025-09-19,8,260320
2025-09-19,9,149487
2025-09-19,10,94636
2025-09-19,11,89547
2025-09-19,12,102153
2025-09-19,13,105684
2025-09-19,14,95538
2025-09-19,15,102709
2025-09-19,16,150586
2025-09-19,17,228110
2025-09-19,18,298000
2025-09-19,19,182049
2025-09-19,20,116217
2025-09-19,21,119402
2025-09-19,22,105560
2025-09-19,23,42953
2025-09-20,0,17146
2025-09-20,1,566
2025-09-20,5,44
2025-09-20,6,22655
2025-09-20,7,48874
2025-09-20,8,82298
2025-09-20,9,97978
2025-09-20,10,106919
2025-09-20,11,125147
2025-09-20,12,138204
2025-09-20,13,148031
2025-09-20,14,137380
2025-09-20,15,135442
2025-09-20,16,151232
2025-09-20,17,179475
2025-09-20,18,161324
2025-09-20,19,120614
2025-09-20,20,104620
2025-09-20,21,108473
2025-09-20,22,92441
2025-09-20,23,45915
2025-09-21,0,9070
2025-09-21,1,271
2025-09-21,5,53
2025-09-21,6,18155
2025-09-21,7,34563
2025-09-21,8,58897
2025-09-21,9,73375
2025-09-21,10,86884
2025-09-21,11,104160
2025-09-21,12,110581
2025-09-21,13,123742
2025-09-21,14,120832
2025-09-21,15,119947
2025-09-21,16,125308
2025-09-21,17,142999
2025-09-21,18,124599
2025-09-21,19,101498
2025-09-21,20,93743
2025-09-21,21,93880
2025-09-21,22,60391
2025-09-21,23,24844
2025-09-22,0,7459
2025-09-22,1,246
2025-09-22,5,48
2025-09-22,6,34714
2025-09-22,7,163486
2025-09-22,8,268661
2025-09-22,9,154052
2025-09-22,10,88291
2025-09-22,11,79170
2025-09-22,12,86713
2025-09-22,13,86712
2025-09-22,14,77345
2025-09-22,15,81523
2025-09-22,16,123242
2025-09-22,17,192594
2025-09-22,18,272170
2025-09-22,19,171296
2025-09-22,20,97947
2025-09-22,21,88713
2025-09-22,22,65147
2025-09-22,23,21052
2025-09-23,0,8287
2025-09-23,1,276
2025-09-23,5,24
2025-09-23,6,32905
2025-09-23,7,160984
2025-09-23,8,278180
2025-09-23,9,155162
2025-09-23,10,80686
2025-09-23,11,69406
2025-09-23,12,77273
2025-09-23,13,77783
2025-09-23,14,68498
2025-09-23,15,74021
2025-09-23,16,116782
2025-09-23,17,192318
2025-09-23,18,273590
2025-09-23,19,170102
2025-09-23,20,96361
2025-09-23,21,92692
2025-09-23,22,69328
2025-09-23,23,22845
2025-09-24,0,9467
2025-09-24,1,313
2025-09-24,5,42
2025-09-24,6,34833
2025-09-24,7,164455
2025-09-24,8,273031
2025-09-24,9,153055
2025-09-24,10,90266
2025-09-24,11,83635
2025-09-24,12,95314
2025-09-24,13,96380
2025-09-24,14,84330
2025-09-24,15,89506
2025-09-24,16,129276
2025-09-24,17,201852
2025-09-24,18,277267
2025-09-24,19,174832
2025-09-24,20,104977
2025-09-24,21,102514
2025-09-24,22,76975
2025-09-24,23,25897
2025-09-25,0,10587
2025-09-25,1,314
2025-09-25,5,36
2025-09-25,6,35490
2025-09-25,7,166282
2025-09-25,8,272923
2025-09-25,9,152593
2025-09-25,10,92527
2025-09-25,11,85822
2025-09-25,12,94816
2025-09-25,13,96846
2025-09-25,14,86316
2025-09-25,15,90835
2025-09-25,16,133095
2025-09-25,17,204308
2025-09-25,18,280915
2025-09-25,19,174642
2025-09-25,20,106754
2025-09-25,21,105294
2025-09-25,22,82019
2025-09-25,23,28396
2025-09-26,0,17781
2025-09-26,1,615
2025-09-26,5,49
2025-09-26,6,35034
2025-09-26,7,161387
2025-09-26,8,263451
2025-09-26,9,146890
2025-09-26,10,95679
2025-09-26,11,91193
2025-09-26,12,103429
2025-09-26,13,108413
2025-09-26,14,99601
2025-09-26,15,105646
2025-09-26,16,150818
2025-09-26,17,225532
2025-09-26,18,294175
2025-09-26,19,187249
2025-09-26,20,116525
2025-09-26,21,118979
2025-09-26,22,107952
2025-09-26,23,47440
2025-09-27,0,16725
2025-09-27,1,509
2025-09-27,5,44
2025-09-27,6,22101
2025-09-27,7,44048
2025-09-27,8,71641
2025-09-27,9,91327
2025-09-27,10,104600
2025-09-27,11,121894
2025-09-27,12,127481
2025-09-27,13,137378
2025-09-27,14,131504
2025-09-27,15,133241
2025-09-27,16,144469
2025-09-27,17,171835
2025-09-27,18,156260
2025-09-27,19,117947
2025-09-27,20,105613
2025-09-27,21,110085
2025-09-27,22,93794
2025-09-27,23,39748
2025-09-28,0,14924
2025-09-28,1,478
2025-09-28,5,60
2025-09-28,6,18322
2025-09-28,7,32618
2025-09-28,8,53439
2025-09-28,9,72401
2025-09-28,10,92596
2025-09-28,11,112474
2025-09-28,12,111259
2025-09-28,13,123632
2025-09-28,14,126902
2025-09-28,15,125162
2025-09-28,16,135527
2025-09-28,17,154766
2025-09-28,18,138915
2025-09-28,19,111695
2025-09-28,20,100184
2025-09-28,21,94458
2025-09-28,22,78293
2025-09-28,23,35909
2025-09-29,0,9341
2025-09-29,1,275
2025-09-29,5,41
2025-09-29,6,16500
2025-09-29,7,29938
2025-09-29,8,41573
2025-09-29,9,59439
2025-09-29,10,78771
2025-09-29,11,99864
2025-09-29,12,96344
2025-09-29,13,103750
2025-09-29,14,110042
2025-09-29,15,111169
2025-09-29,16,119976
2025-09-29,17,133214
2025-09-29,18,119280
2025-09-29,19,94431
2025-09-29,20,83343
2025-09-29,21,78873
2025-09-29,22,60830
2025-09-29,23,24074
2025-09-30,0,9212
2025-09-30,1,307
2025-09-30,5,48
2025-09-30,6,36528
2025-09-30,7,167765
2025-09-30,8,272672
2025-09-30,9,154877
2025-09-30,10,92028
2025-09-30,11,85740
2025-09-30,12,92827
2025-09-30,13,94040
2025-09-30,14,84814
2025-09-30,15,89109
2025-09-30,16,129626
2025-09-30,17,196907
2025-09-30,18,269817
2025-09-30,19,174532
2025-09-30,20,105209
2025-09-30,21,98497
2025-09-30,22,72878
2025-09-30,23,24485
2025-10-01,0,9613
2025-10-01,1,354
2025-10-01,5,34
2025-10-01,6,35014
2025-10-01,7,166641
2025-10-01,8,275977
2025-10-01,9,151713
2025-10-01,10,89631
2025-10-01,11,82222
2025-10-01,12,93613
2025-10-01,13,92984
2025-10-01,14,82725
2025-10-01,15,88461
2025-10-01,16,126482
2025-10-01,17,196730
2025-10-01,18,273584
2025-10-01,19,176068
2025-10-01,20,105803
2025-10-01,21,100851
2025-10-01,22,76229
2025-10-01,23,25946
2025-10-02,0,9738
2025-10-02,1,341
2025-10-02,5,39
2025-10-02,6,35218
2025-10-02,7,166607
2025-10-02,8,273213
2025-10-02,9,149704
2025-10-02,10,91014
2025-10-02,11,83398
2025-10-02,12,92052
2025-10-02,13,93452
2025-10-02,14,84500
2025-10-02,15,89546
2025-10-02,16,130693
2025-10-02,17,200354
2025-10-02,18,275867
2025-10-02,19,174194
2025-10-02,20,107316
2025-10-02,21,102282
2025-10-02,22,78449
2025-10-02,23,26745
2025-10-03,0,16780
2025-10-03,1,583
2025-10-03,5,43
2025-10-03,6,34974
2025-10-03,7,162548
2025-10-03,8,262577
2025-10-03,9,142653
2025-10-03,10,93037
2025-10-03,11,89266
2025-10-03,12,102554
2025-10-03,13,106033
2025-10-03,14,96342
2025-10-03,15,105202
2025-10-03,16,148605
2025-10-03,17,219211
2025-10-03,18,288799
2025-10-03,19,186211
2025-10-03,20,115407
2025-10-03,21,115210
2025-10-03,22,97739
2025-10-03,23,42152
2025-10-04,0,15077
2025-10-04,1,522
2025-10-04,5,38
2025-10-04,6,21654
2025-10-04,7,40861
2025-10-04,8,63649
2025-10-04,9,82418
2025-10-04,10,98701
2025-10-04,11,113765
2025-10-04,12,113942
2025-10-04,13,122498
2025-10-04,14,118637
2025-10-04,15,119764
2025-10-04,16,131777
2025-10-04,17,153054
2025-10-04,18,136640
2025-10-04,19,103160
2025-10-04,20,90836
2025-10-04,21,92993
2025-10-04,22,79613
2025-10-04,23,36746
2025-10-05,0,14461
2025-10-05,1,418
2025-10-05,5,35
2025-10-05,6,16325
2025-10-05,7,29320
2025-10-05,8,48824
2025-10-05,9,65059
2025-10-05,10,82278
2025-10-05,11,98660
2025-10-05,12,95211
2025-10-05,13,105223
2025-10-05,14,108150
2025-10-05,15,107857
2025-10-05,16,118648
2025-10-05,17,136819
2025-10-05,18,121139
2025-10-05,19,97168
2025-10-05,20,86489
2025-10-05,21,82510
2025-10-05,22,68387
2025-10-05,23,34184
2025-10-06,0,10864
2025-10-06,1,295
2025-10-06,5,37
2025-10-06,6,14255
2025-10-06,7,23810
2025-10-06,8,33495
2025-10-06,9,48318
2025-10-06,10,67556
2025-10-06,11,86074
2025-10-06,12,80857
2025-10-06,13,88024
2025-10-06,14,96579
2025-10-06,15,99835
2025-10-06,16,109317
2025-10-06,17,118850
2025-10-06,18,106895
2025-10-06,19,89133
2025-10-06,20,82280
2025-10-06,21,76288
2025-10-06,22,57885
2025-10-06,23,25876
2025-10-07,0,8592
2025-10-07,1,280
2025-10-07,5,48
2025-10-07,6,36003
2025-10-07,7,163782
2025-10-07,8,265091
2025-10-07,9,148453
2025-10-07,10,90342
2025-10-07,11,83220
2025-10-07,12,90317
2025-10-07,13,91032
2025-10-07,14,82483
2025-10-07,15,87693
2025-10-07,16,127368
2025-10-07,17,193685
2025-10-07,18,268379
2025-10-07,19,167379
2025-10-07,20,100562
2025-10-07,21,95787
2025-10-07,22,69832
2025-10-07,23,23548
2025-10-08,0,9767
2025-10-08,1,294
2025-10-08,5,35
2025-10-08,6,34512
2025-10-08,7,163523
2025-10-08,8,265506
2025-10-08,9,147285
2025-10-08,10,90568
2025-10-08,11,85161
2025-10-08,12,94723
2025-10-08,13,97561
2025-10-08,14,85106
2025-10-08,15,89615
2025-10-08,16,128410
2025-10-08,17,195922
2025-10-08,18,269225
2025-10-08,19,166824
2025-10-08,20,102799
2025-10-08,21,103144
2025-10-08,22,73832
2025-10-08,23,25765
2025-10-09,0,15861
2025-10-09,1,532
2025-10-09,5,38
2025-10-09,6,34302
2025-10-09,7,159285
2025-10-09,8,263185
2025-10-09,9,145863
2025-10-09,10,91769
2025-10-09,11,86515
2025-10-09,12,95984
2025-10-09,13,98420
2025-10-09,14,90383
2025-10-09,15,96443
2025-10-09,16,138635
2025-10-09,17,209003
2025-10-09,18,285197
2025-10-09,19,187508
2025-10-09,20,117345
2025-10-09,21,114059
2025-10-09,22,92667
2025-10-09,23,38209
2025-10-10,0,18296
2025-10-10,1,495
2025-10-10,5,58
2025-10-10,6,23036
2025-10-10,7,40367
2025-10-10,8,53261
2025-10-10,9,74290
2025-10-10,10,94686
2025-10-10,11,114984
2025-10-10,12,108063
2025-10-10,13,116758
2025-10-10,14,121542
2025-10-10,15,121708
2025-10-10,16,131908
2025-10-10,17,152215
2025-10-10,18,146304
2025-10-10,19,118410
2025-10-10,20,105695
2025-10-10,21,105535
2025-10-10,22,90611
2025-10-10,23,58163
2025-10-11,0,16555
2025-10-11,1,519
2025-10-11,5,41
2025-10-11,6,18114
2025-10-11,7,33526
2025-10-11,8,54801
2025-10-11,9,75854
2025-10-11,10,96226
2025-10-11,11,116108
2025-10-11,12,116087
2025-10-11,13,125457
2025-10-11,14,127174
2025-10-11,15,129121
2025-10-11,16,138690
2025-10-11,17,157312
2025-10-11,18,144807
2025-10-11,19,117221
2025-10-11,20,101436
2025-10-11,21,101494
2025-10-11,22,82128
2025-10-11,23,39781
2025-10-12,0,9730
2025-10-12,1,312
2025-10-12,5,43
2025-10-12,6,16349
2025-10-12,7,28246
2025-10-12,8,48374
2025-10-12,9,66914
2025-10-12,10,81626
2025-10-12,11,99771
2025-10-12,12,101515
2025-10-12,13,110187
2025-10-12,14,112342
2025-10-12,15,113138
2025-10-12,16,122469
2025-10-12,17,135401
2025-10-12,18,121952
2025-10-12,19,102487
2025-10-12,20,89461
2025-10-12,21,79859
2025-10-12,22,55917
2025-10-12,23,24309
2025-10-13,0,8057
2025-10-13,1,286
2025-10-13,5,52
2025-10-13,6,36015
2025-10-13,7,163651
2025-10-13,8,268086
2025-10-13,9,146833
2025-10-13,10,88551
2025-10-13,11,81532
2025-10-13,12,89073
2025-10-13,13,89299
2025-10-13,14,79380
2025-10-13,15,84149
2025-10-13,16,125771
2025-10-13,17,190456
2025-10-13,18,263080
2025-10-13,19,165442
2025-10-13,20,97822
2025-10-13,21,89246
2025-10-13,22,63460
2025-10-13,23,22289
2025-10-14,0,8695
2025-10-14,1,269
2025-10-14,5,43
2025-10-14,6,35345
2025-10-14,7,167670
2025-10-14,8,273358
2025-10-14,9,151429
2025-10-14,10,89491
2025-10-14,11,81404
2025-10-14,12,89572
2025-10-14,13,90920
2025-10-14,14,80441
2025-10-14,15,86843
2025-10-14,16,132560
2025-10-14,17,195401
2025-10-14,18,268437
2025-10-14,19,168837
2025-10-14,20,101732
2025-10-14,21,97631
2025-10-14,22,67913
2025-10-14,23,23103
2025-10-15,0,9333
2025-10-15,1,337
2025-10-15,5,40
2025-10-15,6,35019
2025-10-15,7,168236
2025-10-15,8,272774
2025-10-15,9,151379
2025-10-15,10,89936
2025-10-15,11,83830
2025-10-15,12,96816
2025-10-15,13,97295
2025-10-15,14,85821
2025-10-15,15,90770
2025-10-15,16,137627
2025-10-15,17,198715
2025-10-15,18,273696
2025-10-15,19,172960
2025-10-15,20,106068
2025-10-15,21,99320
2025-10-15,22,72323
2025-10-15,23,25268
2025-10-16,0,9835
2025-10-16,1,318
2025-10-16,5,59
2025-10-16,6,35476
2025-10-16,7,166201
2025-10-16,8,273403
2025-10-16,9,153304
2025-10-16,10,92721
2025-10-16,11,85552
2025-10-16,12,94675
2025-10-16,13,97299
2025-10-16,14,86380
2025-10-16,15,91460
2025-10-16,16,136970
2025-10-16,17,203681
2025-10-16,18,278830
2025-10-16,19,175811
2025-10-16,20,107150
2025-10-16,21,102335
2025-10-16,22,76883
2025-10-16,23,27500
2025-10-17,0,16820
2025-10-17,1,569
2025-10-17,5,40
2025-10-17,6,34953
2025-10-17,7,160892
2025-10-17,8,265374
2025-10-17,9,147320
2025-10-17,10,96384
2025-10-17,11,91731
2025-10-17,12,103825
2025-10-17,13,106403
2025-10-17,14,97149
2025-10-17,15,103020
2025-10-17,16,149740
2025-10-17,17,218521
2025-10-17,18,293039
2025-10-17,19,185802
2025-10-17,20,117858
2025-10-17,21,117767
2025-10-17,22,97948
2025-10-17,23,42633
2025-10-18,0,17735
2025-10-18,1,494
2025-10-18,5,44
2025-10-18,6,23092
2025-10-18,7,50456
2025-10-18,8,84968
2025-10-18,9,100949
2025-10-18,10,111004
2025-10-18,11,128360
2025-10-18,12,138632
2025-10-18,13,151451
2025-10-18,14,140096
2025-10-18,15,145920
2025-10-18,16,161346
2025-10-18,17,189796
2025-10-18,18,166021
2025-10-18,19,121866
2025-10-18,20,118048
2025-10-18,21,110011
2025-10-18,22,89995
2025-10-18,23,40432
2025-10-19,0,9475
2025-10-19,1,326
2025-10-19,5,32
2025-10-19,6,16686
2025-10-19,7,32899
2025-10-19,8,56285
2025-10-19,9,65937
2025-10-19,10,76991
2025-10-19,11,95954
2025-10-19,12,101469
2025-10-19,13,110338
2025-10-19,14,111479
2025-10-19,15,116250
2025-10-19,16,127160
2025-10-19,17,147807
2025-10-19,18,126707
2025-10-19,19,99777
2025-10-19,20,97196
2025-10-19,21,83180
2025-10-19,22,59259
2025-10-19,23,24297
2025-10-20,0,8029
2025-10-20,1,257
2025-10-20,5,27
2025-10-20,6,34040
2025-10-20,7,160270
2025-10-20,8,271548
2025-10-20,9,156015
2025-10-20,10,84962
2025-10-20,11,72931
2025-10-20,12,81550
2025-10-20,13,83244
2025-10-20,14,73953
2025-10-20,15,77896
2025-10-20,16,118123
2025-10-20,17,189911
2025-10-20,18,266750
2025-10-20,19,170646
2025-10-20,20,96097
2025-10-20,21,88397
2025-10-20,22,64745
2025-10-20,23,22050
2025-10-21,0,8842
2025-10-21,1,274
2025-10-21,5,33
2025-10-21,6,32734
2025-10-21,7,160514
2025-10-21,8,275988
2025-10-21,9,163207
2025-10-21,10,87734
2025-10-21,11,76100
2025-10-21,12,84986
2025-10-21,13,86091
2025-10-21,14,76099
2025-10-21,15,79932
2025-10-21,16,125250
2025-10-21,17,199161
2025-10-21,18,278197
2025-10-21,19,174023
2025-10-21,20,98143
2025-10-21,21,99992
2025-10-21,22,83084
2025-10-21,23,24796
2025-10-22,0,9899
2025-10-22,1,317
2025-10-22,5,41
2025-10-22,6,33092
2025-10-22,7,161466
2025-10-22,8,281147
2025-10-22,9,166106
2025-10-22,10,91263
2025-10-22,11,79753
2025-10-22,12,91169
2025-10-22,13,91895
2025-10-22,14,80194
2025-10-22,15,86448
2025-10-22,16,126242
2025-10-22,17,200862
2025-10-22,18,277981
2025-10-22,19,179919
2025-10-22,20,106173
2025-10-22,21,102144
2025-10-22,22,80065
2025-10-22,23,26743
2025-10-23,0,15953
2025-10-23,1,576
2025-10-23,5,41
2025-10-23,6,33174
2025-10-23,7,159788
2025-10-23,8,278963
2025-10-23,9,161715
2025-10-23,10,95475
2025-10-23,11,87290
2025-10-23,12,97478
2025-10-23,13,101890
2025-10-23,14,93193
2025-10-23,15,99959
2025-10-23,16,145467
2025-10-23,17,219920
2025-10-23,18,296247
2025-10-23,19,196833
2025-10-23,20,120985
2025-10-23,21,116893
2025-10-23,22,99346
2025-10-23,23,40187
2025-10-24,0,16354
2025-10-24,1,558
2025-10-24,5,36
2025-10-24,6,18093
2025-10-24,7,35008
2025-10-24,8,50963
2025-10-24,9,68849
2025-10-24,10,88108
2025-10-24,11,106866
2025-10-24,12,103522
2025-10-24,13,112132
2025-10-24,14,115177
2025-10-24,15,116427
2025-10-24,16,127238
2025-10-24,17,153117
2025-10-24,18,138152
2025-10-24,19,105936
2025-10-24,20,92052
2025-10-24,21,95585
2025-10-24,22,83359
2025-10-24,23,39026
2025-10-25,0,17497
2025-10-25,1,674
2025-10-25,5,50
2025-10-25,6,17373
2025-10-25,7,33436
2025-10-25,8,52526
2025-10-25,9,69634
2025-10-25,10,89204
2025-10-25,11,111831
2025-10-25,12,116957
2025-10-25,13,129940
2025-10-25,14,129093
2025-10-25,15,129807
2025-10-25,16,143499
2025-10-25,17,172394
2025-10-25,18,150730
2025-10-25,19,111743
2025-10-25,20,97905
2025-10-25,21,102831
2025-10-25,22,86624
2025-10-25,23,40736
2025-10-26,0,10629
2025-10-26,1,301
2025-10-26,5,37
2025-10-26,6,17206
2025-10-26,7,31460
2025-10-26,8,52541
2025-10-26,9,67961
2025-10-26,10,80002
2025-10-26,11,99912
2025-10-26,12,105325
2025-10-26,13,115513
2025-10-26,14,115800
2025-10-26,15,116738
2025-10-26,16,127379
2025-10-26,17,143713
2025-10-26,18,121609
2025-10-26,19,97124
2025-10-26,20,90092
2025-10-26,21,82935
2025-10-26,22,59582
2025-10-26,23,26390
2025-10-27,0,8945
2025-10-27,1,296
2025-10-27,5,37
2025-10-27,6,35086
2025-10-27,7,162190
2025-10-27,8,270126
2025-10-27,9,150724
2025-10-27,10,92306
2025-10-27,11,85231
2025-10-27,12,92182
2025-10-27,13,92957
2025-10-27,14,85282
2025-10-27,15,89389
2025-10-27,16,128147
2025-10-27,17,196438
2025-10-27,18,269997
2025-10-27,19,171078
2025-10-27,20,104407
2025-10-27,21,93951
2025-10-27,22,68343
2025-10-27,23,25009
2025-10-28,0,9224
2025-10-28,1,338
2025-10-28,5,35
2025-10-28,6,33593
2025-10-28,7,161246
2025-10-28,8,283257
2025-10-28,9,165808
2025-10-28,10,93524
2025-10-28,11,80060
2025-10-28,12,89736
2025-10-28,13,90956
2025-10-28,14,80327
2025-10-28,15,86611
2025-10-28,16,127578
2025-10-28,17,198972
2025-10-28,18,278822
2025-10-28,19,176870
2025-10-28,20,106340
2025-10-28,21,99557
2025-10-28,22,74584
2025-10-28,23,25366
2025-10-29,0,9945
2025-10-29,1,348
2025-10-29,5,48
2025-10-29,6,34169
2025-10-29,7,164376
2025-10-29,8,273022
2025-10-29,9,152198
2025-10-29,10,92100
2025-10-29,11,83965
2025-10-29,12,96793
2025-10-29,13,97916
2025-10-29,14,89750
2025-10-29,15,93054
2025-10-29,16,130234
2025-10-29,17,206628
2025-10-29,18,276672
2025-10-29,19,174698
2025-10-29,20,106602
2025-10-29,21,101773
2025-10-29,22,76613
2025-10-29,23,26489
2025-10-30,0,10834
2025-10-30,1,419
2025-10-30,5,30
2025-10-30,6,34545
2025-10-30,7,164715
2025-10-30,8,273276
2025-10-30,9,156360
2025-10-30,10,96978
2025-10-30,11,90028
2025-10-30,12,97676
2025-10-30,13,100049
2025-10-30,14,92853
2025-10-30,15,95850
2025-10-30,16,137750
2025-10-30,17,211104
2025-10-30,18,280333
2025-10-30,19,177744
2025-10-30,20,109648
2025-10-30,21,103941
2025-10-30,22,78931
2025-10-30,23,27869
2025-10-31,0,25639
2025-10-31,1,1018
2025-10-31,5,42
2025-10-31,6,34645
2025-10-31,7,160308
2025-10-31,8,265302
2025-10-31,9,149088
2025-10-31,10,98056
2025-10-31,11,94558
2025-10-31,12,105601
2025-10-31,13,109781
2025-10-31,14,101996
2025-10-31,15,107768
2025-10-31,16,153073
2025-10-31,17,224465
2025-10-31,18,294645
2025-10-31,19,192221
2025-10-31,20,128092
2025-10-31,21,129523
2025-10-31,22,114927
2025-10-31,23,52797
2025-11-01,0,23102
2025-11-01,1,2755
2025-11-01,2,669
2025-11-01,3,0
2025-11-01,5,67
2025-11-01,6,26138
2025-11-01,7,50747
2025-11-01,8,82234
2025-11-01,9,98511
2025-11-01,10,107866
2025-11-01,11,127637
2025-11-01,12,144800
2025-11-01,13,155964
2025-11-01,14,146111
2025-11-01,15,150467
2025-11-01,16,164436
2025-11-01,17,191421
2025-11-01,18,165345
2025-11-01,19,125915
2025-11-01,20,114070
2025-11-01,21,124360
2025-11-01,22,114344
2025-11-01,23,58403
2025-11-02,0,10452
2025-11-02,1,327
2025-11-02,5,36
2025-11-02,6,17611
2025-11-02,7,33057
2025-11-02,8,55557
2025-11-02,9,71393
2025-11-02,10,83228
2025-11-02,11,100591
2025-11-02,12,108287
2025-11-02,13,122269
2025-11-02,14,120171
2025-11-02,15,122503
2025-11-02,16,136963
2025-11-02,17,154573
2025-11-02,18,121671
2025-11-02,19,95600
2025-11-02,20,85625
2025-11-02,21,92516
2025-11-02,22,69775
2025-11-02,23,26928
2025-11-03,0,8404
2025-11-03,1,302
2025-11-03,5,33
2025-11-03,6,34560
2025-11-03,7,159069
2025-11-03,8,276144
2025-11-03,9,156143
2025-11-03,10,91378
2025-11-03,11,85790
2025-11-03,12,93027
2025-11-03,13,93543
2025-11-03,14,84716
2025-11-03,15,89032
2025-11-03,16,127761
2025-11-03,17,195789
2025-11-03,18,271141
2025-11-03,19,175017
2025-11-03,20,101645
2025-11-03,21,90708
2025-11-03,22,66061
2025-11-03,23,22687
2025-11-04,0,8906
2025-11-04,1,286
2025-11-04,5,24
2025-11-04,6,34138
2025-11-04,7,164409
2025-11-04,8,280716
2025-11-04,9,160023
2025-11-04,10,92019
2025-11-04,11,83006
2025-11-04,12,91124
2025-11-04,13,93726
2025-11-04,14,85249
2025-11-04,15,90503
2025-11-04,16,130677
2025-11-04,17,201558
2025-11-04,18,274086
2025-11-04,19,174646
2025-11-04,20,104893
2025-11-04,21,97843
2025-11-04,22,71012
2025-11-04,23,23741
2025-11-05,0,9688
2025-11-05,1,340
2025-11-05,5,41
2025-11-05,6,34064
2025-11-05,7,163221
2025-11-05,8,278675
2025-11-05,9,158643
2025-11-05,10,90886
2025-11-05,11,85599
2025-11-05,12,96206
2025-11-05,13,97231
2025-11-05,14,88164
2025-11-05,15,92328
2025-11-05,16,131042
2025-11-05,17,203073
2025-11-05,18,281175
2025-11-05,19,178916
2025-11-05,20,107540
2025-11-05,21,102783
2025-11-05,22,77951
2025-11-05,23,26059
2025-11-06,0,10560
2025-11-06,1,356
2025-11-06,5,41
2025-11-06,6,34857
2025-11-06,7,164682
2025-11-06,8,276634
2025-11-06,9,158396
2025-11-06,10,98039
2025-11-06,11,90530
2025-11-06,12,99221
2025-11-06,13,100329
2025-11-06,14,93416
2025-11-06,15,97176
2025-11-06,16,138315
2025-11-06,17,208943
2025-11-06,18,282245
2025-11-06,19,177287
2025-11-06,20,110148
2025-11-06,21,105575
2025-11-06,22,79836
2025-11-06,23,28163
2025-11-07,0,17930
2025-11-07,1,597
2025-11-07,5,45
2025-11-07,6,35087
2025-11-07,7,162169
2025-11-07,8,270235
2025-11-07,9,152512
2025-11-07,10,99304
2025-11-07,11,98943
2025-11-07,12,108856
2025-11-07,13,113835
2025-11-07,14,104406
2025-11-07,15,110454
2025-11-07,16,156172
2025-11-07,17,227006
2025-11-07,18,298756
2025-11-07,19,195011
2025-11-07,20,123194
2025-11-07,21,122867
2025-11-07,22,104415
2025-11-07,23,43368
2025-11-08,0,18459
2025-11-08,1,620
2025-11-08,5,39
2025-11-08,6,23962
2025-11-08,7,58887
2025-11-08,8,85165
2025-11-08,9,104238
2025-11-08,10,117428
2025-11-08,11,132269
2025-11-08,12,141467
2025-11-08,13,151522
2025-11-08,14,147682
2025-11-08,15,151478
2025-11-08,16,166174
2025-11-08,17,197752
2025-11-08,18,175482
2025-11-08,19,129086
2025-11-08,20,110603
2025-11-08,21,110945
2025-11-08,22,94872
2025-11-08,23,42098
2025-11-09,0,10401
2025-11-09,1,287
2025-11-09,5,53
2025-11-09,6,18649
2025-11-09,7,36109
2025-11-09,8,62212
2025-11-09,9,83054
2025-11-09,10,97974
2025-11-09,11,115919
2025-11-09,12,117839
2025-11-09,13,130939
2025-11-09,14,131272
2025-11-09,15,131219
2025-11-09,16,146691
2025-11-09,17,167085
2025-11-09,18,137938
2025-11-09,19,103622
2025-11-09,20,93091
2025-11-09,21,87380
2025-11-09,22,63819
2025-11-09,23,27101
2025-11-10,0,8796
2025-11-10,1,318
2025-11-10,5,40
2025-11-10,6,34099
2025-11-10,7,154027
2025-11-10,8,272930
2025-11-10,9,159610
2025-11-10,10,95408
2025-11-10,11,87215
2025-11-10,12,95043
2025-11-10,13,96349
2025-11-10,14,87603
2025-11-10,15,91900
2025-11-10,16,127562
2025-11-10,17,195352
2025-11-10,18,277240
2025-11-10,19,179197
2025-11-10,20,105074
2025-11-10,21,92880
2025-11-10,22,69567
2025-11-10,23,23281
2025-11-11,0,9087
2025-11-11,1,285
2025-11-11,5,43
2025-11-11,6,29866
2025-11-11,7,154193
2025-11-11,8,268944
2025-11-11,9,146909
2025-11-11,10,84208
2025-11-11,11,75227
2025-11-11,12,83570
2025-11-11,13,83455
2025-11-11,14,74392
2025-11-11,15,79922
2025-11-11,16,119991
2025-11-11,17,188259
2025-11-11,18,265222
2025-11-11,19,167730
2025-11-11,20,97261
2025-11-11,21,90256
2025-11-11,22,69817
2025-11-11,23,22978
2025-11-12,0,9510
2025-11-12,1,326
2025-11-12,5,32
2025-11-12,6,31923
2025-11-12,7,158124
2025-11-12,8,269302
2025-11-12,9,143999
2025-11-12,10,85797
2025-11-12,11,80212
2025-11-12,12,92503
2025-11-12,13,93308
2025-11-12,14,84519
2025-11-12,15,89395
2025-11-12,16,127195
2025-11-12,17,196930
2025-11-12,18,271865
2025-11-12,19,171109
2025-11-12,20,102474
2025-11-12,21,97914
2025-11-12,22,72959
2025-11-12,23,24638
2025-11-13,0,10926
2025-11-13,1,389
2025-11-13,5,39
2025-11-13,6,33384
2025-11-13,7,158523
2025-11-13,8,279452
2025-11-13,9,158745
2025-11-13,10,92092
2025-11-13,11,83425
2025-11-13,12,92355
2025-11-13,13,93652
2025-11-13,14,83965
2025-11-13,15,90416
2025-11-13,16,131638
2025-11-13,17,204751
2025-11-13,18,284789
2025-11-13,19,183285
2025-11-13,20,110651
2025-11-13,21,106793
2025-11-13,22,83806
2025-11-13,23,28412
2025-11-14,0,28415
2025-11-14,1,766
2025-11-14,5,39
2025-11-14,6,34480
2025-11-14,7,159117
2025-11-14,8,271609
2025-11-14,9,155785
2025-11-14,10,106127
2025-11-14,11,103091
2025-11-14,12,114004
2025-11-14,13,120389
2025-11-14,14,112439
2025-11-14,15,121010
2025-11-14,16,166806
2025-11-14,17,237982
2025-11-14,18,312506
2025-11-14,19,200544
2025-11-14,20,125712
2025-11-14,21,128296
2025-11-14,22,110570
2025-11-14,23,53883
2025-11-15,0,20255
2025-11-15,1,680
2025-11-15,5,53
2025-11-15,6,22387
2025-11-15,7,51333
2025-11-15,8,84328
2025-11-15,9,103721
2025-11-15,10,120994
2025-11-15,11,141506
2025-11-15,12,147792
2025-11-15,13,162460
2025-11-15,14,157945
2025-11-15,15,162823
2025-11-15,16,179420
2025-11-15,17,213805
2025-11-15,18,188464
2025-11-15,19,135450
2025-11-15,20,115129
2025-11-15,21,117393
2025-11-15,22,115083
2025-11-15,23,53846
2025-11-16,0,11571
2025-11-16,1,325
2025-11-16,5,39
2025-11-16,6,18753
2025-11-16,7,36644
2025-11-16,8,65715
2025-11-16,9,85213
2025-11-16,10,103881
2025-11-16,11,127613
2025-11-16,12,131805
2025-11-16,13,147039
2025-11-16,14,148724
2025-11-16,15,148831
2025-11-16,16,158571
2025-11-16,17,173610
2025-11-16,18,155152
2025-11-16,19,117675
2025-11-16,20,110687
2025-11-16,21,105523
2025-11-16,22,70144
2025-11-16,23,30320
2025-11-17,0,9405
2025-11-17,1,294
2025-11-17,5,46
2025-11-17,6,35182
2025-11-17,7,157958
2025-11-17,8,268003
2025-11-17,9,154099
2025-11-17,10,99056
2025-11-17,11,93087
2025-11-17,12,99551
2025-11-17,13,103294
2025-11-17,14,93354
2025-11-17,15,96050
2025-11-17,16,135931
2025-11-17,17,202449
2025-11-17,18,277607
2025-11-17,19,178085
2025-11-17,20,104540
2025-11-17,21,95707
2025-11-17,22,70906
2025-11-17,23,24819
2025-11-18,0,9933
2025-11-18,1,325
2025-11-18,5,45
2025-11-18,6,34508
2025-11-18,7,161784
2025-11-18,8,281601
2025-11-18,9,162917
2025-11-18,10,94707
2025-11-18,11,85381
2025-11-18,12,92882
2025-11-18,13,94926
2025-11-18,14,87503
2025-11-18,15,90951
2025-11-18,16,134799
2025-11-18,17,205739
2025-11-18,18,280991
2025-11-18,19,179485
2025-11-18,20,107516
2025-11-18,21,104264
2025-11-18,22,76176
2025-11-18,23,26304
2025-11-19,0,10843
2025-11-19,1,365
2025-11-19,5,33
2025-11-19,6,33540
2025-11-19,7,160475
2025-11-19,8,276882
2025-11-19,9,156654
2025-11-19,10,93612
2025-11-19,11,87433
2025-11-19,12,98663
2025-11-19,13,99172
2025-11-19,14,89755
2025-11-19,15,94254
2025-11-19,16,135317
2025-11-19,17,206974
2025-11-19,18,280833
2025-11-19,19,176808
2025-11-19,20,109610
2025-11-19,21,108546
2025-11-19,22,80785
2025-11-19,23,28749
2025-11-20,0,11431
2025-11-20,1,383
2025-11-20,5,49
2025-11-20,6,34365
2025-11-20,7,160604
2025-11-20,8,275819
2025-11-20,9,157017
2025-11-20,10,97104
2025-11-20,11,90519
2025-11-20,12,97808
2025-11-20,13,101429
2025-11-20,14,91887
2025-11-20,15,97370
2025-11-20,16,142093
2025-11-20,17,211261
2025-11-20,18,281858
2025-11-20,19,178907
2025-11-20,20,110538
2025-11-20,21,109009
2025-11-20,22,83018
2025-11-20,23,29317
2025-11-21,0,19272
2025-11-21,1,676
2025-11-21,5,34
2025-11-21,6,34201
2025-11-21,7,158200
2025-11-21,8,262461
2025-11-21,9,149188
2025-11-21,10,100201
2025-11-21,11,97807
2025-11-21,12,108928
2025-11-21,13,113891
2025-11-21,14,105464
2025-11-21,15,111825
2025-11-21,16,157263
2025-11-21,17,227730
2025-11-21,18,300412
2025-11-21,19,190780
2025-11-21,20,123550
2025-11-21,21,125350
2025-11-21,22,107462
2025-11-21,23,45900
2025-11-22,0,20528
2025-11-22,1,631
2025-11-22,5,48
2025-11-22,6,21903
2025-11-22,7,48403
2025-11-22,8,77591
2025-11-22,9,96643
2025-11-22,10,108863
2025-11-22,11,129570
2025-11-22,12,137109
2025-11-22,13,149112
2025-11-22,14,149780
2025-11-22,15,145115
2025-11-22,16,157507
2025-11-22,17,192125
2025-11-22,18,166786
2025-11-22,19,123941
2025-11-22,20,108528
2025-11-22,21,112406
2025-11-22,22,99549
2025-11-22,23,55518
2025-11-23,0,12620
2025-11-23,1,384
2025-11-23,5,30
2025-11-23,6,18423
2025-11-23,7,34151
2025-11-23,8,58125
2025-11-23,9,77819
2025-11-23,10,93688
2025-11-23,11,112827
2025-11-23,12,113108
2025-11-23,13,124860
2025-11-23,14,129157
2025-11-23,15,129557
2025-11-23,16,140908
2025-11-23,17,161755
2025-11-23,18,137812
2025-11-23,19,111262
2025-11-23,20,99259
2025-11-23,21,90379
2025-11-23,22,65283
2025-11-23,23,29062
2025-11-24,0,9144
2025-11-24,1,353
2025-11-24,5,35
2025-11-24,6,35081
2025-11-24,7,158223
2025-11-24,8,264361
2025-11-24,9,149540
2025-11-24,10,96191
2025-11-24,11,90721
2025-11-24,12,96532
2025-11-24,13,98525
2025-11-24,14,90271
2025-11-24,15,95275
2025-11-24,16,132601
2025-11-24,17,199554
2025-11-24,18,270526
2025-11-24,19,171873
2025-11-24,20,104140
2025-11-24,21,96471
2025-11-24,22,68716
2025-11-24,23,23951
2025-11-25,0,9715
2025-11-25,1,344
2025-11-25,5,42
2025-11-25,6,34070
2025-11-25,7,161938
2025-11-25,8,277539
2025-11-25,9,156915
2025-11-25,10,96051
2025-11-25,11,88314
2025-11-25,12,96529
2025-11-25,13,98898
2025-11-25,14,89847
2025-11-25,15,96346
2025-11-25,16,138087
2025-11-25,17,205234
2025-11-25,18,277985
2025-11-25,19,175162
2025-11-25,20,106690
2025-11-25,21,103301
2025-11-25,22,74198
2025-11-25,23,25468
2025-11-26,0,10907
2025-11-26,1,364
2025-11-26,5,36
2025-11-26,6,34209
2025-11-26,7,163275
2025-11-26,8,274148
2025-11-26,9,155153
2025-11-26,10,96767
2025-11-26,11,91343
2025-11-26,12,102552
2025-11-26,13,105548
2025-11-26,14,94292
2025-11-26,15,99719
2025-11-26,16,139052
2025-11-26,17,211003
2025-11-26,18,282777
2025-11-26,19,180845
2025-11-26,20,111029
2025-11-26,21,112018
2025-11-26,22,83471
2025-11-26,23,29016
2025-11-27,0,11263
2025-11-27,1,338
2025-11-27,5,35
2025-11-27,6,34296
2025-11-27,7,160546
2025-11-27,8,274379
2025-11-27,9,155151
2025-11-27,10,97853
2025-11-27,11,92932
2025-11-27,12,99522
2025-11-27,13,103192
2025-11-27,14,93927
2025-11-27,15,98146
2025-11-27,16,140402
2025-11-27,17,210390
2025-11-27,18,283586
2025-11-27,19,178015
2025-11-27,20,111494
2025-11-27,21,110490
2025-11-27,22,83830
2025-11-27,23,30808
2025-11-28,0,19251
2025-11-28,1,604
2025-11-28,5,39
2025-11-28,6,34292
2025-11-28,7,157996
2025-11-28,8,266114
2025-11-28,9,150700
2025-11-28,10,100684
2025-11-28,11,99402
2025-11-28,12,110917
2025-11-28,13,116568
2025-11-28,14,106504
2025-11-28,15,113211
2025-11-28,16,160814
2025-11-28,17,229403
2025-11-28,18,299425
2025-11-28,19,194568
2025-11-28,20,125347
2025-11-28,21,126548
2025-11-28,22,107850
2025-11-28,23,47952
2025-11-29,0,19584
2025-11-29,1,626
2025-11-29,5,47
2025-11-29,6,21982
2025-11-29,7,47546
2025-11-29,8,75272
2025-11-29,9,97503
2025-11-29,10,113507
2025-11-29,11,134259
2025-11-29,12,141424
2025-11-29,13,151073
2025-11-29,14,146451
2025-11-29,15,150830
2025-11-29,16,168955
2025-11-29,17,200140
2025-11-29,18,177992
2025-11-29,19,133043
2025-11-29,20,114392
2025-11-29,21,115444
2025-11-29,22,102881
2025-11-29,23,47511
2025-11-30,0,11145
2025-11-30,1,335
2025-11-30,5,39
2025-11-30,6,17397
2025-11-30,7,32704
2025-11-30,8,56896
2025-11-30,9,76777
2025-11-30,10,94484
2025-11-30,11,116959
2025-11-30,12,117219
2025-11-30,13,128614
2025-11-30,14,133082
2025-11-30,15,144534
2025-11-30,16,151962
2025-11-30,17,162295
2025-11-30,18,131944
2025-11-30,19,102205
2025-11-30,20,92855
2025-11-30,21,85884
2025-11-30,22,67932
2025-11-30,23,29462
2025-12-01,0,9040
2025-12-01,1,293
2025-12-01,5,45
2025-12-01,6,34282
2025-12-01,7,158192
2025-12-01,8,270306
2025-12-01,9,155513
2025-12-01,10,92143
2025-12-01,11,84953
2025-12-01,12,92144
2025-12-01,13,93490
2025-12-01,14,85706
2025-12-01,15,89450
2025-12-01,16,129877
2025-12-01,17,195440
2025-12-01,18,269756
2025-12-01,19,174428
2025-12-01,20,103129
2025-12-01,21,93842
2025-12-01,22,68034
2025-12-01,23,24152
2025-12-02,0,9590
2025-12-02,1,303
2025-12-02,5,35
2025-12-02,6,34330
2025-12-02,7,162904
2025-12-02,8,277450
2025-12-02,9,154503
2025-12-02,10,96438
2025-12-02,11,87426
2025-12-02,12,95019
2025-12-02,13,98070
2025-12-02,14,88924
2025-12-02,15,93865
2025-12-02,16,137260
2025-12-02,17,200751
2025-12-02,18,274715
2025-12-02,19,174983
2025-12-02,20,106096
2025-12-02,21,98987
2025-12-02,22,73231
2025-12-02,23,25259
2025-12-03,0,10154
2025-12-03,1,315
2025-12-03,5,40
2025-12-03,6,33293
2025-12-03,7,160084
2025-12-03,8,276982
2025-12-03,9,161455
2025-12-03,10,94327
2025-12-03,11,85486
2025-12-03,12,96645
2025-12-03,13,97006
2025-12-03,14,87092
2025-12-03,15,92338
2025-12-03,16,138538
2025-12-03,17,202819
2025-12-03,18,277249
2025-12-03,19,179694
2025-12-03,20,109094
2025-12-03,21,104901
2025-12-03,22,79334
2025-12-03,23,27268
2025-12-04,0,11046
2025-12-04,1,337
2025-12-04,5,52
2025-12-04,6,34358
2025-12-04,7,160247
2025-12-04,8,275821
2025-12-04,9,158507
2025-12-04,10,98987
2025-12-04,11,89648
2025-12-04,12,98088
2025-12-04,13,101987
2025-12-04,14,93242
2025-12-04,15,98598
2025-12-04,16,139020
2025-12-04,17,209315
2025-12-04,18,284502
2025-12-04,19,181355
2025-12-04,20,111716
2025-12-04,21,109137
2025-12-04,22,83221
2025-12-04,23,29442
2025-12-05,0,19456
2025-12-05,1,596
2025-12-05,5,40
2025-12-05,6,34219
2025-12-05,7,155959
2025-12-05,8,267825
2025-12-05,9,152607
2025-12-05,10,101903
2025-12-05,11,97899
2025-12-05,12,109610
2025-12-05,13,115057
2025-12-05,14,106151
2025-12-05,15,113179
2025-12-05,16,157993
2025-12-05,17,232018
2025-12-05,18,304184
2025-12-05,19,198255
2025-12-05,20,125465
2025-12-05,21,128297
2025-12-05,22,110788
2025-12-05,23,47578
2025-12-06,0,21495
2025-12-06,1,701
2025-12-06,5,44
2025-12-06,6,21755
2025-12-06,7,49495
2025-12-06,8,81043
2025-12-06,9,101806
2025-12-06,10,118980
2025-12-06,11,138050
2025-12-06,12,148549
2025-12-06,13,160131
2025-12-06,14,155473
2025-12-06,15,159000
2025-12-06,16,177740
2025-12-06,17,209532
2025-12-06,18,183299
2025-12-06,19,135640
2025-12-06,20,116005
2025-12-06,21,118827
2025-12-06,22,113571
2025-12-06,23,54250
2025-12-07,0,11533
2025-12-07,1,364
2025-12-07,5,46
2025-12-07,6,17533
2025-12-07,7,35261
2025-12-07,8,63929
2025-12-07,9,81471
2025-12-07,10,99131
2025-12-07,11,121590
2025-12-07,12,126382
2025-12-07,13,140903
2025-12-07,14,141232
2025-12-07,15,142210
2025-12-07,16,150793
2025-12-07,17,174574
2025-12-07,18,151321
2025-12-07,19,115422
2025-12-07,20,104266
2025-12-07,21,93437
2025-12-07,22,67475
2025-12-07,23,29370
2025-12-08,0,8687
2025-12-08,1,283
2025-12-08,5,35
2025-12-08,6,33784
2025-12-08,7,153008
2025-12-08,8,267133
2025-12-08,9,152690
2025-12-08,10,96829
2025-12-08,11,90479
2025-12-08,12,96711
2025-12-08,13,99455
2025-12-08,14,91070
2025-12-08,15,95074
2025-12-08,16,133316
2025-12-08,17,198374
2025-12-08,18,273063
2025-12-08,19,176092
2025-12-08,20,104106
2025-12-08,21,94080
2025-12-08,22,68768
2025-12-08,23,23388
2025-12-09,0,9869
2025-12-09,1,344
2025-12-09,5,31
2025-12-09,6,33511
2025-12-09,7,161344
2025-12-09,8,279693
2025-12-09,9,161715
2025-12-09,10,95942
2025-12-09,11,86871
2025-12-09,12,93840
2025-12-09,13,96058
2025-12-09,14,87567
2025-12-09,15,93426
2025-12-09,16,134175
2025-12-09,17,205712
2025-12-09,18,280225
2025-12-09,19,179710
2025-12-09,20,108286
2025-12-09,21,102704
2025-12-09,22,75766
2025-12-09,23,26062
2025-12-10,0,10575
2025-12-10,1,365
2025-12-10,5,39
2025-12-10,6,34249
2025-12-10,7,162373
2025-12-10,8,276152
2025-12-10,9,157777
2025-12-10,10,100247
2025-12-10,11,94130
2025-12-10,12,103555
2025-12-10,13,104952
2025-12-10,14,96234
2025-12-10,15,100382
2025-12-10,16,141099
2025-12-10,17,211220
2025-12-10,18,284120
2025-12-10,19,181920
2025-12-10,20,113677
2025-12-10,21,111462
2025-12-10,22,83072
2025-12-10,23,28295
2025-12-11,0,11205
2025-12-11,1,385
2025-12-11,5,37
2025-12-11,6,34615
2025-12-11,7,161078
2025-12-11,8,274383
2025-12-11,9,158244
2025-12-11,10,102354
2025-12-11,11,94685
2025-12-11,12,101528
2025-12-11,13,103759
2025-12-11,14,96662
2025-12-11,15,101922
2025-12-11,16,142383
2025-12-11,17,212141
2025-12-11,18,286347
2025-12-11,19,180222
2025-12-11,20,114321
2025-12-11,21,112517
2025-12-11,22,84254
2025-12-11,23,29942
2025-12-12,0,18301
2025-12-12,1,698
2025-12-12,5,35
2025-12-12,6,33887
2025-12-12,7,155610
2025-12-12,8,265391
2025-12-12,9,150978
2025-12-12,10,103457
2025-12-12,11,100076
2025-12-12,12,111288
2025-12-12,13,114209
2025-12-12,14,106315
2025-12-12,15,111054
2025-12-12,16,158695
2025-12-12,17,233258
2025-12-12,18,304803
2025-12-12,19,195326
2025-12-12,20,124442
2025-12-12,21,127894
2025-12-12,22,112684
2025-12-12,23,47036
2025-12-13,0,19605
2025-12-13,1,626
2025-12-13,5,54
2025-12-13,6,21868
2025-12-13,7,43733
2025-12-13,8,74492
2025-12-13,9,95663
2025-12-13,10,114046
2025-12-13,11,134130
2025-12-13,12,141281
2025-12-13,13,149137
2025-12-13,14,143881
2025-12-13,15,144270
2025-12-13,16,164185
2025-12-13,17,195910
2025-12-13,18,166787
2025-12-13,19,123262
2025-12-13,20,106216
2025-12-13,21,114488
2025-12-13,22,101620
2025-12-13,23,48187
2025-12-14,0,11521
2025-12-14,1,294
2025-12-14,5,35
2025-12-14,6,16999
2025-12-14,7,32312
2025-12-14,8,57915
2025-12-14,9,79352
2025-12-14,10,97269
2025-12-14,11,120719
2025-12-14,12,124456
2025-12-14,13,137328
2025-12-14,14,140146
2025-12-14,15,140219
2025-12-14,16,156634
2025-12-14,17,178088
2025-12-14,18,146687
2025-12-14,19,114508
2025-12-14,20,103174
2025-12-14,21,96652
2025-12-14,22,72927
2025-12-14,23,30322
2025-12-15,0,9475
2025-12-15,1,314
2025-12-15,5,42
2025-12-15,6,34001
2025-12-15,7,154663
2025-12-15,8,264974
2025-12-15,9,151231
2025-12-15,10,95053
2025-12-15,11,90750
2025-12-15,12,96041
2025-12-15,13,98230
2025-12-15,14,91588
2025-12-15,15,95912
2025-12-15,16,133445
2025-12-15,17,200367
2025-12-15,18,271882
2025-12-15,19,174596
2025-12-15,20,105472
2025-12-15,21,97794
2025-12-15,22,71695
2025-12-15,23,25293
2025-12-16,0,9864
2025-12-16,1,358
2025-12-16,5,44
2025-12-16,6,33918
2025-12-16,7,158686
2025-12-16,8,276040
2025-12-16,9,161093
2025-12-16,10,99863
2025-12-16,11,93573
2025-12-16,12,98132
2025-12-16,13,100425
2025-12-16,14,93317
2025-12-16,15,98737
2025-12-16,16,138699
2025-12-16,17,207257
2025-12-16,18,281472
2025-12-16,19,178860
2025-12-16,20,110015
2025-12-16,21,105656
2025-12-16,22,77872
2025-12-16,23,26807
2025-12-17,0,10506
2025-12-17,1,335
2025-12-17,5,50
2025-12-17,6,33846
2025-12-17,7,158670
2025-12-17,8,273665
2025-12-17,9,157753
2025-12-17,10,99289
2025-12-17,11,95134
2025-12-17,12,102652
2025-12-17,13,103468
2025-12-17,14,95309
2025-12-17,15,100108
2025-12-17,16,138554
2025-12-17,17,209712
2025-12-17,18,282239
2025-12-17,19,179250
2025-12-17,20,112742
2025-12-17,21,112227
2025-12-17,22,81646
2025-12-17,23,28590
2025-12-18,0,11650
2025-12-18,1,395
2025-12-18,5,44
2025-12-18,6,33879
2025-12-18,7,157245
2025-12-18,8,273836
2025-12-18,9,159227
2025-12-18,10,102324
2025-12-18,11,96006
2025-12-18,12,101135
2025-12-18,13,104090
2025-12-18,14,98052
2025-12-18,15,104571
2025-12-18,16,144534
2025-12-18,17,213522
2025-12-18,18,284440
2025-12-18,19,178231
2025-12-18,20,115165
2025-12-18,21,114475
2025-12-18,22,86666
2025-12-18,23,30786
2025-12-19,0,18073
2025-12-19,1,671
2025-12-19,5,41
2025-12-19,6,33134
2025-12-19,7,153983
2025-12-19,8,264855
2025-12-19,9,150803
2025-12-19,10,102769
2025-12-19,11,101323
2025-12-19,12,111369
2025-12-19,13,115419
2025-12-19,14,109327
2025-12-19,15,116361
2025-12-19,16,163221
2025-12-19,17,222385
2025-12-19,18,293982
2025-12-19,19,186048
2025-12-19,20,118241
2025-12-19,21,127536
2025-12-19,22,111294
2025-12-19,23,46215
2025-12-20,0,18102
2025-12-20,1,597
2025-12-20,5,47
2025-12-20,6,21707
2025-12-20,7,44760
2025-12-20,8,73325
2025-12-20,9,92719
2025-12-20,10,106791
2025-12-20,11,129394
2025-12-20,12,131195
2025-12-20,13,140873
2025-12-20,14,135871
2025-12-20,15,138818
2025-12-20,16,152733
2025-12-20,17,183957
2025-12-20,18,161006
2025-12-20,19,118671
2025-12-20,20,103319
2025-12-20,21,105193
2025-12-20,22,92431
2025-12-20,23,46185
2025-12-21,0,10520
2025-12-21,1,254
2025-12-21,5,9559
2025-12-21,6,20801
2025-12-21,7,34983
2025-12-21,8,59890
2025-12-21,9,80016
2025-12-21,10,94818
2025-12-21,11,113799
2025-12-21,12,114636
2025-12-21,13,123973
2025-12-21,14,125549
2025-12-21,15,125190
2025-12-21,16,132024
2025-12-21,17,151674
2025-12-21,18,127049
2025-12-21,19,100871
2025-12-21,20,91248
2025-12-21,21,85828
2025-12-21,22,63287
2025-12-21,23,27110
2025-12-22,0,9565
2025-12-22,1,301
2025-12-22,5,38
2025-12-22,6,33730
2025-12-22,7,153742
2025-12-22,8,262318
2025-12-22,9,148611
2025-12-22,10,94595
2025-12-22,11,91239
2025-12-22,12,93617
2025-12-22,13,93199
2025-12-22,14,88183
2025-12-22,15,93708
2025-12-22,16,132072
2025-12-22,17,196833
2025-12-22,18,267926
2025-12-22,19,168988
2025-12-22,20,104912
2025-12-22,21,98381
2025-12-22,22,72981
2025-12-22,23,24901
2025-12-23,0,10792
2025-12-23,1,370
2025-12-23,5,42
2025-12-23,6,33817
2025-12-23,7,156842
2025-12-23,8,271046
2025-12-23,9,155717
2025-12-23,10,99276
2025-12-23,11,95349
2025-12-23,12,98901
2025-12-23,13,101890
2025-12-23,14,96133
2025-12-23,15,100787
2025-12-23,16,138814
2025-12-23,17,207580
2025-12-23,18,277373
2025-12-23,19,178370
2025-12-23,20,112710
2025-12-23,21,110477
2025-12-23,22,82346
2025-12-23,23,29132
2025-12-24,0,21261
2025-12-24,1,722
2025-12-24,5,37
2025-12-24,6,33217
2025-12-24,7,155777
2025-12-24,8,265567
2025-12-24,9,148853
2025-12-24,10,99033
2025-12-24,11,98333
2025-12-24,12,105252
2025-12-24,13,106906
2025-12-24,14,102523
2025-12-24,15,108010
2025-12-24,16,148765
2025-12-24,17,217140
2025-12-24,18,298689
2025-12-24,19,198182
2025-12-24,20,125304
2025-12-24,21,126267
2025-12-24,22,110518
2025-12-24,23,47916
2025-12-25,0,14884
2025-12-25,1,478
2025-12-25,5,36
2025-12-25,6,16298
2025-12-25,7,30078
2025-12-25,8,42206
2025-12-25,9,60792
2025-12-25,10,84970
2025-12-25,11,112641
2025-12-25,12,108214
2025-12-25,13,116616
2025-12-25,14,124646
2025-12-25,15,125768
2025-12-25,16,141598
2025-12-25,17,163116
2025-12-25,18,136784
2025-12-25,19,109085
2025-12-25,20,93879
2025-12-25,21,94240
2025-12-25,22,80439
2025-12-25,23,35076
2025-12-26,0,18006
2025-12-26,1,561
2025-12-26,5,42
2025-12-26,6,31816
2025-12-26,7,141978
2025-12-26,8,238682
2025-12-26,9,136486
2025-12-26,10,100111
2025-12-26,11,104766
2025-12-26,12,109835
2025-12-26,13,116296
2025-12-26,14,110279
2025-12-26,15,114166
2025-12-26,16,155848
2025-12-26,17,223550
2025-12-26,18,284939
2025-12-26,19,183489
2025-12-26,20,118396
2025-12-26,21,120847
2025-12-26,22,103460
2025-12-26,23,48087
2025-12-27,0,16555
2025-12-27,1,541
2025-12-27,5,35
2025-12-27,6,18430
2025-12-27,7,37162
2025-12-27,8,63483
2025-12-27,9,82743
2025-12-27,10,99838
2025-12-27,11,122480
2025-12-27,12,125652
2025-12-27,13,134339
2025-12-27,14,132024
2025-12-27,15,136421
2025-12-27,16,151445
2025-12-27,17,173652
2025-12-27,18,155602
2025-12-27,19,119043
2025-12-27,20,104298
2025-12-27,21,105879
2025-12-27,22,93553
2025-12-27,23,45388
2025-12-28,0,10925
2025-12-28,1,306
2025-12-28,5,38
2025-12-28,6,15630
2025-12-28,7,28122
2025-12-28,8,50132
2025-12-28,9,66991
2025-12-28,10,85316
2025-12-28,11,108638
2025-12-28,12,108247
2025-12-28,13,117527
2025-12-28,14,120680
2025-12-28,15,122289
2025-12-28,16,130369
2025-12-28,17,148220
2025-12-28,18,127323
2025-12-28,19,101596
2025-12-28,20,93190
2025-12-28,21,87767
2025-12-28,22,64354
2025-12-28,23,27481
2025-12-29,0,10314
2025-12-29,1,339
2025-12-29,5,28
2025-12-29,6,33756
2025-12-29,7,151739
2025-12-29,8,256161
2025-12-29,9,151935
2025-12-29,10,97650
2025-12-29,11,96354
2025-12-29,12,98828
2025-12-29,13,99977
2025-12-29,14,98019
2025-12-29,15,102469
2025-12-29,16,139059
2025-12-29,17,202418
2025-12-29,18,272481
2025-12-29,19,175782
2025-12-29,20,111104
2025-12-29,21,104085
2025-12-29,22,76172
2025-12-29,23,26805
2025-12-30,0,12917
2025-12-30,1,372
2025-12-30,5,54
2025-12-30,6,32753
2025-12-30,7,154107
2025-12-30,8,265271
2025-12-30,9,154606
2025-12-30,10,100285
2025-12-30,11,100105
2025-12-30,12,102361
2025-12-30,13,106331
2025-12-30,14,102991
2025-12-30,15,108878
2025-12-30,16,148550
2025-12-30,17,214258
2025-12-30,18,285743
2025-12-30,19,182403
2025-12-30,20,115650
2025-12-30,21,111231
2025-12-30,22,87181
2025-12-30,23,40269
2025-12-31,0,64515
2025-12-31,1,107103
2025-12-31,5,56
2025-12-31,6,32700
2025-12-31,7,151694
2025-12-31,8,255361
2025-12-31,9,143167
2025-12-31,10,100260
2025-12-31,11,102394
2025-12-31,12,113565
2025-12-31,13,116634
2025-12-31,14,114493
2025-12-31,15,127736
2025-12-31,16,181097
2025-12-31,17,253408
2025-12-31,18,312575
2025-12-31,19,222567
2025-12-31,20,143141
2025-12-31,21,140417
2025-12-31,22,144843
2025-12-31,23,98716
2026-01-01,0,10940
2026-01-01,1,337
2026-01-01,2,53942
2026-01-01,3,26557
2026-01-01,4,18066
2026-01-01,5,14434
2026-01-01,6,24504
2026-01-01,7,35168
2026-01-01,8,42907
2026-01-01,9,50508
2026-01-01,10,69585
2026-01-01,11,94581
2026-01-01,12,95138
2026-01-01,13,102072
2026-01-01,14,111330
2026-01-01,15,114783
2026-01-01,16,124755
2026-01-01,17,137886
2026-01-01,18,122298
2026-01-01,19,94479
2026-01-01,20,82811
2026-01-01,21,77553
2026-01-01,22,63658
2026-01-01,23,33598
2026-01-02,0,16183
2026-01-02,1,598
2026-01-02,5,40
2026-01-02,6,31147
2026-01-02,7,141555
2026-01-02,8,239793
2026-01-02,9,130364
2026-01-02,10,92812
2026-01-02,11,95647
2026-01-02,12,100059
2026-01-02,13,104027
2026-01-02,14,103269
2026-01-02,15,106779
2026-01-02,16,145510
2026-01-02,17,204901
2026-01-02,18,269290
2026-01-02,19,173592
2026-01-02,20,111365
2026-01-02,21,109354
2026-01-02,22,94364
2026-01-02,23,39108
2026-01-03,0,16018
2026-01-03,1,553
2026-01-03,5,39
2026-01-03,6,16901
2026-01-03,7,34944
2026-01-03,8,59904
2026-01-03,9,80378
2026-01-03,10,97667
2026-01-03,11,117778
2026-01-03,12,122846
2026-01-03,13,132549
2026-01-03,14,131605
2026-01-03,15,132241
2026-01-03,16,144287
2026-01-03,17,168291
2026-01-03,18,146992
2026-01-03,19,112770
2026-01-03,20,101242
2026-01-03,21,97706
2026-01-03,22,83162
2026-01-03,23,37481
2026-01-04,0,10146
2026-01-04,1,304
2026-01-04,5,35
2026-01-04,6,15125
2026-01-04,7,27571
2026-01-04,8,46395
2026-01-04,9,64931
2026-01-04,10,82767
2026-01-04,11,102450
2026-01-04,12,104486
2026-01-04,13,113670
2026-01-04,14,119393
2026-01-04,15,120095
2026-01-04,16,126246
2026-01-04,17,143763
2026-01-04,18,124355
2026-01-04,19,97861
2026-01-04,20,87499
2026-01-04,21,79430
2026-01-04,22,56484
2026-01-04,23,24506
2026-01-05,0,8955
2026-01-05,1,295
2026-01-05,5,38
2026-01-05,6,33532
2026-01-05,7,151073
2026-01-05,8,266175
2026-01-05,9,147338
2026-01-05,10,89920
2026-01-05,11,85973
2026-01-05,12,89102
2026-01-05,13,91401
2026-01-05,14,88292
2026-01-05,15,90380
2026-01-05,16,125900
2026-01-05,17,191435
2026-01-05,18,264498
2026-01-05,19,177273
2026-01-05,20,104861
2026-01-05,21,93287
2026-01-05,22,66225
2026-01-05,23,23336
2026-01-06,0,9305
2026-01-06,1,292
2026-01-06,5,37
2026-01-06,6,32102
2026-01-06,7,149201
2026-01-06,8,269782
2026-01-06,9,153586
2026-01-06,10,90842
2026-01-06,11,87965
2026-01-06,12,91570
2026-01-06,13,93232
2026-01-06,14,90854
2026-01-06,15,91946
2026-01-06,16,127356
2026-01-06,17,192925
2026-01-06,18,270013
2026-01-06,19,180651
2026-01-06,20,106954
2026-01-06,21,100093
2026-01-06,22,70159
2026-01-06,23,24860
2026-01-07,0,10016
2026-01-07,1,325
2026-01-07,5,37
2026-01-07,6,32289
2026-01-07,7,147655
2026-01-07,8,271661
2026-01-07,9,150092
2026-01-07,10,90964
2026-01-07,11,88837
2026-01-07,12,93448
2026-01-07,13,95396
2026-01-07,14,90587
2026-01-07,15,92255
2026-01-07,16,128143
2026-01-07,17,194533
2026-01-07,18,272660
2026-01-07,19,179356
2026-01-07,20,108991
2026-01-07,21,105321
2026-01-07,22,76877
2026-01-07,23,26628
2026-01-08,0,10601
2026-01-08,1,357
2026-01-08,5,35
2026-01-08,6,32273
2026-01-08,7,149512
2026-01-08,8,269047
2026-01-08,9,149839
2026-01-08,10,91483
2026-01-08,11,87999
2026-01-08,12,92050
2026-01-08,13,95049
2026-01-08,14,91100
2026-01-08,15,93173
2026-01-08,16,128237
2026-01-08,17,195254
2026-01-08,18,273624
2026-01-08,19,180271
2026-01-08,20,110453
2026-01-08,21,108534
2026-01-08,22,78016
2026-01-08,23,27799
2026-01-09,0,18569
2026-01-09,1,654
2026-01-09,5,33
2026-01-09,6,32202
2026-01-09,7,147501
2026-01-09,8,259234
2026-01-09,9,149207
2026-01-09,10,96617
2026-01-09,11,96025
2026-01-09,12,99909
2026-01-09,13,104174
2026-01-09,14,100686
2026-01-09,15,104797
2026-01-09,16,145249
2026-01-09,17,214125
2026-01-09,18,290351
2026-01-09,19,190559
2026-01-09,20,121899
2026-01-09,21,126137
2026-01-09,22,106592
2026-01-09,23,43800
2026-01-10,0,26873
2026-01-10,1,845
2026-01-10,5,38
2026-01-10,6,18303
2026-01-10,7,40030
2026-01-10,8,67444
2026-01-10,9,86822
2026-01-10,10,106577
2026-01-10,11,127093
2026-01-10,12,130470
2026-01-10,13,144425
2026-01-10,14,141324
2026-01-10,15,147550
2026-01-10,16,160246
2026-01-10,17,181470
2026-01-10,18,153490
2026-01-10,19,113079
2026-01-10,20,98662
2026-01-10,21,102449
2026-01-10,22,86650
2026-01-10,23,50071
2026-01-11,0,10052
2026-01-11,1,288
2026-01-11,5,38
2026-01-11,6,16530
2026-01-11,7,30183
2026-01-11,8,51558
2026-01-11,9,71526
2026-01-11,10,87983
2026-01-11,11,110916
2026-01-11,12,109253
2026-01-11,13,118975
2026-01-11,14,121354
2026-01-11,15,123358
2026-01-11,16,131589
2026-01-11,17,147310
2026-01-11,18,124272
2026-01-11,19,97549
2026-01-11,20,87820
2026-01-11,21,82747
2026-01-11,22,60395
2026-01-11,23,25168
2026-01-12,0,9122
2026-01-12,1,306
2026-01-12,5,34
2026-01-12,6,32779
2026-01-12,7,148513
2026-01-12,8,263288
2026-01-12,9,143595
2026-01-12,10,88050
2026-01-12,11,85409
2026-01-12,12,88080
2026-01-12,13,90306
2026-01-12,14,86647
2026-01-12,15,88974
2026-01-12,16,126054
2026-01-12,17,186887
2026-01-12,18,258813
2026-01-12,19,169224
2026-01-12,20,101737
2026-01-12,21,92839
2026-01-12,22,64709
2026-01-12,23,23495
2026-01-13,0,9431
2026-01-13,1,312
2026-01-13,5,35
2026-01-13,6,32515
2026-01-13,7,148931
2026-01-13,8,270365
2026-01-13,9,148406
2026-01-13,10,91768
2026-01-13,11,88939
2026-01-13,12,90111
2026-01-13,13,95425
2026-01-13,14,90811
2026-01-13,15,91987
2026-01-13,16,130950
2026-01-13,17,191865
2026-01-13,18,268326
2026-01-13,19,173957
2026-01-13,20,106325
2026-01-13,21,101531
2026-01-13,22,70595
2026-01-13,23,25100
2026-01-14,0,10070
2026-01-14,1,364
2026-01-14,5,50
2026-01-14,6,32570
2026-01-14,7,150385
2026-01-14,8,266647
2026-01-14,9,145889
2026-01-14,10,92356
2026-01-14,11,90979
2026-01-14,12,94648
2026-01-14,13,97641
2026-01-14,14,92572
2026-01-14,15,93679
2026-01-14,16,131118
2026-01-14,17,194166
2026-01-14,18,270518
2026-01-14,19,175775
2026-01-14,20,108191
2026-01-14,21,104647
2026-01-14,22,73305
2026-01-14,23,25999
2026-01-15,0,10386
2026-01-15,1,381
2026-01-15,5,37
2026-01-15,6,32556
2026-01-15,7,151664
2026-01-15,8,264308
2026-01-15,9,148066
2026-01-15,10,92799
2026-01-15,11,92383
2026-01-15,12,94136
2026-01-15,13,98868
2026-01-15,14,93409
2026-01-15,15,96231
2026-01-15,16,133833
2026-01-15,17,195734
2026-01-15,18,267618
2026-01-15,19,174065
2026-01-15,20,109127
2026-01-15,21,107907
2026-01-15,22,74166
2026-01-15,23,27874
2026-01-16,0,17143
2026-01-16,1,566
2026-01-16,5,43
2026-01-16,6,33018
2026-01-16,7,149919
2026-01-16,8,258276
2026-01-16,9,143196
2026-01-16,10,98903
2026-01-16,11,100602
2026-01-16,12,108307
2026-01-16,13,111285
2026-01-16,14,108212
2026-01-16,15,114984
2026-01-16,16,147097
2026-01-16,17,210042
2026-01-16,18,277659
2026-01-16,19,178329
2026-01-16,20,116280
2026-01-16,21,122539
2026-01-16,22,101046
2026-01-16,23,41610
2026-01-17,0,16548
2026-01-17,1,485
2026-01-17,5,40
2026-01-17,6,19702
2026-01-17,7,40285
2026-01-17,8,69323
2026-01-17,9,87150
2026-01-17,10,108183
2026-01-17,11,135263
2026-01-17,12,127600
2026-01-17,13,135223
2026-01-17,14,135287
2026-01-17,15,150705
2026-01-17,16,154934
2026-01-17,17,177739
2026-01-17,18,156288
2026-01-17,19,114095
2026-01-17,20,99280
2026-01-17,21,104650
2026-01-17,22,86205
2026-01-17,23,39103
2026-01-18,0,9768
2026-01-18,1,295
2026-01-18,5,36
2026-01-18,6,15807
2026-01-18,7,32159
2026-01-18,8,56012
2026-01-18,9,70357
2026-01-18,10,90855
2026-01-18,11,111562
2026-01-18,12,109286
2026-01-18,13,120863
2026-01-18,14,129217
2026-01-18,15,121926
2026-01-18,16,129345
2026-01-18,17,153559
2026-01-18,18,129834
2026-01-18,19,107861
2026-01-18,20,92020
2026-01-18,21,83341
2026-01-18,22,57820
2026-01-18,23,24829
2026-01-19,0,8765
2026-01-19,1,292
2026-01-19,5,41
2026-01-19,6,32541
2026-01-19,7,138933
2026-01-19,8,259973
2026-01-19,9,140967
2026-01-19,10,89479
2026-01-19,11,87061
2026-01-19,12,92059
2026-01-19,13,94803
2026-01-19,14,92383
2026-01-19,15,107187
2026-01-19,16,130148
2026-01-19,17,182079
2026-01-19,18,259256
2026-01-19,19,170219
2026-01-19,20,100614
2026-01-19,21,91243
2026-01-19,22,62157
2026-01-19,23,22849
2026-01-20,0,9552
2026-01-20,1,335
2026-01-20,5,38
2026-01-20,6,32139
2026-01-20,7,148986
2026-01-20,8,267872
2026-01-20,9,152183
2026-01-20,10,103916
2026-01-20,11,102126
2026-01-20,12,105259
2026-01-20,13,107420
2026-01-20,14,100404
2026-01-20,15,101752
2026-01-20,16,125312
2026-01-20,17,188141
2026-01-20,18,268696
2026-01-20,19,175399
2026-01-20,20,106214
2026-01-20,21,100299
2026-01-20,22,68512
2026-01-20,23,25178
2026-01-21,0,9742
2026-01-21,1,312
2026-01-21,5,42
2026-01-21,6,31634
2026-01-21,7,145415
2026-01-21,8,266903
2026-01-21,9,147165
2026-01-21,10,88006
2026-01-21,11,86164
2026-01-21,12,90101
2026-01-21,13,93385
2026-01-21,14,87512
2026-01-21,15,88934
2026-01-21,16,133194
2026-01-21,17,192914
2026-01-21,18,267281
2026-01-21,19,172992
2026-01-21,20,105178
2026-01-21,21,101134
2026-01-21,22,72743
2026-01-21,23,25569
2026-01-22,0,10260
2026-01-22,1,368
2026-01-22,5,44
2026-01-22,6,31614
2026-01-22,7,144481
2026-01-22,8,262997
2026-01-22,9,151702
2026-01-22,10,88717
2026-01-22,11,86717
2026-01-22,12,87863
2026-01-22,13,92485
2026-01-22,14,88395
2026-01-22,15,93348
2026-01-22,16,133835
2026-01-22,17,191710
2026-01-22,18,268568
2026-01-22,19,174621
2026-01-22,20,107145
2026-01-22,21,104370
2026-01-22,22,75815
2026-01-22,23,26614
2026-01-23,0,17921
2026-01-23,1,626
2026-01-23,5,39
2026-01-23,6,31492
2026-01-23,7,143232
2026-01-23,8,257919
2026-01-23,9,141618
2026-01-23,10,97378
2026-01-23,11,97156
2026-01-23,12,101388
2026-01-23,13,106205
2026-01-23,14,102203
2026-01-23,15,107050
2026-01-23,16,152097
2026-01-23,17,213403
2026-01-23,18,280573
2026-01-23,19,182083
2026-01-23,20,115663
2026-01-23,21,122354
2026-01-23,22,106397
2026-01-23,23,48940
2026-01-24,0,17829
2026-01-24,1,577
2026-01-24,5,36
2026-01-24,6,18535
2026-01-24,7,37898
2026-01-24,8,66826
2026-01-24,9,87815
2026-01-24,10,103708
2026-01-24,11,125716
2026-01-24,12,128234
2026-01-24,13,138201
2026-01-24,14,135649
2026-01-24,15,139966
2026-01-24,16,154393
2026-01-24,17,179192
2026-01-24,18,154294
2026-01-24,19,113517
2026-01-24,20,101829
2026-01-24,21,109352
2026-01-24,22,89564
2026-01-24,23,43853
2026-01-25,0,10620
2026-01-25,1,295
2026-01-25,5,24
2026-01-25,6,15881
2026-01-25,7,31043
2026-01-25,8,55580
2026-01-25,9,74940
2026-01-25,10,92351
2026-01-25,11,117189
2026-01-25,12,117037
2026-01-25,13,126344
2026-01-25,14,129798
2026-01-25,15,131287
2026-01-25,16,135373
2026-01-25,17,151853
2026-01-25,18,133586
2026-01-25,19,104248
2026-01-25,20,92476
2026-01-25,21,85367
2026-01-25,22,62552
2026-01-25,23,26779
2026-01-26,0,9387
2026-01-26,1,267
2026-01-26,5,37
2026-01-26,6,30540
2026-01-26,7,120764
2026-01-26,8,256475
2026-01-26,9,146226
2026-01-26,10,94815
2026-01-26,11,94053
2026-01-26,12,98920
2026-01-26,13,104622
2026-01-26,14,97015
2026-01-26,15,99242
2026-01-26,16,120056
2026-01-26,17,184146
2026-01-26,18,260502
2026-01-26,19,170165
2026-01-26,20,101860
2026-01-26,21,92983
2026-01-26,22,66404
2026-01-26,23,24076
2026-01-27,0,9063
2026-01-27,1,366
2026-01-27,5,34
2026-01-27,6,29844
2026-01-27,7,121201
2026-01-27,8,262283
2026-01-27,9,151571
2026-01-27,10,96570
2026-01-27,11,93159
2026-01-27,12,98678
2026-01-27,13,102948
2026-01-27,14,95640
2026-01-27,15,96509
2026-01-27,16,119923
2026-01-27,17,186935
2026-01-27,18,267675
2026-01-27,19,176537
2026-01-27,20,106397
2026-01-27,21,99736
2026-01-27,22,71024
2026-01-27,23,24805
2026-01-28,0,10486
2026-01-28,1,302
2026-01-28,5,31
2026-01-28,6,29289
2026-01-28,7,119586
2026-01-28,8,260152
2026-01-28,9,150570
2026-01-28,10,94517
2026-01-28,11,92838
2026-01-28,12,99787
2026-01-28,13,104905
2026-01-28,14,97269
2026-01-28,15,99560
2026-01-28,16,119607
2026-01-28,17,186344
2026-01-28,18,266982
2026-01-28,19,172878
2026-01-28,20,107351
2026-01-28,21,104743
2026-01-28,22,77157
2026-01-28,23,27589
2026-01-29,0,11185
2026-01-29,1,337
2026-01-29,5,39
2026-01-29,6,30696
2026-01-29,7,121845
2026-01-29,8,260690
2026-01-29,9,151964
2026-01-29,10,100796
2026-01-29,11,99655
2026-01-29,12,105339
2026-01-29,13,111571
2026-01-29,14,104322
2026-01-29,15,106464
2026-01-29,16,127971
2026-01-29,17,193235
2026-01-29,18,269991
2026-01-29,19,176100
2026-01-29,20,112778
2026-01-29,21,108832
2026-01-29,22,79743
2026-01-29,23,29490
2026-01-30,0,18471
2026-01-30,1,555
2026-01-30,5,54
2026-01-30,6,30097
2026-01-30,7,119730
2026-01-30,8,253861
2026-01-30,9,147677
2026-01-30,10,103233
2026-01-30,11,104319
2026-01-30,12,110524
2026-01-30,13,117109
2026-01-30,14,111511
2026-01-30,15,114262
2026-01-30,16,138667
2026-01-30,17,210124
2026-01-30,18,276701
2026-01-30,19,180436
2026-01-30,20,117969
2026-01-30,21,125325
2026-01-30,22,107142
2026-01-30,23,46201
2026-01-31,0,17061
2026-01-31,1,561
2026-01-31,5,48
2026-01-31,6,19543
2026-01-31,7,39209
2026-01-31,8,67487
2026-01-31,9,88021
2026-01-31,10,108214
2026-01-31,11,131911
2026-01-31,12,132219
2026-01-31,13,144058
2026-01-31,14,139486
2026-01-31,15,147000
2026-01-31,16,153509
2026-01-31,17,180969
2026-01-31,18,156241
2026-01-31,19,115766
2026-01-31,20,97619
2026-01-31,21,109052
2026-01-31,22,102349
2026-01-31,23,42766
2026-02-01,0,10465
2026-02-01,1,323
2026-02-01,5,39
2026-02-01,6,15223
2026-02-01,7,30728
2026-02-01,8,49815
2026-02-01,9,68170
2026-02-01,10,89226
2026-02-01,11,113185
2026-02-01,12,112795
2026-02-01,13,121309
2026-02-01,14,121420
2026-02-01,15,122420
2026-02-01,16,124866
2026-02-01,17,139925
2026-02-01,18,119354
2026-02-01,19,92920
2026-02-01,20,89904
2026-02-01,21,88044
2026-02-01,22,60520
2026-02-01,23,26375
2026-02-02,0,9241
2026-02-02,1,301
2026-02-02,5,25
2026-02-02,6,29652
2026-02-02,7,118183
2026-02-02,8,256469
2026-02-02,9,149816
2026-02-02,10,92262
2026-02-02,11,90193
2026-02-02,12,94627
2026-02-02,13,99642
2026-02-02,14,91719
2026-02-02,15,92862
2026-02-02,16,110985
2026-02-02,17,175110
2026-02-02,18,258756
2026-02-02,19,169963
2026-02-02,20,102123
2026-02-02,21,92681
2026-02-02,22,67628
2026-02-02,23,24370
2026-02-03,0,9800
2026-02-03,1,301
2026-02-03,5,34
2026-02-03,6,29613
2026-02-03,7,118516
2026-02-03,8,261592
2026-02-03,9,155466
2026-02-03,10,100412
2026-02-03,11,96738
2026-02-03,12,101687
2026-02-03,13,109240
2026-02-03,14,100439
2026-02-03,15,102480
2026-02-03,16,122818
2026-02-03,17,188298
2026-02-03,18,267434
2026-02-03,19,175624
2026-02-03,20,108610
2026-02-03,21,103061
2026-02-03,22,74405
2026-02-03,23,26556
2026-02-04,0,10700
2026-02-04,1,351
2026-02-04,5,39
2026-02-04,6,29259
2026-02-04,7,118653
2026-02-04,8,261041
2026-02-04,9,154405
2026-02-04,10,102259
2026-02-04,11,101214
2026-02-04,12,106145
2026-02-04,13,113182
2026-02-04,14,105677
2026-02-04,15,104934
2026-02-04,16,127020
2026-02-04,17,190854
2026-02-04,18,272282
2026-02-04,19,178553
2026-02-04,20,111470
2026-02-04,21,108664
2026-02-04,22,78277
2026-02-04,23,29100
2026-02-05,0,11407
2026-02-05,1,351
2026-02-05,5,57
2026-02-05,6,30786
2026-02-05,7,118094
2026-02-05,8,258503
2026-02-05,9,161463
2026-02-05,10,107432
2026-02-05,11,105671
2026-02-05,12,109232
2026-02-05,13,116609
2026-02-05,14,110274
2026-02-05,15,111317
2026-02-05,16,131151
2026-02-05,17,195187
2026-02-05,18,274719
2026-02-05,19,181211
2026-02-05,20,113843
2026-02-05,21,111058
2026-02-05,22,82111
2026-02-05,23,31311
2026-02-06,0,18187
2026-02-06,1,629
2026-02-06,5,59
2026-02-06,6,30830
2026-02-06,7,117167
2026-02-06,8,254878
2026-02-06,9,155954
2026-02-06,10,109496
2026-02-06,11,110798
2026-02-06,12,116849
2026-02-06,13,125230
2026-02-06,14,120190
2026-02-06,15,121345
2026-02-06,16,144242
2026-02-06,17,213137
2026-02-06,18,284577
2026-02-06,19,181773
2026-02-06,20,120125
2026-02-06,21,132240
2026-02-06,22,115544
2026-02-06,23,47052
2026-02-07,0,17536
2026-02-07,1,545
2026-02-07,5,64
2026-02-07,6,19567
2026-02-07,7,41227
2026-02-07,8,68384
2026-02-07,9,92024
2026-02-07,10,111893
2026-02-07,11,131426
2026-02-07,12,134567
2026-02-07,13,148339
2026-02-07,14,145328
2026-02-07,15,147831
2026-02-07,16,159279
2026-02-07,17,187201
2026-02-07,18,167177
2026-02-07,19,119489
2026-02-07,20,101485
2026-02-07,21,106981
2026-02-07,22,93233
2026-02-07,23,43172
2026-02-08,0,10339
2026-02-08,1,284
2026-02-08,5,51
2026-02-08,6,15734
2026-02-08,7,30274
2026-02-08,8,51360
2026-02-08,9,73224
2026-02-08,10,92692
2026-02-08,11,115041
2026-02-08,12,116444
2026-02-08,13,127218
2026-02-08,14,130284
2026-02-08,15,133420
2026-02-08,16,142096
2026-02-08,17,152406
2026-02-08,18,131351
2026-02-08,19,100329
2026-02-08,20,91948
2026-02-08,21,87124
2026-02-08,22,63613
2026-02-08,23,26331
2026-02-09,0,10253
2026-02-09,1,326
2026-02-09,5,48
2026-02-09,6,28755
2026-02-09,7,111115
2026-02-09,8,249060
2026-02-09,9,149826
2026-02-09,10,98357
2026-02-09,11,97006
2026-02-09,12,100995
2026-02-09,13,107040
2026-02-09,14,103211
2026-02-09,15,103969
2026-02-09,16,118784
2026-02-09,17,177798
2026-02-09,18,261230
2026-02-09,19,173979
2026-02-09,20,105592
2026-02-09,21,95723
2026-02-09,22,70609
2026-02-09,23,26426
2026-02-10,0,10975
2026-02-10,1,420
2026-02-10,5,30
2026-02-10,6,28183
2026-02-10,7,112639
2026-02-10,8,253937
2026-02-10,9,154046
2026-02-10,10,103620
2026-02-10,11,102597
2026-02-10,12,105812
2026-02-10,13,113106
2026-02-10,14,107703
2026-02-10,15,108589
2026-02-10,16,123881
2026-02-10,17,185217
2026-02-10,18,268686
2026-02-10,19,180221
2026-02-10,20,112570
2026-02-10,21,105522
2026-02-10,22,78196
2026-02-10,23,29488
2026-02-11,0,11775
2026-02-11,1,371
2026-02-11,5,32
2026-02-11,6,27462
2026-02-11,7,110454
2026-02-11,8,250726
2026-02-11,9,146859
2026-02-11,10,100266
2026-02-11,11,101017
2026-02-11,12,105056
2026-02-11,13,111575
2026-02-11,14,106300
2026-02-11,15,105959
2026-02-11,16,122365
2026-02-11,17,186819
2026-02-11,18,267538
2026-02-11,19,173306
2026-02-11,20,109754
2026-02-11,21,106272
2026-02-11,22,81635
2026-02-11,23,30705
2026-02-12,0,12826
2026-02-12,1,395
2026-02-12,5,47
2026-02-12,6,27413
2026-02-12,7,106844
2026-02-12,8,243951
2026-02-12,9,148501
2026-02-12,10,109761
2026-02-12,11,106009
2026-02-12,12,111122
2026-02-12,13,116711
2026-02-12,14,111663
2026-02-12,15,113035
2026-02-12,16,128077
2026-02-12,17,188160
2026-02-12,18,268493
2026-02-12,19,176525
2026-02-12,20,110199
2026-02-12,21,107029
2026-02-12,22,83243
2026-02-12,23,32707
2026-02-13,0,16924
2026-02-13,1,609
2026-02-13,5,45
2026-02-13,6,26748
2026-02-13,7,98738
2026-02-13,8,225400
2026-02-13,9,130665
2026-02-13,10,99567
2026-02-13,11,104665
2026-02-13,12,112835
2026-02-13,13,120716
2026-02-13,14,120861
2026-02-13,15,131108
2026-02-13,16,159300
2026-02-13,17,202569
2026-02-13,18,231856
2026-02-13,19,144495
2026-02-13,20,101997
2026-02-13,21,101237
2026-02-13,22,84303
2026-02-13,23,38923
2026-02-14,0,14540
2026-02-14,1,459
2026-02-14,5,40
2026-02-14,6,17137
2026-02-14,7,29736
2026-02-14,8,47530
2026-02-14,9,69554
2026-02-14,10,93770
2026-02-14,11,112125
2026-02-14,12,107124
2026-02-14,13,114721
2026-02-14,14,122258
2026-02-14,15,125935
2026-02-14,16,128280
2026-02-14,17,136070
2026-02-14,18,123534
2026-02-14,19,100607
2026-02-14,20,87353
2026-02-14,21,83430
2026-02-14,22,66844
2026-02-14,23,32829
2026-02-15,0,9349
2026-02-15,1,289
2026-02-15,5,35
2026-02-15,6,13798
2026-02-15,7,23332
2026-02-15,8,35301
2026-02-15,9,55523
2026-02-15,10,75579
2026-02-15,11,89604
2026-02-15,12,85367
2026-02-15,13,92029
2026-02-15,14,101820
2026-02-15,15,102881
2026-02-15,16,104782
2026-02-15,17,109280
2026-02-15,18,98475
2026-02-15,19,79241
2026-02-15,20,68578
2026-02-15,21,60794
2026-02-15,22,48213
2026-02-15,23,22604
2026-02-16,0,8602
2026-02-16,1,202
2026-02-16,5,39
2026-02-16,6,12522
2026-02-16,7,18578
2026-02-16,8,25210
2026-02-16,9,34892
2026-02-16,10,49061
2026-02-16,11,56135
2026-02-16,12,50963
2026-02-16,13,52401
2026-02-16,14,62235
2026-02-16,15,67363
2026-02-16,16,74461
2026-02-16,17,71679
2026-02-16,18,56107
2026-02-16,19,43674
2026-02-16,20,37145
2026-02-16,21,45702
2026-02-16,22,37359
2026-02-16,23,21296
2026-02-17,0,7913
2026-02-17,1,208
2026-02-17,5,30
2026-02-17,6,12425
2026-02-17,7,18705
2026-02-17,8,26575
2026-02-17,9,43024
2026-02-17,10,68859
2026-02-17,11,91023
2026-02-17,12,89228
2026-02-17,13,99811
2026-02-17,14,113244
2026-02-17,15,114080
2026-02-17,16,115566
2026-02-17,17,113473
2026-02-17,18,90480
2026-02-17,19,73480
2026-02-17,20,62651
2026-02-17,21,55767
2026-02-17,22,44492
2026-02-17,23,21111
2026-02-18,0,9442
2026-02-18,1,221
2026-02-18,5,32
2026-02-18,6,12042
2026-02-18,7,18233
2026-02-18,8,26816
2026-02-18,9,45821
2026-02-18,10,80443
2026-02-18,11,105616
2026-02-18,12,89260
2026-02-18,13,92292
2026-02-18,14,105109
2026-02-18,15,111290
2026-02-18,16,116022
2026-02-18,17,115012
2026-02-18,18,96725
2026-02-18,19,82350
2026-02-18,20,73020
2026-02-18,21,67666
2026-02-18,22,52829
2026-02-18,23,25402
2026-02-19,0,12515
2026-02-19,1,374
2026-02-19,5,41
2026-02-19,6,13095
2026-02-19,7,19885
2026-02-19,8,30218
2026-02-19,9,51993
2026-02-19,10,85555
2026-02-19,11,111983
2026-02-19,12,101936
2026-02-19,13,109817
2026-02-19,14,122304
2026-02-19,15,127266
2026-02-19,16,133113
2026-02-19,17,138618
2026-02-19,18,120440
2026-02-19,19,100572
2026-02-19,20,86216
2026-02-19,21,78293
2026-02-19,22,60521
2026-02-19,23,29822
2026-02-20,0,14462
2026-02-20,1,416
2026-02-20,5,24
2026-02-20,6,12913
2026-02-20,7,21763
2026-02-20,8,32777
2026-02-20,9,52864
2026-02-20,10,84823
2026-02-20,11,114172
2026-02-20,12,103069
2026-02-20,13,110039
2026-02-20,14,125358
2026-02-20,15,130016
2026-02-20,16,136954
2026-02-20,17,145165
2026-02-20,18,125383
2026-02-20,19,103512
2026-02-20,20,89716
2026-02-20,21,86536
2026-02-20,22,69809
2026-02-20,23,33730
2026-02-21,0,15569
2026-02-21,1,450
2026-02-21,5,39
2026-02-21,6,13721
2026-02-21,7,23534
2026-02-21,8,39328
2026-02-21,9,61512
2026-02-21,10,92601
2026-02-21,11,120169
2026-02-21,12,113628
2026-02-21,13,121087
2026-02-21,14,133508
2026-02-21,15,139302
2026-02-21,16,143584
2026-02-21,17,154714
2026-02-21,18,136732
2026-02-21,19,110261
2026-02-21,20,96590
2026-02-21,21,92682
2026-02-21,22,74528
2026-02-21,23,35901
2026-02-22,0,9534
2026-02-22,1,265
2026-02-22,5,27
2026-02-22,6,13674
2026-02-22,7,23724
2026-02-22,8,41337
2026-02-22,9,60521
2026-02-22,10,81229
2026-02-22,11,103770
2026-02-22,12,100838
2026-02-22,13,109756
2026-02-22,14,119451
2026-02-22,15,120908
2026-02-22,16,125512
2026-02-22,17,135323
2026-02-22,18,117072
2026-02-22,19,96129
2026-02-22,20,83924
2026-02-22,21,75857
2026-02-22,22,54576
2026-02-22,23,23313
2026-02-23,0,8568
2026-02-23,1,308
2026-02-23,5,35
2026-02-23,6,34529
2026-02-23,7,158372
2026-02-23,8,257968
2026-02-23,9,136954
2026-02-23,10,85412
2026-02-23,11,82505
2026-02-23,12,85881
2026-02-23,13,87290
2026-02-23,14,86723
2026-02-23,15,90118
2026-02-23,16,131444
2026-02-23,17,187918
2026-02-23,18,263673
2026-02-23,19,169913
2026-02-23,20,98260
2026-02-23,21,86564
2026-02-23,22,61194
2026-02-23,23,22284
2026-02-24,0,9044
2026-02-24,1,316
2026-02-24,5,32
2026-02-24,6,33470
2026-02-24,7,155995
2026-02-24,8,262728
2026-02-24,9,148045
2026-02-24,10,90495
2026-02-24,11,85389
2026-02-24,12,86339
2026-02-24,13,94628
2026-02-24,14,88503
2026-02-24,15,93867
2026-02-24,16,138315
2026-02-24,17,194531
2026-02-24,18,271222
2026-02-24,19,172668
2026-02-24,20,102258
2026-02-24,21,95200
2026-02-24,22,70191
2026-02-24,23,26319
2026-02-25,0,11166
2026-02-25,1,353
2026-02-25,5,36
2026-02-25,6,33075
2026-02-25,7,156814
2026-02-25,8,275681
2026-02-25,9,153308
2026-02-25,10,92249
2026-02-25,11,87439
2026-02-25,12,93887
2026-02-25,13,95416
2026-02-25,14,92118
2026-02-25,15,96334
2026-02-25,16,138579
2026-02-25,17,200080
2026-02-25,18,281035
2026-02-25,19,178683
2026-02-25,20,110193
2026-02-25,21,103856
2026-02-25,22,78563
2026-02-25,23,30615
2026-02-26,0,16263
2026-02-26,1,569
2026-02-26,5,34
2026-02-26,6,33182
2026-02-26,7,155417
2026-02-26,8,263547
2026-02-26,9,146894
2026-02-26,10,96830
2026-02-26,11,93861
2026-02-26,12,99705
2026-02-26,13,103887
2026-02-26,14,100423
2026-02-26,15,107815
2026-02-26,16,152202
2026-02-26,17,215539
2026-02-26,18,288465
2026-02-26,19,188093
2026-02-26,20,124521
2026-02-26,21,125607
2026-02-26,22,98779
2026-02-26,23,43748
2026-02-27,0,15816
2026-02-27,1,479
2026-02-27,5,30
2026-02-27,6,18945
2026-02-27,7,34319
2026-02-27,8,50932
2026-02-27,9,69302
2026-02-27,10,92684
2026-02-27,11,120427
2026-02-27,12,118238
2026-02-27,13,132400
2026-02-27,14,140494
2026-02-27,15,136079
2026-02-27,16,146063
2026-02-27,17,176913
2026-02-27,18,169117
2026-02-27,19,135469
2026-02-27,20,108836
2026-02-27,21,112106
2026-02-27,22,88887
2026-02-27,23,38774
2026-02-28,0,16642
2026-02-28,1,579
2026-02-28,5,41
2026-02-28,6,17334
2026-02-28,7,31306
2026-02-28,8,50288
2026-02-28,9,73215
2026-02-28,10,98291
2026-02-28,11,122810
2026-02-28,12,124063
2026-02-28,13,137208
2026-02-28,14,144878
2026-02-28,15,146396
2026-02-28,16,155398
2026-02-28,17,173440
2026-02-28,18,155963
2026-02-28,19,127529
2026-02-28,20,110410
2026-02-28,21,107530
2026-02-28,22,86919
2026-02-28,23,40300
2026-03-01,0,10077
2026-03-01,1,278
2026-03-01,5,38
2026-03-01,6,15235
2026-03-01,7,26253
2026-03-01,8,43490
2026-03-01,9,60027
2026-03-01,10,75370
2026-03-01,11,98509
2026-03-01,12,101261
2026-03-01,13,115438
2026-03-01,14,122914
2026-03-01,15,124721
2026-03-01,16,130858
2026-03-01,17,144950
2026-03-01,18,127330
2026-03-01,19,103846
2026-03-01,20,93607
2026-03-01,21,84193
2026-03-01,22,57966
2026-03-01,23,24479
2026-03-02,0,8472
2026-03-02,1,272
2026-03-02,5,38
2026-03-02,6,35002
2026-03-02,7,159636
2026-03-02,8,272199
2026-03-02,9,148922
2026-03-02,10,91800
2026-03-02,11,84664
2026-03-02,12,90874
2026-03-02,13,92407
2026-03-02,14,84298
2026-03-02,15,89502
2026-03-02,16,130109
2026-03-02,17,191809
2026-03-02,18,266977
2026-03-02,19,173345
2026-03-02,20,104868
2026-03-02,21,94448
2026-03-02,22,66218
2026-03-02,23,22276
2026-03-03,0,9335
2026-03-03,1,258
2026-03-03,5,43
2026-03-03,6,34212
2026-03-03,7,158340
2026-03-03,8,271760
2026-03-03,9,156047
2026-03-03,10,90766
2026-03-03,11,79169
2026-03-03,12,87925
2026-03-03,13,89456
2026-03-03,14,81671
2026-03-03,15,87400
2026-03-03,16,129602
2026-03-03,17,194684
2026-03-03,18,272373
2026-03-03,19,179359
2026-03-03,20,107306
2026-03-03,21,99364
2026-03-03,22,72021
2026-03-03,23,24778
2026-03-04,0,9632
2026-03-04,1,278
2026-03-04,5,45
2026-03-04,6,33479
2026-03-04,7,157100
2026-03-04,8,276673
2026-03-04,9,155603
2026-03-04,10,93560
2026-03-04,11,83714
2026-03-04,12,95065
2026-03-04,13,95272
2026-03-04,14,85665
2026-03-04,15,90751
2026-03-04,16,131324
2026-03-04,17,199154
2026-03-04,18,277081
2026-03-04,19,183433
2026-03-04,20,109198
2026-03-04,21,103780
2026-03-04,22,78314
2026-03-04,23,26763
2026-03-05,0,10456
2026-03-05,1,359
2026-03-05,5,37
2026-03-05,6,33330
2026-03-05,7,157253
2026-03-05,8,277421
2026-03-05,9,159797
2026-03-05,10,96687
2026-03-05,11,87391
2026-03-05,12,94243
2026-03-05,13,96714
2026-03-05,14,90784
2026-03-05,15,95302
2026-03-05,16,137471
2026-03-05,17,205524
2026-03-05,18,283982
2026-03-05,19,186835
2026-03-05,20,112853
2026-03-05,21,108439
2026-03-05,22,79175
2026-03-05,23,27231
2026-03-06,0,17393
2026-03-06,1,605
2026-03-06,5,41
2026-03-06,6,33240
2026-03-06,7,154635
2026-03-06,8,270193
2026-03-06,9,152049
2026-03-06,10,98617
2026-03-06,11,95727
2026-03-06,12,105256
2026-03-06,13,109813
2026-03-06,14,103868
2026-03-06,15,108791
2026-03-06,16,156178
2026-03-06,17,231196
2026-03-06,18,299272
2026-03-06,19,184835
2026-03-06,20,121689
2026-03-06,21,132485
2026-03-06,22,103297
2026-03-06,23,43936
2026-03-07,0,17791
2026-03-07,1,691
2026-03-07,5,42
2026-03-07,6,19824
2026-03-07,7,42672
2026-03-07,8,76335
2026-03-07,9,93939
2026-03-07,10,110872
2026-03-07,11,130873
2026-03-07,12,139682
2026-03-07,13,151213
2026-03-07,14,149328
2026-03-07,15,152733
2026-03-07,16,165979
2026-03-07,17,195457
2026-03-07,18,166412
2026-03-07,19,125585
2026-03-07,20,108732
2026-03-07,21,113738
2026-03-07,22,104092
2026-03-07,23,48342
2026-03-08,0,9815
2026-03-08,1,307
2026-03-08,5,36
2026-03-08,6,17241
2026-03-08,7,33358
2026-03-08,8,55083
2026-03-08,9,73277
2026-03-08,10,92532
2026-03-08,11,112325
2026-03-08,12,114450
2026-03-08,13,119933
2026-03-08,14,125715
2026-03-08,15,136301
2026-03-08,16,140859
2026-03-08,17,160156
2026-03-08,18,136713
2026-03-08,19,110178
2026-03-08,20,95336
2026-03-08,21,90575
2026-03-08,22,60380
2026-03-08,23,26462
2026-03-09,0,8706
2026-03-09,1,285
2026-03-09,5,29
2026-03-09,6,34148
2026-03-09,7,156145
2026-03-09,8,271541
2026-03-09,9,151890
2026-03-09,10,92824
2026-03-09,11,85496
2026-03-09,12,93364
2026-03-09,13,95001
2026-03-09,14,85420
2026-03-09,15,91753
2026-03-09,16,130008
2026-03-09,17,196765
2026-03-09,18,271814
2026-03-09,19,175297
2026-03-09,20,102162
2026-03-09,21,93268
2026-03-09,22,67359
2026-03-09,23,22488
2026-03-10,0,9584
2026-03-10,1,257
2026-03-10,5,34
2026-03-10,6,33433
2026-03-10,7,157094
2026-03-10,8,278666
2026-03-10,9,165487
2026-03-10,10,93931
2026-03-10,11,83128
2026-03-10,12,91787
2026-03-10,13,93724
2026-03-10,14,84202
2026-03-10,15,87401
2026-03-10,16,129114
2026-03-10,17,200232
2026-03-10,18,277514
2026-03-10,19,179835
2026-03-10,20,107419
2026-03-10,21,101149
2026-03-10,22,73666
2026-03-10,23,25419
2026-03-11,0,10406
2026-03-11,1,334
2026-03-11,5,37
2026-03-11,6,34046
2026-03-11,7,158206
2026-03-11,8,275930
2026-03-11,9,157035
2026-03-11,10,98808
2026-03-11,11,91801
2026-03-11,12,102606
2026-03-11,13,104570
2026-03-11,14,95761
2026-03-11,15,100392
2026-03-11,16,139493
2026-03-11,17,207587
2026-03-11,18,282462
2026-03-11,19,191851
2026-03-11,20,116256
2026-03-11,21,111515
2026-03-11,22,81681
2026-03-11,23,27940
2026-03-12,0,10542
2026-03-12,1,323
2026-03-12,5,47
2026-03-12,6,34028
2026-03-12,7,158961
2026-03-12,8,275216
2026-03-12,9,158366
2026-03-12,10,100647
2026-03-12,11,93536
2026-03-12,12,101003
2026-03-12,13,103671
2026-03-12,14,95342
2026-03-12,15,100331
2026-03-12,16,140257
2026-03-12,17,210459
2026-03-12,18,284696
2026-03-12,19,183927
2026-03-12,20,113498
2026-03-12,21,111152
2026-03-12,22,81271
2026-03-12,23,28217
2026-03-13,0,17505
2026-03-13,1,555
2026-03-13,5,29
2026-03-13,6,34402
2026-03-13,7,155803
2026-03-13,8,265985
2026-03-13,9,153703
2026-03-13,10,102131
2026-03-13,11,98853
2026-03-13,12,109774
2026-03-13,13,114731
2026-03-13,14,106550
2026-03-13,15,111994
2026-03-13,16,156749
2026-03-13,17,227017
2026-03-13,18,300070
2026-03-13,19,194718
2026-03-13,20,127908
2026-03-13,21,130626
2026-03-13,22,104740
2026-03-13,23,43229
2026-03-14,0,18543
2026-03-14,1,606
2026-03-14,5,35
2026-03-14,6,21226
2026-03-14,7,46011
2026-03-14,8,78196
2026-03-14,9,99320
2026-03-14,10,116946
2026-03-14,11,133551
2026-03-14,12,141391
2026-03-14,13,154814
2026-03-14,14,150178
2026-03-14,15,151466
2026-03-14,16,164046
2026-03-14,17,194800
2026-03-14,18,177237
2026-03-14,19,134696
2026-03-14,20,116010
2026-03-14,21,116709
2026-03-14,22,93163
2026-03-14,23,42916
2026-03-15,0,10687
2026-03-15,1,323
2026-03-15,5,40
2026-03-15,6,17767
2026-03-15,7,35006
2026-03-15,8,60492
2026-03-15,9,81656
2026-03-15,10,98228
2026-03-15,11,118271
2026-03-15,12,117760
2026-03-15,13,130600
2026-03-15,14,133941
2026-03-15,15,136327
2026-03-15,16,144558
2026-03-15,17,160844
2026-03-15,18,140888
2026-03-15,19,113984
2026-03-15,20,100079
2026-03-15,21,92412
2026-03-15,22,62385
2026-03-15,23,26629
2026-03-16,0,8838
2026-03-16,1,292
2026-03-16,5,58
2026-03-16,6,34831
2026-03-16,7,156870
2026-03-16,8,269893
2026-03-16,9,151159
2026-03-16,10,94258
2026-03-16,11,87218
2026-03-16,12,95030
2026-03-16,13,96622
2026-03-16,14,87590
2026-03-16,15,93361
2026-03-16,16,132014
2026-03-16,17,197892
2026-03-16,18,271968
2026-03-16,19,173872
2026-03-16,20,103501
2026-03-16,21,95011
2026-03-16,22,67138
2026-03-16,23,23707
2026-03-17,0,9336
2026-03-17,1,303
2026-03-17,5,42
2026-03-17,6,35225
2026-03-17,7,160558
2026-03-17,8,277328
2026-03-17,9,160212
2026-03-17,10,98496
2026-03-17,11,89187
2026-03-17,12,97759
2026-03-17,13,99500
2026-03-17,14,90890
2026-03-17,15,95504
2026-03-17,16,135362
2026-03-17,17,205132
2026-03-17,18,280415
2026-03-17,19,177878
2026-03-17,20,107486
2026-03-17,21,103852
2026-03-17,22,73228
2026-03-17,23,25844
2026-03-18,0,10406
2026-03-18,1,309
2026-03-18,5,39
2026-03-18,6,35345
2026-03-18,7,161583
2026-03-18,8,275674
2026-03-18,9,158018
2026-03-18,10,98542
2026-03-18,11,91581
2026-03-18,12,102720
2026-03-18,13,104058
2026-03-18,14,94385
2026-03-18,15,98483
2026-03-18,16,140060
2026-03-18,17,209011
2026-03-18,18,280736
2026-03-18,19,176657
2026-03-18,20,109999
2026-03-18,21,109193
2026-03-18,22,79215
2026-03-18,23,28106
2026-03-19,0,10648
2026-03-19,1,357
2026-03-19,5,40
2026-03-19,6,34785
2026-03-19,7,159394
2026-03-19,8,274171
2026-03-19,9,155503
2026-03-19,10,96810
2026-03-19,11,89922
2026-03-19,12,99162
2026-03-19,13,100767
2026-03-19,14,91780
2026-03-19,15,96061
2026-03-19,16,137906
2026-03-19,17,206480
2026-03-19,18,282591
2026-03-19,19,178108
2026-03-19,20,110852
2026-03-19,21,109475
2026-03-19,22,80078
2026-03-19,23,28109
2026-03-20,0,19360
2026-03-20,1,683
2026-03-20,5,34
2026-03-20,6,34976
2026-03-20,7,157673
2026-03-20,8,265893
2026-03-20,9,153943
2026-03-20,10,101277
2026-03-20,11,99289
2026-03-20,12,112043
2026-03-20,13,117232
2026-03-20,14,110593
2026-03-20,15,114937
2026-03-20,16,162583
2026-03-20,17,236006
2026-03-20,18,304864
2026-03-20,19,190683
2026-03-20,20,124461
2026-03-20,21,128155
2026-03-20,22,120950
2026-03-20,23,48851
2026-03-21,0,18265
2026-03-21,1,514
2026-03-21,5,47
2026-03-21,6,27626
2026-03-21,7,52016
2026-03-21,8,84613
2026-03-21,9,105547
2026-03-21,10,117659
2026-03-21,11,139016
2026-03-21,12,148030
2026-03-21,13,157971
2026-03-21,14,151559
2026-03-21,15,152005
2026-03-21,16,167315
2026-03-21,17,190043
2026-03-21,18,161069
2026-03-21,19,120622
2026-03-21,20,110219
2026-03-21,21,123869
2026-03-21,22,93815
2026-03-21,23,43184
2026-03-22,0,11250
2026-03-22,1,341
2026-03-22,5,38
2026-03-22,6,18218
2026-03-22,7,35045
2026-03-22,8,63395
2026-03-22,9,83565
2026-03-22,10,101078
2026-03-22,11,122368
2026-03-22,12,124982
2026-03-22,13,136845
2026-03-22,14,139862
2026-03-22,15,141457
2026-03-22,16,148965
2026-03-22,17,162644
2026-03-22,18,138982
2026-03-22,19,112432
2026-03-22,20,99180
2026-03-22,21,106787
2026-03-22,22,69249
2026-03-22,23,29359
2026-03-23,0,8690
2026-03-23,1,277
2026-03-23,5,50
2026-03-23,6,35253
2026-03-23,7,156728
2026-03-23,8,268845
2026-03-23,9,150001
2026-03-23,10,95006
2026-03-23,11,89200
2026-03-23,12,97011
2026-03-23,13,97893
2026-03-23,14,88793
2026-03-23,15,93177
2026-03-23,16,135045
2026-03-23,17,198043
2026-03-23,18,270671
2026-03-23,19,170079
2026-03-23,20,102122
2026-03-23,21,95085
2026-03-23,22,66222
2026-03-23,23,23275
2026-03-24,0,9132
2026-03-24,1,288
2026-03-24,5,43
2026-03-24,6,35260
2026-03-24,7,160874
2026-03-24,8,276418
2026-03-24,9,158220
2026-03-24,10,97608
2026-03-24,11,89236
2026-03-24,12,97145
2026-03-24,13,98963
2026-03-24,14,90615
2026-03-24,15,96047
2026-03-24,16,135051
2026-03-24,17,201779
2026-03-24,18,276083
2026-03-24,19,173537
2026-03-24,20,106410
2026-03-24,21,101291
2026-03-24,22,71422
2026-03-24,23,25056
2026-03-25,0,9873
2026-03-25,1,345
2026-03-25,5,50
2026-03-25,6,34767
2026-03-25,7,160286
2026-03-25,8,276493
2026-03-25,9,157022
2026-03-25,10,96330
2026-03-25,11,90684
2026-03-25,12,103644
2026-03-25,13,103590
2026-03-25,14,93212
2026-03-25,15,96831
2026-03-25,16,137626
2026-03-25,17,202668
2026-03-25,18,282344
2026-03-25,19,181034
2026-03-25,20,111198
2026-03-25,21,108476
2026-03-25,22,77427
2026-03-25,23,26389
2026-03-26,0,9693
2026-03-26,1,343
2026-03-26,5,48
2026-03-26,6,35486
2026-03-26,7,160926
2026-03-26,8,277145
2026-03-26,9,157868
2026-03-26,10,99720
2026-03-26,11,90671
2026-03-26,12,100108
2026-03-26,13,102130
2026-03-26,14,93603
2026-03-26,15,98912
2026-03-26,16,142000
2026-03-26,17,207419
2026-03-26,18,280301
2026-03-26,19,175031
2026-03-26,20,111981
2026-03-26,21,109449
2026-03-26,22,77336
2026-03-26,23,26302
2026-03-27,0,18647
2026-03-27,1,540
2026-03-27,5,35
2026-03-27,6,34020
2026-03-27,7,155148
2026-03-27,8,269321
2026-03-27,9,154420
2026-03-27,10,97772
2026-03-27,11,92327
2026-03-27,12,104633
2026-03-27,13,109210
2026-03-27,14,97552
2026-03-27,15,104089
2026-03-27,16,152214
2026-03-27,17,221650
2026-03-27,18,293577
2026-03-27,19,190431
2026-03-27,20,120202
2026-03-27,21,124703
2026-03-27,22,102814
2026-03-27,23,44085
2026-03-28,0,17331
2026-03-28,1,502
2026-03-28,5,41
2026-03-28,6,22310
2026-03-28,7,46380
2026-03-28,8,78900
2026-03-28,9,97499
2026-03-28,10,109822
2026-03-28,11,127200
2026-03-28,12,133966
2026-03-28,13,145214
2026-03-28,14,139260
2026-03-28,15,144152
2026-03-28,16,157552
2026-03-28,17,174477
2026-03-28,18,153306
2026-03-28,19,116186
2026-03-28,20,102478
2026-03-28,21,112612
2026-03-28,22,91802
2026-03-28,23,41721
2026-03-29,0,9871
2026-03-29,1,287
2026-03-29,5,34
2026-03-29,6,18333
2026-03-29,7,34092
2026-03-29,8,59407
2026-03-29,9,76470
2026-03-29,10,90415
2026-03-29,11,108353
2026-03-29,12,112271
2026-03-29,13,121821
2026-03-29,14,125612
2026-03-29,15,123435
2026-03-29,16,130040
2026-03-29,17,145848
2026-03-29,18,125586
2026-03-29,19,100371
2026-03-29,20,90867
2026-03-29,21,84734
2026-03-29,22,60180
2026-03-29,23,25599
2026-03-30,0,8824
2026-03-30,1,305
2026-03-30,5,39
2026-03-30,6,35837
2026-03-30,7,156268
2026-03-30,8,266523
2026-03-30,9,152414
2026-03-30,10,96091
2026-03-30,11,88730
2026-03-30,12,96945
2026-03-30,13,98094
2026-03-30,14,90345
2026-03-30,15,96887
2026-03-30,16,137372
2026-03-30,17,195134
2026-03-30,18,261702
2026-03-30,19,168639
2026-03-30,20,101096
2026-03-30,21,92566
2026-03-30,22,65126
2026-03-30,23,23019
2026-03-31,0,9619
2026-03-31,1,346
2026-03-31,5,37
2026-03-31,6,34502
2026-03-31,7,158807
2026-03-31,8,270810
2026-03-31,9,154018
2026-03-31,10,95830
2026-03-31,11,86923
2026-03-31,12,96860
2026-03-31,13,98098
2026-03-31,14,89642
2026-03-31,15,94273
2026-03-31,16,135879
2026-03-31,17,202576
2026-03-31,18,267970
2026-03-31,19,174252
2026-03-31,20,106523
2026-03-31,21,99299
2026-03-31,22,70046
2026-03-31,23,25445
2026-04-01,0,10686
2026-04-01,1,339
2026-04-01,5,45
2026-04-01,6,33674
2026-04-01,7,156679
2026-04-01,8,268893
2026-04-01,9,151553
2026-04-01,10,92929
2026-04-01,11,85183
2026-04-01,12,96322
2026-04-01,13,97042
2026-04-01,14,86646
2026-04-01,15,90605
2026-04-01,16,132367
2026-04-01,17,194150
2026-04-01,18,269637
2026-04-01,19,179536
2026-04-01,20,111764
2026-04-01,21,104369
2026-04-01,22,73636
2026-04-01,23,27490
2026-04-02,0,14798
2026-04-02,1,478
2026-04-02,5,32
2026-04-02,6,34797
2026-04-02,7,153907
2026-04-02,8,256869
2026-04-02,9,143703
2026-04-02,10,97495
2026-04-02,11,92578
2026-04-02,12,103568
2026-04-02,13,107025
2026-04-02,14,100688
2026-04-02,15,105564
2026-04-02,16,148375
2026-04-02,17,202386
2026-04-02,18,272778
2026-04-02,19,187307
2026-04-02,20,121636
2026-04-02,21,113506
2026-04-02,22,91032
2026-04-02,23,38405
2026-04-03,0,12489
2026-04-03,1,445
2026-04-03,5,38
2026-04-03,6,18538
2026-04-03,7,34413
2026-04-03,8,50192
2026-04-03,9,68349
2026-04-03,10,90816
2026-04-03,11,109716
2026-04-03,12,107785
2026-04-03,13,117337
2026-04-03,14,125915
2026-04-03,15,126485
2026-04-03,16,131521
2026-04-03,17,148242
2026-04-03,18,137367
2026-04-03,19,108566
2026-04-03,20,93694
2026-04-03,21,97630
2026-04-03,22,75334
2026-04-03,23,32981
2026-04-04,0,12080
2026-04-04,1,333
2026-04-04,5,26
2026-04-04,6,16360
2026-04-04,7,28711
2026-04-04,8,43321
2026-04-04,9,64719
2026-04-04,10,85349
2026-04-04,11,105301
2026-04-04,12,107099
2026-04-04,13,115677
2026-04-04,14,114477
2026-04-04,15,112663
2026-04-04,16,119683
2026-04-04,17,132491
2026-04-04,18,126085
2026-04-04,19,104820
2026-04-04,20,89089
2026-04-04,21,87044
2026-04-04,22,70587
2026-04-04,23,30430
2026-04-05,0,13553
2026-04-05,1,438
2026-04-05,5,34
2026-04-05,6,15489
2026-04-05,7,26999
2026-04-05,8,42731
2026-04-05,9,64562
2026-04-05,10,85226
2026-04-05,11,101399
2026-04-05,12,102817
2026-04-05,13,118060
2026-04-05,14,123514
2026-04-05,15,122599
2026-04-05,16,126749
2026-04-05,17,134618
2026-04-05,18,120603
2026-04-05,19,107519
2026-04-05,20,92585
2026-04-05,21,84719
2026-04-05,22,67048
2026-04-05,23,33672
2026-04-06,0,10202
2026-04-06,1,316
2026-04-06,5,33
2026-04-06,6,13402
2026-04-06,7,24338
2026-04-06,8,35091
2026-04-06,9,51489
2026-04-06,10,72127
2026-04-06,11,95231
2026-04-06,12,95328
2026-04-06,13,106289
2026-04-06,14,108656
2026-04-06,15,108801
2026-04-06,16,114907
2026-04-06,17,126840
2026-04-06,18,110516
2026-04-06,19,91846
2026-04-06,20,82270
2026-04-06,21,77468
2026-04-06,22,58043
2026-04-06,23,25316
2026-04-07,0,9255
2026-04-07,1,332
2026-04-07,5,33
2026-04-07,6,34461
2026-04-07,7,154057
2026-04-07,8,267539
2026-04-07,9,154225
2026-04-07,10,90770
2026-04-07,11,83999
2026-04-07,12,91259
2026-04-07,13,93144
2026-04-07,14,84420
2026-04-07,15,85740
2026-04-07,16,124546
2026-04-07,17,188950
2026-04-07,18,265437
2026-04-07,19,176609
2026-04-07,20,105211
2026-04-07,21,95144
2026-04-07,22,68824
2026-04-07,23,24254
2026-04-08,0,9585
2026-04-08,1,305
2026-04-08,5,43
2026-04-08,6,34147
2026-04-08,7,156326
2026-04-08,8,274324
2026-04-08,9,157186
2026-04-08,10,94093
2026-04-08,11,85504
2026-04-08,12,96426
2026-04-08,13,97185
2026-04-08,14,86827
2026-04-08,15,91329
2026-04-08,16,129803
2026-04-08,17,198480
2026-04-08,18,272526
2026-04-08,19,179884
2026-04-08,20,110809
2026-04-08,21,102588
2026-04-08,22,74120
2026-04-08,23,25797
2026-04-09,0,11200
2026-04-09,1,376
2026-04-09,5,47
2026-04-09,6,35049
2026-04-09,7,157827
2026-04-09,8,273630
2026-04-09,9,154640
2026-04-09,10,98002
2026-04-09,11,90427
2026-04-09,12,98140
2026-04-09,13,101536
2026-04-09,14,92428
2026-04-09,15,97690
2026-04-09,16,138259
2026-04-09,17,205173
2026-04-09,18,278432
2026-04-09,19,178502
2026-04-09,20,110033
2026-04-09,21,103819
2026-04-09,22,77379
2026-04-09,23,37493
2026-04-10,0,18345
2026-04-10,1,550
2026-04-10,5,41
2026-04-10,6,35704
2026-04-10,7,157145
2026-04-10,8,267540
2026-04-10,9,150511
2026-04-10,10,99605
2026-04-10,11,95946
2026-04-10,12,107817
2026-04-10,13,111385
2026-04-10,14,102263
2026-04-10,15,108185
2026-04-10,16,152859
2026-04-10,17,221080
2026-04-10,18,295558
2026-04-10,19,195509
2026-04-10,20,122777
2026-04-10,21,122479
2026-04-10,22,103982
2026-04-10,23,53129
2026-04-11,0,19314
2026-04-11,1,604
2026-04-11,5,52
2026-04-11,6,22046
2026-04-11,7,47723
2026-04-11,8,79273
2026-04-11,9,96156
2026-04-11,10,108685
2026-04-11,11,126723
2026-04-11,12,138398
2026-04-11,13,150827
2026-04-11,14,144346
2026-04-11,15,145537
2026-04-11,16,157372
2026-04-11,17,183059
2026-04-11,18,163985
2026-04-11,19,120338
2026-04-11,20,104884
2026-04-11,21,109062
2026-04-11,22,95132
2026-04-11,23,52863
2026-04-12,0,10763
2026-04-12,1,275
2026-04-12,5,45
2026-04-12,6,18691
2026-04-12,7,36857
2026-04-12,8,61572
2026-04-12,9,78645
2026-04-12,10,90824
2026-04-12,11,114484
2026-04-12,12,116279
2026-04-12,13,127549
2026-04-12,14,127219
2026-04-12,15,126273
2026-04-12,16,134788
2026-04-12,17,147821
2026-04-12,18,128936
2026-04-12,19,102069
2026-04-12,20,88722
2026-04-12,21,90033
2026-04-12,22,59459
2026-04-12,23,35087
2026-04-13,0,8182
2026-04-13,1,264
2026-04-13,5,49
2026-04-13,6,36506
2026-04-13,7,156726
2026-04-13,8,266873
2026-04-13,9,150121
2026-04-13,10,93158
2026-04-13,11,85878
2026-04-13,12,93860
2026-04-13,13,94697
2026-04-13,14,85533
2026-04-13,15,91135
2026-04-13,16,128411
2026-04-13,17,190814
2026-04-13,18,264958
2026-04-13,19,168308
2026-04-13,20,101707
2026-04-13,21,90200
2026-04-13,22,64040
2026-04-13,23,21787
2026-04-14,0,8758
2026-04-14,1,261
2026-04-14,5,50
2026-04-14,6,35895
2026-04-14,7,160265
2026-04-14,8,275581
2026-04-14,9,155417
2026-04-14,10,93901
2026-04-14,11,84974
2026-04-14,12,93409
2026-04-14,13,95181
2026-04-14,14,87094
2026-04-14,15,90367
2026-04-14,16,130542
2026-04-14,17,198351
2026-04-14,18,273080
2026-04-14,19,174036
2026-04-14,20,106141
2026-04-14,21,97373
2026-04-14,22,70091
2026-04-14,23,24036
2026-04-15,0,9228
2026-04-15,1,261
2026-04-15,5,32
2026-04-15,6,35466
2026-04-15,7,159446
2026-04-15,8,273827
2026-04-15,9,154204
2026-04-15,10,93163
2026-04-15,11,87026
2026-04-15,12,96798
2026-04-15,13,96987
2026-04-15,14,87366
2026-04-15,15,93104
2026-04-15,16,132693
2026-04-15,17,202779
2026-04-15,18,274486
2026-04-15,19,173730
2026-04-15,20,107666
2026-04-15,21,100468
2026-04-15,22,70414
2026-04-15,23,24941
2026-04-16,0,9690
2026-04-16,1,302
2026-04-16,5,43
2026-04-16,6,35202
2026-04-16,7,157331
2026-04-16,8,271994
2026-04-16,9,153297
2026-04-16,10,94027
2026-04-16,11,85986
2026-04-16,12,95034
2026-04-16,13,96972
2026-04-16,14,87924
2026-04-16,15,94204
2026-04-16,16,137123
2026-04-16,17,202898
2026-04-16,18,278293
2026-04-16,19,177513
2026-04-16,20,107738
2026-04-16,21,100668
2026-04-16,22,74117
2026-04-16,23,25356
2026-04-17,0,17243
2026-04-17,1,547
2026-04-17,5,51
2026-04-17,6,35789
2026-04-17,7,156388
2026-04-17,8,265496
2026-04-17,9,147892
2026-04-17,10,97455
2026-04-17,11,93143
2026-04-17,12,104097
2026-04-17,13,109279
2026-04-17,14,98785
2026-04-17,15,105276
2026-04-17,16,151921
2026-04-17,17,220939
2026-04-17,18,287632
2026-04-17,19,182360
2026-04-17,20,117759
2026-04-17,21,117475
2026-04-17,22,98833
2026-04-17,23,42244
2026-04-18,0,17413
2026-04-18,1,489
2026-04-18,5,52
2026-04-18,6,22791
2026-04-18,7,48596
2026-04-18,8,78574
2026-04-18,9,93085
2026-04-18,10,107426
2026-04-18,11,123739
2026-04-18,12,136054
2026-04-18,13,150138
2026-04-18,14,136788
2026-04-18,15,136275
2026-04-18,16,147580
2026-04-18,17,172699
2026-04-18,18,155069
2026-04-18,19,117564
2026-04-18,20,105499
2026-04-18,21,106264
2026-04-18,22,88519
2026-04-18,23,40200
2026-04-19,0,9786
2026-04-19,1,274
2026-04-19,5,61
2026-04-19,6,19844
2026-04-19,7,36118
2026-04-19,8,59809
2026-04-19,9,75864
2026-04-19,10,89215
2026-04-19,11,108122
2026-04-19,12,113238
2026-04-19,13,122938
2026-04-19,14,124845
2026-04-19,15,124337
2026-04-19,16,133281
2026-04-19,17,148996
2026-04-19,18,131336
2026-04-19,19,110803
2026-04-19,20,97897
2026-04-19,21,87330
2026-04-19,22,63616
2026-04-19,23,26695
2026-04-20,0,8242
2026-04-20,1,252
2026-04-20,5,44
2026-04-20,6,36774
2026-04-20,7,156927
2026-04-20,8,265927
2026-04-20,9,147288
2026-04-20,10,90877
2026-04-20,11,84166
2026-04-20,12,91119
2026-04-20,13,91787
2026-04-20,14,84672
2026-04-20,15,88906
2026-04-20,16,126229
2026-04-20,17,188547
2026-04-20,18,262283
2026-04-20,19,170003
2026-04-20,20,102954
2026-04-20,21,91457
2026-04-20,22,64489
2026-04-20,23,22313
2026-04-21,0,8761
2026-04-21,1,305
2026-04-21,5,41
2026-04-21,6,35579
2026-04-21,7,160413
2026-04-21,8,273523
2026-04-21,9,153254
2026-04-21,10,93813
2026-04-21,11,84987
2026-04-21,12,92533
2026-04-21,13,93819
2026-04-21,14,86811
2026-04-21,15,91498
2026-04-21,16,131583
2026-04-21,17,196602
2026-04-21,18,271536
2026-04-21,19,171762
2026-04-21,20,104868
2026-04-21,21,97389
2026-04-21,22,70900
2026-04-21,23,23702
2026-04-22,0,9528
2026-04-22,1,300
2026-04-22,5,49
2026-04-22,6,35655
2026-04-22,7,158607
2026-04-22,8,273322
2026-04-22,9,152798
2026-04-22,10,93224
2026-04-22,11,87850
2026-04-22,12,97278
2026-04-22,13,98488
2026-04-22,14,90806
2026-04-22,15,94810
2026-04-22,16,131191
2026-04-22,17,197244
2026-04-22,18,271888
2026-04-22,19,172683
2026-04-22,20,105793
2026-04-22,21,101156
2026-04-22,22,73997
2026-04-22,23,24963
2026-04-23,0,9339
2026-04-23,1,342
2026-04-23,5,48
2026-04-23,6,35636
2026-04-23,7,158365
2026-04-23,8,272114
2026-04-23,9,152686
2026-04-23,10,93537
2026-04-23,11,86322
2026-04-23,12,94342
2026-04-23,13,95808
2026-04-23,14,88596
2026-04-23,15,94789
2026-04-23,16,135875
2026-04-23,17,196969
2026-04-23,18,275906
2026-04-23,19,171125
2026-04-23,20,103065
2026-04-23,21,98171
2026-04-23,22,72081
2026-04-23,23,24727
2026-04-24,0,16115
2026-04-24,1,552
2026-04-24,5,41
2026-04-24,6,34597
2026-04-24,7,152861
2026-04-24,8,268512
2026-04-24,9,150839
2026-04-24,10,94478
2026-04-24,11,90325
2026-04-24,12,102775
2026-04-24,13,106574
2026-04-24,14,98208
2026-04-24,15,101200
2026-04-24,16,147158
2026-04-24,17,216783
2026-04-24,18,291660
2026-04-24,19,192150
2026-04-24,20,121012
2026-04-24,21,119552
2026-04-24,22,98895
2026-04-24,23,40854
2026-04-25,0,17837
2026-04-25,1,540
2026-04-25,5,52
2026-04-25,6,21544
2026-04-25,7,44997
2026-04-25,8,74346
2026-04-25,9,91524
2026-04-25,10,102713
2026-04-25,11,123282
2026-04-25,12,132396
2026-04-25,13,141156
2026-04-25,14,136951
2026-04-25,15,140366
2026-04-25,16,148059
2026-04-25,17,179141
2026-04-25,18,160113
2026-04-25,19,116147
2026-04-25,20,95675
2026-04-25,21,103871
2026-04-25,22,95540
2026-04-25,23,41828
2026-04-26,0,11720
2026-04-26,1,337
2026-04-26,5,56
2026-04-26,6,19582
2026-04-26,7,39730
2026-04-26,8,61356
2026-04-26,9,78947
2026-04-26,10,95394
2026-04-26,11,116072
2026-04-26,12,119974
2026-04-26,13,129020
2026-04-26,14,132355
2026-04-26,15,135796
2026-04-26,16,143262
2026-04-26,17,160710
2026-04-26,18,139042
2026-04-26,19,112048
2026-04-26,20,99534
2026-04-26,21,97119
2026-04-26,22,77209
2026-04-26,23,31903
2026-04-27,0,8956
2026-04-27,1,268
2026-04-27,5,37
2026-04-27,6,36270
2026-04-27,7,156879
2026-04-27,8,265051
2026-04-27,9,147967
2026-04-27,10,94523
2026-04-27,11,87922
2026-04-27,12,94812
2026-04-27,13,96160
2026-04-27,14,87248
2026-04-27,15,92511
2026-04-27,16,129431
2026-04-27,17,192413
2026-04-27,18,264582
2026-04-27,19,170869
2026-04-27,20,103865
2026-04-27,21,94286
2026-04-27,22,66352
2026-04-27,23,23464
2026-04-28,0,9593
2026-04-28,1,319
2026-04-28,5,33
2026-04-28,6,36493
2026-04-28,7,161571
2026-04-28,8,272735
2026-04-28,9,155610
2026-04-28,10,96319
2026-04-28,11,88671
2026-04-28,12,95506
2026-04-28,13,97669
2026-04-28,14,89086
2026-04-28,15,94968
2026-04-28,16,136208
2026-04-28,17,201116
2026-04-28,18,269566
2026-04-28,19,173922
2026-04-28,20,107605
2026-04-28,21,100509
2026-04-28,22,73680
2026-04-28,23,25725
2026-04-29,0,10345
2026-04-29,1,394
2026-04-29,5,42
2026-04-29,6,35950
2026-04-29,7,159238
2026-04-29,8,273050
2026-04-29,9,152685
2026-04-29,10,95220
2026-04-29,11,89002
2026-04-29,12,99134
2026-04-29,13,101959
2026-04-29,14,94520
2026-04-29,15,95908
2026-04-29,16,131913
2026-04-29,17,199806
2026-04-29,18,275912
2026-04-29,19,177162
2026-04-29,20,109210
2026-04-29,21,103570
2026-04-29,22,75857
2026-04-29,23,27028
2026-04-30,0,16449
2026-04-30,1,495
2026-04-30,5,40
2026-04-30,6,34242
2026-04-30,7,153316
2026-04-30,8,268103
2026-04-30,9,156127
2026-04-30,10,98389
2026-04-30,11,92170
2026-04-30,12,101866
2026-04-30,13,107625
2026-04-30,14,98460
2026-04-30,15,105673
2026-04-30,16,146033
2026-04-30,17,213778
2026-04-30,18,289575
2026-04-30,19,195674
2026-04-30,20,123940
2026-04-30,21,120961
2026-04-30,22,96017
2026-04-30,23,39249
2026-05-01,0,17839
2026-05-01,1,570
2026-05-01,5,41
2026-05-01,6,21474
2026-05-01,7,39113
2026-05-01,8,56631
2026-05-01,9,78888
2026-05-01,10,103614
2026-05-01,11,127197
2026-05-01,12,120331
2026-05-01,13,130230
2026-05-01,14,135761
2026-05-01,15,136478
2026-05-01,16,142757
2026-05-01,17,160296
2026-05-01,18,146812
2026-05-01,19,121542
2026-05-01,20,104818
2026-05-01,21,108893
2026-05-01,22,87470
2026-05-01,23,42144
2026-05-02,0,16195
2026-05-02,1,514
2026-05-02,5,40
2026-05-02,6,19861
2026-05-02,7,36102
2026-05-02,8,60640
2026-05-02,9,81644
2026-05-02,10,101403
2026-05-02,11,123431
2026-05-02,12,124756
2026-05-02,13,137109
2026-05-02,14,137116
2026-05-02,15,138142
2026-05-02,16,145618
2026-05-02,17,163598
2026-05-02,18,142711
2026-05-02,19,120189
2026-05-02,20,110272
2026-05-02,21,106777
2026-05-02,22,86600
2026-05-02,23,40147
2026-05-03,0,10659
2026-05-03,1,292
2026-05-03,5,53
2026-05-03,6,19007
2026-05-03,7,30296
2026-05-03,8,50470
2026-05-03,9,72324
2026-05-03,10,89620
2026-05-03,11,108044
2026-05-03,12,110783
2026-05-03,13,120253
2026-05-03,14,124234
2026-05-03,15,119453
2026-05-03,16,126324
2026-05-03,17,141534
2026-05-03,18,119480
2026-05-03,19,100997
2026-05-03,20,95694
2026-05-03,21,87865
2026-05-03,22,63604
2026-05-03,23,27193
2026-05-04,0,8532
2026-05-04,1,302
2026-05-04,5,28
2026-05-04,6,34962
2026-05-04,7,153266
2026-05-04,8,270206
2026-05-04,9,156849
2026-05-04,10,98063
2026-05-04,11,91234
2026-05-04,12,97046
2026-05-04,13,99520
2026-05-04,14,91398
2026-05-04,15,95609
2026-05-04,16,130441
2026-05-04,17,194838
2026-05-04,18,270492
2026-05-04,19,178940
2026-05-04,20,105716
2026-05-04,21,93077
2026-05-04,22,66091
2026-05-04,23,23306
2026-05-05,0,9233
2026-05-05,1,296
2026-05-05,5,41
2026-05-05,6,34999
2026-05-05,7,156694
2026-05-05,8,280799
2026-05-05,9,166070
2026-05-05,10,96696
2026-05-05,11,85344
2026-05-05,12,94624
2026-05-05,13,97367
2026-05-05,14,87388
2026-05-05,15,89395
2026-05-05,16,129032
2026-05-05,17,200598
2026-05-05,18,277997
2026-05-05,19,181808
2026-05-05,20,108468
2026-05-05,21,99125
2026-05-05,22,74863
2026-05-05,23,26031
2026-05-06,0,10345
2026-05-06,1,294
2026-05-06,5,38
2026-05-06,6,34791
2026-05-06,7,157144
2026-05-06,8,275424
2026-05-06,9,157601
2026-05-06,10,97791
2026-05-06,11,92251
2026-05-06,12,103741
2026-05-06,13,104373
2026-05-06,14,95078
2026-05-06,15,98148
2026-05-06,16,136903
2026-05-06,17,201707
2026-05-06,18,276425
2026-05-06,19,180039
2026-05-06,20,112739
2026-05-06,21,106880
2026-05-06,22,81605
2026-05-06,23,28748
2026-05-07,0,10371
2026-05-07,1,301
2026-05-07,5,46
2026-05-07,6,36438
2026-05-07,7,157266
2026-05-07,8,273540
2026-05-07,9,157738
2026-05-07,10,98966
2026-05-07,11,91445
2026-05-07,12,100062
2026-05-07,13,102812
2026-05-07,14,94173
2026-05-07,15,99972
2026-05-07,16,139575
2026-05-07,17,203288
2026-05-07,18,273783
2026-05-07,19,177943
2026-05-07,20,110775
2026-05-07,21,104290
2026-05-07,22,76018
2026-05-07,23,28090
2026-05-08,0,17070
2026-05-08,1,587
2026-05-08,5,40
2026-05-08,6,35593
2026-05-08,7,155655
2026-05-08,8,265541
2026-05-08,9,146794
2026-05-08,10,98456
2026-05-08,11,93675
2026-05-08,12,105343
2026-05-08,13,109646
2026-05-08,14,102230
2026-05-08,15,106958
2026-05-08,16,149726
2026-05-08,17,217866
2026-05-08,18,286022
2026-05-08,19,187562
2026-05-08,20,119748
2026-05-08,21,118743
2026-05-08,22,98160
2026-05-08,23,42826
2026-05-09,0,16234
2026-05-09,1,510
2026-05-09,5,42
2026-05-09,6,20626
2026-05-09,7,43688
2026-05-09,8,74253
2026-05-09,9,89437
2026-05-09,10,104208
2026-05-09,11,121591
2026-05-09,12,129198
2026-05-09,13,142744
2026-05-09,14,134257
2026-05-09,15,133095
2026-05-09,16,148326
2026-05-09,17,170291
2026-05-09,18,144575
2026-05-09,19,112695
2026-05-09,20,99811
2026-05-09,21,105110
2026-05-09,22,82161
2026-05-09,23,39956
2026-05-10,0,9830
2026-05-10,1,294
2026-05-10,5,46
2026-05-10,6,17210
2026-05-10,7,29572
2026-05-10,8,47561
2026-05-10,9,67641
2026-05-10,10,84638
2026-05-10,11,104498
2026-05-10,12,103869
2026-05-10,13,114951
2026-05-10,14,119708
2026-05-10,15,122328
2026-05-10,16,131107
2026-05-10,17,136021
2026-05-10,18,116964
2026-05-10,19,102950
2026-05-10,20,96590
2026-05-10,21,82540
2026-05-10,22,57830
2026-05-10,23,24642
2026-05-11,0,8908
2026-05-11,1,297
2026-05-11,5,39
2026-05-11,6,34649
2026-05-11,7,149691
2026-05-11,8,264971
2026-05-11,9,148188
2026-05-11,10,92420
2026-05-11,11,85971
2026-05-11,12,93887
2026-05-11,13,95698
2026-05-11,14,87772
2026-05-11,15,91822
2026-05-11,16,127719
2026-05-11,17,188347
2026-05-11,18,260953
2026-05-11,19,170483
2026-05-11,20,101850
2026-05-11,21,93876
2026-05-11,22,65151
2026-05-11,23,23611
2026-05-12,0,9180
2026-05-12,1,302
2026-05-12,5,36
2026-05-12,6,35115
2026-05-12,7,157951
2026-05-12,8,262627
2026-05-12,9,160678
2026-05-12,10,95782
2026-05-12,11,86424
2026-05-12,12,94366
2026-05-12,13,96577
2026-05-12,14,87624
2026-05-12,15,92633
2026-05-12,16,134078
2026-05-12,17,197397
2026-05-12,18,268826
2026-05-12,19,173722
2026-05-12,20,107184
2026-05-12,21,102302
2026-05-12,22,69553
2026-05-12,23,24476
2026-05-13,0,9096
2026-05-13,1,301
2026-05-13,5,49
2026-05-13,6,35059
2026-05-13,7,158344
2026-05-13,8,269181
2026-05-13,9,151526
2026-05-13,10,92308
2026-05-13,11,86468
2026-05-13,12,97608
2026-05-13,13,100125
2026-05-13,14,88695
2026-05-13,15,91321
2026-05-13,16,132700
2026-05-13,17,194589
2026-05-13,18,272609
2026-05-13,19,174647
2026-05-13,20,104232
2026-05-13,21,98457
2026-05-13,22,70479
2026-05-13,23,24238
2026-05-14,0,10359
2026-05-14,1,317
2026-05-14,5,40
2026-05-14,6,33523
2026-05-14,7,154163
2026-05-14,8,272188
2026-05-14,9,152694
2026-05-14,10,91743
2026-05-14,11,82865
2026-05-14,12,92840
2026-05-14,13,95443
2026-05-14,14,85148
2026-05-14,15,89313
2026-05-14,16,128988
2026-05-14,17,193243
2026-05-14,18,270181
2026-05-14,19,173893
2026-05-14,20,107526
2026-05-14,21,101797
2026-05-14,22,74469
2026-05-14,23,27682
2026-05-15,0,19793
2026-05-15,1,585
2026-05-15,5,44
2026-05-15,6,34769
2026-05-15,7,151132
2026-05-15,8,260027
2026-05-15,9,145841
2026-05-15,10,97427
2026-05-15,11,96967
2026-05-15,12,121545
2026-05-15,13,122961
2026-05-15,14,111888
2026-05-15,15,118185
2026-05-15,16,152982
2026-05-15,17,217229
2026-05-15,18,292202
2026-05-15,19,192188
2026-05-15,20,121870
2026-05-15,21,118260
2026-05-15,22,102291
2026-05-15,23,60877
2026-05-16,0,18577
2026-05-16,1,525
2026-05-16,5,82
2026-05-16,6,24887
2026-05-16,7,50856
2026-05-16,8,78999
2026-05-16,9,96021
2026-05-16,10,109728
2026-05-16,11,130529
2026-05-16,12,138085
2026-05-16,13,145973
2026-05-16,14,141833
2026-05-16,15,143188
2026-05-16,16,159271
2026-05-16,17,187135
2026-05-16,18,163816
2026-05-16,19,129604
2026-05-16,20,112566
2026-05-16,21,114028
2026-05-16,22,92652
2026-05-16,23,46163
2026-05-17,0,11081
2026-05-17,1,287
2026-05-17,5,63
2026-05-17,6,21055
2026-05-17,7,40650
2026-05-17,8,60819
2026-05-17,9,79216
2026-05-17,10,95050
2026-05-17,11,113944
2026-05-17,12,119439
2026-05-17,13,134586
2026-05-17,14,135617
2026-05-17,15,135346
2026-05-17,16,147225
2026-05-17,17,163519
2026-05-17,18,134846
2026-05-17,19,113064
2026-05-17,20,100736
2026-05-17,21,95099
2026-05-17,22,77026
2026-05-17,23,28540
2026-05-18,0,8765
2026-05-18,1,280
2026-05-18,5,36
2026-05-18,6,36811
2026-05-18,7,152552
2026-05-18,8,264705
2026-05-18,9,146627
2026-05-18,10,93610
2026-05-18,11,86797
2026-05-18,12,93104
2026-05-18,13,94734
2026-05-18,14,86514
2026-05-18,15,91088
2026-05-18,16,129611
2026-05-18,17,190380
2026-05-18,18,260905
2026-05-18,19,170137
2026-05-18,20,103005
2026-05-18,21,90888
2026-05-18,22,64414
2026-05-18,23,22931
2026-05-19,0,9176
2026-05-19,1,290
2026-05-19,5,46
2026-05-19,6,36167
2026-05-19,7,156999
2026-05-19,8,272374
2026-05-19,9,152721
2026-05-19,10,94632
2026-05-19,11,86220
2026-05-19,12,94473
2026-05-19,13,95659
2026-05-19,14,87195
2026-05-19,15,91939
2026-05-19,16,131175
2026-05-19,17,195715
2026-05-19,18,268913
2026-05-19,19,172905
2026-05-19,20,105295
2026-05-19,21,96714
2026-05-19,22,68241
2026-05-19,23,24428
2026-05-20,0,10516
2026-05-20,1,348
2026-05-20,5,54
2026-05-20,6,36213
2026-05-20,7,156188
2026-05-20,8,268423
2026-05-20,9,151440
2026-05-20,10,95400
2026-05-20,11,89957
2026-05-20,12,100112
2026-05-20,13,101138
2026-05-20,14,90981
2026-05-20,15,96579
2026-05-20,16,136020
2026-05-20,17,201534
2026-05-20,18,275317
2026-05-20,19,174036
2026-05-20,20,109202
2026-05-20,21,102696
2026-05-20,22,74774
2026-05-20,23,27133
2026-05-21,0,10180
2026-05-21,1,350
2026-05-21,5,46
2026-05-21,6,36148
2026-05-21,7,154167
2026-05-21,8,268157
2026-05-21,9,153554
2026-05-21,10,95139
2026-05-21,11,88101
2026-05-21,12,96682
2026-05-21,13,98629
2026-05-21,14,88712
2026-05-21,15,95457
2026-05-21,16,135831
2026-05-21,17,203501
2026-05-21,18,277564
2026-05-21,19,171084
2026-05-21,20,106792
2026-05-21,21,100080
2026-05-21,22,75042
2026-05-21,23,26584
2026-05-22,0,18262
2026-05-22,1,567
2026-05-22,5,59
2026-05-22,6,35784
2026-05-22,7,152261
2026-05-22,8,260847
2026-05-22,9,149064
2026-05-22,10,99515
2026-05-22,11,94804
2026-05-22,12,106942
2026-05-22,13,111744
2026-05-22,14,103006
2026-05-22,15,109403
2026-05-22,16,154906
2026-05-22,17,223736
2026-05-22,18,289692
2026-05-22,19,186116
2026-05-22,20,121354
2026-05-22,21,121363
2026-05-22,22,101026
2026-05-22,23,48645
2026-05-23,0,18114
2026-05-23,1,526
2026-05-23,5,46
2026-05-23,6,23540
2026-05-23,7,48500
2026-05-23,8,80994
2026-05-23,9,98871
2026-05-23,10,111489
2026-05-23,11,130884
2026-05-23,12,139727
2026-05-23,13,150735
2026-05-23,14,143401
2026-05-23,15,145884
2026-05-23,16,163499
2026-05-23,17,185928
2026-05-23,18,169005
2026-05-23,19,130991
2026-05-23,20,114775
2026-05-23,21,115594
2026-05-23,22,98879
2026-05-23,23,46432
2026-05-24,0,10139
2026-05-24,1,317
2026-05-24,5,66
2026-05-24,6,19403
2026-05-24,7,35858
2026-05-24,8,60416
2026-05-24,9,79828
2026-05-24,10,94253
2026-05-24,11,114393
2026-05-24,12,116794
2026-05-24,13,128919
2026-05-24,14,128662
2026-05-24,15,126412
2026-05-24,16,136639
2026-05-24,17,153159
2026-05-24,18,135573
2026-05-24,19,111327
2026-05-24,20,104240
2026-05-24,21,91461
2026-05-24,22,64521
2026-05-24,23,26235
2026-05-25,0,8564
2026-05-25,1,305
2026-05-25,5,51
2026-05-25,6,36302
2026-05-25,7,150599
2026-05-25,8,260854
2026-05-25,9,148510
2026-05-25,10,93595
2026-05-25,11,87162
2026-05-25,12,93154
2026-05-25,13,94355
2026-05-25,14,84593
2026-05-25,15,91469
2026-05-25,16,130088
2026-05-25,17,190474
2026-05-25,18,266207
2026-05-25,19,171968
2026-05-25,20,103718
2026-05-25,21,92579
2026-05-25,22,65529
2026-05-25,23,23481
2026-05-26,0,9478
2026-05-26,1,306
2026-05-26,5,40
2026-05-26,6,36353
2026-05-26,7,156900
2026-05-26,8,271738
2026-05-26,9,153269
2026-05-26,10,94384
2026-05-26,11,85379
2026-05-26,12,92574
2026-05-26,13,94502
2026-05-26,14,85677
2026-05-26,15,91303
2026-05-26,16,132017
2026-05-26,17,197203
2026-05-26,18,271007
2026-05-26,19,173576
2026-05-26,20,107418
2026-05-26,21,97788
2026-05-26,22,73402
2026-05-26,23,26570
2026-05-27,0,9925
2026-05-27,1,299
2026-05-27,5,42
2026-05-27,6,37094
2026-05-27,7,156380
2026-05-27,8,270507
2026-05-27,9,151037
2026-05-27,10,94528
2026-05-27,11,87152
2026-05-27,12,97758
2026-05-27,13,96696
2026-05-27,14,86348
2026-05-27,15,90661
2026-05-27,16,132292
2026-05-27,17,199042
2026-05-27,18,272754
2026-05-27,19,174754
2026-05-27,20,109997
2026-05-27,21,103452
2026-05-27,22,77565
2026-05-27,23,26240
2026-05-28,0,10404
2026-05-28,1,289
2026-05-28,5,43
2026-05-28,6,35986
2026-05-28,7,154599
2026-05-28,8,267526
2026-05-28,9,151588
2026-05-28,10,94368
2026-05-28,11,86369
2026-05-28,12,95156
2026-05-28,13,95822
2026-05-28,14,85872
2026-05-28,15,91309
2026-05-28,16,132803
2026-05-28,17,199499
2026-05-28,18,271922
2026-05-28,19,175344
2026-05-28,20,108578
2026-05-28,21,103841
2026-05-28,22,75682
2026-05-28,23,27321
2026-05-29,0,18715
2026-05-29,1,593
2026-05-29,5,57
2026-05-29,6,34313
2026-05-29,7,148852
2026-05-29,8,264899
2026-05-29,9,150526
2026-05-29,10,94378
2026-05-29,11,87930
2026-05-29,12,99802
2026-05-29,13,103404
2026-05-29,14,95385
2026-05-29,15,102496
2026-05-29,16,148928
2026-05-29,17,216773
2026-05-29,18,286008
2026-05-29,19,186411
2026-05-29,20,119772
2026-05-29,21,119855
2026-05-29,22,101422
2026-05-29,23,50536
2026-05-30,0,18365
2026-05-30,1,559
2026-05-30,5,68
2026-05-30,6,22767
2026-05-30,7,46863
2026-05-30,8,75472
2026-05-30,9,93813
2026-05-30,10,106397
2026-05-30,11,125387
2026-05-30,12,133708
2026-05-30,13,142638
2026-05-30,14,135919
2026-05-30,15,139295
2026-05-30,16,152875
2026-05-30,17,176034
2026-05-30,18,156563
2026-05-30,19,124040
2026-05-30,20,108898
2026-05-30,21,113744
2026-05-30,22,100924
2026-05-30,23,46976
2026-05-31,0,10498
2026-05-31,1,303
2026-05-31,5,69
2026-05-31,6,18350
2026-05-31,7,33481
2026-05-31,8,54309
2026-05-31,9,70960
2026-05-31,10,86152
2026-05-31,11,105661
2026-05-31,12,110465
2026-05-31,13,121962
2026-05-31,14,124465
2026-05-31,15,125745
2026-05-31,16,130651
2026-05-31,17,144169
2026-05-31,18,125864
2026-05-31,19,107655
2026-05-31,20,102498
2026-05-31,21,103140
2026-05-31,22,64511
2026-05-31,23,27714
