station,date,y,pred
BL板橋,2026-01-01,30413.0,45035.04
BL板橋,2026-01-02,39782.0,42797.94
BL板橋,2026-01-03,34202.0,37451.566
BL板橋,2026-01-04,31379.0,33080.918
BL板橋,2026-01-05,37526.0,38625.16
BL板橋,2026-01-06,37337.0,37983.664
BL板橋,2026-01-07,37613.0,38107.54
BL板橋,2026-01-08,37917.0,37905.1
BL板橋,2026-01-09,43065.0,41608.473
BL板橋,2026-01-10,38689.0,37171.938
BL板橋,2026-01-11,33583.0,34890.86
BL板橋,2026-01-12,36973.0,37341.953
BL板橋,2026-01-13,37160.0,37200.957
BL板橋,2026-01-14,37588.0,37303.86
BL板橋,2026-01-15,37829.0,38061.02
BL板橋,2026-01-16,43010.0,42608.984
BL板橋,2026-01-17,38297.0,39867.555
BL板橋,2026-01-18,35204.0,35004.73
BL板橋,2026-01-19,37644.0,37319.363
BL板橋,2026-01-20,39581.0,37253.02
BL板橋,2026-01-21,37250.0,38770.86
BL板橋,2026-01-22,37968.0,38174.914
BL板橋,2026-01-23,42961.0,42988.184
BL板橋,2026-01-24,38721.0,37761.54
BL板橋,2026-01-25,35000.0,34596.953
BL板橋,2026-01-26,37913.0,37748.0
BL板橋,2026-01-27,38336.0,37289.715
BL板橋,2026-01-28,38330.0,38381.867
BL板橋,2026-01-29,39624.0,38974.305
BL板橋,2026-01-30,44043.0,43793.203
BL板橋,2026-01-31,40258.0,38933.523
BL板橋,2026-02-01,33550.0,36159.258
BL板橋,2026-02-02,36777.0,37426.387
BL板橋,2026-02-03,38439.0,37061.562
BL板橋,2026-02-04,39630.0,38609.04
BL板橋,2026-02-05,40645.0,40086.52
BL板橋,2026-02-06,44455.0,45158.21
BL板橋,2026-02-07,39085.0,39380.93
BL板橋,2026-02-08,34714.0,35247.727
BL板橋,2026-02-09,38716.0,37922.117
BL板橋,2026-02-10,39602.0,38521.727
BL板橋,2026-02-11,39669.0,39810.68
BL板橋,2026-02-12,40390.0,40358.305
BL板橋,2026-02-13,40410.0,44878.855
BL板橋,2026-02-14,30880.0,34628.484
BL板橋,2026-02-15,25142.0,29723.434
BL板橋,2026-02-16,17391.0,22854.416
BL板橋,2026-02-17,26992.0,20927.697
BL板橋,2026-02-18,31209.0,32574.11
BL板橋,2026-02-19,35456.0,35184.793
BL板橋,2026-02-20,36934.0,37367.836
BL板橋,2026-02-21,37703.0,35209.332
BL板橋,2026-02-22,32722.0,30961.486
BL板橋,2026-02-23,37159.0,34442.234
BL板橋,2026-02-24,36417.0,38319.203
BL板橋,2026-02-25,37900.0,36836.54
BL板橋,2026-02-26,41850.0,38231.605
BL板橋,2026-02-27,36006.0,38815.55
BL板橋,2026-02-28,36027.0,37895.63
BL板橋,2026-03-01,31759.0,35054.434
BL板橋,2026-03-02,36511.0,36662.63
BL板橋,2026-03-03,36277.0,37718.367
BL板橋,2026-03-04,37707.0,36897.6
BL板橋,2026-03-05,38298.0,37998.074
BL板橋,2026-03-06,43151.0,42592.668
BL板橋,2026-03-07,39429.0,43400.688
BL板橋,2026-03-08,34501.0,35147.4
BL板橋,2026-03-09,37627.0,36590.316
BL板橋,2026-03-10,37898.0,37658.676
BL板橋,2026-03-11,38854.0,37806.465
BL板橋,2026-03-12,39022.0,38799.273
BL板橋,2026-03-13,44540.0,43830.047
BL板橋,2026-03-14,40955.0,45046.54
BL板橋,2026-03-15,35987.0,35407.605
BL板橋,2026-03-16,37755.0,36476.336
BL板橋,2026-03-17,37862.0,37470.96
BL板橋,2026-03-18,38865.0,37919.305
BL板橋,2026-03-19,38400.0,39246.457
BL板橋,2026-03-20,44878.0,44198.78
BL板橋,2026-03-21,43554.0,41256.29
BL板橋,2026-03-22,38187.0,38019.71
BL板橋,2026-03-23,37917.0,38166.273
BL板橋,2026-03-24,37086.0,37467.367
BL板橋,2026-03-25,38317.0,37789.91
BL板橋,2026-03-26,38574.0,39107.977
BL板橋,2026-03-27,42595.0,44314.945
BL板橋,2026-03-28,39291.0,38962.29
BL板橋,2026-03-29,34335.0,35516.957
BL板橋,2026-03-30,37469.0,37212.293
BL板橋,2026-03-31,36922.0,37482.734
BL板橋,2026-04-01,37801.0,37909.56
BL板橋,2026-04-02,41366.0,38724.04
BL板橋,2026-04-03,33129.0,37692.9
BL板橋,2026-04-04,31586.0,34341.33
BL板橋,2026-04-05,34308.0,31198.043
BL板橋,2026-04-06,33072.0,33330.1
BL板橋,2026-04-07,38604.0,37035.695
BL板橋,2026-04-08,38077.0,38114.58
BL板橋,2026-04-09,38680.0,38522.38
BL板橋,2026-04-10,43645.0,43183.637
BL板橋,2026-04-11,38869.0,38719.348
BL板橋,2026-04-12,34771.0,35226.902
BL板橋,2026-04-13,37690.0,37449.03
BL板橋,2026-04-14,37207.0,37951.066
BL板橋,2026-04-15,37744.0,37698.926
BL板橋,2026-04-16,38034.0,38652.426
BL板橋,2026-04-17,42355.0,43333.008
BL板橋,2026-04-18,38117.0,38675.613
BL板橋,2026-04-19,35021.0,34814.28
BL板橋,2026-04-20,37476.0,37061.688
BL板橋,2026-04-21,36878.0,37469.145
BL板橋,2026-04-22,37727.0,37213.02
BL板橋,2026-04-23,38077.0,38095.227
BL板橋,2026-04-24,43045.0,42843.246
BL板橋,2026-04-25,38195.0,39080.195
BL板橋,2026-04-26,36642.0,35043.156
BL板橋,2026-04-27,37446.0,37329.94
BL板橋,2026-04-28,37604.0,36719.887
BL板橋,2026-04-29,38477.0,37132.45
BL板橋,2026-04-30,43824.0,38518.53
BL板橋,2026-05-01,37191.0,36685.094
BL板橋,2026-05-02,37045.0,36736.64
BL板橋,2026-05-03,35426.0,33980.016
BL板橋,2026-05-04,38558.0,37806.207
BL板橋,2026-05-05,38690.0,38133.652
BL板橋,2026-05-06,38801.0,38825.637
BL板橋,2026-05-07,39168.0,39319.36
BL板橋,2026-05-08,43455.0,43706.43
BL板橋,2026-05-09,38668.0,38557.387
BL板橋,2026-05-10,34262.0,35541.785
BL板橋,2026-05-11,37963.0,37954.543
BL板橋,2026-05-12,37598.0,38262.855
BL板橋,2026-05-13,37732.0,38372.67
BL板橋,2026-05-14,37678.0,38722.785
BL板橋,2026-05-15,44934.0,42479.82
BL板橋,2026-05-16,39461.0,40444.117
BL板橋,2026-05-17,37439.0,36133.344
BL板橋,2026-05-18,37325.0,38295.508
BL板橋,2026-05-19,37108.0,37351.465
BL板橋,2026-05-20,38715.0,37374.48
BL板橋,2026-05-21,38113.0,38763.203
BL板橋,2026-05-22,43426.0,43225.055
BL板橋,2026-05-23,39834.0,38865.63
BL板橋,2026-05-24,35943.0,35678.26
BL板橋,2026-05-25,37311.0,37606.543
BL板橋,2026-05-26,37599.0,37099.996
BL板橋,2026-05-27,38130.0,37990.863
BL板橋,2026-05-28,38158.0,38778.72
BL板橋,2026-05-29,43118.0,43294.043
BL板橋,2026-05-30,38777.0,38610.336
BL板橋,2026-05-31,35206.0,35432.46
Y板橋,2026-01-01,2139.0,2439.0994
Y板橋,2026-01-02,2658.0,3164.3093
Y板橋,2026-01-03,2177.0,2793.0737
Y板橋,2026-01-04,2468.0,2262.545
Y板橋,2026-01-05,2264.0,2206.2456
Y板橋,2026-01-06,2022.0,2096.874
Y板橋,2026-01-07,2065.0,2248.8945
Y板橋,2026-01-08,2084.0,2064.8938
Y板橋,2026-01-09,2487.0,2485.504
Y板橋,2026-01-10,2368.0,2891.412
Y板橋,2026-01-11,2366.0,2193.2266
Y板橋,2026-01-12,2041.0,1993.622
Y板橋,2026-01-13,2084.0,1976.339
Y板橋,2026-01-14,2097.0,2214.0542
Y板橋,2026-01-15,2107.0,2037.8868
Y板橋,2026-01-16,2441.0,2441.3657
Y板橋,2026-01-17,2402.0,2832.0952
Y板橋,2026-01-18,2312.0,2250.351
Y板橋,2026-01-19,2114.0,1942.6554
Y板橋,2026-01-20,2252.0,1870.3453
Y板橋,2026-01-21,1986.0,2253.5088
Y板橋,2026-01-22,2075.0,1935.4395
Y板橋,2026-01-23,2486.0,2288.3618
Y板橋,2026-01-24,2589.0,2554.1245
Y板橋,2026-01-25,2411.0,2336.5078
Y板橋,2026-01-26,2246.0,2050.8281
Y板橋,2026-01-27,2163.0,1867.1311
Y板橋,2026-01-28,2156.0,2202.5168
Y板橋,2026-01-29,2247.0,2059.2817
Y板橋,2026-01-30,2618.0,2390.667
Y板橋,2026-01-31,2366.0,2599.6428
Y板橋,2026-02-01,2331.0,2284.9197
Y板橋,2026-02-02,2151.0,2119.5918
Y板橋,2026-02-03,2079.0,1855.6245
Y板橋,2026-02-04,2183.0,2097.7368
Y板橋,2026-02-05,2207.0,2092.0278
Y板橋,2026-02-06,2546.0,2423.805
Y板橋,2026-02-07,2378.0,2563.1199
Y板橋,2026-02-08,2223.0,2305.747
Y板橋,2026-02-09,2128.0,2079.625
Y板橋,2026-02-10,2229.0,1840.9188
Y板橋,2026-02-11,2232.0,2179.5327
Y板橋,2026-02-12,2239.0,2136.4685
Y板橋,2026-02-13,2259.0,2439.8044
Y板橋,2026-02-14,1828.0,2321.9397
Y板橋,2026-02-15,1603.0,1966.6699
Y板橋,2026-02-16,1195.0,2093.6077
Y板橋,2026-02-17,1842.0,2078.0234
Y板橋,2026-02-18,2293.0,2422.5522
Y板橋,2026-02-19,2535.0,2641.3936
Y板橋,2026-02-20,2721.0,2246.6797
Y板橋,2026-02-21,2920.0,2407.5525
Y板橋,2026-02-22,2909.0,2274.3066
Y板橋,2026-02-23,2576.0,2023.119
Y板橋,2026-02-24,2830.0,2378.8662
Y板橋,2026-02-25,2378.0,2617.024
Y板橋,2026-02-26,2884.0,2325.582
Y板橋,2026-02-27,2546.0,2895.316
Y板橋,2026-02-28,2861.0,3033.3296
Y板橋,2026-03-01,3124.0,2645.899
Y板橋,2026-03-02,2449.0,2397.4863
Y板橋,2026-03-03,2225.0,2362.5361
Y板橋,2026-03-04,2244.0,2315.4758
Y板橋,2026-03-05,2335.0,2111.6191
Y板橋,2026-03-06,2835.0,2680.1646
Y板橋,2026-03-07,2714.0,3898.1658
Y板橋,2026-03-08,2982.0,2250.288
Y板橋,2026-03-09,2423.0,2028.0985
Y板橋,2026-03-10,2334.0,2031.7837
Y板橋,2026-03-11,2390.0,2334.7515
Y板橋,2026-03-12,2364.0,2254.607
Y板橋,2026-03-13,2935.0,2872.4377
Y板橋,2026-03-14,2673.0,4028.3792
Y板橋,2026-03-15,2863.0,2382.454
Y板橋,2026-03-16,2544.0,2072.2808
Y板橋,2026-03-17,2199.0,1984.4287
Y板橋,2026-03-18,2297.0,2214.751
Y板橋,2026-03-19,2286.0,2174.3218
Y板橋,2026-03-20,2832.0,2652.6458
Y板橋,2026-03-21,3066.0,2940.2798
Y板橋,2026-03-22,3134.0,2851.3652
Y板橋,2026-03-23,2451.0,2434.481
Y板橋,2026-03-24,2252.0,2055.9624
Y板橋,2026-03-25,2259.0,2214.7173
Y板橋,2026-03-26,2218.0,2193.7686
Y板橋,2026-03-27,2620.0,2638.6213
Y板橋,2026-03-28,2523.0,2747.8599
Y板橋,2026-03-29,2695.0,2506.1396
Y板橋,2026-03-30,2348.0,2315.27
Y板橋,2026-03-31,2178.0,1989.0491
Y板橋,2026-04-01,2286.0,2092.3738
Y板橋,2026-04-02,2482.0,2169.3447
Y板橋,2026-04-03,2248.0,2994.643
Y板橋,2026-04-04,2204.0,2445.4478
Y板橋,2026-04-05,2677.0,2311.1318
Y板橋,2026-04-06,3004.0,2352.7056
Y板橋,2026-04-07,3425.0,2371.053
Y板橋,2026-04-08,2575.0,2416.0552
Y板橋,2026-04-09,2301.0,2480.0464
Y板橋,2026-04-10,2665.0,2955.6917
Y板橋,2026-04-11,2433.0,2679.4255
Y板橋,2026-04-12,2578.0,2067.6943
Y板橋,2026-04-13,2313.0,2459.4956
Y板橋,2026-04-14,2319.0,2237.4849
Y板橋,2026-04-15,2282.0,2220.2434
Y板橋,2026-04-16,2320.0,2294.1792
Y板橋,2026-04-17,2776.0,2797.13
Y板橋,2026-04-18,2533.0,2835.94
Y板橋,2026-04-19,2767.0,2586.9932
Y板橋,2026-04-20,2417.0,2398.6797
Y板橋,2026-04-21,2179.0,2112.9043
Y板橋,2026-04-22,2196.0,2074.3337
Y板橋,2026-04-23,2292.0,2045.9662
Y板橋,2026-04-24,2821.0,2506.7712
Y板橋,2026-04-25,2649.0,2762.1318
Y板橋,2026-04-26,3018.0,2560.0535
Y板橋,2026-04-27,2449.0,2392.3425
Y板橋,2026-04-28,2362.0,2026.7592
Y板橋,2026-04-29,2333.0,2132.3906
Y板橋,2026-04-30,2884.0,2229.4487
Y板橋,2026-05-01,2348.0,3065.766
Y板橋,2026-05-02,2331.0,2391.665
Y板橋,2026-05-03,3182.0,2428.836
Y板橋,2026-05-04,2777.0,2473.8108
Y板橋,2026-05-05,2404.0,2184.6243
Y板橋,2026-05-06,2322.0,2288.5073
Y板橋,2026-05-07,2307.0,2282.833
Y板橋,2026-05-08,2746.0,2745.7712
Y板橋,2026-05-09,2654.0,2867.205
Y板橋,2026-05-10,2967.0,2298.4614
Y板橋,2026-05-11,2578.0,2365.5532
Y板橋,2026-05-12,2318.0,2129.8494
Y板橋,2026-05-13,2340.0,2183.1284
Y板橋,2026-05-14,2302.0,2166.4136
Y板橋,2026-05-15,2995.0,2641.7253
Y板橋,2026-05-16,2897.0,3027.694
Y板橋,2026-05-17,2892.0,2779.7847
Y板橋,2026-05-18,2547.0,2310.3035
Y板橋,2026-05-19,2198.0,2063.116
Y板橋,2026-05-20,2367.0,2107.5283
Y板橋,2026-05-21,2328.0,2162.4385
Y板橋,2026-05-22,2712.0,2667.3704
Y板橋,2026-05-23,2512.0,2743.2385
Y板橋,2026-05-24,2777.0,2351.7368
Y板橋,2026-05-25,2418.0,2291.0742
Y板橋,2026-05-26,2200.0,1987.7988
Y板橋,2026-05-27,2344.0,2077.1565
Y板橋,2026-05-28,2227.0,2182.2322
Y板橋,2026-05-29,2772.0,2608.812
Y板橋,2026-05-30,2337.0,2716.7236
Y板橋,2026-05-31,2788.0,2313.8103
七張,2026-01-01,9401.0,11153.573
七張,2026-01-02,15527.0,16242.137
七張,2026-01-03,11673.0,12054.201
七張,2026-01-04,10186.0,10297.97
七張,2026-01-05,15255.0,15641.997
七張,2026-01-06,15641.0,15765.902
七張,2026-01-07,15851.0,15868.031
七張,2026-01-08,15715.0,15859.367
七張,2026-01-09,16315.0,16653.05
七張,2026-01-10,12692.0,12543.698
七張,2026-01-11,10260.0,10413.7705
七張,2026-01-12,15243.0,15035.517
七張,2026-01-13,15706.0,15620.736
七張,2026-01-14,15843.0,15750.962
七張,2026-01-15,15808.0,15781.108
七張,2026-01-16,16813.0,16379.928
七張,2026-01-17,12922.0,12720.454
七張,2026-01-18,10800.0,10632.282
七張,2026-01-19,14850.0,15002.641
七張,2026-01-20,16025.0,15357.418
七張,2026-01-21,15350.0,15635.807
七張,2026-01-22,15454.0,15333.946
七張,2026-01-23,16249.0,16154.646
七張,2026-01-24,12474.0,11885.459
七張,2026-01-25,10747.0,10045.02
七張,2026-01-26,14795.0,15026.343
七張,2026-01-27,15082.0,15296.57
七張,2026-01-28,15037.0,15180.455
七張,2026-01-29,15499.0,15128.615
七張,2026-01-30,16160.0,16141.0
七張,2026-01-31,12536.0,12178.378
七張,2026-02-01,10321.0,10345.926
七張,2026-02-02,14482.0,14723.732
七張,2026-02-03,15234.0,15005.149
七張,2026-02-04,15437.0,15101.61
七張,2026-02-05,15661.0,15271.878
七張,2026-02-06,15965.0,16306.821
七張,2026-02-07,12648.0,11926.829
七張,2026-02-08,10594.0,10274.288
七張,2026-02-09,14645.0,14679.43
七張,2026-02-10,15566.0,15048.133
七張,2026-02-11,15396.0,15347.682
七張,2026-02-12,15490.0,15316.533
七張,2026-02-13,15186.0,16279.661
七張,2026-02-14,10939.0,11510.566
七張,2026-02-15,8784.0,9438.395
七張,2026-02-16,6178.0,5826.2705
七張,2026-02-17,7939.0,5118.507
七張,2026-02-18,8374.0,9511.391
七張,2026-02-19,9138.0,9158.828
七張,2026-02-20,9592.0,9187.211
七張,2026-02-21,10901.0,9766.66
七張,2026-02-22,9942.0,9218.075
七張,2026-02-23,15117.0,13112.316
七張,2026-02-24,15590.0,15650.693
七張,2026-02-25,15960.0,15719.498
七張,2026-02-26,16968.0,15880.369
七張,2026-02-27,12185.0,13068.535
七張,2026-02-28,12065.0,11499.873
七張,2026-03-01,10157.0,11033.116
七張,2026-03-02,15433.0,14813.461
七張,2026-03-03,15462.0,15700.505
七張,2026-03-04,16058.0,15344.09
七張,2026-03-05,16245.0,15639.306
七張,2026-03-06,17062.0,16576.072
七張,2026-03-07,13242.0,13512.634
七張,2026-03-08,11071.0,10770.25
七張,2026-03-09,15626.0,15282.549
七張,2026-03-10,15986.0,15904.305
七張,2026-03-11,16408.0,15902.024
七張,2026-03-12,15992.0,16015.735
七張,2026-03-13,17209.0,16907.473
七張,2026-03-14,13408.0,13835.912
七張,2026-03-15,11528.0,11123.223
七張,2026-03-16,15582.0,15128.233
七張,2026-03-17,16038.0,15814.81
七張,2026-03-18,16321.0,15703.706
七張,2026-03-19,15855.0,15870.256
七張,2026-03-20,17246.0,16878.402
七張,2026-03-21,13484.0,12915.203
七張,2026-03-22,11654.0,10983.835
七張,2026-03-23,15497.0,15556.973
七張,2026-03-24,15751.0,16005.541
七張,2026-03-25,15912.0,15923.508
七張,2026-03-26,16021.0,15841.862
七張,2026-03-27,16737.0,16983.545
七張,2026-03-28,12683.0,12785.029
七張,2026-03-29,10266.0,10585.694
七張,2026-03-30,15367.0,15279.107
七張,2026-03-31,15800.0,15902.446
七張,2026-04-01,15778.0,15996.419
七張,2026-04-02,16883.0,15843.48
七張,2026-04-03,11333.0,12180.281
七張,2026-04-04,10033.0,10869.69
七張,2026-04-05,10023.0,9344.791
七張,2026-04-06,9263.0,9955.253
七張,2026-04-07,15406.0,15250.177
七張,2026-04-08,16011.0,15504.07
七張,2026-04-09,16355.0,15771.9795
七張,2026-04-10,17656.0,17134.79
七張,2026-04-11,12959.0,13442.853
七張,2026-04-12,10830.0,10893.238
七張,2026-04-13,15213.0,15177.169
七張,2026-04-14,15600.0,15618.198
七張,2026-04-15,15843.0,15676.111
七張,2026-04-16,15777.0,15761.975
七張,2026-04-17,16730.0,16865.832
七張,2026-04-18,12729.0,13180.504
七張,2026-04-19,11104.0,10640.01
七張,2026-04-20,15203.0,15036.461
七張,2026-04-21,15648.0,15612.305
七張,2026-04-22,15932.0,15630.806
七張,2026-04-23,15768.0,15660.495
七張,2026-04-24,16433.0,16548.95
七張,2026-04-25,12925.0,12681.817
七張,2026-04-26,11443.0,10796.648
七張,2026-04-27,15577.0,14882.715
七張,2026-04-28,15839.0,15696.458
七張,2026-04-29,15913.0,15389.219
七張,2026-04-30,16934.0,15407.805
七張,2026-05-01,12379.0,11428.448
七張,2026-05-02,12111.0,11370.5205
七張,2026-05-03,10414.0,10042.252
七張,2026-05-04,15716.0,14728.6045
七張,2026-05-05,15930.0,15934.346
七張,2026-05-06,16277.0,15938.906
七張,2026-05-07,16383.0,15999.102
七張,2026-05-08,17035.0,17197.654
七張,2026-05-09,12784.0,12791.122
七張,2026-05-10,10664.0,10613.0
七張,2026-05-11,15508.0,15385.213
七張,2026-05-12,15923.0,15952.327
七張,2026-05-13,15389.0,16155.214
七張,2026-05-14,15572.0,15792.695
七張,2026-05-15,16924.0,16699.762
七張,2026-05-16,13319.0,12923.186
七張,2026-05-17,11555.0,10863.279
七張,2026-05-18,15184.0,15267.68
七張,2026-05-19,15389.0,15625.087
七張,2026-05-20,15784.0,15583.877
七張,2026-05-21,15759.0,15577.165
七張,2026-05-22,16597.0,16487.496
七張,2026-05-23,14428.0,12628.947
七張,2026-05-24,11153.0,11200.23
七張,2026-05-25,14692.0,14966.99
七張,2026-05-26,15630.0,15371.9
七張,2026-05-27,15884.0,15425.5
七張,2026-05-28,15567.0,15427.383
七張,2026-05-29,16584.0,16426.377
七張,2026-05-30,13300.0,12534.895
七張,2026-05-31,10961.0,10731.638
三和國中,2026-01-01,7826.0,8931.215
三和國中,2026-01-02,14014.0,14399.817
三和國中,2026-01-03,10085.0,10264.684
三和國中,2026-01-04,8438.0,8607.22
三和國中,2026-01-05,13876.0,14008.241
三和國中,2026-01-06,13972.0,14186.274
三和國中,2026-01-07,14040.0,14202.476
三和國中,2026-01-08,14086.0,14127.598
三和國中,2026-01-09,14825.0,14778.506
三和國中,2026-01-10,10833.0,11114.257
三和國中,2026-01-11,8669.0,8721.178
三和國中,2026-01-12,13653.0,13588.52
三和國中,2026-01-13,14028.0,13900.246
三和國中,2026-01-14,13938.0,14084.675
三和國中,2026-01-15,13780.0,13972.63
三和國中,2026-01-16,14704.0,14432.639
三和國中,2026-01-17,10676.0,10881.2705
三和國中,2026-01-18,8796.0,8725.549
三和國中,2026-01-19,13548.0,13573.719
三和國中,2026-01-20,14471.0,13852.014
三和國中,2026-01-21,13877.0,13849.365
三和國中,2026-01-22,13880.0,13671.004
三和國中,2026-01-23,14887.0,14345.525
三和國中,2026-01-24,11127.0,10683.276
三和國中,2026-01-25,9315.0,8719.692
三和國中,2026-01-26,13288.0,13679.1875
三和國中,2026-01-27,13752.0,13772.448
三和國中,2026-01-28,13711.0,13697.858
三和國中,2026-01-29,13985.0,13592.692
三和國中,2026-01-30,14405.0,14466.671
三和國中,2026-01-31,11164.0,10784.881
三和國中,2026-02-01,9033.0,8813.958
三和國中,2026-02-02,13236.0,13456.44
三和國中,2026-02-03,13587.0,13652.921
三和國中,2026-02-04,13955.0,13645.637
三和國中,2026-02-05,13945.0,13738.905
三和國中,2026-02-06,14379.0,14486.459
三和國中,2026-02-07,11421.0,10725.414
三和國中,2026-02-08,9261.0,8911.6875
三和國中,2026-02-09,13352.0,13390.787
三和國中,2026-02-10,13616.0,13649.988
三和國中,2026-02-11,13285.0,13575.256
三和國中,2026-02-12,13554.0,13447.545
三和國中,2026-02-13,13710.0,14285.525
三和國中,2026-02-14,9138.0,10388.732
三和國中,2026-02-15,7203.0,7780.5215
三和國中,2026-02-16,5221.0,4530.6475
三和國中,2026-02-17,7431.0,4663.751
三和國中,2026-02-18,7951.0,8261.648
三和國中,2026-02-19,8302.0,8126.6816
三和國中,2026-02-20,8691.0,8153.165
三和國中,2026-02-21,9160.0,8779.75
三和國中,2026-02-22,8004.0,7475.6333
三和國中,2026-02-23,13414.0,11842.865
三和國中,2026-02-24,13761.0,13688.379
三和國中,2026-02-25,14372.0,13819.896
三和國中,2026-02-26,14585.0,13960.797
三和國中,2026-02-27,10219.0,10418.186
三和國中,2026-02-28,10024.0,10154.311
三和國中,2026-03-01,8445.0,9062.225
三和國中,2026-03-02,13802.0,13266.689
三和國中,2026-03-03,14040.0,13864.099
三和國中,2026-03-04,14564.0,13843.575
三和國中,2026-03-05,14582.0,13925.558
三和國中,2026-03-06,14964.0,14689.928
三和國中,2026-03-07,11241.0,11667.37
三和國中,2026-03-08,8983.0,9138.434
三和國中,2026-03-09,13920.0,13745.975
三和國中,2026-03-10,14472.0,14037.951
三和國中,2026-03-11,14441.0,14069.981
三和國中,2026-03-12,14467.0,14063.449
三和國中,2026-03-13,14937.0,14928.797
三和國中,2026-03-14,11639.0,11629.995
三和國中,2026-03-15,9320.0,9050.366
三和國中,2026-03-16,13947.0,13569.632
三和國中,2026-03-17,14261.0,13992.145
三和國中,2026-03-18,14383.0,13777.113
三和國中,2026-03-19,14438.0,13802.26
三和國中,2026-03-20,15157.0,14722.117
三和國中,2026-03-21,11491.0,11024.341
三和國中,2026-03-22,9430.0,9042.682
三和國中,2026-03-23,13955.0,13930.913
三和國中,2026-03-24,14347.0,14205.838
三和國中,2026-03-25,14480.0,14031.558
三和國中,2026-03-26,14474.0,14003.011
三和國中,2026-03-27,15135.0,14895.803
三和國中,2026-03-28,10661.0,11145.148
三和國中,2026-03-29,8571.0,8699.956
三和國中,2026-03-30,13879.0,13851.485
三和國中,2026-03-31,14180.0,14196.077
三和國中,2026-04-01,14373.0,14178.094
三和國中,2026-04-02,14544.0,14153.314
三和國中,2026-04-03,9934.0,9930.226
三和國中,2026-04-04,8705.0,9483.136
三和國中,2026-04-05,8356.0,7764.6777
三和國中,2026-04-06,8047.0,8289.186
三和國中,2026-04-07,14073.0,13841.323
三和國中,2026-04-08,14383.0,13902.682
三和國中,2026-04-09,14518.0,14128.417
三和國中,2026-04-10,14897.0,14996.873
三和國中,2026-04-11,11607.0,11055.896
三和國中,2026-04-12,9220.0,9249.153
三和國中,2026-04-13,13756.0,13714.719
三和國中,2026-04-14,14103.0,14006.605
三和國中,2026-04-15,14045.0,14007.33
三和國中,2026-04-16,14210.0,13882.691
三和國中,2026-04-17,14675.0,14873.163
三和國中,2026-04-18,10895.0,11403.239
三和國中,2026-04-19,8744.0,8637.917
三和國中,2026-04-20,13719.0,13692.941
三和國中,2026-04-21,13948.0,14002.158
三和國中,2026-04-22,14200.0,13884.944
三和國中,2026-04-23,14062.0,13872.135
三和國中,2026-04-24,14881.0,14555.381
三和國中,2026-04-25,10868.0,10837.043
三和國中,2026-04-26,9299.0,8758.583
三和國中,2026-04-27,13984.0,13606.229
三和國中,2026-04-28,14140.0,13995.629
三和國中,2026-04-29,14302.0,13530.798
三和國中,2026-04-30,15103.0,13547.778
三和國中,2026-05-01,10530.0,9272.49
三和國中,2026-05-02,10262.0,9769.893
三和國中,2026-05-03,8850.0,8172.0073
三和國中,2026-05-04,14125.0,13526.674
三和國中,2026-05-05,14664.0,14081.2295
三和國中,2026-05-06,14484.0,14210.595
三和國中,2026-05-07,14570.0,14141.603
三和國中,2026-05-08,14693.0,15103.41
三和國中,2026-05-09,11030.0,11064.639
三和國中,2026-05-10,8843.0,8879.18
三和國中,2026-05-11,13862.0,13887.761
三和國中,2026-05-12,14177.0,14084.568
三和國中,2026-05-13,14316.0,14164.901
三和國中,2026-05-14,14437.0,14090.795
三和國中,2026-05-15,14984.0,14848.578
三和國中,2026-05-16,11198.0,11187.609
三和國中,2026-05-17,9753.0,8883.386
三和國中,2026-05-18,13764.0,13763.378
三和國中,2026-05-19,13995.0,14020.241
三和國中,2026-05-20,14111.0,13887.819
三和國中,2026-05-21,14174.0,13723.18
三和國中,2026-05-22,14545.0,14549.231
三和國中,2026-05-23,11704.0,10810.105
三和國中,2026-05-24,9406.0,8897.73
三和國中,2026-05-25,13866.0,13631.672
三和國中,2026-05-26,14017.0,13976.474
三和國中,2026-05-27,14109.0,13686.156
三和國中,2026-05-28,14019.0,13563.521
三和國中,2026-05-29,15012.0,14383.803
三和國中,2026-05-30,11047.0,11042.104
三和國中,2026-05-31,9211.0,8819.164
三民高中,2026-01-01,6999.0,8164.8154
三民高中,2026-01-02,12450.0,13127.288
三民高中,2026-01-03,8928.0,9176.589
三民高中,2026-01-04,7394.0,7647.165
三民高中,2026-01-05,12577.0,12724.356
三民高中,2026-01-06,12681.0,12927.725
三民高中,2026-01-07,12880.0,12916.623
三民高中,2026-01-08,12860.0,12921.635
三民高中,2026-01-09,13379.0,13462.789
三民高中,2026-01-10,10172.0,9926.11
三民高中,2026-01-11,8037.0,7906.675
三民高中,2026-01-12,12330.0,12326.8125
三民高中,2026-01-13,12624.0,12686.634
三民高中,2026-01-14,12944.0,12740.059
三民高中,2026-01-15,13024.0,12798.6875
三民高中,2026-01-16,13278.0,13370.481
三民高中,2026-01-17,10653.0,9895.993
三民高中,2026-01-18,8655.0,8087.3716
三民高中,2026-01-19,12284.0,12230.114
三民高中,2026-01-20,12884.0,12639.687
三民高中,2026-01-21,12850.0,12553.138
三民高中,2026-01-22,12885.0,12493.008
三民高中,2026-01-23,13622.0,13316.237
三民高中,2026-01-24,10067.0,9793.77
三民高中,2026-01-25,8437.0,7753.1875
三民高中,2026-01-26,11870.0,12418.567
三民高中,2026-01-27,12261.0,12559.1
三民高中,2026-01-28,12205.0,12450.375
三民高中,2026-01-29,12566.0,12359.299
三民高中,2026-01-30,12926.0,13226.659
三民高中,2026-01-31,10199.0,9739.362
三民高中,2026-02-01,7742.0,7950.5156
三民高中,2026-02-02,11628.0,11899.901
三民高中,2026-02-03,12180.0,12210.352
三民高中,2026-02-04,12407.0,12221.998
三民高中,2026-02-05,12614.0,12373.275
三民高中,2026-02-06,13235.0,13244.492
三民高中,2026-02-07,10376.0,9834.891
三民高中,2026-02-08,8301.0,7996.6895
三民高中,2026-02-09,11924.0,11843.744
三民高中,2026-02-10,12393.0,12267.37
三民高中,2026-02-11,12295.0,12297.08
三民高中,2026-02-12,12520.0,12294.306
三民高中,2026-02-13,12322.0,13234.831
三民高中,2026-02-14,8597.0,9292.494
三民高中,2026-02-15,6666.0,6995.785
三民高中,2026-02-16,4436.0,3823.4648
三民高中,2026-02-17,7988.0,3619.2231
三民高中,2026-02-18,7874.0,8262.069
三民高中,2026-02-19,8088.0,7891.1357
三民高中,2026-02-20,8536.0,7627.167
三民高中,2026-02-21,8857.0,8316.943
三民高中,2026-02-22,7637.0,7030.408
三民高中,2026-02-23,12441.0,10654.773
三民高中,2026-02-24,12958.0,12850.333
三民高中,2026-02-25,13086.0,12890.922
三民高中,2026-02-26,13623.0,12856.94
三民高中,2026-02-27,9448.0,10032.769
三民高中,2026-02-28,9313.0,9327.757
三民高中,2026-03-01,7484.0,8302.527
三民高中,2026-03-02,12706.0,12098.283
三民高中,2026-03-03,12708.0,12862.85
三民高中,2026-03-04,13023.0,12686.646
三民高中,2026-03-05,13049.0,12810.089
三民高中,2026-03-06,13830.0,13439.953
三民高中,2026-03-07,10672.0,10753.856
三民高中,2026-03-08,8190.0,8456.726
三民高中,2026-03-09,12725.0,12459.338
三民高中,2026-03-10,12934.0,12877.2
三民高中,2026-03-11,13316.0,12851.161
三民高中,2026-03-12,13348.0,12863.293
三民高中,2026-03-13,13837.0,13746.936
三民高中,2026-03-14,10579.0,10795.423
三民高中,2026-03-15,8444.0,8209.298
三民高中,2026-03-16,12710.0,12422.331
三民高中,2026-03-17,13080.0,12860.365
三民高中,2026-03-18,13165.0,12641.159
三民高中,2026-03-19,13135.0,12645.339
三民高中,2026-03-20,13713.0,13607.531
三民高中,2026-03-21,10422.0,9979.893
三民高中,2026-03-22,8189.0,8038.8833
三民高中,2026-03-23,12549.0,12598.639
三民高中,2026-03-24,13044.0,12994.385
三民高中,2026-03-25,13069.0,12862.143
三民高中,2026-03-26,13054.0,12825.397
三民高中,2026-03-27,13320.0,13684.298
三民高中,2026-03-28,10151.0,9802.98
三民高中,2026-03-29,7618.0,7902.3105
三民高中,2026-03-30,12703.0,12408.978
三民高中,2026-03-31,12979.0,13024.092
三民高中,2026-04-01,12935.0,12919.603
三民高中,2026-04-02,13520.0,12874.807
三民高中,2026-04-03,8476.0,9152.354
三民高中,2026-04-04,7730.0,8243.696
三民高中,2026-04-05,7687.0,6883.6816
三民高中,2026-04-06,7289.0,7555.0894
三民高中,2026-04-07,12587.0,12663.565
三民高中,2026-04-08,13155.0,12520.247
三民高中,2026-04-09,13100.0,12846.901
三民高中,2026-04-10,13770.0,13709.834
三民高中,2026-04-11,10087.0,10203.307
三民高中,2026-04-12,8092.0,8117.22
三民高中,2026-04-13,12549.0,12401.154
三民高中,2026-04-14,12866.0,12767.752
三民高中,2026-04-15,13149.0,12824.797
三民高中,2026-04-16,12860.0,12819.292
三民高中,2026-04-17,13741.0,13613.798
三民高中,2026-04-18,10092.0,10360.485
三民高中,2026-04-19,8247.0,7869.8984
三民高中,2026-04-20,12427.0,12429.539
三民高中,2026-04-21,12843.0,12825.447
三民高中,2026-04-22,12941.0,12751.98
三民高中,2026-04-23,12697.0,12729.39
三民高中,2026-04-24,13465.0,13363.992
三民高中,2026-04-25,9995.0,9926.611
三民高中,2026-04-26,8631.0,7927.1875
三民高中,2026-04-27,12507.0,12333.32
三民高中,2026-04-28,12974.0,12752.453
三民高中,2026-04-29,12976.0,12402.698
三民高中,2026-04-30,13521.0,12385.218
三民高中,2026-05-01,9663.0,8476.295
三民高中,2026-05-02,9288.0,8761.401
三民高中,2026-05-03,7686.0,7341.0674
三民高中,2026-05-04,12618.0,12127.758
三民高中,2026-05-05,12873.0,12774.796
三民高中,2026-05-06,13372.0,12701.502
三民高中,2026-05-07,13136.0,12814.571
三民高中,2026-05-08,13770.0,13745.571
三民高中,2026-05-09,9909.0,10042.7295
三民高中,2026-05-10,7822.0,7809.753
三民高中,2026-05-11,12660.0,12454.445
三民高中,2026-05-12,12892.0,12935.729
三民高中,2026-05-13,12843.0,12984.502
三民高中,2026-05-14,12595.0,12904.822
三民高中,2026-05-15,13804.0,13503.941
三民高中,2026-05-16,10487.0,10152.959
三民高中,2026-05-17,8899.0,8046.408
三民高中,2026-05-18,12377.0,12389.832
三民高中,2026-05-19,12695.0,12749.383
三民高中,2026-05-20,13059.0,12602.263
三民高中,2026-05-21,12582.0,12512.605
三民高中,2026-05-22,13305.0,13213.284
三民高中,2026-05-23,10556.0,9842.395
三民高中,2026-05-24,8148.0,7984.0713
三民高中,2026-05-25,12366.0,12268.471
三民高中,2026-05-26,12751.0,12703.477
三民高中,2026-05-27,12775.0,12405.6045
三民高中,2026-05-28,12803.0,12346.176
三民高中,2026-05-29,13289.0,13196.795
三民高中,2026-05-30,10554.0,9679.7
三民高中,2026-05-31,7851.0,7991.64
三重,2026-01-01,7056.0,8501.389
三重,2026-01-02,10047.0,10081.253
三重,2026-01-03,10485.0,8182.8306
三重,2026-01-04,7772.0,8637.937
三重,2026-01-05,9924.0,9781.289
三重,2026-01-06,10009.0,9951.096
三重,2026-01-07,10025.0,10173.417
三重,2026-01-08,9740.0,10105.398
三重,2026-01-09,10461.0,10754.278
三重,2026-01-10,8912.0,8828.021
三重,2026-01-11,7983.0,7789.1113
三重,2026-01-12,9702.0,9778.057
三重,2026-01-13,9887.0,9891.265
三重,2026-01-14,9932.0,10111.467
三重,2026-01-15,9855.0,9981.445
三重,2026-01-16,10476.0,10640.245
三重,2026-01-17,8960.0,8750.262
三重,2026-01-18,7896.0,7812.326
三重,2026-01-19,9670.0,9757.78
三重,2026-01-20,10103.0,9888.487
三重,2026-01-21,9626.0,10062.885
三重,2026-01-22,9683.0,9807.28
三重,2026-01-23,10683.0,10532.048
三重,2026-01-24,8870.0,8831.721
三重,2026-01-25,7997.0,7773.9907
三重,2026-01-26,9634.0,9710.547
三重,2026-01-27,10019.0,9917.458
三重,2026-01-28,9744.0,10107.262
三重,2026-01-29,10072.0,9915.957
三重,2026-01-30,10876.0,10746.122
三重,2026-01-31,8268.0,9066.415
三重,2026-02-01,6745.0,7483.368
三重,2026-02-02,9429.0,9445.682
三重,2026-02-03,10173.0,9743.039
三重,2026-02-04,10433.0,10201.067
三重,2026-02-05,10487.0,10213.2705
三重,2026-02-06,10647.0,10934.825
三重,2026-02-07,8789.0,8375.291
三重,2026-02-08,7044.0,7575.5254
三重,2026-02-09,9623.0,9615.139
三重,2026-02-10,10331.0,9909.075
三重,2026-02-11,10126.0,10296.0
三重,2026-02-12,10209.0,10190.3125
三重,2026-02-13,10139.0,10895.819
三重,2026-02-14,8092.0,8123.992
三重,2026-02-15,6754.0,7073.9824
三重,2026-02-16,4564.0,4128.3794
三重,2026-02-17,6351.0,2801.0708
三重,2026-02-18,6984.0,6971.412
三重,2026-02-19,8751.0,7724.873
三重,2026-02-20,11785.0,8517.625
三重,2026-02-21,16085.0,9227.506
三重,2026-02-22,14676.0,10250.451
三重,2026-02-23,12987.0,10594.236
三重,2026-02-24,14753.0,10772.455
三重,2026-02-25,12391.0,12328.816
三重,2026-02-26,14705.0,11088.709
三重,2026-02-27,18131.0,12755.334
三重,2026-02-28,22069.0,14344.93
三重,2026-03-01,16021.0,13935.807
三重,2026-03-02,12682.0,11282.08
三重,2026-03-03,11628.0,10361.135
三重,2026-03-04,11226.0,10742.273
三重,2026-03-05,12234.0,11094.25
三重,2026-03-06,13614.0,13623.125
三重,2026-03-07,21360.0,14189.652
三重,2026-03-08,16296.0,13779.901
三重,2026-03-09,10115.0,11875.994
三重,2026-03-10,10400.0,9165.613
三重,2026-03-11,10652.0,10322.873
三重,2026-03-12,10618.0,10971.612
三重,2026-03-13,11073.0,12228.752
三重,2026-03-14,9929.0,12055.372
三重,2026-03-15,8497.0,8760.821
三重,2026-03-16,10084.0,9286.469
三重,2026-03-17,10401.0,10279.613
三重,2026-03-18,10500.0,10363.146
三重,2026-03-19,10655.0,10270.6
三重,2026-03-20,11260.0,11088.16
三重,2026-03-21,11688.0,9275.356
三重,2026-03-22,11707.0,9465.515
三重,2026-03-23,10187.0,10607.241
三重,2026-03-24,10306.0,9973.639
三重,2026-03-25,10414.0,10287.253
三重,2026-03-26,10385.0,10426.443
三重,2026-03-27,10857.0,11312.648
三重,2026-03-28,10962.0,9657.27
三重,2026-03-29,7497.0,9683.113
三重,2026-03-30,10057.0,9379.488
三重,2026-03-31,10257.0,10119.387
三重,2026-04-01,10176.0,10287.635
三重,2026-04-02,10348.0,10142.835
三重,2026-04-03,7459.0,8878.082
三重,2026-04-04,6746.0,7813.7754
三重,2026-04-05,7490.0,6237.7363
三重,2026-04-06,6156.0,6683.095
三重,2026-04-07,9711.0,9065.377
三重,2026-04-08,10118.0,9731.087
三重,2026-04-09,10440.0,9974.273
三重,2026-04-10,10966.0,10846.1
三重,2026-04-11,8954.0,8809.353
三重,2026-04-12,8175.0,7774.771
三重,2026-04-13,10076.0,9846.384
三重,2026-04-14,10084.0,10104.438
三重,2026-04-15,10401.0,10189.072
三重,2026-04-16,10261.0,10049.957
三重,2026-04-17,10762.0,11001.776
三重,2026-04-18,8647.0,9211.424
三重,2026-04-19,8445.0,7505.5234
三重,2026-04-20,9673.0,9864.367
三重,2026-04-21,10138.0,9989.416
三重,2026-04-22,10513.0,10107.923
三重,2026-04-23,10197.0,10061.779
三重,2026-04-24,10747.0,10762.787
三重,2026-04-25,8030.0,8857.901
三重,2026-04-26,8996.0,7356.7437
三重,2026-04-27,10157.0,9914.719
三重,2026-04-28,10528.0,10263.539
三重,2026-04-29,10343.0,10208.136
三重,2026-04-30,10723.0,10078.791
三重,2026-05-01,8765.0,8314.78
三重,2026-05-02,8883.0,8604.294
三重,2026-05-03,7378.0,7921.613
三重,2026-05-04,10292.0,9599.784
三重,2026-05-05,10188.0,10231.672
三重,2026-05-06,10536.0,10392.436
三重,2026-05-07,10605.0,10251.037
三重,2026-05-08,10569.0,11097.5
三重,2026-05-09,10306.0,8481.01
三重,2026-05-10,7398.0,8689.952
三重,2026-05-11,10104.0,9961.979
三重,2026-05-12,10269.0,10176.973
三重,2026-05-13,10118.0,10367.459
三重,2026-05-14,10195.0,10123.305
三重,2026-05-15,11388.0,10958.154
三重,2026-05-16,10799.0,9020.418
三重,2026-05-17,8499.0,8843.554
三重,2026-05-18,9989.0,10113.446
三重,2026-05-19,10199.0,10050.449
三重,2026-05-20,10392.0,10210.258
三重,2026-05-21,10186.0,10058.227
三重,2026-05-22,10726.0,11010.89
三重,2026-05-23,9755.0,8827.651
三重,2026-05-24,7702.0,8446.024
三重,2026-05-25,9897.0,9847.966
三重,2026-05-26,10199.0,10043.39
三重,2026-05-27,10065.0,10276.984
三重,2026-05-28,10064.0,10060.561
三重,2026-05-29,10811.0,10836.109
三重,2026-05-30,8951.0,8771.436
三重,2026-05-31,7568.0,7943.643
三重國小,2026-01-01,8128.0,9279.511
三重國小,2026-01-02,12452.0,12963.221
三重國小,2026-01-03,10105.0,10063.844
三重國小,2026-01-04,8397.0,8576.669
三重國小,2026-01-05,12100.0,12379.457
三重國小,2026-01-06,12445.0,12519.521
三重國小,2026-01-07,12618.0,12586.136
三重國小,2026-01-08,12474.0,12604.019
三重國小,2026-01-09,13364.0,13217.185
三重國小,2026-01-10,11059.0,10872.892
三重國小,2026-01-11,8771.0,8903.883
三重國小,2026-01-12,12124.0,12037.723
三重國小,2026-01-13,12577.0,12357.57
三重國小,2026-01-14,12599.0,12600.502
三重國小,2026-01-15,12631.0,12576.218
三重國小,2026-01-16,13191.0,13260.172
三重國小,2026-01-17,11172.0,10785.38
三重國小,2026-01-18,8826.0,9004.725
三重國小,2026-01-19,12049.0,12106.099
三重國小,2026-01-20,12611.0,12413.769
三重國小,2026-01-21,12522.0,12452.415
三重國小,2026-01-22,12351.0,12344.21
三重國小,2026-01-23,13645.0,13104.496
三重國小,2026-01-24,11372.0,10885.145
三重國小,2026-01-25,9359.0,9018.937
三重國小,2026-01-26,12265.0,12187.602
三重國小,2026-01-27,12623.0,12621.675
三重國小,2026-01-28,12643.0,12643.709
三重國小,2026-01-29,12873.0,12530.751
三重國小,2026-01-30,13565.0,13486.327
三重國小,2026-01-31,11107.0,11176.182
三重國小,2026-02-01,8899.0,9044.984
三重國小,2026-02-02,12075.0,12094.911
三重國小,2026-02-03,12457.0,12508.739
三重國小,2026-02-04,13003.0,12601.976
三重國小,2026-02-05,12963.0,12692.764
三重國小,2026-02-06,13676.0,13527.801
三重國小,2026-02-07,11573.0,11153.929
三重國小,2026-02-08,9466.0,9352.697
三重國小,2026-02-09,12169.0,12240.164
三重國小,2026-02-10,12976.0,12601.082
三重國小,2026-02-11,12695.0,12782.746
三重國小,2026-02-12,12926.0,12684.902
三重國小,2026-02-13,13029.0,13577.217
三重國小,2026-02-14,9688.0,10826.465
三重國小,2026-02-15,7626.0,8157.5303
三重國小,2026-02-16,5733.0,4870.9272
三重國小,2026-02-17,7546.0,4787.5513
三重國小,2026-02-18,8340.0,8412.867
三重國小,2026-02-19,8375.0,8588.526
三重國小,2026-02-20,8842.0,8438.511
三重國小,2026-02-21,9475.0,8932.922
三重國小,2026-02-22,8391.0,7816.2812
三重國小,2026-02-23,11998.0,11080.671
三重國小,2026-02-24,12271.0,12505.738
三重國小,2026-02-25,13277.0,12435.463
三重國小,2026-02-26,13322.0,12562.532
三重國小,2026-02-27,10439.0,10847.072
三重國小,2026-02-28,10126.0,10517.7295
三重國小,2026-03-01,8441.0,9179.502
三重國小,2026-03-02,12448.0,12076.438
三重國小,2026-03-03,12519.0,12653.98
三重國小,2026-03-04,12810.0,12521.0
三重國小,2026-03-05,13130.0,12497.043
三重國小,2026-03-06,13587.0,13396.934
三重國小,2026-03-07,11206.0,11577.3545
三重國小,2026-03-08,8936.0,9230.497
三重國小,2026-03-09,12253.0,12249.78
三重國小,2026-03-10,13164.0,12554.867
三重國小,2026-03-11,13073.0,12641.357
三重國小,2026-03-12,12910.0,12701.437
三重國小,2026-03-13,13616.0,13546.618
三重國小,2026-03-14,11366.0,11486.781
三重國小,2026-03-15,9584.0,9203.407
三重國小,2026-03-16,12495.0,11966.693
三重國小,2026-03-17,12872.0,12392.228
三重國小,2026-03-18,12989.0,12278.934
三重國小,2026-03-19,12877.0,12388.52
三重國小,2026-03-20,13707.0,13388.943
三重國小,2026-03-21,11637.0,11027.969
三重國小,2026-03-22,9616.0,9385.554
三重國小,2026-03-23,12382.0,12454.538
三重國小,2026-03-24,12719.0,12803.366
三重國小,2026-03-25,12889.0,12659.421
三重國小,2026-03-26,12762.0,12576.331
三重國小,2026-03-27,13700.0,13396.491
三重國小,2026-03-28,11131.0,11190.433
三重國小,2026-03-29,8747.0,9239.996
三重國小,2026-03-30,12258.0,12242.099
三重國小,2026-03-31,12497.0,12691.265
三重國小,2026-04-01,12787.0,12624.755
三重國小,2026-04-02,13067.0,12561.027
三重國小,2026-04-03,9825.0,10158.427
三重國小,2026-04-04,8877.0,9606.998
三重國小,2026-04-05,8577.0,7970.6104
三重國小,2026-04-06,7915.0,8304.22
三重國小,2026-04-07,12245.0,12277.193
三重國小,2026-04-08,12782.0,12194.577
三重國小,2026-04-09,12771.0,12495.857
三重國小,2026-04-10,13619.0,13341.802
三重國小,2026-04-11,10855.0,11127.165
三重國小,2026-04-12,9042.0,9024.454
三重國小,2026-04-13,12234.0,12151.402
三重國小,2026-04-14,12467.0,12502.022
三重國小,2026-04-15,12601.0,12580.243
三重國小,2026-04-16,12566.0,12497.766
三重國小,2026-04-17,13248.0,13298.165
三重國小,2026-04-18,10813.0,11186.923
三重國小,2026-04-19,8883.0,8786.596
三重國小,2026-04-20,12160.0,12046.021
三重國小,2026-04-21,12483.0,12430.977
三重國小,2026-04-22,12684.0,12398.621
三重國小,2026-04-23,12593.0,12379.85
三重國小,2026-04-24,13548.0,13101.955
三重國小,2026-04-25,10654.0,10882.117
三重國小,2026-04-26,9331.0,8878.777
三重國小,2026-04-27,12497.0,12078.241
三重國小,2026-04-28,12703.0,12537.258
三重國小,2026-04-29,12756.0,12128.899
三重國小,2026-04-30,13609.0,12098.235
三重國小,2026-05-01,10554.0,9679.039
三重國小,2026-05-02,10184.0,9992.256
三重國小,2026-05-03,8545.0,8360.803
三重國小,2026-05-04,12469.0,11843.194
三重國小,2026-05-05,12912.0,12630.444
三重國小,2026-05-06,13079.0,12637.473
三重國小,2026-05-07,12862.0,12603.06
三重國小,2026-05-08,13400.0,13490.378
三重國小,2026-05-09,10827.0,10864.326
三重國小,2026-05-10,8915.0,8933.421
三重國小,2026-05-11,12168.0,12286.622
三重國小,2026-05-12,12369.0,12591.427
三重國小,2026-05-13,12467.0,12645.803
三重國小,2026-05-14,12787.0,12549.275
三重國小,2026-05-15,13391.0,13264.168
三重國小,2026-05-16,11111.0,10976.132
三重國小,2026-05-17,9372.0,9041.428
三重國小,2026-05-18,12186.0,12110.549
三重國小,2026-05-19,12437.0,12463.651
三重國小,2026-05-20,12609.0,12369.966
三重國小,2026-05-21,12485.0,12277.113
三重國小,2026-05-22,13307.0,13007.607
三重國小,2026-05-23,11063.0,10726.515
三重國小,2026-05-24,9000.0,8902.808
三重國小,2026-05-25,12101.0,12080.617
三重國小,2026-05-26,12519.0,12462.461
三重國小,2026-05-27,12652.0,12197.925
三重國小,2026-05-28,12646.0,12146.646
三重國小,2026-05-29,13388.0,13035.938
三重國小,2026-05-30,11156.0,10751.973
三重國小,2026-05-31,8735.0,9004.674
中原,2026-01-01,591.0,365.1042
中原,2026-01-02,1793.0,2009.2985
中原,2026-01-03,718.0,610.12286
中原,2026-01-04,567.0,691.3228
中原,2026-01-05,2014.0,1838.9268
中原,2026-01-06,1964.0,1948.3055
中原,2026-01-07,2007.0,1903.4208
中原,2026-01-08,1916.0,1878.9163
中原,2026-01-09,2096.0,1971.3666
中原,2026-01-10,785.0,803.4018
中原,2026-01-11,610.0,672.13214
中原,2026-01-12,1925.0,1763.6302
中原,2026-01-13,1981.0,1876.8186
中原,2026-01-14,2001.0,1886.7134
中原,2026-01-15,1975.0,1874.9286
中原,2026-01-16,2116.0,1982.9441
中原,2026-01-17,733.0,834.8816
中原,2026-01-18,623.0,687.2505
中原,2026-01-19,2048.0,1851.0128
中原,2026-01-20,2050.0,1990.4038
中原,2026-01-21,2045.0,1967.883
中原,2026-01-22,2070.0,1963.2551
中原,2026-01-23,2110.0,2094.7734
中原,2026-01-24,765.0,759.3391
中原,2026-01-25,724.0,685.3746
中原,2026-01-26,1963.0,1952.5347
中原,2026-01-27,2069.0,1999.813
中原,2026-01-28,2030.0,2016.9158
中原,2026-01-29,1973.0,1981.5322
中原,2026-01-30,2162.0,2049.801
中原,2026-01-31,821.0,770.6282
中原,2026-02-01,658.0,715.7027
中原,2026-02-02,2020.0,1914.2985
中原,2026-02-03,1977.0,2003.4685
中原,2026-02-04,2038.0,1954.7968
中原,2026-02-05,2037.0,1967.9558
中原,2026-02-06,2094.0,2093.2788
中原,2026-02-07,803.0,738.25006
中原,2026-02-08,609.0,702.6561
中原,2026-02-09,1926.0,1898.1028
中原,2026-02-10,1966.0,1947.461
中原,2026-02-11,1956.0,1929.477
中原,2026-02-12,1998.0,1909.7635
中原,2026-02-13,1819.0,2049.1523
中原,2026-02-14,579.0,611.9135
中原,2026-02-15,431.0,584.7409
中原,2026-02-16,293.0,334.85107
中原,2026-02-17,467.0,263.75983
中原,2026-02-18,431.0,547.8538
中原,2026-02-19,496.0,408.33838
中原,2026-02-20,569.0,466.4538
中原,2026-02-21,634.0,596.8552
中原,2026-02-22,626.0,512.79425
中原,2026-02-23,1879.0,1604.3884
中原,2026-02-24,1975.0,1957.0693
中原,2026-02-25,2048.0,1954.3201
中原,2026-02-26,1996.0,1957.5205
中原,2026-02-27,727.0,767.37854
中原,2026-02-28,739.0,875.3651
中原,2026-03-01,602.0,1058.3093
中原,2026-03-02,1943.0,1808.6234
中原,2026-03-03,1969.0,1930.122
中原,2026-03-04,2014.0,1965.9305
中原,2026-03-05,2066.0,1883.6338
中原,2026-03-06,2093.0,2021.3062
中原,2026-03-07,897.0,1290.3717
中原,2026-03-08,766.0,962.39014
中原,2026-03-09,1970.0,1793.897
中原,2026-03-10,2098.0,1905.6096
中原,2026-03-11,2053.0,1956.1545
中原,2026-03-12,2028.0,1943.821
中原,2026-03-13,1962.0,2112.8062
中原,2026-03-14,911.0,1072.6697
中原,2026-03-15,696.0,799.02856
中原,2026-03-16,1976.0,1782.479
中原,2026-03-17,2045.0,1889.1343
中原,2026-03-18,1985.0,1896.8489
中原,2026-03-19,1997.0,1906.0352
中原,2026-03-20,1997.0,2078.3147
中原,2026-03-21,883.0,724.26886
中原,2026-03-22,731.0,749.9866
中原,2026-03-23,1977.0,1902.4867
中原,2026-03-24,2002.0,1957.7528
中原,2026-03-25,2027.0,1943.0281
中原,2026-03-26,2055.0,1981.0923
中原,2026-03-27,2063.0,2125.7615
中原,2026-03-28,794.0,739.70514
中原,2026-03-29,656.0,735.5046
中原,2026-03-30,1911.0,1902.2654
中原,2026-03-31,2049.0,1937.718
中原,2026-04-01,2071.0,1974.1213
中原,2026-04-02,1967.0,2012.8477
中原,2026-04-03,657.0,783.4138
中原,2026-04-04,585.0,565.5967
中原,2026-04-05,584.0,685.82324
中原,2026-04-06,516.0,695.3937
中原,2026-04-07,2017.0,1970.7516
中原,2026-04-08,2075.0,1947.2041
中原,2026-04-09,2031.0,2047.6954
中原,2026-04-10,2093.0,2202.85
中原,2026-04-11,811.0,760.1986
中原,2026-04-12,681.0,771.69116
中原,2026-04-13,1961.0,1892.218
中原,2026-04-14,2059.0,1939.6208
中原,2026-04-15,2037.0,1973.894
中原,2026-04-16,2083.0,1963.9517
中原,2026-04-17,2027.0,2113.7942
中原,2026-04-18,766.0,793.64355
中原,2026-04-19,694.0,727.7796
中原,2026-04-20,1958.0,1838.3036
中原,2026-04-21,2038.0,1929.4106
中原,2026-04-22,2018.0,1927.905
中原,2026-04-23,2179.0,1921.619
中原,2026-04-24,2142.0,2113.4316
中原,2026-04-25,826.0,792.8784
中原,2026-04-26,684.0,785.33215
中原,2026-04-27,1980.0,1937.7009
中原,2026-04-28,1947.0,2000.7223
中原,2026-04-29,1979.0,1921.7009
中原,2026-04-30,2064.0,1931.7719
中原,2026-05-01,710.0,667.36127
中原,2026-05-02,742.0,601.56116
中原,2026-05-03,643.0,744.50964
中原,2026-05-04,2061.0,1882.1726
中原,2026-05-05,2186.0,1950.8982
中原,2026-05-06,2046.0,2074.8823
中原,2026-05-07,2055.0,2018.0792
中原,2026-05-08,2069.0,2189.654
中原,2026-05-09,801.0,781.1892
中原,2026-05-10,641.0,777.0227
中原,2026-05-11,1952.0,1911.9934
中原,2026-05-12,2100.0,1923.8293
中原,2026-05-13,2149.0,1992.756
中原,2026-05-14,2039.0,2021.9402
中原,2026-05-15,2078.0,2114.5269
中原,2026-05-16,836.0,811.0233
中原,2026-05-17,696.0,778.1063
中原,2026-05-18,1930.0,1918.7795
中原,2026-05-19,1973.0,1937.5402
中原,2026-05-20,2006.0,1907.9027
中原,2026-05-21,1998.0,1912.5615
中原,2026-05-22,1971.0,2075.0796
中原,2026-05-23,781.0,714.842
中原,2026-05-24,618.0,735.23914
中原,2026-05-25,1888.0,1894.3167
中原,2026-05-26,1957.0,1905.1932
中原,2026-05-27,1994.0,1893.0723
中原,2026-05-28,1955.0,1912.3018
中原,2026-05-29,2104.0,2047.2566
中原,2026-05-30,802.0,740.0452
中原,2026-05-31,650.0,757.0142
中和,2026-01-01,1802.0,2308.213
中和,2026-01-02,2741.0,2768.618
中和,2026-01-03,2107.0,2206.6406
中和,2026-01-04,1765.0,1824.1162
中和,2026-01-05,2477.0,2645.0945
中和,2026-01-06,2499.0,2659.2102
中和,2026-01-07,2575.0,2624.351
中和,2026-01-08,2509.0,2577.258
中和,2026-01-09,2629.0,2697.804
中和,2026-01-10,2373.0,2137.997
中和,2026-01-11,1775.0,1867.2805
中和,2026-01-12,2419.0,2402.047
中和,2026-01-13,2468.0,2531.1182
中和,2026-01-14,2515.0,2505.295
中和,2026-01-15,2590.0,2516.9712
中和,2026-01-16,2696.0,2669.6938
中和,2026-01-17,2265.0,2297.4172
中和,2026-01-18,1876.0,1887.2107
中和,2026-01-19,2621.0,2352.7454
中和,2026-01-20,2646.0,2635.3562
中和,2026-01-21,2485.0,2608.651
中和,2026-01-22,2617.0,2544.3088
中和,2026-01-23,2811.0,2729.6873
中和,2026-01-24,2399.0,2184.7466
中和,2026-01-25,1852.0,1849.342
中和,2026-01-26,2501.0,2475.885
中和,2026-01-27,2593.0,2580.5557
中和,2026-01-28,2511.0,2625.2004
中和,2026-01-29,2672.0,2565.631
中和,2026-01-30,2666.0,2723.0835
中和,2026-01-31,2341.0,2098.2617
中和,2026-02-01,1915.0,1833.8474
中和,2026-02-02,2495.0,2469.2715
中和,2026-02-03,2495.0,2568.898
中和,2026-02-04,2586.0,2546.6804
中和,2026-02-05,2688.0,2609.1238
中和,2026-02-06,2768.0,2718.7727
中和,2026-02-07,2463.0,2195.2136
中和,2026-02-08,1923.0,1916.4941
中和,2026-02-09,2589.0,2486.501
中和,2026-02-10,2623.0,2629.7236
中和,2026-02-11,2710.0,2630.3628
中和,2026-02-12,2686.0,2694.527
中和,2026-02-13,2534.0,2757.596
中和,2026-02-14,1902.0,2044.884
中和,2026-02-15,1507.0,1639.5167
中和,2026-02-16,1222.0,1143.0913
中和,2026-02-17,1441.0,1232.0275
中和,2026-02-18,1665.0,1785.815
中和,2026-02-19,1762.0,1924.2065
中和,2026-02-20,1712.0,1736.4207
中和,2026-02-21,2036.0,1682.3125
中和,2026-02-22,1788.0,1638.5697
中和,2026-02-23,2507.0,2124.3381
中和,2026-02-24,2537.0,2570.3047
中和,2026-02-25,2701.0,2511.987
中和,2026-02-26,2795.0,2568.7998
中和,2026-02-27,2189.0,2144.1
中和,2026-02-28,2228.0,2237.193
中和,2026-03-01,1777.0,1967.9637
中和,2026-03-02,2569.0,2447.9312
中和,2026-03-03,2617.0,2729.7993
中和,2026-03-04,2675.0,2706.6597
中和,2026-03-05,2801.0,2655.0884
中和,2026-03-06,2909.0,2876.1558
中和,2026-03-07,2376.0,2768.6682
中和,2026-03-08,1910.0,1931.6624
中和,2026-03-09,2621.0,2530.851
中和,2026-03-10,2725.0,2683.4446
中和,2026-03-11,2751.0,2748.8777
中和,2026-03-12,2739.0,2711.113
中和,2026-03-13,2834.0,2882.7197
中和,2026-03-14,2481.0,2652.5554
中和,2026-03-15,1940.0,1939.2332
中和,2026-03-16,2596.0,2473.8708
中和,2026-03-17,2615.0,2675.4917
中和,2026-03-18,2686.0,2656.641
中和,2026-03-19,2670.0,2677.6196
中和,2026-03-20,2775.0,2795.8086
中和,2026-03-21,2494.0,2211.9138
中和,2026-03-22,2016.0,1891.3215
中和,2026-03-23,2600.0,2495.586
中和,2026-03-24,2661.0,2689.1323
中和,2026-03-25,2699.0,2647.9854
中和,2026-03-26,2664.0,2702.412
中和,2026-03-27,2925.0,2768.541
中和,2026-03-28,2362.0,2284.8938
中和,2026-03-29,1924.0,1867.1445
中和,2026-03-30,2582.0,2530.4963
中和,2026-03-31,2734.0,2696.2024
中和,2026-04-01,2631.0,2679.6606
中和,2026-04-02,2723.0,2695.8945
中和,2026-04-03,2033.0,2214.0464
中和,2026-04-04,1979.0,1932.6501
中和,2026-04-05,1838.0,1676.0747
中和,2026-04-06,1642.0,1767.3745
中和,2026-04-07,2641.0,2502.6785
中和,2026-04-08,2681.0,2577.0718
中和,2026-04-09,2729.0,2717.1455
中和,2026-04-10,2803.0,2847.288
中和,2026-04-11,2435.0,2164.2615
中和,2026-04-12,1930.0,1860.8752
中和,2026-04-13,2650.0,2575.966
中和,2026-04-14,2631.0,2712.2727
中和,2026-04-15,2607.0,2662.002
中和,2026-04-16,2669.0,2676.4001
中和,2026-04-17,2833.0,2781.537
中和,2026-04-18,2363.0,2328.2402
中和,2026-04-19,1886.0,1894.7976
中和,2026-04-20,2601.0,2487.3254
中和,2026-04-21,2619.0,2683.4072
中和,2026-04-22,2666.0,2622.006
中和,2026-04-23,2665.0,2677.164
中和,2026-04-24,2948.0,2730.2615
中和,2026-04-25,2388.0,2353.1392
中和,2026-04-26,1915.0,1899.1025
中和,2026-04-27,2573.0,2485.2578
中和,2026-04-28,2695.0,2678.2676
中和,2026-04-29,2691.0,2627.7502
中和,2026-04-30,2911.0,2695.2886
中和,2026-05-01,2090.0,2224.2612
中和,2026-05-02,2091.0,1951.3247
中和,2026-05-03,1702.0,1693.1389
中和,2026-05-04,2729.0,2381.019
中和,2026-05-05,2914.0,2728.7205
中和,2026-05-06,2848.0,2815.3445
中和,2026-05-07,2777.0,2825.6426
中和,2026-05-08,2818.0,2870.6887
中和,2026-05-09,2316.0,2170.897
中和,2026-05-10,1808.0,1818.8748
中和,2026-05-11,2656.0,2595.2256
中和,2026-05-12,2668.0,2722.167
中和,2026-05-13,2726.0,2686.0422
中和,2026-05-14,2766.0,2732.8252
中和,2026-05-15,2881.0,2796.3975
中和,2026-05-16,2353.0,2282.3892
中和,2026-05-17,1894.0,1857.9407
中和,2026-05-18,2643.0,2491.8613
中和,2026-05-19,2694.0,2715.2861
中和,2026-05-20,2718.0,2650.7405
中和,2026-05-21,2647.0,2706.1208
中和,2026-05-22,2822.0,2757.34
中和,2026-05-23,2359.0,2190.4849
中和,2026-05-24,1962.0,1809.23
中和,2026-05-25,2553.0,2495.9565
中和,2026-05-26,2664.0,2671.1396
中和,2026-05-27,2651.0,2608.1362
中和,2026-05-28,2659.0,2672.0396
中和,2026-05-29,2921.0,2730.2202
中和,2026-05-30,2252.0,2212.8552
中和,2026-05-31,1879.0,1783.4365
中山,2026-01-01,47260.0,52344.18
中山,2026-01-02,55810.0,56259.03
中山,2026-01-03,55058.0,52978.855
中山,2026-01-04,44591.0,47619.56
中山,2026-01-05,44783.0,47912.78
中山,2026-01-06,46000.0,46453.184
中山,2026-01-07,47567.0,47073.703
中山,2026-01-08,48912.0,49085.547
中山,2026-01-09,57705.0,55620.35
中山,2026-01-10,58568.0,57091.992
中山,2026-01-11,49125.0,48740.08
中山,2026-01-12,45294.0,46559.953
中山,2026-01-13,46296.0,47024.324
中山,2026-01-14,47770.0,47736.164
中山,2026-01-15,48701.0,49443.727
中山,2026-01-16,56737.0,56516.95
中山,2026-01-17,57977.0,58619.82
中山,2026-01-18,47533.0,48208.69
中山,2026-01-19,46119.0,46165.973
中山,2026-01-20,53623.0,46945.395
中山,2026-01-21,47074.0,51643.215
中山,2026-01-22,48579.0,48745.55
中山,2026-01-23,57372.0,56038.695
中山,2026-01-24,61381.0,58529.85
中山,2026-01-25,52192.0,50984.613
中山,2026-01-26,48338.0,48228.594
中山,2026-01-27,49929.0,49069.65
中山,2026-01-28,50808.0,51617.89
中山,2026-01-29,52739.0,51922.445
中山,2026-01-30,59268.0,60129.895
中山,2026-01-31,61499.0,62955.152
中山,2026-02-01,48643.0,51105.453
中山,2026-02-02,47676.0,47189.984
中山,2026-02-03,51020.0,49630.668
中山,2026-02-04,52570.0,52868.586
中山,2026-02-05,53795.0,53319.6
中山,2026-02-06,61029.0,60580.707
中山,2026-02-07,63078.0,62776.28
中山,2026-02-08,53148.0,52684.367
中山,2026-02-09,50019.0,49401.71
中山,2026-02-10,54522.0,51480.234
中山,2026-02-11,55622.0,55478.14
中山,2026-02-12,56986.0,55317.7
中山,2026-02-13,61166.0,62682.65
中山,2026-02-14,53448.0,61623.64
中山,2026-02-15,40337.0,47344.29
中山,2026-02-16,17540.0,28562.895
中山,2026-02-17,29873.0,17366.732
中山,2026-02-18,33042.0,36653.055
中山,2026-02-19,41543.0,40446.695
中山,2026-02-20,46733.0,46574.17
中山,2026-02-21,50037.0,46000.4
中山,2026-02-22,42225.0,40143.258
中山,2026-02-23,42640.0,42537.574
中山,2026-02-24,44888.0,45066.52
中山,2026-02-25,47846.0,47419.047
中山,2026-02-26,52457.0,50101.297
中山,2026-02-27,59781.0,54311.273
中山,2026-02-28,58112.0,59865.055
中山,2026-03-01,46666.0,46468.707
中山,2026-03-02,43061.0,45956.13
中山,2026-03-03,44053.0,46600.406
中山,2026-03-04,47331.0,46580.773
中山,2026-03-05,49504.0,49103.812
中山,2026-03-06,57778.0,57369.805
中山,2026-03-07,64789.0,63872.473
中山,2026-03-08,52370.0,47279.543
中山,2026-03-09,45413.0,45106.88
中山,2026-03-10,46981.0,46002.8
中山,2026-03-11,50841.0,47714.94
中山,2026-03-12,51117.0,49890.84
中山,2026-03-13,58786.0,57645.55
中山,2026-03-14,66832.0,66524.76
中山,2026-03-15,53306.0,50493.754
中山,2026-03-16,46308.0,46450.555
中山,2026-03-17,47995.0,46746.57
中山,2026-03-18,51120.0,49063.836
中山,2026-03-19,50953.0,50971.266
中山,2026-03-20,60935.0,58383.09
中山,2026-03-21,66780.0,67013.266
中山,2026-03-22,54002.0,55052.984
中山,2026-03-23,46504.0,47829.375
中山,2026-03-24,47558.0,48398.746
中山,2026-03-25,50465.0,49621.59
中山,2026-03-26,50716.0,51236.45
中山,2026-03-27,57192.0,58581.72
中山,2026-03-28,60617.0,61703.18
中山,2026-03-29,49376.0,49965.746
中山,2026-03-30,45742.0,46293.723
中山,2026-03-31,47432.0,47803.715
中山,2026-04-01,48761.0,49200.184
中山,2026-04-02,54135.0,49627.938
中山,2026-04-03,55084.0,55727.27
中山,2026-04-04,52714.0,56146.633
中山,2026-04-05,51323.0,43952.324
中山,2026-04-06,43993.0,41332.996
中山,2026-04-07,43512.0,46644.395
中山,2026-04-08,46217.0,44681.875
中山,2026-04-09,48440.0,48022.1
中山,2026-04-10,57983.0,55490.996
中山,2026-04-11,65166.0,57560.746
中山,2026-04-12,51896.0,53995.97
中山,2026-04-13,44524.0,47406.594
中山,2026-04-14,46111.0,46457.34
中山,2026-04-15,47406.0,47573.215
中山,2026-04-16,48475.0,48445.727
中山,2026-04-17,56975.0,56901.703
中山,2026-04-18,62610.0,62333.664
中山,2026-04-19,50789.0,49672.383
中山,2026-04-20,43686.0,45882.438
中山,2026-04-21,45782.0,45798.867
中山,2026-04-22,47375.0,47043.355
中山,2026-04-23,46779.0,47934.824
中山,2026-04-24,56058.0,54661.363
中山,2026-04-25,61623.0,60302.17
中山,2026-04-26,54309.0,49395.406
中山,2026-04-27,45381.0,46232.145
中山,2026-04-28,47031.0,45589.95
中山,2026-04-29,48574.0,47308.438
中山,2026-04-30,54338.0,48422.832
中山,2026-05-01,61000.0,54214.492
中山,2026-05-02,58481.0,62911.703
中山,2026-05-03,48420.0,47122.008
中山,2026-05-04,46068.0,45029.117
中山,2026-05-05,46293.0,47409.23
中山,2026-05-06,49237.0,47978.465
中山,2026-05-07,49890.0,49770.598
中山,2026-05-08,56879.0,56904.387
中山,2026-05-09,59418.0,59824.848
中山,2026-05-10,46876.0,49086.984
中山,2026-05-11,44559.0,45157.812
中山,2026-05-12,46563.0,46522.926
中山,2026-05-13,46202.0,48199.39
中山,2026-05-14,47662.0,47825.152
中山,2026-05-15,61388.0,55318.09
中山,2026-05-16,65923.0,64750.914
中山,2026-05-17,54028.0,53469.08
中山,2026-05-18,44744.0,46688.797
中山,2026-05-19,45967.0,46026.914
中山,2026-05-20,48672.0,46797.99
中山,2026-05-21,48283.0,48588.69
中山,2026-05-22,57517.0,56171.555
中山,2026-05-23,66533.0,62021.46
中山,2026-05-24,53330.0,53392.09
中山,2026-05-25,45319.0,46494.207
中山,2026-05-26,47322.0,46450.715
中山,2026-05-27,48781.0,48311.754
中山,2026-05-28,49219.0,48610.574
中山,2026-05-29,55307.0,56513.758
中山,2026-05-30,63307.0,59833.332
中山,2026-05-31,52108.0,50944.973
中山國中,2026-01-01,7173.0,7958.639
中山國中,2026-01-02,13610.0,14901.98
中山國中,2026-01-03,8838.0,9220.65
中山國中,2026-01-04,7400.0,7690.038
中山國中,2026-01-05,14052.0,14299.014
中山國中,2026-01-06,14420.0,14660.99
中山國中,2026-01-07,14416.0,14702.205
中山國中,2026-01-08,14611.0,14614.153
中山國中,2026-01-09,15002.0,15267.805
中山國中,2026-01-10,9821.0,10023.557
中山國中,2026-01-11,7924.0,7845.466
中山國中,2026-01-12,13784.0,13678.418
中山國中,2026-01-13,14510.0,14245.165
中山國中,2026-01-14,14655.0,14464.229
中山國中,2026-01-15,14636.0,14452.269
中山國中,2026-01-16,14801.0,14951.513
中山國中,2026-01-17,9554.0,9718.451
中山國中,2026-01-18,8002.0,7877.4634
中山國中,2026-01-19,13810.0,13598.583
中山國中,2026-01-20,14560.0,14374.223
中山國中,2026-01-21,14268.0,14316.096
中山國中,2026-01-22,14573.0,14241.819
中山國中,2026-01-23,15179.0,14879.182
中山國中,2026-01-24,9499.0,9329.283
中山國中,2026-01-25,8107.0,7661.5166
中山國中,2026-01-26,13848.0,13804.121
中山國中,2026-01-27,14497.0,14431.059
中山國中,2026-01-28,14345.0,14399.594
中山國中,2026-01-29,14489.0,14376.361
中山國中,2026-01-30,14985.0,14933.156
中山國中,2026-01-31,9561.0,9532.989
中山國中,2026-02-01,7339.0,7711.4985
中山國中,2026-02-02,13790.0,13729.974
中山國中,2026-02-03,14525.0,14392.376
中山國中,2026-02-04,14538.0,14463.599
中山國中,2026-02-05,14910.0,14536.112
中山國中,2026-02-06,15167.0,15276.169
中山國中,2026-02-07,9552.0,9532.143
中山國中,2026-02-08,7668.0,7695.2793
中山國中,2026-02-09,14124.0,13873.271
中山國中,2026-02-10,15140.0,14605.1
中山國中,2026-02-11,15416.0,14886.932
中山國中,2026-02-12,14451.0,15063.664
中山國中,2026-02-13,13925.0,15239.661
中山國中,2026-02-14,7790.0,8983.654
中山國中,2026-02-15,6138.0,6868.4893
中山國中,2026-02-16,4102.0,2822.9844
中山國中,2026-02-17,5232.0,3124.0908
中山國中,2026-02-18,5415.0,6803.8325
中山國中,2026-02-19,6261.0,6485.5366
中山國中,2026-02-20,6717.0,6546.447
中山國中,2026-02-21,7287.0,7304.819
中山國中,2026-02-22,6644.0,6308.837
中山國中,2026-02-23,13537.0,12427.461
中山國中,2026-02-24,14162.0,14089.094
中山國中,2026-02-25,14886.0,14465.535
中山國中,2026-02-26,14949.0,14682.487
中山國中,2026-02-27,8694.0,8882.468
中山國中,2026-02-28,8529.0,8340.076
中山國中,2026-03-01,6821.0,8227.738
中山國中,2026-03-02,14117.0,13654.507
中山國中,2026-03-03,14367.0,14322.508
中山國中,2026-03-04,14926.0,14295.357
中山國中,2026-03-05,14773.0,14537.241
中山國中,2026-03-06,15290.0,14855.231
中山國中,2026-03-07,9891.0,9597.109
中山國中,2026-03-08,7634.0,7863.5913
中山國中,2026-03-09,14234.0,14177.276
中山國中,2026-03-10,14875.0,14594.551
中山國中,2026-03-11,15197.0,14679.242
中山國中,2026-03-12,15290.0,14828.004
中山國中,2026-03-13,15264.0,15368.765
中山國中,2026-03-14,10340.0,10253.098
中山國中,2026-03-15,8424.0,8200.368
中山國中,2026-03-16,14013.0,13752.695
中山國中,2026-03-17,14633.0,14424.354
中山國中,2026-03-18,15024.0,14560.0625
中山國中,2026-03-19,15003.0,14720.1875
中山國中,2026-03-20,15486.0,15460.355
中山國中,2026-03-21,10551.0,9769.525
中山國中,2026-03-22,8500.0,8197.375
中山國中,2026-03-23,13919.0,14062.872
中山國中,2026-03-24,14467.0,14646.025
中山國中,2026-03-25,14986.0,14540.037
中山國中,2026-03-26,14810.0,14746.141
中山國中,2026-03-27,15054.0,15486.381
中山國中,2026-03-28,10244.0,9697.385
中山國中,2026-03-29,7887.0,8062.367
中山國中,2026-03-30,14042.0,13930.621
中山國中,2026-03-31,14606.0,14648.099
中山國中,2026-04-01,14321.0,14625.727
中山國中,2026-04-02,14689.0,14541.635
中山國中,2026-04-03,8086.0,8750.614
中山國中,2026-04-04,7259.0,7970.3604
中山國中,2026-04-05,6843.0,6649.3154
中山國中,2026-04-06,6491.0,6985.642
中山國中,2026-04-07,14155.0,14040.518
中山國中,2026-04-08,14859.0,14269.361
中山國中,2026-04-09,14679.0,14674.2
中山國中,2026-04-10,15097.0,15461.827
中山國中,2026-04-11,10410.0,10198.846
中山國中,2026-04-12,8053.0,8372.446
中山國中,2026-04-13,13876.0,13660.824
中山國中,2026-04-14,14293.0,14211.822
中山國中,2026-04-15,14385.0,14295.284
中山國中,2026-04-16,14620.0,14349.923
中山國中,2026-04-17,14792.0,15285.095
中山國中,2026-04-18,9508.0,10232.137
中山國中,2026-04-19,7687.0,7834.386
中山國中,2026-04-20,13629.0,13461.799
中山國中,2026-04-21,14206.0,14069.546
中山國中,2026-04-22,14364.0,14220.432
中山國中,2026-04-23,14600.0,14317.055
中山國中,2026-04-24,15232.0,14961.576
中山國中,2026-04-25,9637.0,9818.549
中山國中,2026-04-26,8418.0,7832.672
中山國中,2026-04-27,13817.0,13555.434
中山國中,2026-04-28,14636.0,14232.15
中山國中,2026-04-29,14641.0,14277.6045
中山國中,2026-04-30,15574.0,14345.454
中山國中,2026-05-01,8921.0,8372.266
中山國中,2026-05-02,8955.0,8201.633
中山國中,2026-05-03,7053.0,7094.249
中山國中,2026-05-04,14325.0,13574.825
中山國中,2026-05-05,14791.0,14554.264
中山國中,2026-05-06,14951.0,14660.036
中山國中,2026-05-07,14694.0,14726.416
中山國中,2026-05-08,14886.0,15465.122
中山國中,2026-05-09,9644.0,9743.346
中山國中,2026-05-10,7172.0,7798.886
中山國中,2026-05-11,13723.0,13841.727
中山國中,2026-05-12,14216.0,14269.792
中山國中,2026-05-13,14650.0,14374.086
中山國中,2026-05-14,14432.0,14541.603
中山國中,2026-05-15,15040.0,15006.139
中山國中,2026-05-16,9770.0,9858.062
中山國中,2026-05-17,8012.0,7770.7373
中山國中,2026-05-18,13743.0,13561.428
中山國中,2026-05-19,14180.0,14146.465
中山國中,2026-05-20,14330.0,14137.027
中山國中,2026-05-21,14363.0,14211.942
中山國中,2026-05-22,14599.0,14801.631
中山國中,2026-05-23,9770.0,9281.494
中山國中,2026-05-24,7778.0,7631.2183
中山國中,2026-05-25,13911.0,13547.279
中山國中,2026-05-26,14217.0,14235.488
中山國中,2026-05-27,14419.0,14079.943
中山國中,2026-05-28,14193.0,14206.0205
中山國中,2026-05-29,14742.0,14747.135
中山國中,2026-05-30,9311.0,9188.714
中山國中,2026-05-31,7563.0,7439.578
中山國小,2026-01-01,12143.0,12890.2705
中山國小,2026-01-02,19318.0,19556.984
中山國小,2026-01-03,13708.0,13926.625
中山國小,2026-01-04,10945.0,11418.329
中山國小,2026-01-05,17950.0,18396.248
中山國小,2026-01-06,18238.0,18943.473
中山國小,2026-01-07,18400.0,18880.547
中山國小,2026-01-08,18662.0,18779.492
中山國小,2026-01-09,19390.0,19790.041
中山國小,2026-01-10,14627.0,14772.258
中山國小,2026-01-11,11927.0,11914.515
中山國小,2026-01-12,17805.0,17406.877
中山國小,2026-01-13,18202.0,18160.81
中山國小,2026-01-14,18329.0,18297.691
中山國小,2026-01-15,18345.0,18434.232
中山國小,2026-01-16,18956.0,19153.703
中山國小,2026-01-17,14465.0,14323.589
中山國小,2026-01-18,11487.0,11940.867
中山國小,2026-01-19,17544.0,17263.84
中山國小,2026-01-20,18319.0,18057.139
中山國小,2026-01-21,18362.0,17962.85
中山國小,2026-01-22,18396.0,18047.96
中山國小,2026-01-23,19351.0,19050.242
中山國小,2026-01-24,14391.0,13623.874
中山國小,2026-01-25,11505.0,11498.186
中山國小,2026-01-26,17217.0,17447.098
中山國小,2026-01-27,17264.0,18007.67
中山國小,2026-01-28,17664.0,17565.516
中山國小,2026-01-29,17810.0,17732.252
中山國小,2026-01-30,18186.0,18684.664
中山國小,2026-01-31,14551.0,13369.06
中山國小,2026-02-01,11654.0,11507.15
中山國小,2026-02-02,17068.0,16770.094
中山國小,2026-02-03,17732.0,17563.162
中山國小,2026-02-04,18717.0,17612.744
中山國小,2026-02-05,18185.0,18262.293
中山國小,2026-02-06,19493.0,18981.256
中山國小,2026-02-07,15042.0,14092.282
中山國小,2026-02-08,12385.0,11927.98
中山國小,2026-02-09,17394.0,17170.3
中山國小,2026-02-10,18189.0,17969.695
中山國小,2026-02-11,17735.0,17946.541
中山國小,2026-02-12,17873.0,17936.793
中山國小,2026-02-13,17683.0,18994.725
中山國小,2026-02-14,11941.0,12899.49
中山國小,2026-02-15,8774.0,10182.483
中山國小,2026-02-16,6490.0,5477.166
中山國小,2026-02-17,7301.0,5921.8643
中山國小,2026-02-18,7739.0,9662.309
中山國小,2026-02-19,9310.0,9021.082
中山國小,2026-02-20,9668.0,9297.359
中山國小,2026-02-21,11038.0,10197.204
中山國小,2026-02-22,10075.0,9209.672
中山國小,2026-02-23,17013.0,14528.66
中山國小,2026-02-24,17625.0,17849.113
中山國小,2026-02-25,18880.0,18155.54
中山國小,2026-02-26,18876.0,18601.715
中山國小,2026-02-27,13940.0,13468.478
中山國小,2026-02-28,13404.0,13330.232
中山國小,2026-03-01,11199.0,12067.447
中山國小,2026-03-02,17769.0,16943.4
中山國小,2026-03-03,18243.0,18101.154
中山國小,2026-03-04,18969.0,18078.705
中山國小,2026-03-05,19052.0,18446.865
中山國小,2026-03-06,20086.0,19775.17
中山國小,2026-03-07,15173.0,15647.341
中山國小,2026-03-08,12603.0,12121.538
中山國小,2026-03-09,18313.0,17890.363
中山國小,2026-03-10,19266.0,18663.285
中山國小,2026-03-11,19456.0,18975.004
中山國小,2026-03-12,19260.0,19227.994
中山國小,2026-03-13,20250.0,20370.459
中山國小,2026-03-14,15993.0,15896.1875
中山國小,2026-03-15,13121.0,12757.241
中山國小,2026-03-16,18570.0,17557.617
中山國小,2026-03-17,19171.0,18731.162
中山國小,2026-03-18,19776.0,18806.344
中山國小,2026-03-19,19349.0,19224.629
中山國小,2026-03-20,21010.0,20492.723
中山國小,2026-03-21,16408.0,15168.22
中山國小,2026-03-22,13374.0,12973.164
中山國小,2026-03-23,18601.0,18418.908
中山國小,2026-03-24,19286.0,19189.871
中山國小,2026-03-25,19780.0,19244.705
中山國小,2026-03-26,19617.0,19504.783
中山國小,2026-03-27,20653.0,20830.582
中山國小,2026-03-28,14776.0,15342.113
中山國小,2026-03-29,12284.0,12284.602
中山國小,2026-03-30,18477.0,18298.197
中山國小,2026-03-31,18768.0,19210.822
中山國小,2026-04-01,18810.0,19213.514
中山國小,2026-04-02,19423.0,19201.273
中山國小,2026-04-03,12390.0,13734.125
中山國小,2026-04-04,11724.0,12221.732
中山國小,2026-04-05,11086.0,10595.363
中山國小,2026-04-06,9866.0,10430.613
中山國小,2026-04-07,18407.0,18125.416
中山國小,2026-04-08,18842.0,18448.527
中山國小,2026-04-09,18665.0,18759.059
中山國小,2026-04-10,20335.0,19888.012
中山國小,2026-04-11,16767.0,15225.246
中山國小,2026-04-12,13743.0,13160.295
中山國小,2026-04-13,17741.0,17999.879
中山國小,2026-04-14,18509.0,18536.25
中山國小,2026-04-15,18638.0,18574.17
中山國小,2026-04-16,18417.0,18789.041
中山國小,2026-04-17,19558.0,20229.852
中山國小,2026-04-18,14453.0,15615.729
中山國小,2026-04-19,11786.0,11997.902
中山國小,2026-04-20,17819.0,17644.762
中山國小,2026-04-21,18361.0,18460.875
中山國小,2026-04-22,18630.0,18469.85
中山國小,2026-04-23,18673.0,18636.81
中山國小,2026-04-24,20378.0,19633.22
中山國小,2026-04-25,14720.0,14919.997
中山國小,2026-04-26,12660.0,12098.438
中山國小,2026-04-27,18000.0,17669.623
中山國小,2026-04-28,18548.0,18318.984
中山國小,2026-04-29,18926.0,17942.578
中山國小,2026-04-30,19912.0,18409.678
中山國小,2026-05-01,13314.0,12905.404
中山國小,2026-05-02,13818.0,12409.755
中山國小,2026-05-03,11940.0,10983.906
中山國小,2026-05-04,18849.0,17154.73
中山國小,2026-05-05,19501.0,18927.947
中山國小,2026-05-06,19172.0,19256.457
中山國小,2026-05-07,18895.0,19086.102
中山國小,2026-05-08,19660.0,20162.568
中山國小,2026-05-09,14372.0,14580.973
中山國小,2026-05-10,10947.0,11851.661
中山國小,2026-05-11,17887.0,17859.658
中山國小,2026-05-12,18273.0,18675.918
中山國小,2026-05-13,18680.0,18733.553
中山國小,2026-05-14,18322.0,18882.975
中山國小,2026-05-15,19577.0,19553.273
中山國小,2026-05-16,15082.0,14438.849
中山國小,2026-05-17,12416.0,12064.675
中山國小,2026-05-18,17797.0,17634.467
中山國小,2026-05-19,18128.0,18325.28
中山國小,2026-05-20,18748.0,18220.129
中山國小,2026-05-21,18681.0,18467.127
中山國小,2026-05-22,19846.0,19552.887
中山國小,2026-05-23,15110.0,14322.17
中山國小,2026-05-24,12347.0,11963.559
中山國小,2026-05-25,17624.0,17727.043
中山國小,2026-05-26,18577.0,18297.69
中山國小,2026-05-27,18311.0,18246.246
中山國小,2026-05-28,18443.0,18248.537
中山國小,2026-05-29,19699.0,19429.762
中山國小,2026-05-30,14426.0,14131.808
中山國小,2026-05-31,11669.0,11691.957
中正紀念堂,2026-01-01,18607.0,21578.588
中正紀念堂,2026-01-02,31353.0,31689.336
中正紀念堂,2026-01-03,22814.0,24022.68
中正紀念堂,2026-01-04,19389.0,19704.672
中正紀念堂,2026-01-05,26656.0,29163.395
中正紀念堂,2026-01-06,29138.0,29783.486
中正紀念堂,2026-01-07,29299.0,29696.357
中正紀念堂,2026-01-08,29381.0,29988.041
中正紀念堂,2026-01-09,31766.0,31729.094
中正紀念堂,2026-01-10,22850.0,24738.186
中正紀念堂,2026-01-11,19176.0,19811.098
中正紀念堂,2026-01-12,26227.0,27128.871
中正紀念堂,2026-01-13,30043.0,28586.209
中正紀念堂,2026-01-14,29440.0,29490.113
中正紀念堂,2026-01-15,29993.0,29763.033
中正紀念堂,2026-01-16,32446.0,31247.88
中正紀念堂,2026-01-17,23401.0,24625.338
中正紀念堂,2026-01-18,19601.0,20443.975
中正紀念堂,2026-01-19,26174.0,26960.576
中正紀念堂,2026-01-20,29225.0,28604.672
中正紀念堂,2026-01-21,28674.0,28589.334
中正紀念堂,2026-01-22,28026.0,29166.688
中正紀念堂,2026-01-23,31356.0,30330.574
中正紀念堂,2026-01-24,22259.0,22768.201
中正紀念堂,2026-01-25,20161.0,18991.184
中正紀念堂,2026-01-26,25836.0,26597.338
中正紀念堂,2026-01-27,29276.0,28181.871
中正紀念堂,2026-01-28,28794.0,29019.762
中正紀念堂,2026-01-29,30297.0,29434.863
中正紀念堂,2026-01-30,30971.0,31469.887
中正紀念堂,2026-01-31,23690.0,23384.162
中正紀念堂,2026-02-01,19446.0,19930.652
中正紀念堂,2026-02-02,25059.0,26229.838
中正紀念堂,2026-02-03,30518.0,27971.879
中正紀念堂,2026-02-04,30791.0,29642.957
中正紀念堂,2026-02-05,31465.0,30667.023
中正紀念堂,2026-02-06,32157.0,32796.23
中正紀念堂,2026-02-07,24025.0,23575.562
中正紀念堂,2026-02-08,20623.0,19797.086
中正紀念堂,2026-02-09,25626.0,26945.48
中正紀念堂,2026-02-10,32242.0,28646.89
中正紀念堂,2026-02-11,30824.0,31074.838
中正紀念堂,2026-02-12,32323.0,31284.367
中正紀念堂,2026-02-13,31060.0,33794.117
中正紀念堂,2026-02-14,22290.0,23344.771
中正紀念堂,2026-02-15,20410.0,18921.99
中正紀念堂,2026-02-16,12812.0,12744.306
中正紀念堂,2026-02-17,11782.0,8753.232
中正紀念堂,2026-02-18,15277.0,15380.42
中正紀念堂,2026-02-19,16758.0,16665.953
中正紀念堂,2026-02-20,16467.0,17661.496
中正紀念堂,2026-02-21,18014.0,18105.156
中正紀念堂,2026-02-22,16589.0,16101.808
中正紀念堂,2026-02-23,26073.0,23922.705
中正紀念堂,2026-02-24,29563.0,28098.371
中正紀念堂,2026-02-25,29931.0,30011.309
中正紀念堂,2026-02-26,34069.0,30095.096
中正紀念堂,2026-02-27,25674.0,26474.418
中正紀念堂,2026-02-28,30219.0,23922.936
中正紀念堂,2026-03-01,22002.0,23565.68
中正紀念堂,2026-03-02,28954.0,27152.998
中正紀念堂,2026-03-03,29146.0,30354.367
中正紀念堂,2026-03-04,30372.0,29481.113
中正紀念堂,2026-03-05,31820.0,30492.523
中正紀念堂,2026-03-06,34097.0,34686.61
中正紀念堂,2026-03-07,27078.0,29073.262
中正紀念堂,2026-03-08,23325.0,21515.467
中正紀念堂,2026-03-09,28857.0,27878.447
中正紀念堂,2026-03-10,30558.0,30503.59
中正紀念堂,2026-03-11,33007.0,29927.754
中正紀念堂,2026-03-12,32087.0,31739.021
中正紀念堂,2026-03-13,33721.0,35004.945
中正紀念堂,2026-03-14,26987.0,28655.12
中正紀念堂,2026-03-15,22134.0,22157.113
中正紀念堂,2026-03-16,29292.0,26645.809
中正紀念堂,2026-03-17,31976.0,30087.164
中正紀念堂,2026-03-18,31272.0,29674.623
中正紀念堂,2026-03-19,31910.0,30948.234
中正紀念堂,2026-03-20,34318.0,34527.44
中正紀念堂,2026-03-21,26515.0,26158.238
中正紀念堂,2026-03-22,25226.0,21896.281
中正紀念堂,2026-03-23,28077.0,28819.332
中正紀念堂,2026-03-24,31234.0,30712.098
中正紀念堂,2026-03-25,31340.0,31117.201
中正紀念堂,2026-03-26,31297.0,31749.602
中正紀念堂,2026-03-27,31282.0,34082.555
中正紀念堂,2026-03-28,22814.0,24856.264
中正紀念堂,2026-03-29,22531.0,20008.129
中正紀念堂,2026-03-30,29336.0,28248.494
中正紀念堂,2026-03-31,30186.0,31098.568
中正紀念堂,2026-04-01,29901.0,30447.168
中正紀念堂,2026-04-02,30578.0,30477.2
中正紀念堂,2026-04-03,18527.0,23558.521
中正紀念堂,2026-04-04,17328.0,19278.824
中正紀念堂,2026-04-05,17033.0,17039.543
中正紀念堂,2026-04-06,13294.0,16767.467
中正紀念堂,2026-04-07,28017.0,27768.703
中正紀念堂,2026-04-08,29318.0,28525.535
中正紀念堂,2026-04-09,30228.0,29778.402
中正紀念堂,2026-04-10,32400.0,32375.213
中正紀念堂,2026-04-11,23652.0,25006.021
中正紀念堂,2026-04-12,20026.0,20421.086
中正紀念堂,2026-04-13,27001.0,27442.678
中正紀念堂,2026-04-14,29242.0,28894.484
中正紀念堂,2026-04-15,30059.0,29116.166
中正紀念堂,2026-04-16,29970.0,29953.506
中正紀念堂,2026-04-17,31454.0,32001.535
中正紀念堂,2026-04-18,24122.0,24865.473
中正紀念堂,2026-04-19,20655.0,20305.396
中正紀念堂,2026-04-20,27970.0,27169.48
中正紀念堂,2026-04-21,29872.0,29464.846
中正紀念堂,2026-04-22,30107.0,29447.322
中正紀念堂,2026-04-23,30284.0,29900.387
中正紀念堂,2026-04-24,31232.0,31814.332
中正紀念堂,2026-04-25,23019.0,23759.785
中正紀念堂,2026-04-26,21551.0,19945.297
中正紀念堂,2026-04-27,27786.0,27143.082
中正紀念堂,2026-04-28,30171.0,29588.523
中正紀念堂,2026-04-29,30060.0,28850.584
中正紀念堂,2026-04-30,32379.0,29662.947
中正紀念堂,2026-05-01,21332.0,22559.564
中正紀念堂,2026-05-02,22813.0,20138.367
中正紀念堂,2026-05-03,24274.0,18615.18
中正紀念堂,2026-05-04,28730.0,27119.922
中正紀念堂,2026-05-05,29825.0,30007.861
中正紀念堂,2026-05-06,31403.0,29446.883
中正紀念堂,2026-05-07,30384.0,30772.691
中正紀念堂,2026-05-08,31963.0,32666.643
中正紀念堂,2026-05-09,21840.0,24128.908
中正紀念堂,2026-05-10,26637.0,19385.523
中正紀念堂,2026-05-11,28003.0,28663.922
中正紀念堂,2026-05-12,29787.0,30077.254
中正紀念堂,2026-05-13,28614.0,29924.672
中正紀念堂,2026-05-14,29129.0,29635.383
中正紀念堂,2026-05-15,33103.0,31637.34
中正紀念堂,2026-05-16,23522.0,25757.252
中正紀念堂,2026-05-17,20853.0,20946.389
中正紀念堂,2026-05-18,27537.0,27894.902
中正紀念堂,2026-05-19,29474.0,29654.912
中正紀念堂,2026-05-20,30026.0,29363.133
中正紀念堂,2026-05-21,30136.0,29863.242
中正紀念堂,2026-05-22,34287.0,31912.553
中正紀念堂,2026-05-23,28407.0,25104.191
中正紀念堂,2026-05-24,22227.0,22448.535
中正紀念堂,2026-05-25,27433.0,27763.86
中正紀念堂,2026-05-26,29889.0,29460.947
中正紀念堂,2026-05-27,29617.0,29071.467
中正紀念堂,2026-05-28,30579.0,29514.504
中正紀念堂,2026-05-29,32035.0,32744.473
中正紀念堂,2026-05-30,24268.0,24310.002
中正紀念堂,2026-05-31,18504.0,20325.123
丹鳳,2026-01-01,5338.0,6365.0186
丹鳳,2026-01-02,9712.0,10344.793
丹鳳,2026-01-03,6806.0,7344.6274
丹鳳,2026-01-04,5792.0,6016.517
丹鳳,2026-01-05,9695.0,9999.012
丹鳳,2026-01-06,9932.0,10049.099
丹鳳,2026-01-07,9940.0,10062.628
丹鳳,2026-01-08,9928.0,10054.016
丹鳳,2026-01-09,10609.0,10488.699
丹鳳,2026-01-10,7798.0,7791.885
丹鳳,2026-01-11,6083.0,6286.8486
丹鳳,2026-01-12,9603.0,9595.184
丹鳳,2026-01-13,10009.0,9836.085
丹鳳,2026-01-14,10053.0,10021.565
丹鳳,2026-01-15,10128.0,10008.064
丹鳳,2026-01-16,10666.0,10388.189
丹鳳,2026-01-17,7979.0,7803.521
丹鳳,2026-01-18,6344.0,6339.121
丹鳳,2026-01-19,9652.0,9585.737
丹鳳,2026-01-20,10041.0,9938.363
丹鳳,2026-01-21,9825.0,9962.426
丹鳳,2026-01-22,9664.0,9900.865
丹鳳,2026-01-23,10569.0,10248.58
丹鳳,2026-01-24,8013.0,7335.413
丹鳳,2026-01-25,6617.0,6079.8535
丹鳳,2026-01-26,9409.0,9609.895
丹鳳,2026-01-27,9597.0,9831.699
丹鳳,2026-01-28,9642.0,9765.256
丹鳳,2026-01-29,9976.0,9827.687
丹鳳,2026-01-30,10313.0,10378.1
丹鳳,2026-01-31,7779.0,7606.6953
丹鳳,2026-02-01,5861.0,6205.8994
丹鳳,2026-02-02,9185.0,9367.519
丹鳳,2026-02-03,9875.0,9641.132
丹鳳,2026-02-04,9847.0,9802.883
丹鳳,2026-02-05,10057.0,9877.988
丹鳳,2026-02-06,10456.0,10458.526
丹鳳,2026-02-07,7815.0,7536.275
丹鳳,2026-02-08,6382.0,6174.3076
丹鳳,2026-02-09,9184.0,9419.01
丹鳳,2026-02-10,9876.0,9636.586
丹鳳,2026-02-11,9645.0,9813.544
丹鳳,2026-02-12,9752.0,9804.545
丹鳳,2026-02-13,9676.0,10375.381
丹鳳,2026-02-14,6437.0,7281.3525
丹鳳,2026-02-15,4907.0,5415.2393
丹鳳,2026-02-16,3419.0,2824.6572
丹鳳,2026-02-17,4805.0,2763.004
丹鳳,2026-02-18,5130.0,5713.021
丹鳳,2026-02-19,5577.0,5557.172
丹鳳,2026-02-20,6036.0,5763.507
丹鳳,2026-02-21,6834.0,6334.6733
丹鳳,2026-02-22,5845.0,5706.62
丹鳳,2026-02-23,9535.0,8371.65
丹鳳,2026-02-24,10135.0,9885.978
丹鳳,2026-02-25,10198.0,10020.736
丹鳳,2026-02-26,10830.0,9972.608
丹鳳,2026-02-27,7588.0,7806.302
丹鳳,2026-02-28,7912.0,7395.047
丹鳳,2026-03-01,6199.0,6935.914
丹鳳,2026-03-02,9928.0,9486.799
丹鳳,2026-03-03,9940.0,10013.401
丹鳳,2026-03-04,9912.0,9865.797
丹鳳,2026-03-05,10221.0,9871.557
丹鳳,2026-03-06,10778.0,10448.794
丹鳳,2026-03-07,8479.0,8455.262
丹鳳,2026-03-08,6580.0,6710.2847
丹鳳,2026-03-09,9786.0,9644.15
丹鳳,2026-03-10,10040.0,9957.163
丹鳳,2026-03-11,10239.0,9914.266
丹鳳,2026-03-12,10374.0,9947.1
丹鳳,2026-03-13,10868.0,10742.379
丹鳳,2026-03-14,8080.0,8618.172
丹鳳,2026-03-15,6548.0,6626.308
丹鳳,2026-03-16,9770.0,9442.026
丹鳳,2026-03-17,10067.0,9813.382
丹鳳,2026-03-18,10213.0,9694.229
丹鳳,2026-03-19,10268.0,9858.149
丹鳳,2026-03-20,10848.0,10702.225
丹鳳,2026-03-21,8204.0,7806.5195
丹鳳,2026-03-22,6995.0,6508.121
丹鳳,2026-03-23,9683.0,9774.577
丹鳳,2026-03-24,10141.0,10067.481
丹鳳,2026-03-25,10181.0,9997.091
丹鳳,2026-03-26,10233.0,10039.438
丹鳳,2026-03-27,10543.0,10746.691
丹鳳,2026-03-28,7853.0,7825.975
丹鳳,2026-03-29,6209.0,6371.7104
丹鳳,2026-03-30,9745.0,9659.008
丹鳳,2026-03-31,10080.0,10082.186
丹鳳,2026-04-01,9895.0,10071.8955
丹鳳,2026-04-02,10496.0,10055.677
丹鳳,2026-04-03,6605.0,7207.269
丹鳳,2026-04-04,5894.0,6606.547
丹鳳,2026-04-05,6237.0,5532.626
丹鳳,2026-04-06,5112.0,6097.714
丹鳳,2026-04-07,9708.0,9643.105
丹鳳,2026-04-08,9995.0,9737.752
丹鳳,2026-04-09,10328.0,9954.604
丹鳳,2026-04-10,10626.0,10776.11
丹鳳,2026-04-11,8091.0,7916.586
丹鳳,2026-04-12,6421.0,6545.4927
丹鳳,2026-04-13,9608.0,9552.577
丹鳳,2026-04-14,10011.0,9794.765
丹鳳,2026-04-15,9823.0,9886.343
丹鳳,2026-04-16,10087.0,9873.615
丹鳳,2026-04-17,10484.0,10575.228
丹鳳,2026-04-18,7769.0,8047.6035
丹鳳,2026-04-19,6339.0,6293.997
丹鳳,2026-04-20,9728.0,9519.424
丹鳳,2026-04-21,10118.0,9889.264
丹鳳,2026-04-22,10017.0,9891.617
丹鳳,2026-04-23,10006.0,9914.035
丹鳳,2026-04-24,10295.0,10441.396
丹鳳,2026-04-25,7457.0,7609.032
丹鳳,2026-04-26,6820.0,6201.5005
丹鳳,2026-04-27,9664.0,9539.038
丹鳳,2026-04-28,10081.0,9859.088
丹鳳,2026-04-29,10116.0,9654.471
丹鳳,2026-04-30,10444.0,9689.961
丹鳳,2026-05-01,7222.0,6531.129
丹鳳,2026-05-02,7152.0,6781.36
丹鳳,2026-05-03,6023.0,5875.5605
丹鳳,2026-05-04,9711.0,9443.543
丹鳳,2026-05-05,10092.0,9901.835
丹鳳,2026-05-06,10193.0,9918.199
丹鳳,2026-05-07,10234.0,9984.136
丹鳳,2026-05-08,10566.0,10696.616
丹鳳,2026-05-09,7560.0,7663.465
丹鳳,2026-05-10,6141.0,6166.6436
丹鳳,2026-05-11,9699.0,9675.347
丹鳳,2026-05-12,9961.0,9942.432
丹鳳,2026-05-13,9890.0,9988.79
丹鳳,2026-05-14,9897.0,9977.328
丹鳳,2026-05-15,10825.0,10467.132
丹鳳,2026-05-16,8146.0,7853.8647
丹鳳,2026-05-17,6703.0,6426.2627
丹鳳,2026-05-18,9668.0,9627.521
丹鳳,2026-05-19,9908.0,9921.616
丹鳳,2026-05-20,10253.0,9835.861
丹鳳,2026-05-21,10128.0,9842.217
丹鳳,2026-05-22,10420.0,10427.705
丹鳳,2026-05-23,8328.0,7549.5884
丹鳳,2026-05-24,6323.0,6439.8516
丹鳳,2026-05-25,9636.0,9566.323
丹鳳,2026-05-26,10016.0,9956.073
丹鳳,2026-05-27,10024.0,9783.128
丹鳳,2026-05-28,10122.0,9785.329
丹鳳,2026-05-29,10234.0,10492.032
丹鳳,2026-05-30,7829.0,7476.924
丹鳳,2026-05-31,6103.0,6238.5596
亞東醫院,2026-01-01,12044.0,14544.988
亞東醫院,2026-01-02,25632.0,28753.953
亞東醫院,2026-01-03,16813.0,17165.395
亞東醫院,2026-01-04,13056.0,13625.4375
亞東醫院,2026-01-05,28021.0,27695.379
亞東醫院,2026-01-06,28754.0,28408.893
亞東醫院,2026-01-07,28543.0,28685.287
亞東醫院,2026-01-08,28334.0,28594.633
亞東醫院,2026-01-09,29509.0,29738.531
亞東醫院,2026-01-10,19188.0,19137.941
亞東醫院,2026-01-11,14219.0,14108.727
亞東醫院,2026-01-12,26746.0,27172.55
亞東醫院,2026-01-13,28016.0,28138.512
亞東醫院,2026-01-14,28192.0,28183.682
亞東醫院,2026-01-15,27751.0,28117.824
亞東醫院,2026-01-16,27910.0,28964.404
亞東醫院,2026-01-17,18970.0,18324.973
亞東醫院,2026-01-18,14246.0,14205.054
亞東醫院,2026-01-19,26444.0,26775.01
亞東醫院,2026-01-20,28397.0,27955.965
亞東醫院,2026-01-21,27356.0,27699.809
亞東醫院,2026-01-22,26849.0,27258.824
亞東醫院,2026-01-23,28223.0,27925.213
亞東醫院,2026-01-24,18691.0,17344.387
亞東醫院,2026-01-25,14546.0,13824.826
亞東醫院,2026-01-26,27056.0,26437.727
亞東醫院,2026-01-27,27487.0,27889.594
亞東醫院,2026-01-28,27486.0,27190.992
亞東醫院,2026-01-29,27634.0,27200.559
亞東醫院,2026-01-30,27987.0,28392.098
亞東醫院,2026-01-31,18885.0,17563.201
亞東醫院,2026-02-01,13425.0,13839.145
亞東醫院,2026-02-02,26555.0,26282.383
亞東醫院,2026-02-03,28279.0,27670.28
亞東醫院,2026-02-04,28144.0,27757.758
亞東醫院,2026-02-05,28379.0,27697.672
亞東醫院,2026-02-06,28712.0,29274.064
亞東醫院,2026-02-07,18933.0,17842.727
亞東醫院,2026-02-08,14056.0,13901.189
亞東醫院,2026-02-09,27106.0,26619.762
亞東醫院,2026-02-10,28173.0,28042.268
亞東醫院,2026-02-11,27534.0,27876.598
亞東醫院,2026-02-12,27617.0,27548.367
亞東醫院,2026-02-13,26045.0,29016.09
亞東醫院,2026-02-14,15647.0,16899.047
亞東醫院,2026-02-15,11082.0,12411.969
亞東醫院,2026-02-16,7556.0,3105.207
亞東醫院,2026-02-17,10096.0,3873.496
亞東醫院,2026-02-18,10717.0,11889.855
亞東醫院,2026-02-19,12200.0,11223.34
亞東醫院,2026-02-20,14160.0,12260.84
亞東醫院,2026-02-21,14827.0,14285.959
亞東醫院,2026-02-22,13040.0,11418.331
亞東醫院,2026-02-23,26783.0,23889.836
亞東醫院,2026-02-24,28494.0,27556.598
亞東醫院,2026-02-25,28465.0,28144.346
亞東醫院,2026-02-26,29294.0,27864.67
亞東醫院,2026-02-27,19031.0,17104.549
亞東醫院,2026-02-28,15831.0,17102.895
亞東醫院,2026-03-01,13205.0,14527.826
亞東醫院,2026-03-02,28050.0,26887.836
亞東醫院,2026-03-03,28041.0,28309.5
亞東醫院,2026-03-04,27915.0,27655.518
亞東醫院,2026-03-05,28845.0,27468.688
亞東醫院,2026-03-06,29334.0,29145.404
亞東醫院,2026-03-07,19428.0,19313.09
亞東醫院,2026-03-08,14260.0,14904.774
亞東醫院,2026-03-09,27857.0,27470.223
亞東醫院,2026-03-10,28701.0,28355.814
亞東醫院,2026-03-11,29319.0,28140.955
亞東醫院,2026-03-12,28935.0,28190.754
亞東醫院,2026-03-13,29484.0,29665.555
亞東醫院,2026-03-14,19589.0,20352.334
亞東醫院,2026-03-15,14975.0,14781.91
亞東醫院,2026-03-16,27495.0,26943.588
亞東醫院,2026-03-17,28864.0,28222.707
亞東醫院,2026-03-18,28846.0,27952.598
亞東醫院,2026-03-19,28453.0,27967.36
亞東醫院,2026-03-20,29421.0,29405.809
亞東醫院,2026-03-21,19197.0,18485.025
亞東醫院,2026-03-22,15024.0,14268.295
亞東醫院,2026-03-23,27817.0,27458.592
亞東醫院,2026-03-24,29132.0,28741.188
亞東醫院,2026-03-25,28923.0,28410.29
亞東醫院,2026-03-26,28275.0,28249.076
亞東醫院,2026-03-27,29374.0,29563.404
亞東醫院,2026-03-28,19058.0,18483.514
亞東醫院,2026-03-29,14074.0,14212.227
亞東醫院,2026-03-30,28069.0,27399.785
亞東醫院,2026-03-31,28586.0,28847.91
亞東醫院,2026-04-01,28412.0,28443.176
亞東醫院,2026-04-02,27822.0,28298.18
亞東醫院,2026-04-03,14972.0,16082.211
亞東醫院,2026-04-04,13122.0,14709.832
亞東醫院,2026-04-05,12727.0,11918.605
亞東醫院,2026-04-06,12435.0,13097.442
亞東醫院,2026-04-07,28772.0,27372.07
亞東醫院,2026-04-08,28737.0,27830.148
亞東醫院,2026-04-09,28869.0,28184.975
亞東醫院,2026-04-10,29636.0,30031.016
亞東醫院,2026-04-11,19482.0,19245.52
亞東醫院,2026-04-12,14696.0,14730.397
亞東醫院,2026-04-13,27849.0,27002.512
亞東醫院,2026-04-14,28931.0,27953.676
亞東醫院,2026-04-15,28348.0,28174.402
亞東醫院,2026-04-16,28320.0,28098.363
亞東醫院,2026-04-17,29180.0,29830.8
亞東醫院,2026-04-18,19176.0,19261.781
亞東醫院,2026-04-19,14348.0,14185.912
亞東醫院,2026-04-20,27832.0,27288.742
亞東醫院,2026-04-21,28961.0,28615.06
亞東醫院,2026-04-22,28858.0,28359.256
亞東醫院,2026-04-23,28322.0,28349.814
亞東醫院,2026-04-24,28973.0,29604.707
亞東醫院,2026-04-25,19065.0,18764.797
亞東醫院,2026-04-26,15679.0,14418.067
亞東醫院,2026-04-27,28329.0,27388.441
亞東醫院,2026-04-28,28984.0,28782.762
亞東醫院,2026-04-29,29013.0,27844.39
亞東醫院,2026-04-30,29642.0,27738.18
亞東醫院,2026-05-01,16378.0,14970.342
亞東醫院,2026-05-02,16459.0,15168.328
亞東醫院,2026-05-03,13606.0,12960.738
亞東醫院,2026-05-04,28523.0,27134.023
亞東醫院,2026-05-05,29199.0,28616.023
亞東醫院,2026-05-06,29424.0,28508.943
亞東醫院,2026-05-07,29241.0,28568.38
亞東醫院,2026-05-08,29512.0,30455.107
亞東醫院,2026-05-09,19056.0,18906.014
亞東醫院,2026-05-10,14198.0,14365.557
亞東醫院,2026-05-11,27872.0,27766.727
亞東醫院,2026-05-12,29044.0,28432.77
亞東醫院,2026-05-13,28285.0,28563.676
亞東醫院,2026-05-14,28345.0,28335.908
亞東醫院,2026-05-15,29561.0,29818.064
亞東醫院,2026-05-16,19088.0,19292.16
亞東醫院,2026-05-17,14976.0,14249.574
亞東醫院,2026-05-18,27730.0,27610.969
亞東醫院,2026-05-19,28848.0,28564.045
亞東醫院,2026-05-20,28724.0,28226.379
亞東醫院,2026-05-21,28448.0,27981.387
亞東醫院,2026-05-22,29205.0,29232.193
亞東醫院,2026-05-23,19407.0,18466.652
亞東醫院,2026-05-24,14846.0,14339.224
亞東醫院,2026-05-25,28020.0,27456.438
亞東醫院,2026-05-26,29069.0,28598.406
亞東醫院,2026-05-27,28714.0,27893.926
亞東醫院,2026-05-28,28592.0,27665.863
亞東醫院,2026-05-29,28819.0,29272.705
亞東醫院,2026-05-30,19155.0,18078.83
亞東醫院,2026-05-31,14138.0,14156.418
信義安和,2026-01-01,15693.0,15840.039
信義安和,2026-01-02,21359.0,22159.45
信義安和,2026-01-03,14675.0,14565.69
信義安和,2026-01-04,11028.0,10827.465
信義安和,2026-01-05,20261.0,20201.207
信義安和,2026-01-06,21450.0,20867.719
信義安和,2026-01-07,21372.0,21412.148
信義安和,2026-01-08,21186.0,21692.273
信義安和,2026-01-09,22724.0,22678.285
信義安和,2026-01-10,15261.0,15998.774
信義安和,2026-01-11,11396.0,11981.477
信義安和,2026-01-12,20083.0,19672.1
信義安和,2026-01-13,20980.0,20592.582
信義安和,2026-01-14,21061.0,21144.371
信義安和,2026-01-15,21086.0,21257.984
信義安和,2026-01-16,22789.0,21998.162
信義安和,2026-01-17,15940.0,15229.408
信義安和,2026-01-18,11625.0,12209.854
信義安和,2026-01-19,19885.0,19938.613
信義安和,2026-01-20,21245.0,20617.494
信義安和,2026-01-21,20763.0,20605.947
信義安和,2026-01-22,21111.0,20577.936
信義安和,2026-01-23,22524.0,22029.992
信義安和,2026-01-24,15707.0,15024.072
信義安和,2026-01-25,12150.0,11527.498
信義安和,2026-01-26,19919.0,19986.656
信義安和,2026-01-27,21108.0,20612.105
信義安和,2026-01-28,20846.0,20837.941
信義安和,2026-01-29,21393.0,20869.783
信義安和,2026-01-30,22121.0,22273.58
信義安和,2026-01-31,15143.0,15328.514
信義安和,2026-02-01,11182.0,11424.652
信義安和,2026-02-02,19965.0,19773.025
信義安和,2026-02-03,21460.0,20554.998
信義安和,2026-02-04,21816.0,21136.377
信義安和,2026-02-05,22181.0,21420.283
信義安和,2026-02-06,23494.0,22797.113
信義安和,2026-02-07,16008.0,15858.476
信義安和,2026-02-08,12181.0,11919.103
信義安和,2026-02-09,20063.0,20128.777
信義安和,2026-02-10,21904.0,20688.582
信義安和,2026-02-11,21368.0,21370.75
信義安和,2026-02-12,21447.0,21376.793
信義安和,2026-02-13,20654.0,22722.318
信義安和,2026-02-14,13346.0,14385.144
信義安和,2026-02-15,9490.0,10260.641
信義安和,2026-02-16,6607.0,4102.17
信義安和,2026-02-17,7121.0,4590.4805
信義安和,2026-02-18,8350.0,9468.492
信義安和,2026-02-19,9030.0,9265.157
信義安和,2026-02-20,10247.0,9513.762
信義安和,2026-02-21,11555.0,10750.463
信義安和,2026-02-22,9982.0,8821.365
信義安和,2026-02-23,19137.0,17604.775
信義安和,2026-02-24,19891.0,19958.771
信義安和,2026-02-25,20894.0,20288.34
信義安和,2026-02-26,21580.0,20683.633
信義安和,2026-02-27,14310.0,14093.045
信義安和,2026-02-28,13654.0,13556.555
信義安和,2026-03-01,10921.0,11928.299
信義安和,2026-03-02,19793.0,19326.941
信義安和,2026-03-03,21013.0,20101.104
信義安和,2026-03-04,21275.0,20423.129
信義安和,2026-03-05,21043.0,20690.268
信義安和,2026-03-06,22625.0,21984.828
信義安和,2026-03-07,15676.0,16138.512
信義安和,2026-03-08,11779.0,11708.271
信義安和,2026-03-09,20032.0,20096.885
信義安和,2026-03-10,21026.0,20497.996
信義安和,2026-03-11,21283.0,20768.123
信義安和,2026-03-12,21306.0,21258.488
信義安和,2026-03-13,22891.0,22608.896
信義安和,2026-03-14,17109.0,16581.781
信義安和,2026-03-15,12457.0,12618.461
信義安和,2026-03-16,19821.0,19369.586
信義安和,2026-03-17,20431.0,20273.703
信義安和,2026-03-18,20955.0,20309.799
信義安和,2026-03-19,20793.0,20619.656
信義安和,2026-03-20,22856.0,22140.713
信義安和,2026-03-21,16654.0,15593.843
信義安和,2026-03-22,12658.0,12289.086
信義安和,2026-03-23,20032.0,19821.238
信義安和,2026-03-24,20567.0,20577.193
信義安和,2026-03-25,21324.0,20517.773
信義安和,2026-03-26,21139.0,20821.014
信義安和,2026-03-27,22524.0,22393.453
信義安和,2026-03-28,16043.0,15712.806
信義安和,2026-03-29,11905.0,11992.632
信義安和,2026-03-30,19751.0,19725.777
信義安和,2026-03-31,20710.0,20468.053
信義安和,2026-04-01,20836.0,20751.13
信義安和,2026-04-02,21451.0,20868.842
信義安和,2026-04-03,13131.0,14001.27
信義安和,2026-04-04,11436.0,12635.127
信義安和,2026-04-05,10565.0,9809.884
信義安和,2026-04-06,9677.0,9905.961
信義安和,2026-04-07,20421.0,19565.174
信義安和,2026-04-08,20906.0,20057.104
信義安和,2026-04-09,20828.0,20804.51
信義安和,2026-04-10,22400.0,22378.6
信義安和,2026-04-11,15801.0,15964.977
信義安和,2026-04-12,11633.0,11978.138
信義安和,2026-04-13,19610.0,19344.092
信義安和,2026-04-14,20243.0,20062.309
信義安和,2026-04-15,20950.0,20360.371
信義安和,2026-04-16,21148.0,20763.268
信義安和,2026-04-17,22194.0,22476.334
信義安和,2026-04-18,15871.0,16054.64
信義安和,2026-04-19,12046.0,11748.43
信義安和,2026-04-20,19570.0,19444.438
信義安和,2026-04-21,20222.0,20197.58
信義安和,2026-04-22,20292.0,20429.297
信義安和,2026-04-23,20750.0,20638.598
信義安和,2026-04-24,22471.0,22064.18
信義安和,2026-04-25,15507.0,15539.375
信義安和,2026-04-26,12279.0,11894.051
信義安和,2026-04-27,19949.0,19459.188
信義安和,2026-04-28,20623.0,20226.777
信義安和,2026-04-29,21127.0,19959.74
信義安和,2026-04-30,22581.0,20263.443
信義安和,2026-05-01,14231.0,13649.149
信義安和,2026-05-02,14191.0,13033.404
信義安和,2026-05-03,11100.0,10496.691
信義安和,2026-05-04,20582.0,19026.799
信義安和,2026-05-05,21475.0,20478.158
信義安和,2026-05-06,21333.0,20987.24
信義安和,2026-05-07,21502.0,20982.54
信義安和,2026-05-08,22515.0,22804.615
信義安和,2026-05-09,15406.0,15598.786
信義安和,2026-05-10,10756.0,11523.543
信義安和,2026-05-11,19605.0,19723.371
信義安和,2026-05-12,20658.0,20501.55
信義安和,2026-05-13,21007.0,20973.13
信義安和,2026-05-14,20783.0,21179.406
信義安和,2026-05-15,22443.0,22259.812
信義安和,2026-05-16,15928.0,15547.292
信義安和,2026-05-17,12176.0,11800.3955
信義安和,2026-05-18,19658.0,19714.908
信義安和,2026-05-19,20584.0,20327.375
信義安和,2026-05-20,21132.0,20536.129
信義安和,2026-05-21,21154.0,20686.922
信義安和,2026-05-22,22043.0,22148.715
信義安和,2026-05-23,15921.0,15001.087
信義安和,2026-05-24,11606.0,11668.246
信義安和,2026-05-25,19869.0,19753.469
信義安和,2026-05-26,20373.0,20337.617
信義安和,2026-05-27,21144.0,20279.656
信義安和,2026-05-28,20868.0,20423.447
信義安和,2026-05-29,22341.0,21948.898
信義安和,2026-05-30,16059.0,15036.613
信義安和,2026-05-31,11505.0,11758.165
先嗇宮,2026-01-01,1983.0,2595.8706
先嗇宮,2026-01-02,5669.0,5812.836
先嗇宮,2026-01-03,2584.0,2851.7383
先嗇宮,2026-01-04,2258.0,2308.7324
先嗇宮,2026-01-05,5875.0,5807.0977
先嗇宮,2026-01-06,5944.0,5952.64
先嗇宮,2026-01-07,6062.0,6007.0815
先嗇宮,2026-01-08,5911.0,6006.705
先嗇宮,2026-01-09,6288.0,6098.458
先嗇宮,2026-01-10,2898.0,3147.192
先嗇宮,2026-01-11,2278.0,2358.441
先嗇宮,2026-01-12,5800.0,5644.579
先嗇宮,2026-01-13,6040.0,5921.977
先嗇宮,2026-01-14,5961.0,6018.6816
先嗇宮,2026-01-15,6024.0,5933.7495
先嗇宮,2026-01-16,6014.0,6016.1323
先嗇宮,2026-01-17,2994.0,2926.2827
先嗇宮,2026-01-18,2401.0,2418.9932
先嗇宮,2026-01-19,5838.0,5679.731
先嗇宮,2026-01-20,6154.0,5965.6436
先嗇宮,2026-01-21,6071.0,5954.0493
先嗇宮,2026-01-22,5993.0,5853.3555
先嗇宮,2026-01-23,6053.0,5960.0986
先嗇宮,2026-01-24,3006.0,2827.187
先嗇宮,2026-01-25,2470.0,2406.748
先嗇宮,2026-01-26,5657.0,5734.0195
先嗇宮,2026-01-27,5967.0,5859.6665
先嗇宮,2026-01-28,5879.0,5864.9014
先嗇宮,2026-01-29,6002.0,5790.667
先嗇宮,2026-01-30,5946.0,5958.5728
先嗇宮,2026-01-31,3123.0,2867.4673
先嗇宮,2026-02-01,2515.0,2434.979
先嗇宮,2026-02-02,5699.0,5672.6636
先嗇宮,2026-02-03,5917.0,5832.2646
先嗇宮,2026-02-04,6135.0,5850.2803
先嗇宮,2026-02-05,5925.0,5891.612
先嗇宮,2026-02-06,6113.0,5982.4287
先嗇宮,2026-02-07,3036.0,2902.8623
先嗇宮,2026-02-08,2527.0,2422.7988
先嗇宮,2026-02-09,5735.0,5706.703
先嗇宮,2026-02-10,5914.0,5860.112
先嗇宮,2026-02-11,5858.0,5862.9067
先嗇宮,2026-02-12,5740.0,5805.1074
先嗇宮,2026-02-13,5466.0,5896.252
先嗇宮,2026-02-14,2351.0,2726.7495
先嗇宮,2026-02-15,1875.0,2081.077
先嗇宮,2026-02-16,1263.0,1075.4702
先嗇宮,2026-02-17,1922.0,1234.4033
先嗇宮,2026-02-18,1895.0,2216.4316
先嗇宮,2026-02-19,2020.0,1906.8328
先嗇宮,2026-02-20,2099.0,1743.6746
先嗇宮,2026-02-21,2480.0,2079.5679
先嗇宮,2026-02-22,2105.0,1849.0667
先嗇宮,2026-02-23,5694.0,5080.889
先嗇宮,2026-02-24,5916.0,5709.405
先嗇宮,2026-02-25,6191.0,5892.8975
先嗇宮,2026-02-26,6194.0,6017.032
先嗇宮,2026-02-27,2821.0,2767.037
先嗇宮,2026-02-28,3059.0,2420.0532
先嗇宮,2026-03-01,2317.0,2634.65
先嗇宮,2026-03-02,5852.0,5559.0127
先嗇宮,2026-03-03,5816.0,5868.822
先嗇宮,2026-03-04,6203.0,5847.214
先嗇宮,2026-03-05,6093.0,5894.3115
先嗇宮,2026-03-06,6278.0,6017.076
先嗇宮,2026-03-07,3363.0,3073.3696
先嗇宮,2026-03-08,2781.0,2639.7021
先嗇宮,2026-03-09,5841.0,5821.5654
先嗇宮,2026-03-10,6080.0,5953.7783
先嗇宮,2026-03-11,6256.0,5994.1006
先嗇宮,2026-03-12,6108.0,5996.6396
先嗇宮,2026-03-13,6349.0,6182.509
先嗇宮,2026-03-14,3120.0,3404.5354
先嗇宮,2026-03-15,2581.0,2601.0288
先嗇宮,2026-03-16,5837.0,5731.161
先嗇宮,2026-03-17,5961.0,5928.7705
先嗇宮,2026-03-18,6033.0,5894.541
先嗇宮,2026-03-19,6026.0,5795.2646
先嗇宮,2026-03-20,6113.0,6051.756
先嗇宮,2026-03-21,3019.0,3002.7197
先嗇宮,2026-03-22,2699.0,2454.1772
先嗇宮,2026-03-23,5889.0,5766.7305
先嗇宮,2026-03-24,5956.0,5924.8086
先嗇宮,2026-03-25,6098.0,5876.7705
先嗇宮,2026-03-26,5905.0,5853.2935
先嗇宮,2026-03-27,5948.0,6009.9346
先嗇宮,2026-03-28,2813.0,2975.8276
先嗇宮,2026-03-29,2471.0,2350.6582
先嗇宮,2026-03-30,5698.0,5705.705
先嗇宮,2026-03-31,5926.0,5827.547
先嗇宮,2026-04-01,5953.0,5853.7505
先嗇宮,2026-04-02,5721.0,5809.827
先嗇宮,2026-04-03,2396.0,2706.9717
先嗇宮,2026-04-04,2157.0,2235.2493
先嗇宮,2026-04-05,2027.0,2020.6294
先嗇宮,2026-04-06,2033.0,2130.7312
先嗇宮,2026-04-07,5869.0,5657.291
先嗇宮,2026-04-08,6032.0,5682.46
先嗇宮,2026-04-09,5975.0,5769.2505
先嗇宮,2026-04-10,6021.0,5993.0117
先嗇宮,2026-04-11,3041.0,3037.9678
先嗇宮,2026-04-12,2361.0,2483.3442
先嗇宮,2026-04-13,5743.0,5580.1646
先嗇宮,2026-04-14,5851.0,5776.7236
先嗇宮,2026-04-15,5981.0,5806.71
先嗇宮,2026-04-16,5933.0,5817.6562
先嗇宮,2026-04-17,5991.0,6032.8706
先嗇宮,2026-04-18,2984.0,2999.9336
先嗇宮,2026-04-19,2386.0,2368.4485
先嗇宮,2026-04-20,5716.0,5596.8867
先嗇宮,2026-04-21,5827.0,5828.033
先嗇宮,2026-04-22,6023.0,5862.1494
先嗇宮,2026-04-23,6070.0,5846.099
先嗇宮,2026-04-24,6014.0,5999.5474
先嗇宮,2026-04-25,2794.0,2913.793
先嗇宮,2026-04-26,2561.0,2378.8345
先嗇宮,2026-04-27,5770.0,5654.9683
先嗇宮,2026-04-28,5907.0,5818.626
先嗇宮,2026-04-29,5953.0,5775.2847
先嗇宮,2026-04-30,6115.0,5710.3125
先嗇宮,2026-05-01,2886.0,2592.1965
先嗇宮,2026-05-02,2735.0,2432.7197
先嗇宮,2026-05-03,2350.0,2208.527
先嗇宮,2026-05-04,5832.0,5639.325
先嗇宮,2026-05-05,5952.0,5773.461
先嗇宮,2026-05-06,6098.0,5820.849
先嗇宮,2026-05-07,5948.0,5827.216
先嗇宮,2026-05-08,6030.0,6084.783
先嗇宮,2026-05-09,2918.0,3080.7454
先嗇宮,2026-05-10,2265.0,2413.2954
先嗇宮,2026-05-11,5856.0,5671.217
先嗇宮,2026-05-12,5892.0,5873.4336
先嗇宮,2026-05-13,5962.0,5922.337
先嗇宮,2026-05-14,5941.0,5874.5425
先嗇宮,2026-05-15,6021.0,6030.362
先嗇宮,2026-05-16,2860.0,3003.1147
先嗇宮,2026-05-17,2418.0,2351.3884
先嗇宮,2026-05-18,5677.0,5672.547
先嗇宮,2026-05-19,5811.0,5801.6323
先嗇宮,2026-05-20,5990.0,5789.2925
先嗇宮,2026-05-21,5800.0,5748.627
先嗇宮,2026-05-22,5865.0,5859.2886
先嗇宮,2026-05-23,2901.0,2800.3838
先嗇宮,2026-05-24,2535.0,2332.7952
先嗇宮,2026-05-25,5738.0,5614.428
先嗇宮,2026-05-26,5760.0,5754.9688
先嗇宮,2026-05-27,5841.0,5690.6885
先嗇宮,2026-05-28,5816.0,5602.3804
先嗇宮,2026-05-29,5980.0,5763.0513
先嗇宮,2026-05-30,2961.0,2832.5781
先嗇宮,2026-05-31,2358.0,2373.3286
內湖,2026-01-01,6955.0,8457.357
內湖,2026-01-02,10471.0,10917.399
內湖,2026-01-03,8980.0,8639.971
內湖,2026-01-04,7764.0,7560.8643
內湖,2026-01-05,10244.0,10526.377
內湖,2026-01-06,10432.0,10666.365
內湖,2026-01-07,10547.0,10575.707
內湖,2026-01-08,10670.0,10547.741
內湖,2026-01-09,11530.0,11268.664
內湖,2026-01-10,9600.0,9559.431
內湖,2026-01-11,7753.0,7845.5947
內湖,2026-01-12,10015.0,10229.657
內湖,2026-01-13,10496.0,10437.756
內湖,2026-01-14,10715.0,10588.788
內湖,2026-01-15,10717.0,10660.593
內湖,2026-01-16,11490.0,11317.101
內湖,2026-01-17,9992.0,9639.491
內湖,2026-01-18,8031.0,8008.32
內湖,2026-01-19,10165.0,10220.859
內湖,2026-01-20,11230.0,10539.967
內湖,2026-01-21,10587.0,10571.816
內湖,2026-01-22,10546.0,10519.047
內湖,2026-01-23,11446.0,11387.523
內湖,2026-01-24,9260.0,9450.473
內湖,2026-01-25,8310.0,7511.7456
內湖,2026-01-26,10255.0,10292.228
內湖,2026-01-27,10717.0,10700.361
內湖,2026-01-28,10704.0,10804.535
內湖,2026-01-29,11041.0,10727.724
內湖,2026-01-30,11601.0,11653.088
內湖,2026-01-31,9616.0,9822.908
內湖,2026-02-01,7562.0,7991.7295
內湖,2026-02-02,10020.0,10192.928
內湖,2026-02-03,10516.0,10554.759
內湖,2026-02-04,10758.0,10716.37
內湖,2026-02-05,11078.0,10729.895
內湖,2026-02-06,11409.0,11694.635
內湖,2026-02-07,9524.0,9571.162
內湖,2026-02-08,7714.0,7807.7773
內湖,2026-02-09,10010.0,10183.203
內湖,2026-02-10,10901.0,10529.45
內湖,2026-02-11,10767.0,10812.888
內湖,2026-02-12,10906.0,10785.885
內湖,2026-02-13,10976.0,11584.656
內湖,2026-02-14,8117.0,9184.018
內湖,2026-02-15,6364.0,6964.733
內湖,2026-02-16,4697.0,4193.7417
內湖,2026-02-17,5935.0,3955.6113
內湖,2026-02-18,6374.0,6732.381
內湖,2026-02-19,7002.0,6775.415
內湖,2026-02-20,7251.0,7149.8047
內湖,2026-02-21,8248.0,7443.2886
內湖,2026-02-22,7287.0,6922.614
內湖,2026-02-23,10070.0,9310.912
內湖,2026-02-24,10614.0,10694.722
內湖,2026-02-25,10892.0,10753.158
內湖,2026-02-26,11506.0,10623.86
內湖,2026-02-27,9678.0,9640.481
內湖,2026-02-28,9079.0,9183.963
內湖,2026-03-01,7536.0,7973.2646
內湖,2026-03-02,10559.0,10195.728
內湖,2026-03-03,11470.0,10865.538
內湖,2026-03-04,10933.0,11013.271
內湖,2026-03-05,10965.0,10662.239
內湖,2026-03-06,11388.0,11530.77
內湖,2026-03-07,9975.0,9923.071
內湖,2026-03-08,8194.0,8025.1553
內湖,2026-03-09,10357.0,10457.323
內湖,2026-03-10,10690.0,10763.339
內湖,2026-03-11,11301.0,10655.591
內湖,2026-03-12,11154.0,10766.618
內湖,2026-03-13,11846.0,11673.584
內湖,2026-03-14,10356.0,10169.568
內湖,2026-03-15,8527.0,8211.958
內湖,2026-03-16,10443.0,10009.732
內湖,2026-03-17,10738.0,10599.223
內湖,2026-03-18,11142.0,10346.825
內湖,2026-03-19,10891.0,10581.639
內湖,2026-03-20,11694.0,11610.205
內湖,2026-03-21,10187.0,9726.619
內湖,2026-03-22,8200.0,8292.545
內湖,2026-03-23,10259.0,10440.994
內湖,2026-03-24,10847.0,10831.721
內湖,2026-03-25,10991.0,10799.736
內湖,2026-03-26,11036.0,10786.614
內湖,2026-03-27,11333.0,11679.125
內湖,2026-03-28,9498.0,9529.266
內湖,2026-03-29,7888.0,7927.1924
內湖,2026-03-30,10278.0,10324.762
內湖,2026-03-31,10580.0,10755.261
內湖,2026-04-01,10678.0,10659.732
內湖,2026-04-02,11701.0,10602.391
內湖,2026-04-03,8392.0,9312.206
內湖,2026-04-04,7574.0,8325.481
內湖,2026-04-05,7333.0,6875.4023
內湖,2026-04-06,6804.0,7094.798
內湖,2026-04-07,10376.0,10290.166
內湖,2026-04-08,10942.0,10459.811
內湖,2026-04-09,10915.0,10701.011
內湖,2026-04-10,11453.0,11553.967
內湖,2026-04-11,9685.0,9496.456
內湖,2026-04-12,8033.0,7937.1104
內湖,2026-04-13,10165.0,10255.668
內湖,2026-04-14,10519.0,10629.754
內湖,2026-04-15,10635.0,10705.38
內湖,2026-04-16,10602.0,10527.967
內湖,2026-04-17,11229.0,11360.295
內湖,2026-04-18,11112.0,9663.787
內湖,2026-04-19,8892.0,8199.732
內湖,2026-04-20,9984.0,9973.305
內湖,2026-04-21,10634.0,10465.613
內湖,2026-04-22,10650.0,10342.635
內湖,2026-04-23,10753.0,10323.38
內湖,2026-04-24,11581.0,11382.848
內湖,2026-04-25,9364.0,9964.106
內湖,2026-04-26,8282.0,7900.5024
內湖,2026-04-27,10288.0,9982.867
內湖,2026-04-28,10664.0,10632.375
內湖,2026-04-29,10900.0,10106.393
內湖,2026-04-30,11634.0,10263.332
內湖,2026-05-01,9165.0,8951.232
內湖,2026-05-02,8923.0,8740.075
內湖,2026-05-03,7368.0,7300.1714
內湖,2026-05-04,10417.0,9776.167
內湖,2026-05-05,10824.0,10773.902
內湖,2026-05-06,11189.0,10623.402
內湖,2026-05-07,11173.0,10682.65
內湖,2026-05-08,11548.0,11702.877
內湖,2026-05-09,9502.0,9624.861
內湖,2026-05-10,7632.0,7810.568
內湖,2026-05-11,10116.0,10166.081
內湖,2026-05-12,10642.0,10673.631
內湖,2026-05-13,10688.0,10720.205
內湖,2026-05-14,10665.0,10649.916
內湖,2026-05-15,11488.0,11360.635
內湖,2026-05-16,9664.0,9594.299
內湖,2026-05-17,8217.0,7871.8486
內湖,2026-05-18,10262.0,10137.876
內湖,2026-05-19,10617.0,10637.292
內湖,2026-05-20,10833.0,10501.606
內湖,2026-05-21,10723.0,10454.103
內湖,2026-05-22,11389.0,11305.116
內湖,2026-05-23,9850.0,9383.72
內湖,2026-05-24,7706.0,7891.0767
內湖,2026-05-25,10045.0,10119.305
內湖,2026-05-26,10584.0,10595.941
內湖,2026-05-27,10987.0,10324.221
內湖,2026-05-28,10538.0,10348.184
內湖,2026-05-29,11212.0,11203.89
內湖,2026-05-30,9481.0,9210.563
內湖,2026-05-31,8003.0,7707.2026
公館,2026-01-01,17329.0,20841.172
公館,2026-01-02,24167.0,28753.77
公館,2026-01-03,23362.0,22606.162
公館,2026-01-04,19770.0,20660.803
公館,2026-01-05,22842.0,25048.664
公館,2026-01-06,23718.0,25375.688
公館,2026-01-07,24622.0,25212.168
公館,2026-01-08,24546.0,25341.004
公館,2026-01-09,26887.0,27612.498
公館,2026-01-10,23427.0,24133.309
公館,2026-01-11,19972.0,19966.035
公館,2026-01-12,22856.0,23483.535
公館,2026-01-13,24436.0,24172.709
公館,2026-01-14,24544.0,24263.8
公館,2026-01-15,24338.0,23714.424
公館,2026-01-16,26742.0,26857.215
公館,2026-01-17,22828.0,24917.988
公館,2026-01-18,19684.0,20010.229
公館,2026-01-19,23151.0,22894.754
公館,2026-01-20,24636.0,23941.613
公館,2026-01-21,24310.0,24246.29
公館,2026-01-22,24109.0,24057.156
公館,2026-01-23,26656.0,26820.71
公館,2026-01-24,24282.0,22724.514
公館,2026-01-25,22678.0,20038.812
公館,2026-01-26,24229.0,23771.559
公館,2026-01-27,25638.0,24573.432
公館,2026-01-28,25759.0,25302.05
公館,2026-01-29,25723.0,25506.549
公館,2026-01-30,26803.0,28180.537
公館,2026-01-31,23379.0,22759.521
公館,2026-02-01,23404.0,19744.848
公館,2026-02-02,24951.0,24673.902
公館,2026-02-03,27732.0,25464.398
公館,2026-02-04,26027.0,27261.559
公館,2026-02-05,25462.0,26306.916
公館,2026-02-06,29653.0,28543.55
公館,2026-02-07,25934.0,24569.748
公館,2026-02-08,20494.0,21739.246
公館,2026-02-09,23043.0,25011.01
公館,2026-02-10,24402.0,25390.715
公館,2026-02-11,24467.0,25255.629
公館,2026-02-12,22653.0,25098.629
公館,2026-02-13,22149.0,27080.303
公館,2026-02-14,16981.0,19221.832
公館,2026-02-15,13240.0,15052.181
公館,2026-02-16,7228.0,10672.172
公館,2026-02-17,9231.0,8413.297
公館,2026-02-18,10761.0,13935.106
公館,2026-02-19,13226.0,14560.376
公館,2026-02-20,14515.0,17287.355
公館,2026-02-21,24253.0,16770.273
公館,2026-02-22,22571.0,22038.719
公館,2026-02-23,26839.0,21786.854
公館,2026-02-24,28580.0,27812.223
公館,2026-02-25,30015.0,29783.518
公館,2026-02-26,32917.0,31604.494
公館,2026-02-27,25509.0,31698.531
公館,2026-02-28,22950.0,25117.24
公館,2026-03-01,20320.0,20288.979
公館,2026-03-02,27200.0,25320.008
公館,2026-03-03,28770.0,27783.793
公館,2026-03-04,29549.0,29057.746
公館,2026-03-05,30578.0,29162.492
公館,2026-03-06,34227.0,33517.305
公館,2026-03-07,35029.0,31126.486
公館,2026-03-08,24367.0,27361.092
公館,2026-03-09,27236.0,26460.588
公館,2026-03-10,28788.0,29113.543
公館,2026-03-11,30878.0,30265.521
公館,2026-03-12,30210.0,31203.875
公館,2026-03-13,34277.0,34313.625
公館,2026-03-14,37882.0,33443.254
公館,2026-03-15,30346.0,26716.617
公館,2026-03-16,27118.0,27716.428
公館,2026-03-17,29131.0,28298.188
公館,2026-03-18,29925.0,29883.844
公館,2026-03-19,29870.0,30150.824
公館,2026-03-20,34336.0,34898.25
公館,2026-03-21,28120.0,33145.438
公館,2026-03-22,24617.0,23853.611
公館,2026-03-23,26258.0,26861.729
公館,2026-03-24,28706.0,28793.262
公館,2026-03-25,29885.0,30037.453
公館,2026-03-26,29535.0,30605.36
公館,2026-03-27,33452.0,33559.316
公館,2026-03-28,26920.0,29564.393
公館,2026-03-29,23374.0,23245.21
公館,2026-03-30,27127.0,26573.967
公館,2026-03-31,29384.0,29016.684
公館,2026-04-01,29545.0,30170.445
公館,2026-04-02,34343.0,30136.336
公館,2026-04-03,21421.0,29196.947
公館,2026-04-04,17420.0,22215.479
公館,2026-04-05,18740.0,17012.41
公館,2026-04-06,15202.0,18202.1
公館,2026-04-07,27299.0,26264.293
公館,2026-04-08,28515.0,28322.06
公館,2026-04-09,28889.0,29565.734
公館,2026-04-10,32442.0,32253.496
公館,2026-04-11,27791.0,27457.082
公館,2026-04-12,24971.0,23324.934
公館,2026-04-13,25452.0,27061.994
公館,2026-04-14,27377.0,27579.812
公館,2026-04-15,27889.0,28043.39
公館,2026-04-16,29057.0,28495.416
公館,2026-04-17,32303.0,33018.26
公館,2026-04-18,29023.0,30163.586
公館,2026-04-19,25119.0,23831.81
公館,2026-04-20,25730.0,26237.873
公館,2026-04-21,27802.0,27594.652
公館,2026-04-22,28931.0,28443.88
公館,2026-04-23,28965.0,28960.71
公館,2026-04-24,33605.0,32640.127
公館,2026-04-25,28282.0,30775.225
公館,2026-04-26,26199.0,24095.346
公館,2026-04-27,26469.0,26548.352
公館,2026-04-28,28454.0,27824.367
公館,2026-04-29,29617.0,28532.104
公館,2026-04-30,33137.0,29038.156
公館,2026-05-01,24402.0,27077.068
公館,2026-05-02,22888.0,23927.322
公館,2026-05-03,19579.0,19005.578
公館,2026-05-04,26780.0,25073.914
公館,2026-05-05,28293.0,28432.422
公館,2026-05-06,29632.0,29341.066
公館,2026-05-07,29327.0,29990.86
公館,2026-05-08,33202.0,32615.246
公館,2026-05-09,26527.0,28042.832
公館,2026-05-10,19348.0,22499.178
公館,2026-05-11,26167.0,25873.219
公館,2026-05-12,28347.0,28058.672
公館,2026-05-13,28626.0,29193.316
公館,2026-05-14,28498.0,29385.465
公館,2026-05-15,33568.0,32140.352
公館,2026-05-16,28891.0,28630.77
公館,2026-05-17,24565.0,23369.682
公館,2026-05-18,26278.0,26367.324
公館,2026-05-19,28413.0,27889.676
公館,2026-05-20,29325.0,28981.004
公館,2026-05-21,29490.0,29413.715
公館,2026-05-22,32791.0,33360.61
公館,2026-05-23,30339.0,28415.758
公館,2026-05-24,23410.0,24283.758
公館,2026-05-25,26158.0,26343.064
公館,2026-05-26,28101.0,28027.861
公館,2026-05-27,29016.0,29128.281
公館,2026-05-28,29158.0,29251.66
公館,2026-05-29,32325.0,33278.13
公館,2026-05-30,31705.0,27955.88
公館,2026-05-31,23842.0,25262.879
六張犁,2026-01-01,7117.0,7493.8467
六張犁,2026-01-02,11552.0,12262.665
六張犁,2026-01-03,7624.0,7816.107
六張犁,2026-01-04,6256.0,6482.4883
六張犁,2026-01-05,11426.0,11829.17
六張犁,2026-01-06,11729.0,12116.237
六張犁,2026-01-07,11680.0,12017.739
六張犁,2026-01-08,11863.0,11990.533
六張犁,2026-01-09,12393.0,12458.826
六張犁,2026-01-10,8456.0,8493.802
六張犁,2026-01-11,6581.0,6658.7334
六張犁,2026-01-12,11156.0,11057.594
六張犁,2026-01-13,11839.0,11566.183
六張犁,2026-01-14,11828.0,11804.449
六張犁,2026-01-15,11840.0,11782.888
六張犁,2026-01-16,12888.0,12112.892
六張犁,2026-01-17,8817.0,8483.297
六張犁,2026-01-18,7118.0,6894.9004
六張犁,2026-01-19,11633.0,11116.75
六張犁,2026-01-20,11978.0,11878.055
六張犁,2026-01-21,12014.0,11824.497
六張犁,2026-01-22,12110.0,11905.005
六張犁,2026-01-23,12687.0,12452.016
六張犁,2026-01-24,7946.0,8053.453
六張犁,2026-01-25,6827.0,6237.5615
六張犁,2026-01-26,10839.0,11374.057
六張犁,2026-01-27,11374.0,11687.316
六張犁,2026-01-28,11468.0,11549.628
六張犁,2026-01-29,11577.0,11623.709
六張犁,2026-01-30,12173.0,12056.376
六張犁,2026-01-31,8053.0,8160.232
六張犁,2026-02-01,6572.0,6472.8555
六張犁,2026-02-02,11097.0,10891.884
六張犁,2026-02-03,11572.0,11464.428
六張犁,2026-02-04,11734.0,11517.612
六張犁,2026-02-05,11736.0,11716.191
六張犁,2026-02-06,12181.0,12146.394
六張犁,2026-02-07,8532.0,7969.464
六張犁,2026-02-08,6677.0,6520.373
六張犁,2026-02-09,11023.0,10926.899
六張犁,2026-02-10,11741.0,11498.345
六張犁,2026-02-11,11429.0,11648.891
六張犁,2026-02-12,11626.0,11619.036
六張犁,2026-02-13,10834.0,12133.691
六張犁,2026-02-14,6749.0,7367.403
六張犁,2026-02-15,5256.0,5678.9644
六張犁,2026-02-16,4024.0,2571.6616
六張犁,2026-02-17,4296.0,3010.4512
六張犁,2026-02-18,4643.0,5695.991
六張犁,2026-02-19,5155.0,5321.773
六張犁,2026-02-20,5322.0,5212.678
六張犁,2026-02-21,6069.0,5741.285
六張犁,2026-02-22,5597.0,5112.2026
六張犁,2026-02-23,10711.0,9299.98
六張犁,2026-02-24,11414.0,11258.061
六張犁,2026-02-25,11994.0,11613.619
六張犁,2026-02-26,12277.0,11820.855
六張犁,2026-02-27,7599.0,7746.055
六張犁,2026-02-28,7342.0,7024.918
六張犁,2026-03-01,5992.0,6715.669
六張犁,2026-03-02,11605.0,10909.6
六張犁,2026-03-03,11791.0,11740.3125
六張犁,2026-03-04,11981.0,11652.092
六張犁,2026-03-05,12093.0,11758.556
六張犁,2026-03-06,12548.0,12101.262
六張犁,2026-03-07,8356.0,8451.533
六張犁,2026-03-08,6588.0,6499.2676
六張犁,2026-03-09,11548.0,11484.561
六張犁,2026-03-10,12072.0,11902.126
六張犁,2026-03-11,12434.0,11912.799
六張犁,2026-03-12,12260.0,12124.483
六張犁,2026-03-13,12752.0,12386.697
六張犁,2026-03-14,8927.0,8877.37
六張犁,2026-03-15,6816.0,6926.6836
六張犁,2026-03-16,11388.0,11109.572
六張犁,2026-03-17,11932.0,11801.841
六張犁,2026-03-18,12092.0,11879.895
六張犁,2026-03-19,12052.0,12006.295
六張犁,2026-03-20,12576.0,12457.242
六張犁,2026-03-21,8679.0,8090.581
六張犁,2026-03-22,6878.0,6673.968
六張犁,2026-03-23,11201.0,11306.416
六張犁,2026-03-24,11946.0,11840.531
六張犁,2026-03-25,12244.0,11881.637
六張犁,2026-03-26,12143.0,12045.411
六張犁,2026-03-27,12684.0,12483.429
六張犁,2026-03-28,8819.0,8203.758
六張犁,2026-03-29,6762.0,6777.657
六張犁,2026-03-30,11581.0,11307.191
六張犁,2026-03-31,11834.0,12028.6455
六張犁,2026-04-01,11759.0,11928.877
六張犁,2026-04-02,12106.0,11883.453
六張犁,2026-04-03,7118.0,7435.814
六張犁,2026-04-04,6236.0,6754.8726
六張犁,2026-04-05,6115.0,5629.536
六張犁,2026-04-06,5497.0,6060.195
六張犁,2026-04-07,11674.0,11343.126
六張犁,2026-04-08,11978.0,11691.702
六張犁,2026-04-09,11912.0,11946.068
六張犁,2026-04-10,12286.0,12435.826
六張犁,2026-04-11,8353.0,8429.351
六張犁,2026-04-12,6438.0,6762.259
六張犁,2026-04-13,11032.0,11103.199
六張犁,2026-04-14,11657.0,11515.639
六張犁,2026-04-15,11590.0,11599.997
六張犁,2026-04-16,11712.0,11631.57
六張犁,2026-04-17,12199.0,12193.985
六張犁,2026-04-18,8149.0,8437.739
六張犁,2026-04-19,6275.0,6518.3003
六張犁,2026-04-20,11084.0,10806.64
六張犁,2026-04-21,11496.0,11462.804
六張犁,2026-04-22,11703.0,11511.376
六張犁,2026-04-23,11763.0,11656.745
六張犁,2026-04-24,12521.0,12037.743
六張犁,2026-04-25,8022.0,8146.9194
六張犁,2026-04-26,6865.0,6421.5938
六張犁,2026-04-27,11314.0,10920.069
六張犁,2026-04-28,12076.0,11620.3955
六張犁,2026-04-29,11890.0,11668.314
六張犁,2026-04-30,12623.0,11671.42
六張犁,2026-05-01,7306.0,7086.211
六張犁,2026-05-02,7279.0,6673.3525
六張犁,2026-05-03,6057.0,5852.4854
六張犁,2026-05-04,11466.0,10978.797
六張犁,2026-05-05,12123.0,11747.427
六張犁,2026-05-06,11949.0,11923.804
六張犁,2026-05-07,11839.0,11853.845
六張犁,2026-05-08,12124.0,12282.361
六張犁,2026-05-09,7909.0,8014.835
六張犁,2026-05-10,6060.0,6405.276
六張犁,2026-05-11,11212.0,11116.897
六張犁,2026-05-12,11709.0,11636.727
六張犁,2026-05-13,11987.0,11756.459
六張犁,2026-05-14,11807.0,11871.535
六張犁,2026-05-15,12323.0,12116.137
六張犁,2026-05-16,8775.0,8142.2266
六張犁,2026-05-17,6949.0,6626.3896
六張犁,2026-05-18,11122.0,11019.308
六張犁,2026-05-19,11342.0,11578.705
六張犁,2026-05-20,11722.0,11438.605
六張犁,2026-05-21,11741.0,11566.299
六張犁,2026-05-22,12000.0,11999.887
六張犁,2026-05-23,8285.0,7754.421
六張犁,2026-05-24,6445.0,6386.5967
六張犁,2026-05-25,10888.0,10939.223
六張犁,2026-05-26,11275.0,11465.533
六張犁,2026-05-27,11588.0,11314.74
六張犁,2026-05-28,11307.0,11442.892
六張犁,2026-05-29,11956.0,11766.482
六張犁,2026-05-30,7900.0,7646.975
六張犁,2026-05-31,6214.0,6209.174
劍南路,2026-01-01,10421.0,12008.2705
劍南路,2026-01-02,11668.0,13481.447
劍南路,2026-01-03,10260.0,10455.18
劍南路,2026-01-04,8929.0,9301.63
劍南路,2026-01-05,11041.0,11736.98
劍南路,2026-01-06,11741.0,11870.135
劍南路,2026-01-07,11255.0,12056.717
劍南路,2026-01-08,11589.0,11929.264
劍南路,2026-01-09,13669.0,12790.678
劍南路,2026-01-10,12312.0,11466.522
劍南路,2026-01-11,8850.0,10446.369
劍南路,2026-01-12,11039.0,11193.629
劍南路,2026-01-13,12063.0,11722.197
劍南路,2026-01-14,11986.0,12059.763
劍南路,2026-01-15,13064.0,12254.572
劍南路,2026-01-16,13782.0,14001.777
劍南路,2026-01-17,11969.0,11918.92
劍南路,2026-01-18,9004.0,10247.194
劍南路,2026-01-19,11491.0,11242.193
劍南路,2026-01-20,12638.0,11895.193
劍南路,2026-01-21,12092.0,12422.728
劍南路,2026-01-22,12892.0,12332.209
劍南路,2026-01-23,14550.0,14024.439
劍南路,2026-01-24,11791.0,12339.697
劍南路,2026-01-25,9789.0,10163.083
劍南路,2026-01-26,11928.0,11475.63
劍南路,2026-01-27,12126.0,12319.706
劍南路,2026-01-28,12454.0,12442.393
劍南路,2026-01-29,12939.0,12773.65
劍南路,2026-01-30,14431.0,14061.457
劍南路,2026-01-31,13205.0,12208.337
劍南路,2026-02-01,10009.0,10859.477
劍南路,2026-02-02,11816.0,11553.95
劍南路,2026-02-03,13353.0,12350.787
劍南路,2026-02-04,13292.0,13143.479
劍南路,2026-02-05,12641.0,13300.076
劍南路,2026-02-06,14942.0,14188.104
劍南路,2026-02-07,11329.0,12728.554
劍南路,2026-02-08,9502.0,10062.849
劍南路,2026-02-09,11784.0,11731.084
劍南路,2026-02-10,13075.0,12506.666
劍南路,2026-02-11,12921.0,13155.267
劍南路,2026-02-12,12930.0,13268.668
劍南路,2026-02-13,12163.0,14112.546
劍南路,2026-02-14,8557.0,10342.152
劍南路,2026-02-15,6848.0,8379.76
劍南路,2026-02-16,5185.0,5976.8374
劍南路,2026-02-17,7101.0,6154.2603
劍南路,2026-02-18,7277.0,8428.805
劍南路,2026-02-19,8337.0,8154.504
劍南路,2026-02-20,8522.0,8581.322
劍南路,2026-02-21,8811.0,8895.822
劍南路,2026-02-22,8027.0,8069.776
劍南路,2026-02-23,11138.0,10443.835
劍南路,2026-02-24,11811.0,11869.725
劍南路,2026-02-25,11285.0,12030.331
劍南路,2026-02-26,12714.0,11667.867
劍南路,2026-02-27,9289.0,10668.928
劍南路,2026-02-28,10493.0,9682.497
劍南路,2026-03-01,8509.0,9856.572
劍南路,2026-03-02,11404.0,11386.175
劍南路,2026-03-03,11661.0,11925.722
劍南路,2026-03-04,11643.0,11789.333
劍南路,2026-03-05,12019.0,11857.393
劍南路,2026-03-06,13318.0,12888.398
劍南路,2026-03-07,10890.0,11348.979
劍南路,2026-03-08,8851.0,9423.755
劍南路,2026-03-09,10989.0,11356.949
劍南路,2026-03-10,11793.0,11712.188
劍南路,2026-03-11,12431.0,11906.399
劍南路,2026-03-12,12226.0,12381.35
劍南路,2026-03-13,13687.0,13268.325
劍南路,2026-03-14,12155.0,11785.464
劍南路,2026-03-15,10624.0,10179.019
劍南路,2026-03-16,11145.0,11064.721
劍南路,2026-03-17,11680.0,11594.317
劍南路,2026-03-18,11980.0,11725.745
劍南路,2026-03-19,11936.0,12124.516
劍南路,2026-03-20,14046.0,13310.235
劍南路,2026-03-21,16629.0,11803.788
劍南路,2026-03-22,10032.0,12372.476
劍南路,2026-03-23,11314.0,11087.135
劍南路,2026-03-24,11966.0,11699.898
劍南路,2026-03-25,11787.0,12059.338
劍南路,2026-03-26,12287.0,11978.075
劍南路,2026-03-27,13059.0,13799.129
劍南路,2026-03-28,12529.0,11555.675
劍南路,2026-03-29,9649.0,10296.645
劍南路,2026-03-30,11697.0,11052.379
劍南路,2026-03-31,12021.0,12012.013
劍南路,2026-04-01,11115.0,12192.024
劍南路,2026-04-02,12087.0,11888.092
劍南路,2026-04-03,8694.0,10409.194
劍南路,2026-04-04,8750.0,9170.947
劍南路,2026-04-05,8433.0,8305.816
劍南路,2026-04-06,7561.0,8391.703
劍南路,2026-04-07,10669.0,10896.732
劍南路,2026-04-08,11216.0,11152.566
劍南路,2026-04-09,11584.0,11598.293
劍南路,2026-04-10,12973.0,12804.4
劍南路,2026-04-11,14977.0,11556.096
劍南路,2026-04-12,9559.0,11512.91
劍南路,2026-04-13,11201.0,10648.014
劍南路,2026-04-14,11197.0,11501.782
劍南路,2026-04-15,11384.0,11455.289
劍南路,2026-04-16,11778.0,11620.154
劍南路,2026-04-17,12419.0,13300.848
劍南路,2026-04-18,11392.0,11847.839
劍南路,2026-04-19,10706.0,9806.788
劍南路,2026-04-20,10530.0,11007.405
劍南路,2026-04-21,11184.0,11242.506
劍南路,2026-04-22,11376.0,11268.168
劍南路,2026-04-23,11362.0,11502.986
劍南路,2026-04-24,12827.0,12604.333
劍南路,2026-04-25,10972.0,11948.158
劍南路,2026-04-26,10224.0,10024.909
劍南路,2026-04-27,10856.0,10740.709
劍南路,2026-04-28,11405.0,11188.027
劍南路,2026-04-29,11233.0,11212.761
劍南路,2026-04-30,12745.0,11389.5205
劍南路,2026-05-01,9871.0,10168.893
劍南路,2026-05-02,10351.0,9667.251
劍南路,2026-05-03,9066.0,8850.751
劍南路,2026-05-04,10605.0,10451.069
劍南路,2026-05-05,11215.0,11084.904
劍南路,2026-05-06,11689.0,11330.595
劍南路,2026-05-07,11808.0,11837.015
劍南路,2026-05-08,12836.0,12958.927
劍南路,2026-05-09,10609.0,11080.396
劍南路,2026-05-10,8648.0,9602.674
劍南路,2026-05-11,10577.0,10722.613
劍南路,2026-05-12,10895.0,11269.466
劍南路,2026-05-13,11216.0,11188.909
劍南路,2026-05-14,11580.0,11503.694
劍南路,2026-05-15,12977.0,12607.2
劍南路,2026-05-16,11789.0,11082.06
劍南路,2026-05-17,9966.0,9981.853
劍南路,2026-05-18,11077.0,10611.292
劍南路,2026-05-19,11212.0,11230.551
劍南路,2026-05-20,11506.0,11197.085
劍南路,2026-05-21,11032.0,11535.54
劍南路,2026-05-22,12655.0,12608.485
劍南路,2026-05-23,10957.0,10876.14
劍南路,2026-05-24,9794.0,9531.981
劍南路,2026-05-25,10484.0,10594.024
劍南路,2026-05-26,11274.0,11081.1
劍南路,2026-05-27,11335.0,11225.955
劍南路,2026-05-28,11549.0,11499.48
劍南路,2026-05-29,12164.0,12789.599
劍南路,2026-05-30,11709.0,10409.971
劍南路,2026-05-31,8964.0,9870.023
劍潭,2026-01-01,22716.0,25198.812
劍潭,2026-01-02,29085.0,30347.348
劍潭,2026-01-03,28528.0,25786.396
劍潭,2026-01-04,24217.0,23647.156
劍潭,2026-01-05,24388.0,28297.756
劍潭,2026-01-06,25650.0,27338.24
劍潭,2026-01-07,25799.0,26814.402
劍潭,2026-01-08,26451.0,26854.44
劍潭,2026-01-09,28752.0,29437.416
劍潭,2026-01-10,28314.0,26734.719
劍潭,2026-01-11,23326.0,23668.484
劍潭,2026-01-12,23401.0,25790.424
劍潭,2026-01-13,24818.0,25564.107
劍潭,2026-01-14,25816.0,25205.8
劍潭,2026-01-15,25154.0,26071.99
劍潭,2026-01-16,29712.0,27439.97
劍潭,2026-01-17,30652.0,28550.59
劍潭,2026-01-18,25736.0,25183.855
劍潭,2026-01-19,23370.0,25171.504
劍潭,2026-01-20,25408.0,25023.463
劍潭,2026-01-21,23743.0,25069.63
劍潭,2026-01-22,23029.0,24945.098
劍潭,2026-01-23,26760.0,26659.02
劍潭,2026-01-24,27208.0,24964.506
劍潭,2026-01-25,26044.0,22293.338
劍潭,2026-01-26,24103.0,25129.594
劍潭,2026-01-27,23756.0,25006.248
劍潭,2026-01-28,25345.0,24314.035
劍潭,2026-01-29,27079.0,25374.082
劍潭,2026-01-30,28282.0,28981.457
劍潭,2026-01-31,24864.0,28547.092
劍潭,2026-02-01,19899.0,22112.836
劍潭,2026-02-02,22763.0,23416.246
劍潭,2026-02-03,25517.0,24417.059
劍潭,2026-02-04,26558.0,25592.176
劍潭,2026-02-05,26611.0,26632.318
劍潭,2026-02-06,27218.0,28871.0
劍潭,2026-02-07,24772.0,25412.309
劍潭,2026-02-08,21197.0,21285.398
劍潭,2026-02-09,22997.0,24023.334
劍潭,2026-02-10,25317.0,24580.41
劍潭,2026-02-11,23818.0,25338.473
劍潭,2026-02-12,24779.0,24877.81
劍潭,2026-02-13,25274.0,27380.645
劍潭,2026-02-14,22008.0,23540.168
劍潭,2026-02-15,18604.0,19956.04
劍潭,2026-02-16,11992.0,17464.23
劍潭,2026-02-17,19944.0,12546.373
劍潭,2026-02-18,22722.0,20197.76
劍潭,2026-02-19,27419.0,23377.592
劍潭,2026-02-20,26001.0,26847.957
劍潭,2026-02-21,26430.0,23018.596
劍潭,2026-02-22,21092.0,19920.229
劍潭,2026-02-23,23677.0,22078.346
劍潭,2026-02-24,26418.0,25178.691
劍潭,2026-02-25,26874.0,26962.158
劍潭,2026-02-26,31695.0,27224.064
劍潭,2026-02-27,26418.0,29446.184
劍潭,2026-02-28,28596.0,25699.986
劍潭,2026-03-01,21766.0,23404.871
劍潭,2026-03-02,26434.0,24228.002
劍潭,2026-03-03,26762.0,27936.45
劍潭,2026-03-04,27500.0,26721.914
劍潭,2026-03-05,29033.0,27385.465
劍潭,2026-03-06,34245.0,31429.754
劍潭,2026-03-07,34003.0,33011.656
劍潭,2026-03-08,28941.0,24849.377
劍潭,2026-03-09,26335.0,26752.127
劍潭,2026-03-10,27591.0,27556.121
劍潭,2026-03-11,30564.0,27777.297
劍潭,2026-03-12,30384.0,30240.428
劍潭,2026-03-13,32678.0,33968.51
劍潭,2026-03-14,32295.0,33748.49
劍潭,2026-03-15,27240.0,24023.332
劍潭,2026-03-16,27737.0,26235.855
劍潭,2026-03-17,29953.0,27934.746
劍潭,2026-03-18,30402.0,28625.004
劍潭,2026-03-19,29762.0,29852.096
劍潭,2026-03-20,32918.0,32526.19
劍潭,2026-03-21,32268.0,30696.86
劍潭,2026-03-22,26276.0,25763.06
劍潭,2026-03-23,27452.0,27003.615
劍潭,2026-03-24,28909.0,29250.56
劍潭,2026-03-25,29560.0,29427.129
劍潭,2026-03-26,29952.0,29693.307
劍潭,2026-03-27,32043.0,32584.19
劍潭,2026-03-28,30190.0,29593.979
劍潭,2026-03-29,24896.0,24922.592
劍潭,2026-03-30,27320.0,26704.691
劍潭,2026-03-31,28641.0,29035.047
劍潭,2026-04-01,26681.0,28950.363
劍潭,2026-04-02,28053.0,27853.824
劍潭,2026-04-03,25787.0,24992.56
劍潭,2026-04-04,24610.0,25452.535
劍潭,2026-04-05,26087.0,21500.266
劍潭,2026-04-06,17550.0,23208.613
劍潭,2026-04-07,22283.0,25618.795
劍潭,2026-04-08,25872.0,24518.078
劍潭,2026-04-09,28671.0,26637.363
劍潭,2026-04-10,31422.0,31156.209
劍潭,2026-04-11,29285.0,29216.877
劍潭,2026-04-12,23902.0,24355.043
劍潭,2026-04-13,26298.0,26010.312
劍潭,2026-04-14,27747.0,27263.834
劍潭,2026-04-15,27544.0,27726.22
劍潭,2026-04-16,27587.0,27662.795
劍潭,2026-04-17,30006.0,30605.021
劍潭,2026-04-18,27105.0,28710.023
劍潭,2026-04-19,24910.0,22651.986
劍潭,2026-04-20,25943.0,25651.41
劍潭,2026-04-21,28468.0,27340.822
劍潭,2026-04-22,28998.0,27864.191
劍潭,2026-04-23,27693.0,28401.95
劍潭,2026-04-24,29686.0,30136.178
劍潭,2026-04-25,27880.0,27405.719
劍潭,2026-04-26,26833.0,22994.49
劍潭,2026-04-27,26506.0,25856.023
劍潭,2026-04-28,28801.0,27441.025
劍潭,2026-04-29,28266.0,27813.203
劍潭,2026-04-30,30703.0,28025.73
劍潭,2026-05-01,29649.0,25830.97
劍潭,2026-05-02,30112.0,27728.182
劍潭,2026-05-03,24191.0,23844.318
劍潭,2026-05-04,25713.0,25284.918
劍潭,2026-05-05,26478.0,27016.586
劍潭,2026-05-06,29636.0,26809.207
劍潭,2026-05-07,28946.0,29454.545
劍潭,2026-05-08,30852.0,31417.193
劍潭,2026-05-09,26229.0,28145.28
劍潭,2026-05-10,21890.0,22673.621
劍潭,2026-05-11,25583.0,25846.887
劍潭,2026-05-12,28200.0,27343.654
劍潭,2026-05-13,26419.0,28440.488
劍潭,2026-05-14,27638.0,27596.123
劍潭,2026-05-15,32211.0,29917.752
劍潭,2026-05-16,33178.0,28587.447
劍潭,2026-05-17,28337.0,25699.703
劍潭,2026-05-18,25119.0,26646.945
劍潭,2026-05-19,27505.0,26605.766
劍潭,2026-05-20,27794.0,27223.535
劍潭,2026-05-21,27748.0,27707.768
劍潭,2026-05-22,31512.0,30558.047
劍潭,2026-05-23,34233.0,29387.23
劍潭,2026-05-24,29027.0,26155.316
劍潭,2026-05-25,25674.0,26487.057
劍潭,2026-05-26,27330.0,26916.363
劍潭,2026-05-27,27320.0,27394.324
劍潭,2026-05-28,27727.0,27243.803
劍潭,2026-05-29,30047.0,30629.21
劍潭,2026-05-30,29739.0,29110.781
劍潭,2026-05-31,24650.0,23860.062
動物園,2026-01-01,6079.0,6264.167
動物園,2026-01-02,6004.0,7003.7305
動物園,2026-01-03,8022.0,6288.32
動物園,2026-01-04,8453.0,6996.2554
動物園,2026-01-05,4833.0,5914.702
動物園,2026-01-06,5145.0,6160.9766
動物園,2026-01-07,5302.0,5664.867
動物園,2026-01-08,5067.0,5645.5728
動物園,2026-01-09,5881.0,5896.1006
動物園,2026-01-10,7383.0,7555.504
動物園,2026-01-11,6874.0,6673.4956
動物園,2026-01-12,4262.0,5083.3984
動物園,2026-01-13,6473.0,5416.0527
動物園,2026-01-14,6094.0,6207.635
動物園,2026-01-15,6474.0,5971.9346
動物園,2026-01-16,6658.0,6538.7085
動物園,2026-01-17,8116.0,8240.833
動物園,2026-01-18,7600.0,7162.164
動物園,2026-01-19,4861.0,5335.682
動物園,2026-01-20,5114.0,5686.115
動物園,2026-01-21,5022.0,5383.434
動物園,2026-01-22,5175.0,5318.208
動物園,2026-01-23,6108.0,5849.454
動物園,2026-01-24,5584.0,7526.4023
動物園,2026-01-25,7811.0,5291.5
動物園,2026-01-26,5834.0,4983.2964
動物園,2026-01-27,5886.0,5930.338
動物園,2026-01-28,5638.0,5900.2104
動物園,2026-01-29,7310.0,5810.8057
動物園,2026-01-30,7792.0,7429.3467
動物園,2026-01-31,5480.0,9186.177
動物園,2026-02-01,4246.0,5530.7417
動物園,2026-02-02,4447.0,5310.171
動物園,2026-02-03,6558.0,5697.3276
動物園,2026-02-04,6978.0,6160.566
動物園,2026-02-05,8014.0,6847.6626
動物園,2026-02-06,6447.0,8370.203
動物園,2026-02-07,5266.0,6896.431
動物園,2026-02-08,5093.0,5166.7397
動物園,2026-02-09,5025.0,5350.8955
動物園,2026-02-10,7163.0,6283.8066
動物園,2026-02-11,6849.0,6628.1353
動物園,2026-02-12,6338.0,6837.241
動物園,2026-02-13,6161.0,6976.8955
動物園,2026-02-14,7463.0,6506.434
動物園,2026-02-15,7978.0,6637.829
動物園,2026-02-16,1880.0,6087.381
動物園,2026-02-17,10845.0,1841.9263
動物園,2026-02-18,12876.0,10479.065
動物園,2026-02-19,17723.0,13272.358
動物園,2026-02-20,13800.0,14125.293
動物園,2026-02-21,11951.0,8385.267
動物園,2026-02-22,7611.0,7789.6934
動物園,2026-02-23,5210.0,5790.79
動物園,2026-02-24,6554.0,7689.0527
動物園,2026-02-25,5972.0,6636.877
動物園,2026-02-26,7756.0,5375.633
動物園,2026-02-27,11581.0,7616.419
動物園,2026-02-28,9356.0,11849.104
動物園,2026-03-01,5926.0,5469.1367
動物園,2026-03-02,4937.0,5314.8545
動物園,2026-03-03,7554.0,6428.8364
動物園,2026-03-04,5530.0,7029.594
動物園,2026-03-05,6225.0,5753.6406
動物園,2026-03-06,6518.0,7993.118
動物園,2026-03-07,7781.0,7951.253
動物園,2026-03-08,7276.0,5832.7036
動物園,2026-03-09,4795.0,5419.592
動物園,2026-03-10,5456.0,6158.762
動物園,2026-03-11,7603.0,5457.454
動物園,2026-03-12,7645.0,7278.579
動物園,2026-03-13,7514.0,8492.742
動物園,2026-03-14,11631.0,8842.445
動物園,2026-03-15,10339.0,8256.592
動物園,2026-03-16,5815.0,5367.996
動物園,2026-03-17,7620.0,6475.2036
動物園,2026-03-18,7612.0,6943.3213
動物園,2026-03-19,7307.0,7214.338
動物園,2026-03-20,8503.0,8048.0176
動物園,2026-03-21,10762.0,10409.83
動物園,2026-03-22,11163.0,8701.936
動物園,2026-03-23,5566.0,5963.175
動物園,2026-03-24,7517.0,6521.648
動物園,2026-03-25,7238.0,6979.808
動物園,2026-03-26,7354.0,6938.708
動物園,2026-03-27,6640.0,7823.678
動物園,2026-03-28,10298.0,7813.92
動物園,2026-03-29,10390.0,8488.461
動物園,2026-03-30,5757.0,5672.189
動物園,2026-03-31,7371.0,6485.057
動物園,2026-04-01,6483.0,6824.3604
動物園,2026-04-02,7418.0,6304.2524
動物園,2026-04-03,9777.0,8427.402
動物園,2026-04-04,7192.0,10528.129
動物園,2026-04-05,11553.0,5779.3794
動物園,2026-04-06,5666.0,8037.7417
動物園,2026-04-07,5036.0,6389.9995
動物園,2026-04-08,6102.0,5333.0693
動物園,2026-04-09,7271.0,6085.566
動物園,2026-04-10,7484.0,8086.3296
動物園,2026-04-11,8897.0,8237.812
動物園,2026-04-12,8073.0,7165.864
動物園,2026-04-13,5110.0,5197.2617
動物園,2026-04-14,6375.0,6205.9116
動物園,2026-04-15,6168.0,6166.4155
動物園,2026-04-16,6081.0,6073.778
動物園,2026-04-17,7212.0,6650.0093
動物園,2026-04-18,7420.0,8531.953
動物園,2026-04-19,8551.0,6542.747
動物園,2026-04-20,5019.0,5070.244
動物園,2026-04-21,6262.0,6053.7876
動物園,2026-04-22,5830.0,5750.417
動物園,2026-04-23,5536.0,5726.644
動物園,2026-04-24,5607.0,6139.7905
動物園,2026-04-25,6382.0,7023.8877
動物園,2026-04-26,9124.0,6121.184
動物園,2026-04-27,5455.0,5110.3745
動物園,2026-04-28,7322.0,5750.1196
動物園,2026-04-29,6166.0,6253.376
動物園,2026-04-30,6516.0,6031.889
動物園,2026-05-01,11983.0,6764.664
動物園,2026-05-02,11148.0,12375.936
動物園,2026-05-03,6939.0,8044.001
動物園,2026-05-04,4972.0,5113.119
動物園,2026-05-05,5324.0,5737.3945
動物園,2026-05-06,6286.0,5094.828
動物園,2026-05-07,7012.0,5824.2495
動物園,2026-05-08,6122.0,7310.5874
動物園,2026-05-09,5835.0,7084.454
動物園,2026-05-10,5868.0,5425.1045
動物園,2026-05-11,4989.0,4614.9424
動物園,2026-05-12,6754.0,6065.0586
動物園,2026-05-13,5720.0,6208.8716
動物園,2026-05-14,5115.0,5680.3037
動物園,2026-05-15,6594.0,5874.029
動物園,2026-05-16,8782.0,7335.8813
動物園,2026-05-17,7926.0,7382.087
動物園,2026-05-18,5123.0,5018.771
動物園,2026-05-19,6731.0,5779.566
動物園,2026-05-20,6028.0,5810.5737
動物園,2026-05-21,5833.0,5726.894
動物園,2026-05-22,6705.0,6344.825
動物園,2026-05-23,8165.0,7745.1367
動物園,2026-05-24,6680.0,6608.255
動物園,2026-05-25,5420.0,4713.924
動物園,2026-05-26,6461.0,6046.9946
動物園,2026-05-27,5951.0,5790.9146
動物園,2026-05-28,6170.0,5678.949
動物園,2026-05-29,5998.0,6516.3506
動物園,2026-05-30,8348.0,7028.956
動物園,2026-05-31,6461.0,6928.663
北投,2026-01-01,13531.0,14521.305
北投,2026-01-02,19688.0,20542.125
北投,2026-01-03,18048.0,16105.348
北投,2026-01-04,15359.0,14490.562
北投,2026-01-05,18208.0,19220.975
北投,2026-01-06,18888.0,19412.951
北投,2026-01-07,18972.0,19350.225
北投,2026-01-08,18933.0,19118.61
北投,2026-01-09,21218.0,20781.775
北投,2026-01-10,18606.0,17761.178
北投,2026-01-11,14983.0,14970.12
北投,2026-01-12,17691.0,18405.49
北投,2026-01-13,18793.0,18819.988
北投,2026-01-14,19179.0,19033.03
北投,2026-01-15,19253.0,19175.629
北投,2026-01-16,21174.0,20881.32
北投,2026-01-17,17781.0,17680.291
北投,2026-01-18,14879.0,14757.048
北投,2026-01-19,17585.0,18424.445
北投,2026-01-20,18964.0,18780.344
北投,2026-01-21,18218.0,18632.955
北投,2026-01-22,18064.0,18432.117
北投,2026-01-23,21160.0,20241.34
北投,2026-01-24,17052.0,17218.883
北投,2026-01-25,15791.0,14064.232
北投,2026-01-26,17752.0,18064.277
北投,2026-01-27,17976.0,18818.123
北投,2026-01-28,17967.0,18421.723
北投,2026-01-29,18648.0,18374.982
北投,2026-01-30,20023.0,20539.854
北投,2026-01-31,16891.0,17063.535
北投,2026-02-01,13433.0,13999.271
北投,2026-02-02,16588.0,17300.496
北投,2026-02-03,18373.0,18002.172
北投,2026-02-04,18735.0,18414.418
北投,2026-02-05,18156.0,18714.068
北投,2026-02-06,20214.0,20084.662
北投,2026-02-07,16554.0,16652.605
北投,2026-02-08,14106.0,13739.18
北投,2026-02-09,17107.0,17332.783
北投,2026-02-10,18406.0,18131.996
北投,2026-02-11,17786.0,18323.4
北投,2026-02-12,18404.0,18135.4
北投,2026-02-13,18716.0,20166.777
北投,2026-02-14,15270.0,15680.315
北投,2026-02-15,12420.0,12975.648
北投,2026-02-16,8447.0,8803.836
北投,2026-02-17,11176.0,6928.089
北投,2026-02-18,12391.0,12184.472
北投,2026-02-19,14367.0,12832.052
北投,2026-02-20,14664.0,13831.326
北投,2026-02-21,16169.0,14396.652
北投,2026-02-22,14317.0,13019.658
北投,2026-02-23,18383.0,15922.705
北投,2026-02-24,19712.0,19202.355
北投,2026-02-25,19396.0,19631.068
北投,2026-02-26,21960.0,19272.262
北投,2026-02-27,17502.0,19065.74
北投,2026-02-28,16940.0,17338.191
北投,2026-03-01,13626.0,14721.742
北投,2026-03-02,18676.0,17853.959
北投,2026-03-03,18413.0,19541.053
北投,2026-03-04,19113.0,18884.102
北投,2026-03-05,19594.0,18927.102
北投,2026-03-06,21759.0,20947.43
北投,2026-03-07,18428.0,19072.814
北投,2026-03-08,15747.0,15421.926
北投,2026-03-09,18363.0,18100.496
北投,2026-03-10,18454.0,19230.994
北投,2026-03-11,20941.0,18817.736
北投,2026-03-12,20376.0,19401.348
北投,2026-03-13,22468.0,21872.166
北投,2026-03-14,19535.0,19614.553
北投,2026-03-15,15750.0,15302.019
北投,2026-03-16,18993.0,17739.469
北投,2026-03-17,20034.0,18760.775
北投,2026-03-18,20714.0,18114.502
北投,2026-03-19,19802.0,18986.25
北投,2026-03-20,21976.0,21516.592
北投,2026-03-21,19005.0,18110.71
北投,2026-03-22,15637.0,15287.08
北投,2026-03-23,18352.0,18657.602
北投,2026-03-24,19734.0,19608.262
北投,2026-03-25,20007.0,19403.367
北投,2026-03-26,20103.0,19553.06
北投,2026-03-27,20625.0,21753.078
北投,2026-03-28,17793.0,17467.834
北投,2026-03-29,14752.0,14750.849
北投,2026-03-30,18778.0,18369.34
北投,2026-03-31,20069.0,19737.053
北投,2026-04-01,18611.0,19359.764
北投,2026-04-02,21172.0,19149.55
北投,2026-04-03,13780.0,16910.506
北投,2026-04-04,13401.0,14673.914
北投,2026-04-05,13612.0,12557.902
北投,2026-04-06,11949.0,12868.19
北投,2026-04-07,17323.0,18786.516
北投,2026-04-08,19094.0,18112.76
北投,2026-04-09,19824.0,18844.742
北投,2026-04-10,21609.0,21102.98
北投,2026-04-11,18286.0,17782.719
北投,2026-04-12,14908.0,15093.807
北投,2026-04-13,18455.0,18407.523
北投,2026-04-14,19098.0,19221.67
北投,2026-04-15,19310.0,19186.629
北投,2026-04-16,19119.0,18896.486
北投,2026-04-17,21123.0,21009.396
北投,2026-04-18,17573.0,18155.52
北投,2026-04-19,14585.0,14398.494
北投,2026-04-20,18165.0,18246.508
北投,2026-04-21,19150.0,19145.656
北投,2026-04-22,19588.0,18837.578
北投,2026-04-23,18541.0,18810.178
北投,2026-04-24,19692.0,20643.777
北投,2026-04-25,16341.0,16519.232
北投,2026-04-26,16403.0,13765.105
北投,2026-04-27,18807.0,17959.79
北投,2026-04-28,19380.0,19131.04
北投,2026-04-29,19595.0,18064.365
北投,2026-04-30,20547.0,18384.328
北投,2026-05-01,16753.0,15444.297
北投,2026-05-02,17174.0,15910.737
北投,2026-05-03,13880.0,13799.451
北投,2026-05-04,18393.0,17552.879
北投,2026-05-05,17897.0,19152.986
北投,2026-05-06,19971.0,18386.084
北投,2026-05-07,19693.0,18782.264
北投,2026-05-08,21039.0,21009.533
北投,2026-05-09,16646.0,17086.83
北投,2026-05-10,14097.0,14117.976
北投,2026-05-11,18378.0,18249.725
北投,2026-05-12,19352.0,19293.854
北投,2026-05-13,18489.0,19329.105
北投,2026-05-14,17861.0,19024.424
北投,2026-05-15,21273.0,20127.152
北投,2026-05-16,18288.0,17066.328
北投,2026-05-17,15579.0,14699.476
北投,2026-05-18,18263.0,18267.895
北投,2026-05-19,19164.0,18990.53
北投,2026-05-20,19560.0,18658.22
北投,2026-05-21,19094.0,18539.105
北投,2026-05-22,21183.0,20574.363
北投,2026-05-23,18512.0,17040.697
北投,2026-05-24,14625.0,14648.162
北投,2026-05-25,17642.0,18183.848
北投,2026-05-26,18882.0,18875.344
北投,2026-05-27,18977.0,18291.605
北投,2026-05-28,18737.0,18343.986
北投,2026-05-29,19852.0,20518.348
北投,2026-05-30,17206.0,16406.51
北投,2026-05-31,14923.0,14084.492
北門,2026-01-01,13607.0,14975.919
北門,2026-01-02,18842.0,19327.074
北門,2026-01-03,15775.0,15305.276
北門,2026-01-04,13063.0,13361.151
北門,2026-01-05,17598.0,17644.357
北門,2026-01-06,17741.0,18087.049
北門,2026-01-07,17704.0,18017.318
北門,2026-01-08,17706.0,18044.105
北門,2026-01-09,18968.0,19255.186
北門,2026-01-10,16693.0,15574.255
北門,2026-01-11,13737.0,13844.56
北門,2026-01-12,17191.0,17041.188
北門,2026-01-13,17991.0,17496.676
北門,2026-01-14,18288.0,17973.586
北門,2026-01-15,18104.0,18245.742
北門,2026-01-16,18904.0,19544.094
北門,2026-01-17,16122.0,15874.179
北門,2026-01-18,13783.0,13671.777
北門,2026-01-19,17387.0,17570.975
北門,2026-01-20,18118.0,17888.283
北門,2026-01-21,17809.0,18086.428
北門,2026-01-22,17888.0,17939.89
北門,2026-01-23,19229.0,19361.225
北門,2026-01-24,16447.0,15849.679
北門,2026-01-25,14965.0,13819.715
北門,2026-01-26,17727.0,17681.844
北門,2026-01-27,18367.0,18214.477
北門,2026-01-28,18317.0,18508.379
北門,2026-01-29,18819.0,18419.494
北門,2026-01-30,19676.0,20126.604
北門,2026-01-31,19248.0,16518.96
北門,2026-02-01,15911.0,15933.067
北門,2026-02-02,18973.0,18042.031
北門,2026-02-03,20876.0,18974.662
北門,2026-02-04,21528.0,19757.318
北門,2026-02-05,21944.0,20125.613
北門,2026-02-06,22749.0,22160.693
北門,2026-02-07,22409.0,19219.404
北門,2026-02-08,19005.0,18553.617
北門,2026-02-09,20960.0,19356.768
北門,2026-02-10,22157.0,20491.875
北門,2026-02-11,21544.0,21304.36
北門,2026-02-12,21982.0,20583.664
北門,2026-02-13,22583.0,22518.406
北門,2026-02-14,19675.0,19813.674
北門,2026-02-15,16392.0,17185.982
北門,2026-02-16,7075.0,12186.767
北門,2026-02-17,10701.0,1057.335
北門,2026-02-18,11870.0,10960.303
北門,2026-02-19,14270.0,13682.269
北門,2026-02-20,15135.0,15319.231
北門,2026-02-21,15342.0,14962.966
北門,2026-02-22,12754.0,12700.539
北門,2026-02-23,17174.0,16476.033
北門,2026-02-24,17397.0,17898.264
北門,2026-02-25,18291.0,18385.11
北門,2026-02-26,18741.0,18731.5
北門,2026-02-27,16669.0,16755.414
北門,2026-02-28,17435.0,17186.938
北門,2026-03-01,13378.0,14811.988
北門,2026-03-02,17463.0,17577.406
北門,2026-03-03,17550.0,18370.166
北門,2026-03-04,18149.0,17916.625
北門,2026-03-05,18529.0,17891.914
北門,2026-03-06,19691.0,20405.523
北門,2026-03-07,17689.0,17914.373
北門,2026-03-08,14412.0,14243.241
北門,2026-03-09,17459.0,16849.203
北門,2026-03-10,17773.0,17722.676
北門,2026-03-11,18692.0,17529.295
北門,2026-03-12,18889.0,17952.998
北門,2026-03-13,19631.0,20573.562
北門,2026-03-14,17882.0,18015.057
北門,2026-03-15,14400.0,14178.929
北門,2026-03-16,18179.0,16672.945
北門,2026-03-17,18141.0,17747.465
北門,2026-03-18,18818.0,17443.768
北門,2026-03-19,18702.0,18086.104
北門,2026-03-20,20194.0,20196.871
北門,2026-03-21,17224.0,17043.576
北門,2026-03-22,15012.0,14473.105
北門,2026-03-23,17633.0,17821.434
北門,2026-03-24,18166.0,18207.63
北門,2026-03-25,18591.0,18278.756
北門,2026-03-26,18627.0,18446.586
北門,2026-03-27,19552.0,20155.273
北門,2026-03-28,16553.0,16608.605
北門,2026-03-29,13500.0,14113.227
北門,2026-03-30,17684.0,17359.492
北門,2026-03-31,17904.0,18175.15
北門,2026-04-01,17777.0,18083.812
北門,2026-04-02,18946.0,17931.463
北門,2026-04-03,14332.0,15871.937
北門,2026-04-04,13716.0,14723.938
北門,2026-04-05,13352.0,12361.123
北門,2026-04-06,11562.0,11790.412
北門,2026-04-07,17509.0,16968.385
北門,2026-04-08,17801.0,17534.559
北門,2026-04-09,18135.0,17895.2
北門,2026-04-10,19820.0,19458.234
北門,2026-04-11,16807.0,16043.299
北門,2026-04-12,13447.0,14026.499
北門,2026-04-13,17551.0,17299.676
北門,2026-04-14,17644.0,18002.041
北門,2026-04-15,17927.0,17963.816
北門,2026-04-16,17607.0,17945.016
北門,2026-04-17,18981.0,19450.336
北門,2026-04-18,15112.0,16085.714
北門,2026-04-19,14070.0,12865.769
北門,2026-04-20,17298.0,17141.213
北門,2026-04-21,17580.0,17731.188
北門,2026-04-22,17507.0,17679.496
北門,2026-04-23,17557.0,17556.4
北門,2026-04-24,19180.0,18952.676
北門,2026-04-25,15414.0,15762.16
北門,2026-04-26,14288.0,13300.79
北門,2026-04-27,17477.0,17248.814
北門,2026-04-28,17894.0,17717.22
北門,2026-04-29,17978.0,17398.715
北門,2026-04-30,19255.0,17423.463
北門,2026-05-01,15923.0,14788.576
北門,2026-05-02,15806.0,15307.615
北門,2026-05-03,12905.0,13105.56
北門,2026-05-04,18278.0,16724.768
北門,2026-05-05,17855.0,18251.895
北門,2026-05-06,18302.0,17892.904
北門,2026-05-07,18031.0,17959.729
北門,2026-05-08,18852.0,19483.074
北門,2026-05-09,14602.0,15471.424
北門,2026-05-10,12163.0,12760.428
北門,2026-05-11,17027.0,17050.453
北門,2026-05-12,17588.0,17649.738
北門,2026-05-13,17403.0,17823.262
北門,2026-05-14,17278.0,17669.824
北門,2026-05-15,20270.0,18559.373
北門,2026-05-16,17222.0,15943.738
北門,2026-05-17,14958.0,14102.758
北門,2026-05-18,17632.0,17386.453
北門,2026-05-19,17823.0,17674.422
北門,2026-05-20,18004.0,17610.984
北門,2026-05-21,18076.0,17479.0
北門,2026-05-22,19621.0,19451.963
北門,2026-05-23,17073.0,16116.001
北門,2026-05-24,13638.0,14108.143
北門,2026-05-25,17459.0,17415.047
北門,2026-05-26,17880.0,17801.107
北門,2026-05-27,18098.0,17851.666
北門,2026-05-28,18272.0,17848.77
北門,2026-05-29,19288.0,19481.676
北門,2026-05-30,16098.0,15882.166
北門,2026-05-31,13790.0,13695.918
十四張,2026-01-01,1342.0,2142.7637
十四張,2026-01-02,2650.0,2716.1233
十四張,2026-01-03,1692.0,1767.5253
十四張,2026-01-04,1490.0,1543.6162
十四張,2026-01-05,2790.0,2562.1099
十四張,2026-01-06,2728.0,2797.225
十四張,2026-01-07,2814.0,2746.3271
十四張,2026-01-08,2914.0,2688.7578
十四張,2026-01-09,2886.0,2854.9827
十四張,2026-01-10,1842.0,1968.5785
十四張,2026-01-11,1375.0,1500.9724
十四張,2026-01-12,2679.0,2430.7178
十四張,2026-01-13,2778.0,2709.4006
十四張,2026-01-14,2840.0,2778.2988
十四張,2026-01-15,2828.0,2752.454
十四張,2026-01-16,2700.0,2821.9976
十四張,2026-01-17,1931.0,1960.459
十四張,2026-01-18,1441.0,1560.3254
十四張,2026-01-19,2506.0,2452.1997
十四張,2026-01-20,2624.0,2635.0598
十四張,2026-01-21,2506.0,2670.0874
十四張,2026-01-22,2560.0,2541.3848
十四張,2026-01-23,2611.0,2629.6624
十四張,2026-01-24,1814.0,1815.3965
十四張,2026-01-25,1624.0,1432.9182
十四張,2026-01-26,2429.0,2356.2307
十四張,2026-01-27,2520.0,2517.8823
十四張,2026-01-28,2358.0,2569.4834
十四張,2026-01-29,2481.0,2395.5012
十四張,2026-01-30,2573.0,2502.107
十四張,2026-01-31,1853.0,1812.1268
十四張,2026-02-01,1507.0,1437.5208
十四張,2026-02-02,2318.0,2268.4739
十四張,2026-02-03,2383.0,2403.0435
十四張,2026-02-04,2514.0,2425.1582
十四張,2026-02-05,2417.0,2454.808
十四張,2026-02-06,2538.0,2459.8135
十四張,2026-02-07,1903.0,1790.5576
十四張,2026-02-08,1441.0,1449.968
十四張,2026-02-09,2332.0,2238.3557
十四張,2026-02-10,2460.0,2392.605
十四張,2026-02-11,2340.0,2467.953
十四張,2026-02-12,2447.0,2359.1553
十四張,2026-02-13,2376.0,2471.6663
十四張,2026-02-14,1528.0,1702.1891
十四張,2026-02-15,1220.0,1302.5146
十四張,2026-02-16,1023.0,977.56836
十四張,2026-02-17,1407.0,954.40515
十四張,2026-02-18,1456.0,1664.7314
十四張,2026-02-19,1657.0,1655.0604
十四張,2026-02-20,1580.0,1521.2197
十四張,2026-02-21,1853.0,1483.2013
十四張,2026-02-22,1561.0,1439.3696
十四張,2026-02-23,2496.0,2039.3531
十四張,2026-02-24,2566.0,2603.522
十四張,2026-02-25,2963.0,2518.3208
十四張,2026-02-26,3081.0,2804.0193
十四張,2026-02-27,1997.0,2379.7197
十四張,2026-02-28,1933.0,2054.7673
十四張,2026-03-01,1626.0,1824.2559
十四張,2026-03-02,2823.0,2421.0305
十四張,2026-03-03,2808.0,2907.4639
十四張,2026-03-04,2936.0,2828.664
十四張,2026-03-05,3058.0,2772.4062
十四張,2026-03-06,2996.0,2982.8872
十四張,2026-03-07,2032.0,2663.1152
十四張,2026-03-08,1732.0,1766.7784
十四張,2026-03-09,2879.0,2520.2861
十四張,2026-03-10,2950.0,2839.7676
十四張,2026-03-11,3108.0,2880.4275
十四張,2026-03-12,2991.0,2983.538
十四張,2026-03-13,3090.0,3090.3936
十四張,2026-03-14,2161.0,2610.1792
十四張,2026-03-15,1732.0,1765.8551
十四張,2026-03-16,2794.0,2501.7012
十四張,2026-03-17,2860.0,2879.0752
十四張,2026-03-18,3002.0,2816.0593
十四張,2026-03-19,2950.0,2947.4468
十四張,2026-03-20,3077.0,3048.4612
十四張,2026-03-21,2159.0,2181.534
十四張,2026-03-22,1806.0,1715.9895
十四張,2026-03-23,2803.0,2599.0095
十四張,2026-03-24,2826.0,2938.7773
十四張,2026-03-25,2919.0,2835.6704
十四張,2026-03-26,2942.0,2911.3682
十四張,2026-03-27,2973.0,3001.2168
十四張,2026-03-28,2010.0,2070.6926
十四張,2026-03-29,1517.0,1637.3636
十四張,2026-03-30,2790.0,2524.0337
十四張,2026-03-31,2858.0,2897.3213
十四張,2026-04-01,2976.0,2840.8748
十四張,2026-04-02,2961.0,2923.6438
十四張,2026-04-03,1754.0,2286.4746
十四張,2026-04-04,1551.0,1614.6936
十四張,2026-04-05,1568.0,1455.7202
十四張,2026-04-06,1404.0,1614.5583
十四張,2026-04-07,2701.0,2653.1865
十四張,2026-04-08,2986.0,2612.3452
十四張,2026-04-09,2930.0,2944.1377
十四張,2026-04-10,2920.0,2996.1445
十四張,2026-04-11,1949.0,1963.8396
十四張,2026-04-12,1697.0,1627.5735
十四張,2026-04-13,2828.0,2591.5522
十四張,2026-04-14,2851.0,2854.8416
十四張,2026-04-15,2955.0,2817.0618
十四張,2026-04-16,2958.0,2877.9502
十四張,2026-04-17,2906.0,2959.871
十四張,2026-04-18,2000.0,2033.5703
十四張,2026-04-19,1675.0,1616.4148
十四張,2026-04-20,2807.0,2574.3347
十四張,2026-04-21,2821.0,2847.4373
十四張,2026-04-22,2950.0,2773.1924
十四張,2026-04-23,2961.0,2854.9417
十四張,2026-04-24,2964.0,2916.7644
十四張,2026-04-25,1930.0,2078.626
十四張,2026-04-26,1900.0,1605.7068
十四張,2026-04-27,2942.0,2603.976
十四張,2026-04-28,2851.0,2966.1284
十四張,2026-04-29,2973.0,2782.2458
十四張,2026-04-30,3189.0,2913.5388
十四張,2026-05-01,1935.0,2238.8223
十四張,2026-05-02,1860.0,1721.5707
十四張,2026-05-03,1545.0,1572.9993
十四張,2026-05-04,2819.0,2518.2856
十四張,2026-05-05,3081.0,2899.2944
十四張,2026-05-06,3043.0,2970.8105
十四張,2026-05-07,2941.0,2973.7842
十四張,2026-05-08,2983.0,2972.311
十四張,2026-05-09,2012.0,2000.8523
十四張,2026-05-10,1566.0,1667.4026
十四張,2026-05-11,2859.0,2612.331
十四張,2026-05-12,2836.0,2892.1108
十四張,2026-05-13,2969.0,2836.2954
十四張,2026-05-14,2971.0,2900.0464
十四張,2026-05-15,3011.0,2933.383
十四張,2026-05-16,2075.0,2063.135
十四張,2026-05-17,1610.0,1653.8022
十四張,2026-05-18,2749.0,2594.034
十四張,2026-05-19,2819.0,2835.752
十四張,2026-05-20,2905.0,2767.0266
十四張,2026-05-21,2939.0,2846.6528
十四張,2026-05-22,2808.0,2920.6448
十四張,2026-05-23,2336.0,1982.433
十四張,2026-05-24,1674.0,1748.1293
十四張,2026-05-25,2719.0,2556.3948
十四張,2026-05-26,2698.0,2829.2637
十四張,2026-05-27,2812.0,2701.9648
十四張,2026-05-28,2829.0,2802.097
十四張,2026-05-29,2958.0,2857.9653
十四張,2026-05-30,2010.0,2040.4584
十四張,2026-05-31,1606.0,1600.5223
南京三民,2026-01-01,12901.0,13505.094
南京三民,2026-01-02,26278.0,27418.463
南京三民,2026-01-03,14835.0,15225.355
南京三民,2026-01-04,11740.0,12080.368
南京三民,2026-01-05,26142.0,26828.8
南京三民,2026-01-06,27148.0,27218.46
南京三民,2026-01-07,27023.0,27558.29
南京三民,2026-01-08,26698.0,27479.348
南京三民,2026-01-09,27537.0,28386.088
南京三民,2026-01-10,15931.0,16523.14
南京三民,2026-01-11,12244.0,12555.123
南京三民,2026-01-12,25539.0,25554.738
南京三民,2026-01-13,26247.0,26283.55
南京三民,2026-01-14,26388.0,26811.242
南京三民,2026-01-15,26306.0,26387.773
南京三民,2026-01-16,27479.0,27059.809
南京三民,2026-01-17,15620.0,15862.669
南京三民,2026-01-18,12459.0,12933.338
南京三民,2026-01-19,25775.0,25411.863
南京三民,2026-01-20,27051.0,26357.059
南京三民,2026-01-21,27116.0,26377.406
南京三民,2026-01-22,26706.0,26373.824
南京三民,2026-01-23,26910.0,27112.76
南京三民,2026-01-24,15295.0,14728.91
南京三民,2026-01-25,12275.0,12225.92
南京三民,2026-01-26,24590.0,25736.137
南京三民,2026-01-27,25745.0,25991.229
南京三民,2026-01-28,25992.0,25815.922
南京三民,2026-01-29,25699.0,25939.46
南京三民,2026-01-30,26353.0,26735.22
南京三民,2026-01-31,15771.0,15118.508
南京三民,2026-02-01,12242.0,12397.977
南京三民,2026-02-02,24964.0,25051.14
南京三民,2026-02-03,26142.0,25664.664
南京三民,2026-02-04,26118.0,25930.438
南京三民,2026-02-05,26136.0,25963.895
南京三民,2026-02-06,26927.0,26867.742
南京三民,2026-02-07,16038.0,14985.295
南京三民,2026-02-08,13129.0,12519.901
南京三民,2026-02-09,25262.0,25186.855
南京三民,2026-02-10,26202.0,25922.46
南京三民,2026-02-11,26134.0,26002.238
南京三民,2026-02-12,25929.0,26012.45
南京三民,2026-02-13,24286.0,27011.299
南京三民,2026-02-14,12570.0,14246.223
南京三民,2026-02-15,9571.0,10860.173
南京三民,2026-02-16,6716.0,3449.5977
南京三民,2026-02-17,7649.0,4929.913
南京三民,2026-02-18,8138.0,10220.293
南京三民,2026-02-19,9021.0,9430.733
南京三民,2026-02-20,10249.0,9633.149
南京三民,2026-02-21,12012.0,11474.967
南京三民,2026-02-22,10490.0,10019.83
南京三民,2026-02-23,24259.0,21824.572
南京三民,2026-02-24,25673.0,24668.31
南京三民,2026-02-25,26501.0,25845.77
南京三民,2026-02-26,27063.0,25986.953
南京三民,2026-02-27,14269.0,13820.209
南京三民,2026-02-28,13789.0,13443.689
南京三民,2026-03-01,11378.0,13263.406
南京三民,2026-03-02,25937.0,24578.992
南京三民,2026-03-03,26593.0,25824.492
南京三民,2026-03-04,27327.0,26034.271
南京三民,2026-03-05,27207.0,26183.912
南京三民,2026-03-06,28199.0,27075.404
南京三民,2026-03-07,16169.0,16223.934
南京三民,2026-03-08,12889.0,12868.92
南京三民,2026-03-09,26214.0,26092.41
南京三民,2026-03-10,27241.0,26553.107
南京三民,2026-03-11,27952.0,26932.402
南京三民,2026-03-12,27532.0,26917.348
南京三民,2026-03-13,27838.0,27755.926
南京三民,2026-03-14,16386.0,16975.11
南京三民,2026-03-15,12941.0,13179.737
南京三民,2026-03-16,25889.0,25452.98
南京三民,2026-03-17,26980.0,26404.508
南京三民,2026-03-18,27270.0,26956.545
南京三民,2026-03-19,27610.0,26777.273
南京三民,2026-03-20,27826.0,28054.775
南京三民,2026-03-21,15899.0,15626.79
南京三民,2026-03-22,13058.0,12794.14
南京三民,2026-03-23,25946.0,26069.396
南京三民,2026-03-24,26723.0,26788.414
南京三民,2026-03-25,27091.0,26719.691
南京三民,2026-03-26,27190.0,26712.375
南京三民,2026-03-27,27921.0,27970.133
南京三民,2026-03-28,15045.0,15756.924
南京三民,2026-03-29,12226.0,12454.34
南京三民,2026-03-30,25796.0,26033.18
南京三民,2026-03-31,26265.0,26677.686
南京三民,2026-04-01,26792.0,26616.969
南京三民,2026-04-02,26756.0,26664.852
南京三民,2026-04-03,12789.0,14215.68
南京三民,2026-04-04,12095.0,12547.755
南京三民,2026-04-05,11248.0,10808.956
南京三民,2026-04-06,10358.0,10976.33
南京三民,2026-04-07,25794.0,25891.104
南京三民,2026-04-08,26508.0,25678.535
南京三民,2026-04-09,26560.0,26028.65
南京三民,2026-04-10,28067.0,27842.955
南京三民,2026-04-11,15663.0,16384.668
南京三民,2026-04-12,12542.0,12816.411
南京三民,2026-04-13,25340.0,25282.064
南京三民,2026-04-14,26309.0,25786.182
南京三民,2026-04-15,26580.0,26253.887
南京三民,2026-04-16,26553.0,26291.125
南京三民,2026-04-17,27447.0,27617.385
南京三民,2026-04-18,15543.0,16215.732
南京三民,2026-04-19,12678.0,12522.958
南京三民,2026-04-20,25380.0,25099.219
南京三民,2026-04-21,26306.0,25886.785
南京三民,2026-04-22,26310.0,26449.955
南京三民,2026-04-23,26667.0,26295.48
南京三民,2026-04-24,27873.0,27374.79
南京三民,2026-04-25,15518.0,15700.614
南京三民,2026-04-26,13152.0,12688.025
南京三民,2026-04-27,25912.0,25276.094
南京三民,2026-04-28,26658.0,26268.195
南京三民,2026-04-29,27016.0,26197.496
南京三民,2026-04-30,27955.0,26254.367
南京三民,2026-05-01,14361.0,13210.357
南京三民,2026-05-02,14384.0,13072.578
南京三民,2026-05-03,12171.0,11315.729
南京三民,2026-05-04,26308.0,25230.773
南京三民,2026-05-05,27214.0,26296.191
南京三民,2026-05-06,26601.0,26594.963
南京三民,2026-05-07,26959.0,26377.469
南京三民,2026-05-08,27399.0,28191.63
南京三民,2026-05-09,14866.0,15896.916
南京三民,2026-05-10,11687.0,12283.403
南京三民,2026-05-11,25652.0,25713.623
南京三民,2026-05-12,26391.0,26263.318
南京三民,2026-05-13,27076.0,26725.38
南京三民,2026-05-14,26330.0,26719.164
南京三民,2026-05-15,26974.0,27519.676
南京三民,2026-05-16,16488.0,15695.848
南京三民,2026-05-17,13252.0,12754.722
南京三民,2026-05-18,25608.0,25361.89
南京三民,2026-05-19,26034.0,26125.79
南京三民,2026-05-20,26703.0,26202.11
南京三民,2026-05-21,26581.0,26068.8
南京三民,2026-05-22,27987.0,27203.031
南京三民,2026-05-23,16461.0,15317.305
南京三民,2026-05-24,12603.0,12808.734
南京三民,2026-05-25,25426.0,25611.95
南京三民,2026-05-26,26411.0,26156.11
南京三民,2026-05-27,26178.0,26132.543
南京三民,2026-05-28,26374.0,25776.166
南京三民,2026-05-29,27253.0,27224.414
南京三民,2026-05-30,15093.0,15165.331
南京三民,2026-05-31,12479.0,12265.415
南京復興,2026-01-01,20424.0,20616.512
南京復興,2026-01-02,44808.0,46685.258
南京復興,2026-01-03,26421.0,26477.68
南京復興,2026-01-04,19480.0,21474.469
南京復興,2026-01-05,45621.0,45400.67
南京復興,2026-01-06,47400.0,46667.734
南京復興,2026-01-07,47195.0,47658.72
南京復興,2026-01-08,47486.0,47581.43
南京復興,2026-01-09,48927.0,49498.062
南京復興,2026-01-10,27577.0,29221.469
南京復興,2026-01-11,21783.0,21473.207
南京復興,2026-01-12,44690.0,44794.31
南京復興,2026-01-13,46596.0,46295.742
南京復興,2026-01-14,46350.0,47259.312
南京復興,2026-01-15,46997.0,46688.414
南京復興,2026-01-16,48985.0,48020.703
南京復興,2026-01-17,27987.0,28470.281
南京復興,2026-01-18,21284.0,22213.975
南京復興,2026-01-19,44927.0,44765.023
南京復興,2026-01-20,46967.0,46176.703
南京復興,2026-01-21,46992.0,46259.47
南京復興,2026-01-22,48060.0,46018.773
南京復興,2026-01-23,48945.0,47917.805
南京復興,2026-01-24,28032.0,27013.2
南京復興,2026-01-25,21199.0,21716.564
南京復興,2026-01-26,45219.0,45112.53
南京復興,2026-01-27,48028.0,46342.867
南京復興,2026-01-28,47369.0,47113.066
南京復興,2026-01-29,47410.0,46717.223
南京復興,2026-01-30,47852.0,48293.273
南京復興,2026-01-31,28669.0,27181.033
南京復興,2026-02-01,21143.0,21734.559
南京復興,2026-02-02,45120.0,45173.715
南京復興,2026-02-03,46848.0,46455.234
南京復興,2026-02-04,47193.0,46996.734
南京復興,2026-02-05,47929.0,46846.402
南京復興,2026-02-06,49339.0,48678.918
南京復興,2026-02-07,28586.0,27793.305
南京復興,2026-02-08,21697.0,22021.117
南京復興,2026-02-09,45728.0,45213.46
南京復興,2026-02-10,47334.0,46719.484
南京復興,2026-02-11,46742.0,47300.45
南京復興,2026-02-12,47006.0,46678.812
南京復興,2026-02-13,42566.0,48370.04
南京復興,2026-02-14,20770.0,25447.281
南京復興,2026-02-15,14573.0,18026.68
南京復興,2026-02-16,9806.0,5932.293
南京復興,2026-02-17,11660.0,7629.2637
南京復興,2026-02-18,13507.0,17204.637
南京復興,2026-02-19,16169.0,15138.707
南京復興,2026-02-20,18150.0,16116.875
南京復興,2026-02-21,20319.0,18840.852
南京復興,2026-02-22,17971.0,16190.725
南京復興,2026-02-23,42353.0,39513.984
南京復興,2026-02-24,44885.0,44041.594
南京復興,2026-02-25,47014.0,45708.504
南京復興,2026-02-26,47071.0,46374.816
南京復興,2026-02-27,24570.0,23847.143
南京復興,2026-02-28,23611.0,22960.863
南京復興,2026-03-01,18746.0,22452.111
南京復興,2026-03-02,43843.0,43028.05
南京復興,2026-03-03,45718.0,44865.293
南京復興,2026-03-04,47726.0,45264.43
南京復興,2026-03-05,48158.0,45690.016
南京復興,2026-03-06,49104.0,47294.797
南京復興,2026-03-07,28970.0,28106.26
南京復興,2026-03-08,22513.0,22070.613
南京復興,2026-03-09,45432.0,45522.695
南京復興,2026-03-10,47053.0,46322.49
南京復興,2026-03-11,47121.0,46811.38
南京復興,2026-03-12,47809.0,46550.33
南京復興,2026-03-13,48610.0,48238.145
南京復興,2026-03-14,29535.0,29971.639
南京復興,2026-03-15,23137.0,22994.832
南京復興,2026-03-16,44814.0,43660.508
南京復興,2026-03-17,46724.0,45503.977
南京復興,2026-03-18,46693.0,46465.57
南京復興,2026-03-19,47166.0,46082.973
南京復興,2026-03-20,48998.0,48024.22
南京復興,2026-03-21,29704.0,27564.23
南京復興,2026-03-22,23207.0,22572.543
南京復興,2026-03-23,45139.0,44881.19
南京復興,2026-03-24,46302.0,46134.31
南京復興,2026-03-25,47227.0,45874.047
南京復興,2026-03-26,47198.0,45933.53
南京復興,2026-03-27,48677.0,48422.33
南京復興,2026-03-28,27678.0,27748.766
南京復興,2026-03-29,20881.0,21791.32
南京復興,2026-03-30,45434.0,44801.34
南京復興,2026-03-31,46614.0,46434.06
南京復興,2026-04-01,46587.0,46829.793
南京復興,2026-04-02,46490.0,46430.793
南京復興,2026-04-03,22555.0,23815.707
南京復興,2026-04-04,21528.0,21507.145
南京復興,2026-04-05,19431.0,18612.723
南京復興,2026-04-06,19023.0,18624.41
南京復興,2026-04-07,45892.0,44682.93
南京復興,2026-04-08,46417.0,44953.707
南京復興,2026-04-09,46892.0,45357.71
南京復興,2026-04-10,48418.0,48419.23
南京復興,2026-04-11,29919.0,28651.879
南京復興,2026-04-12,22619.0,23366.205
南京復興,2026-04-13,44440.0,43874.1
南京復興,2026-04-14,45667.0,45139.68
南京復興,2026-04-15,46206.0,45809.742
南京復興,2026-04-16,46346.0,45946.883
南京復興,2026-04-17,47351.0,48298.812
南京復興,2026-04-18,27877.0,28817.332
南京復興,2026-04-19,21606.0,22113.354
南京復興,2026-04-20,43415.0,43914.336
南京復興,2026-04-21,45148.0,45091.777
南京復興,2026-04-22,45330.0,45772.902
南京復興,2026-04-23,47281.0,45542.305
南京復興,2026-04-24,48413.0,47506.92
南京復興,2026-04-25,28881.0,27591.455
南京復興,2026-04-26,22126.0,22069.645
南京復興,2026-04-27,44414.0,43695.344
南京復興,2026-04-28,46319.0,45107.938
南京復興,2026-04-29,46917.0,44976.4
南京復興,2026-04-30,49007.0,45100.125
南京復興,2026-05-01,24253.0,22671.12
南京復興,2026-05-02,25312.0,22171.117
南京復興,2026-05-03,20564.0,19583.234
南京復興,2026-05-04,46154.0,43234.355
南京復興,2026-05-05,48381.0,45761.21
南京復興,2026-05-06,46631.0,46920.023
南京復興,2026-05-07,47154.0,46110.438
南京復興,2026-05-08,47499.0,48979.08
南京復興,2026-05-09,27680.0,27883.59
南京復興,2026-05-10,20140.0,22104.598
南京復興,2026-05-11,43926.0,44606.42
南京復興,2026-05-12,45869.0,45470.4
南京復興,2026-05-13,47586.0,46804.598
南京復興,2026-05-14,46166.0,46973.617
南京復興,2026-05-15,47663.0,48031.773
南京復興,2026-05-16,28621.0,28092.809
南京復興,2026-05-17,22376.0,22163.605
南京復興,2026-05-18,44042.0,44109.996
南京復興,2026-05-19,45385.0,45265.42
南京復興,2026-05-20,45720.0,45664.152
南京復興,2026-05-21,45836.0,45243.562
南京復興,2026-05-22,46967.0,46851.258
南京復興,2026-05-23,29008.0,26416.916
南京復興,2026-05-24,21440.0,21717.9
南京復興,2026-05-25,44856.0,44206.52
南京復興,2026-05-26,46013.0,45522.133
南京復興,2026-05-27,45754.0,45328.37
南京復興,2026-05-28,46258.0,44668.754
南京復興,2026-05-29,47023.0,46807.863
南京復興,2026-05-30,28225.0,26129.594
南京復興,2026-05-31,22229.0,21492.453
南勢角,2026-01-01,12798.0,15196.3545
南勢角,2026-01-02,20125.0,21728.893
南勢角,2026-01-03,16524.0,16083.17
南勢角,2026-01-04,14080.0,14004.598
南勢角,2026-01-05,20587.0,20994.984
南勢角,2026-01-06,21326.0,21265.309
南勢角,2026-01-07,21382.0,21353.146
南勢角,2026-01-08,21354.0,21323.324
南勢角,2026-01-09,22130.0,22122.914
南勢角,2026-01-10,17650.0,17379.822
南勢角,2026-01-11,13897.0,14263.357
南勢角,2026-01-12,20254.0,20329.01
南勢角,2026-01-13,20980.0,20953.041
南勢角,2026-01-14,21065.0,21093.834
南勢角,2026-01-15,21214.0,21085.541
南勢角,2026-01-16,22080.0,21824.64
南勢角,2026-01-17,17194.0,17238.334
南勢角,2026-01-18,14419.0,14256.922
南勢角,2026-01-19,20287.0,20210.615
南勢角,2026-01-20,21394.0,20813.635
南勢角,2026-01-21,20823.0,20860.486
南勢角,2026-01-22,20418.0,20653.488
南勢角,2026-01-23,21888.0,21271.473
南勢角,2026-01-24,17042.0,16606.408
南勢角,2026-01-25,14719.0,13785.699
南勢角,2026-01-26,20275.0,20147.182
南勢角,2026-01-27,20370.0,20760.748
南勢角,2026-01-28,20658.0,20404.547
南勢角,2026-01-29,21356.0,20564.646
南勢角,2026-01-30,21746.0,21840.244
南勢角,2026-01-31,17012.0,17051.879
南勢角,2026-02-01,13716.0,13938.03
南勢角,2026-02-02,20315.0,19917.469
南勢角,2026-02-03,21359.0,20747.89
南勢角,2026-02-04,21572.0,21022.271
南勢角,2026-02-05,21551.0,21239.975
南勢角,2026-02-06,21941.0,22185.592
南勢角,2026-02-07,17603.0,16870.525
南勢角,2026-02-08,14557.0,14092.126
南勢角,2026-02-09,20394.0,20272.324
南勢角,2026-02-10,21344.0,20876.6
南勢角,2026-02-11,20879.0,21118.988
南勢角,2026-02-12,21669.0,20990.537
南勢角,2026-02-13,21306.0,22281.477
南勢角,2026-02-14,15127.0,16734.762
南勢角,2026-02-15,12221.0,13025.631
南勢角,2026-02-16,9798.0,8585.952
南勢角,2026-02-17,13628.0,8356.756
南勢角,2026-02-18,14205.0,14380.438
南勢角,2026-02-19,15046.0,14157.95
南勢角,2026-02-20,15124.0,14228.201
南勢角,2026-02-21,16371.0,14646.477
南勢角,2026-02-22,14054.0,13284.027
南勢角,2026-02-23,20291.0,18608.395
南勢角,2026-02-24,20865.0,21237.982
南勢角,2026-02-25,21514.0,21174.8
南勢角,2026-02-26,22200.0,21420.521
南勢角,2026-02-27,16677.0,17215.86
南勢角,2026-02-28,16980.0,16651.305
南勢角,2026-03-01,14319.0,15473.623
南勢角,2026-03-02,21095.0,20348.064
南勢角,2026-03-03,21129.0,21373.562
南勢角,2026-03-04,21247.0,21059.225
南勢角,2026-03-05,21717.0,20974.396
南勢角,2026-03-06,22410.0,22208.06
南勢角,2026-03-07,17998.0,18959.137
南勢角,2026-03-08,15116.0,15018.252
南勢角,2026-03-09,20835.0,20526.89
南勢角,2026-03-10,21268.0,21106.164
南勢角,2026-03-11,22225.0,21112.768
南勢角,2026-03-12,21877.0,21333.309
南勢角,2026-03-13,22356.0,22564.822
南勢角,2026-03-14,18342.0,19020.5
南勢角,2026-03-15,15099.0,15000.083
南勢角,2026-03-16,20741.0,20161.453
南勢角,2026-03-17,21820.0,20949.586
南勢角,2026-03-18,21823.0,20801.285
南勢角,2026-03-19,21615.0,20976.945
南勢角,2026-03-20,23247.0,22336.066
南勢角,2026-03-21,18489.0,18037.426
南勢角,2026-03-22,15220.0,14974.582
南勢角,2026-03-23,20834.0,20788.918
南勢角,2026-03-24,21445.0,21467.766
南勢角,2026-03-25,21648.0,21206.793
南勢角,2026-03-26,21603.0,21291.668
南勢角,2026-03-27,21884.0,22530.324
南勢角,2026-03-28,17675.0,17323.049
南勢角,2026-03-29,14041.0,14397.448
南勢角,2026-03-30,20810.0,20429.252
南勢角,2026-03-31,21378.0,21410.443
南勢角,2026-04-01,21554.0,21398.309
南勢角,2026-04-02,22140.0,21375.37
南勢角,2026-04-03,15336.0,16711.969
南勢角,2026-04-04,13256.0,14996.705
南勢角,2026-04-05,13829.0,12395.986
南勢角,2026-04-06,12307.0,13570.82
南勢角,2026-04-07,20134.0,20619.324
南勢角,2026-04-08,21682.0,20265.807
南勢角,2026-04-09,21776.0,21229.396
南勢角,2026-04-10,22493.0,22623.02
南勢角,2026-04-11,18106.0,17827.38
南勢角,2026-04-12,15451.0,14917.286
南勢角,2026-04-13,20779.0,20385.047
南勢角,2026-04-14,21158.0,21037.818
南勢角,2026-04-15,21352.0,21162.55
南勢角,2026-04-16,21407.0,21072.096
南勢角,2026-04-17,22288.0,22310.676
南勢角,2026-04-18,17551.0,18453.258
南勢角,2026-04-19,14704.0,14442.73
南勢角,2026-04-20,20707.0,20367.662
南勢角,2026-04-21,21216.0,21145.969
南勢角,2026-04-22,21446.0,21029.734
南勢角,2026-04-23,21157.0,20980.441
南勢角,2026-04-24,21773.0,21947.996
南勢角,2026-04-25,16854.0,17309.459
南勢角,2026-04-26,15243.0,14172.957
南勢角,2026-04-27,20875.0,20282.084
南勢角,2026-04-28,21673.0,21120.768
南勢角,2026-04-29,21577.0,20608.244
南勢角,2026-04-30,21998.0,20728.092
南勢角,2026-05-01,16715.0,15411.211
南勢角,2026-05-02,16323.0,15667.644
南勢角,2026-05-03,13911.0,13436.681
南勢角,2026-05-04,20904.0,19896.277
南勢角,2026-05-05,21178.0,21224.594
南勢角,2026-05-06,22284.0,21079.41
南勢角,2026-05-07,21910.0,21457.459
南勢角,2026-05-08,22563.0,22677.133
南勢角,2026-05-09,17198.0,17585.791
南勢角,2026-05-10,14458.0,14243.9
南勢角,2026-05-11,20612.0,20650.496
南勢角,2026-05-12,21561.0,21271.299
南勢角,2026-05-13,21365.0,21600.338
南勢角,2026-05-14,20933.0,21375.51
南勢角,2026-05-15,22370.0,22125.889
南勢角,2026-05-16,17622.0,17565.064
南勢角,2026-05-17,15184.0,14432.452
南勢角,2026-05-18,20806.0,20489.754
南勢角,2026-05-19,21290.0,21170.354
南勢角,2026-05-20,21643.0,21084.914
南勢角,2026-05-21,21491.0,20929.633
南勢角,2026-05-22,22273.0,21896.709
南勢角,2026-05-23,17707.0,17201.55
南勢角,2026-05-24,14374.0,14392.297
南勢角,2026-05-25,20557.0,20450.395
南勢角,2026-05-26,21188.0,21168.469
南勢角,2026-05-27,21250.0,20738.895
南勢角,2026-05-28,21160.0,20685.945
南勢角,2026-05-29,21830.0,21855.023
南勢角,2026-05-30,17499.0,16876.035
南勢角,2026-05-31,14198.0,14173.502
南港,2026-01-01,18584.0,22783.1
南港,2026-01-02,24750.0,26431.639
南港,2026-01-03,19862.0,20214.29
南港,2026-01-04,18241.0,17894.264
南港,2026-01-05,23963.0,23886.637
南港,2026-01-06,23964.0,24182.166
南港,2026-01-07,24146.0,24301.797
南港,2026-01-08,24222.0,24622.158
南港,2026-01-09,28058.0,26403.236
南港,2026-01-10,21699.0,21756.11
南港,2026-01-11,18570.0,19254.477
南港,2026-01-12,24019.0,23404.867
南港,2026-01-13,24230.0,24055.797
南港,2026-01-14,25254.0,24510.467
南港,2026-01-15,24667.0,25431.568
南港,2026-01-16,27790.0,26850.756
南港,2026-01-17,21953.0,21439.178
南港,2026-01-18,19213.0,19439.596
南港,2026-01-19,24482.0,24388.457
南港,2026-01-20,26448.0,24431.502
南港,2026-01-21,24801.0,25705.13
南港,2026-01-22,25168.0,25249.355
南港,2026-01-23,27580.0,27422.453
南港,2026-01-24,20971.0,21114.326
南港,2026-01-25,18783.0,18760.516
南港,2026-01-26,23539.0,24413.084
南港,2026-01-27,23688.0,24186.268
南港,2026-01-28,23654.0,24555.297
南港,2026-01-29,26670.0,24549.445
南港,2026-01-30,29981.0,28309.64
南港,2026-01-31,27577.0,23591.953
南港,2026-02-01,23626.0,22833.13
南港,2026-02-02,22643.0,25144.564
南港,2026-02-03,22950.0,23450.963
南港,2026-02-04,24417.0,23543.34
南港,2026-02-05,29010.0,24963.488
南港,2026-02-06,30332.0,31232.812
南港,2026-02-07,25688.0,25949.674
南港,2026-02-08,22198.0,22226.605
南港,2026-02-09,25274.0,25112.676
南港,2026-02-10,24057.0,25350.17
南港,2026-02-11,23842.0,25163.752
南港,2026-02-12,24725.0,24770.955
南港,2026-02-13,23782.0,27985.51
南港,2026-02-14,16314.0,19750.846
南港,2026-02-15,13412.0,15729.949
南港,2026-02-16,8715.0,11648.831
南港,2026-02-17,14596.0,12202.266
南港,2026-02-18,16285.0,18634.541
南港,2026-02-19,19496.0,19179.137
南港,2026-02-20,20184.0,20030.79
南港,2026-02-21,20874.0,18784.08
南港,2026-02-22,18151.0,16159.969
南港,2026-02-23,23186.0,19875.867
南港,2026-02-24,23147.0,23595.24
南港,2026-02-25,24045.0,23391.96
南港,2026-02-26,25625.0,24742.678
南港,2026-02-27,20236.0,22322.377
南港,2026-02-28,20625.0,20484.637
南港,2026-03-01,17813.0,19402.605
南港,2026-03-02,23067.0,22808.287
南港,2026-03-03,22985.0,23766.926
南港,2026-03-04,24054.0,23292.951
南港,2026-03-05,24741.0,23965.797
南港,2026-03-06,27044.0,26504.52
南港,2026-03-07,22097.0,23502.045
南港,2026-03-08,18424.0,19659.684
南港,2026-03-09,24022.0,22900.166
南港,2026-03-10,24002.0,23952.367
南港,2026-03-11,25598.0,24061.5
南港,2026-03-12,26680.0,25286.912
南港,2026-03-13,29049.0,28509.19
南港,2026-03-14,22978.0,24300.973
南港,2026-03-15,21435.0,19423.645
南港,2026-03-16,24318.0,23466.652
南港,2026-03-17,25651.0,23744.238
南港,2026-03-18,26103.0,25020.457
南港,2026-03-19,25393.0,26188.982
南港,2026-03-20,29947.0,28155.56
南港,2026-03-21,22341.0,23862.21
南港,2026-03-22,21496.0,20063.38
南港,2026-03-23,24343.0,24910.223
南港,2026-03-24,24637.0,25073.975
南港,2026-03-25,26174.0,25639.168
南港,2026-03-26,26666.0,27007.889
南港,2026-03-27,32174.0,29351.094
南港,2026-03-28,22401.0,25710.943
南港,2026-03-29,18672.0,20570.307
南港,2026-03-30,23971.0,24042.307
南港,2026-03-31,23935.0,24472.92
南港,2026-04-01,23988.0,24871.594
南港,2026-04-02,25555.0,24942.244
南港,2026-04-03,18832.0,20459.842
南港,2026-04-04,19059.0,18992.895
南港,2026-04-05,20421.0,18130.734
南港,2026-04-06,19822.0,19177.832
南港,2026-04-07,24802.0,24298.248
南港,2026-04-08,25927.0,24592.857
南港,2026-04-09,26640.0,25855.22
南港,2026-04-10,28461.0,28723.457
南港,2026-04-11,22229.0,22257.328
南港,2026-04-12,18779.0,19433.926
南港,2026-04-13,23367.0,23915.898
南港,2026-04-14,24713.0,24139.773
南港,2026-04-15,24921.0,24981.836
南港,2026-04-16,25404.0,25695.332
南港,2026-04-17,27087.0,28149.787
南港,2026-04-18,20078.0,21815.203
南港,2026-04-19,19190.0,18338.922
南港,2026-04-20,23283.0,24066.115
南港,2026-04-21,23729.0,24312.201
南港,2026-04-22,24593.0,24611.023
南港,2026-04-23,24807.0,25378.758
南港,2026-04-24,27380.0,27112.662
南港,2026-04-25,20532.0,20862.709
南港,2026-04-26,19996.0,18713.76
南港,2026-04-27,23514.0,24141.178
南港,2026-04-28,24157.0,23722.91
南港,2026-04-29,24653.0,24052.78
南港,2026-04-30,26595.0,24848.879
南港,2026-05-01,19912.0,19035.47
南港,2026-05-02,21638.0,19068.664
南港,2026-05-03,20602.0,19050.064
南港,2026-05-04,24300.0,24308.506
南港,2026-05-05,25681.0,24341.285
南港,2026-05-06,25845.0,25693.363
南港,2026-05-07,25751.0,26204.05
南港,2026-05-08,26764.0,28135.795
南港,2026-05-09,21566.0,21084.986
南港,2026-05-10,20116.0,18986.3
南港,2026-05-11,23612.0,24392.877
南港,2026-05-12,23702.0,24453.457
南港,2026-05-13,24663.0,24702.65
南港,2026-05-14,24945.0,25447.09
南港,2026-05-15,28696.0,27326.121
南港,2026-05-16,23816.0,22925.742
南港,2026-05-17,21750.0,20962.066
南港,2026-05-18,23772.0,24657.508
南港,2026-05-19,23607.0,24117.213
南港,2026-05-20,25442.0,24271.24
南港,2026-05-21,24685.0,25643.812
南港,2026-05-22,30215.0,27432.828
南港,2026-05-23,27599.0,24023.79
南港,2026-05-24,23576.0,23322.883
南港,2026-05-25,24834.0,25340.69
南港,2026-05-26,24196.0,24356.227
南港,2026-05-27,24199.0,24863.207
南港,2026-05-28,24047.0,24982.67
南港,2026-05-29,26210.0,27171.725
南港,2026-05-30,21293.0,21921.293
南港,2026-05-31,19653.0,19367.057
南港展覽館,2026-01-01,24533.0,21173.307
南港展覽館,2026-01-02,33142.0,38522.35
南港展覽館,2026-01-03,28914.0,22850.842
南港展覽館,2026-01-04,20230.0,21719.938
南港展覽館,2026-01-05,32939.0,31178.762
南港展覽館,2026-01-06,33447.0,33862.336
南港展覽館,2026-01-07,36226.0,34378.28
南港展覽館,2026-01-08,35474.0,36824.836
南港展覽館,2026-01-09,38960.0,39820.83
南港展覽館,2026-01-10,31115.0,27343.209
南港展覽館,2026-01-11,22734.0,23008.996
南港展覽館,2026-01-12,34056.0,31619.203
南港展覽館,2026-01-13,35780.0,34050.92
南港展覽館,2026-01-14,36274.0,35838.977
南港展覽館,2026-01-15,38333.0,36758.25
南港展覽館,2026-01-16,44419.0,42194.22
南港展覽館,2026-01-17,36740.0,32190.227
南港展覽館,2026-01-18,21075.0,27686.3
南港展覽館,2026-01-19,35183.0,32299.004
南港展覽館,2026-01-20,38809.0,33750.54
南港展覽館,2026-01-21,35737.0,38060.926
南港展覽館,2026-01-22,37703.0,36401.23
南港展覽館,2026-01-23,42986.0,41610.35
南港展覽館,2026-01-24,35111.0,30631.201
南港展覽館,2026-01-25,20850.0,26724.436
南港展覽館,2026-01-26,34067.0,31646.332
南港展覽館,2026-01-27,34396.0,34853.844
南港展覽館,2026-01-28,36335.0,36574.457
南港展覽館,2026-01-29,50743.0,37975.086
南港展覽館,2026-01-30,55004.0,54234.305
南港展覽館,2026-01-31,52895.0,44132.305
南港展覽館,2026-02-01,40371.0,38750.36
南港展覽館,2026-02-02,32408.0,38659.184
南港展覽館,2026-02-03,34224.0,32246.12
南港展覽館,2026-02-04,36829.0,34303.133
南港展覽館,2026-02-05,58501.0,37436.367
南港展覽館,2026-02-06,66512.0,63923.832
南港展覽館,2026-02-07,48758.0,63943.95
南港展覽館,2026-02-08,42101.0,35084.703
南港展覽館,2026-02-09,49131.0,40198.22
南港展覽館,2026-02-10,35837.0,44976.156
南港展覽館,2026-02-11,35379.0,34913.12
南港展覽館,2026-02-12,37507.0,35421.375
南港展覽館,2026-02-13,36849.0,43956.133
南港展覽館,2026-02-14,20927.0,27850.266
南港展覽館,2026-02-15,16656.0,15331.844
南港展覽館,2026-02-16,10406.0,8881.863
南港展覽館,2026-02-17,21061.0,11848.439
南港展覽館,2026-02-18,21056.0,25954.758
南港展覽館,2026-02-19,24121.0,25360.445
南港展覽館,2026-02-20,23480.0,23894.557
南港展覽館,2026-02-21,22707.0,19268.965
南港展覽館,2026-02-22,18091.0,12225.968
南港展覽館,2026-02-23,31042.0,25457.598
南港展覽館,2026-02-24,32658.0,34324.12
南港展覽館,2026-02-25,33200.0,34437.344
南港展覽館,2026-02-26,35571.0,35076.312
南港展覽館,2026-02-27,25465.0,28411.033
南港展覽館,2026-02-28,31733.0,23967.191
南港展覽館,2026-03-01,21263.0,26635.723
南港展覽館,2026-03-02,31778.0,31026.121
南港展覽館,2026-03-03,32116.0,33959.633
南港展覽館,2026-03-04,32549.0,32688.455
南港展覽館,2026-03-05,33930.0,32430.943
南港展覽館,2026-03-06,34326.0,38220.098
南港展覽館,2026-03-07,25265.0,26618.256
南港展覽館,2026-03-08,18755.0,20542.492
南港展覽館,2026-03-09,32470.0,31115.777
南港展覽館,2026-03-10,32790.0,33112.582
南港展覽館,2026-03-11,35109.0,32756.686
南港展覽館,2026-03-12,43184.0,34389.363
南港展覽館,2026-03-13,46469.0,46686.797
南港展覽館,2026-03-14,37805.0,37693.355
南港展覽館,2026-03-15,31235.0,26194.834
南港展覽館,2026-03-16,34206.0,32275.473
南港展覽館,2026-03-17,39198.0,31883.506
南港展覽館,2026-03-18,39309.0,35864.125
南港展覽館,2026-03-19,38892.0,38407.516
南港展覽館,2026-03-20,42759.0,42654.574
南港展覽館,2026-03-21,25193.0,30957.504
南港展覽館,2026-03-22,21958.0,17242.762
南港展覽館,2026-03-23,33583.0,31218.762
南港展覽館,2026-03-24,35930.0,35594.457
南港展覽館,2026-03-25,41177.0,39018.79
南港展覽館,2026-03-26,42373.0,43383.33
南港展覽館,2026-03-27,47013.0,46298.117
南港展覽館,2026-03-28,29413.0,32832.88
南港展覽館,2026-03-29,19797.0,22182.906
南港展覽館,2026-03-30,32824.0,31936.555
南港展覽館,2026-03-31,33755.0,33607.16
南港展覽館,2026-04-01,33035.0,34705.016
南港展覽館,2026-04-02,34834.0,34346.273
南港展覽館,2026-04-03,28476.0,22352.178
南港展覽館,2026-04-04,26811.0,25326.709
南港展覽館,2026-04-05,26287.0,21606.723
南港展覽館,2026-04-06,22394.0,21852.957
南港展覽館,2026-04-07,32498.0,33262.496
南港展覽館,2026-04-08,37247.0,32679.543
南港展覽館,2026-04-09,38643.0,36979.363
南港展覽館,2026-04-10,39576.0,42789.15
南港展覽館,2026-04-11,26616.0,28502.05
南港展覽館,2026-04-12,20906.0,20533.615
南港展覽館,2026-04-13,33363.0,32072.543
南港展覽館,2026-04-14,37746.0,34564.83
南港展覽館,2026-04-15,37422.0,37962.03
南港展覽館,2026-04-16,37346.0,38567.523
南港展覽館,2026-04-17,37311.0,41246.22
南港展覽館,2026-04-18,24241.0,25253.094
南港展覽館,2026-04-19,20065.0,18999.283
南港展覽館,2026-04-20,32104.0,32643.164
南港展覽館,2026-04-21,33932.0,34278.336
南港展覽館,2026-04-22,36183.0,35475.35
南港展覽館,2026-04-23,36039.0,36984.754
南港展覽館,2026-04-24,36489.0,39474.832
南港展覽館,2026-04-25,25348.0,23351.305
南港展覽館,2026-04-26,22227.0,19766.96
南港展覽館,2026-04-27,32724.0,32196.121
南港展覽館,2026-04-28,33267.0,33134.855
南港展覽館,2026-04-29,34222.0,33417.727
南港展覽館,2026-04-30,35147.0,34173.688
南港展覽館,2026-05-01,24420.0,20356.715
南港展覽館,2026-05-02,26260.0,20698.613
南港展覽館,2026-05-03,20412.0,19599.514
南港展覽館,2026-05-04,32319.0,30995.57
南港展覽館,2026-05-05,39163.0,33024.547
南港展覽館,2026-05-06,40872.0,38107.227
南港展覽館,2026-05-07,39824.0,40397.95
南港展覽館,2026-05-08,34708.0,42350.133
南港展覽館,2026-05-09,26785.0,21894.834
南港展覽館,2026-05-10,24603.0,19387.871
南港展覽館,2026-05-11,32396.0,33403.703
南港展覽館,2026-05-12,33637.0,33691.62
南港展覽館,2026-05-13,34979.0,34674.42
南港展覽館,2026-05-14,36677.0,35950.05
南港展覽館,2026-05-15,43593.0,39908.88
南港展覽館,2026-05-16,30228.0,31199.902
南港展覽館,2026-05-17,25804.0,24207.074
南港展覽館,2026-05-18,32511.0,33279.234
南港展覽館,2026-05-19,33245.0,33782.51
南港展覽館,2026-05-20,35123.0,34343.453
南港展覽館,2026-05-21,37811.0,35671.48
南港展覽館,2026-05-22,49744.0,40829.26
南港展覽館,2026-05-23,47072.0,35961.574
南港展覽館,2026-05-24,40926.0,34856.63
南港展覽館,2026-05-25,41654.0,38155.43
南港展覽館,2026-05-26,35166.0,36240.5
南港展覽館,2026-05-27,34273.0,34326.664
南港展覽館,2026-05-28,34154.0,34822.867
南港展覽館,2026-05-29,35052.0,38659.297
南港展覽館,2026-05-30,26205.0,25155.781
南港展覽館,2026-05-31,22162.0,19212.758
南港軟體園區,2026-01-01,6231.0,5322.951
南港軟體園區,2026-01-02,8927.0,9443.176
南港軟體園區,2026-01-03,5111.0,5444.195
南港軟體園區,2026-01-04,4440.0,4196.6997
南港軟體園區,2026-01-05,8763.0,8501.136
南港軟體園區,2026-01-06,9145.0,8844.403
南港軟體園區,2026-01-07,7959.0,9316.867
南港軟體園區,2026-01-08,8391.0,8582.634
南港軟體園區,2026-01-09,8926.0,9153.383
南港軟體園區,2026-01-10,5027.0,5171.5967
南港軟體園區,2026-01-11,4484.0,4196.3975
南港軟體園區,2026-01-12,8588.0,8287.633
南港軟體園區,2026-01-13,8550.0,8521.779
南港軟體園區,2026-01-14,8812.0,8624.826
南港軟體園區,2026-01-15,8761.0,8719.873
南港軟體園區,2026-01-16,9395.0,9097.816
南港軟體園區,2026-01-17,5545.0,5057.4375
南港軟體園區,2026-01-18,4460.0,4402.3706
南港軟體園區,2026-01-19,9638.0,8543.652
南港軟體園區,2026-01-20,10370.0,9131.425
南港軟體園區,2026-01-21,9638.0,9551.595
南港軟體園區,2026-01-22,9583.0,9209.506
南港軟體園區,2026-01-23,9741.0,9815.445
南港軟體園區,2026-01-24,5441.0,5162.026
南港軟體園區,2026-01-25,4735.0,4367.963
南港軟體園區,2026-01-26,8809.0,9097.398
南港軟體園區,2026-01-27,9571.0,9037.316
南港軟體園區,2026-01-28,9138.0,9463.799
南港軟體園區,2026-01-29,9197.0,9180.14
南港軟體園區,2026-01-30,9652.0,9618.039
南港軟體園區,2026-01-31,6135.0,5242.975
南港軟體園區,2026-02-01,5576.0,4835.488
南港軟體園區,2026-02-02,9111.0,9243.951
南港軟體園區,2026-02-03,8719.0,9186.762
南港軟體園區,2026-02-04,8730.0,9050.244
南港軟體園區,2026-02-05,9518.0,8923.131
南港軟體園區,2026-02-06,9737.0,9769.295
南港軟體園區,2026-02-07,5611.0,5507.854
南港軟體園區,2026-02-08,4954.0,4716.6133
南港軟體園區,2026-02-09,8944.0,9030.943
南港軟體園區,2026-02-10,8853.0,9045.785
南港軟體園區,2026-02-11,8899.0,9044.928
南港軟體園區,2026-02-12,8801.0,8946.926
南港軟體園區,2026-02-13,8670.0,9290.177
南港軟體園區,2026-02-14,4386.0,4789.4824
南港軟體園區,2026-02-15,4136.0,3744.151
南港軟體園區,2026-02-16,2469.0,1735.2734
南港軟體園區,2026-02-17,6683.0,1257.9619
南港軟體園區,2026-02-18,5329.0,5023.29
南港軟體園區,2026-02-19,6538.0,4542.2437
南港軟體園區,2026-02-20,6058.0,4395.875
南港軟體園區,2026-02-21,5527.0,4004.0234
南港軟體園區,2026-02-22,4603.0,3466.4758
南港軟體園區,2026-02-23,8093.0,8328.48
南港軟體園區,2026-02-24,8003.0,8785.382
南港軟體園區,2026-02-25,8447.0,8578.972
南港軟體園區,2026-02-26,8347.0,8718.951
南港軟體園區,2026-02-27,4956.0,4882.899
南港軟體園區,2026-02-28,5051.0,4788.5615
南港軟體園區,2026-03-01,4070.0,4614.452
南港軟體園區,2026-03-02,8010.0,8247.846
南港軟體園區,2026-03-03,8626.0,8287.613
南港軟體園區,2026-03-04,9057.0,8604.821
南港軟體園區,2026-03-05,8833.0,8626.404
南港軟體園區,2026-03-06,9820.0,9002.347
南港軟體園區,2026-03-07,4597.0,5992.8843
南港軟體園區,2026-03-08,4319.0,4413.832
南港軟體園區,2026-03-09,8805.0,8368.564
南港軟體園區,2026-03-10,8579.0,8616.75
南港軟體園區,2026-03-11,8669.0,8604.514
南港軟體園區,2026-03-12,8445.0,8629.062
南港軟體園區,2026-03-13,8849.0,9133.423
南港軟體園區,2026-03-14,5197.0,5263.186
南港軟體園區,2026-03-15,4440.0,3931.8157
南港軟體園區,2026-03-16,8000.0,8139.457
南港軟體園區,2026-03-17,8318.0,8256.121
南港軟體園區,2026-03-18,8347.0,8270.464
南港軟體園區,2026-03-19,8603.0,8242.086
南港軟體園區,2026-03-20,8578.0,8840.818
南港軟體園區,2026-03-21,4638.0,4594.6577
南港軟體園區,2026-03-22,4485.0,3745.5674
南港軟體園區,2026-03-23,8093.0,8147.451
南港軟體園區,2026-03-24,8140.0,8203.743
南港軟體園區,2026-03-25,8427.0,8127.2803
南港軟體園區,2026-03-26,8482.0,8196.779
南港軟體園區,2026-03-27,8904.0,8709.303
南港軟體園區,2026-03-28,4633.0,4620.088
南港軟體園區,2026-03-29,4182.0,3708.9102
南港軟體園區,2026-03-30,8325.0,8102.3545
南港軟體園區,2026-03-31,8272.0,8335.319
南港軟體園區,2026-04-01,8181.0,8294.401
南港軟體園區,2026-04-02,8366.0,8202.36
南港軟體園區,2026-04-03,5410.0,4161.388
南港軟體園區,2026-04-04,5425.0,4091.9453
南港軟體園區,2026-04-05,5113.0,3937.1626
南港軟體園區,2026-04-06,4762.0,4101.9517
南港軟體園區,2026-04-07,8250.0,8243.562
南港軟體園區,2026-04-08,8413.0,8037.092
南港軟體園區,2026-04-09,8191.0,8210.326
南港軟體園區,2026-04-10,8558.0,8794.444
南港軟體園區,2026-04-11,4722.0,4748.472
南港軟體園區,2026-04-12,4415.0,3780.6516
南港軟體園區,2026-04-13,7984.0,8077.881
南港軟體園區,2026-04-14,8146.0,8201.161
南港軟體園區,2026-04-15,8794.0,8316.586
南港軟體園區,2026-04-16,8328.0,8560.316
南港軟體園區,2026-04-17,8465.0,8773.164
南港軟體園區,2026-04-18,4606.0,4671.0586
南港軟體園區,2026-04-19,4233.0,3772.377
南港軟體園區,2026-04-20,7921.0,8024.794
南港軟體園區,2026-04-21,7866.0,8121.309
南港軟體園區,2026-04-22,8067.0,8036.6265
南港軟體園區,2026-04-23,8885.0,8044.4062
南港軟體園區,2026-04-24,9071.0,8805.354
南港軟體園區,2026-04-25,5221.0,4545.8276
南港軟體園區,2026-04-26,4599.0,3992.2324
南港軟體園區,2026-04-27,7909.0,8082.574
南港軟體園區,2026-04-28,8013.0,8114.619
南港軟體園區,2026-04-29,8605.0,7981.489
南港軟體園區,2026-04-30,8884.0,8164.9014
南港軟體園區,2026-05-01,5225.0,3981.54
南港軟體園區,2026-05-02,5389.0,4310.992
南港軟體園區,2026-05-03,4495.0,3962.2139
南港軟體園區,2026-05-04,8445.0,7912.777
南港軟體園區,2026-05-05,8983.0,8273.385
南港軟體園區,2026-05-06,8430.0,8648.948
南港軟體園區,2026-05-07,8368.0,8359.905
南港軟體園區,2026-05-08,8958.0,9016.232
南港軟體園區,2026-05-09,5146.0,5140.196
南港軟體園區,2026-05-10,4782.0,4182.487
南港軟體園區,2026-05-11,7931.0,8229.834
南港軟體園區,2026-05-12,7935.0,8272.814
南港軟體園區,2026-05-13,9129.0,8239.457
南港軟體園區,2026-05-14,8279.0,8701.466
南港軟體園區,2026-05-15,8638.0,8912.082
南港軟體園區,2026-05-16,5113.0,4976.6
南港軟體園區,2026-05-17,4896.0,4162.172
南港軟體園區,2026-05-18,7843.0,8120.7354
南港軟體園區,2026-05-19,8101.0,8166.3296
南港軟體園區,2026-05-20,8243.0,8115.339
南港軟體園區,2026-05-21,8276.0,8115.5137
南港軟體園區,2026-05-22,8758.0,8713.773
南港軟體園區,2026-05-23,6006.0,4746.6772
南港軟體園區,2026-05-24,5639.0,4560.9736
南港軟體園區,2026-05-25,8241.0,8240.906
南港軟體園區,2026-05-26,8406.0,8259.274
南港軟體園區,2026-05-27,8357.0,8235.21
南港軟體園區,2026-05-28,8360.0,8170.5713
南港軟體園區,2026-05-29,8454.0,8881.174
南港軟體園區,2026-05-30,5166.0,4868.861
南港軟體園區,2026-05-31,4816.0,4136.1006
古亭,2026-01-01,17833.0,20600.723
古亭,2026-01-02,32418.0,34607.637
古亭,2026-01-03,25143.0,24943.828
古亭,2026-01-04,19583.0,20090.322
古亭,2026-01-05,31117.0,31878.148
古亭,2026-01-06,32893.0,32687.47
古亭,2026-01-07,33212.0,32908.23
古亭,2026-01-08,33218.0,33152.938
古亭,2026-01-09,35107.0,35774.594
古亭,2026-01-10,26993.0,27592.396
古亭,2026-01-11,20435.0,20321.926
古亭,2026-01-12,30365.0,30711.117
古亭,2026-01-13,32489.0,31875.156
古亭,2026-01-14,32978.0,32701.61
古亭,2026-01-15,32405.0,33151.56
古亭,2026-01-16,34742.0,34889.496
古亭,2026-01-17,26268.0,27013.645
古亭,2026-01-18,19882.0,20478.875
古亭,2026-01-19,31297.0,30196.701
古亭,2026-01-20,33045.0,32251.541
古亭,2026-01-21,32816.0,32542.436
古亭,2026-01-22,32936.0,32565.395
古亭,2026-01-23,34155.0,34684.184
古亭,2026-01-24,26170.0,24740.662
古亭,2026-01-25,20939.0,19504.04
古亭,2026-01-26,31430.0,30596.68
古亭,2026-01-27,33949.0,32577.535
古亭,2026-01-28,34240.0,33592.207
古亭,2026-01-29,34132.0,33803.66
古亭,2026-01-30,35208.0,35678.574
古亭,2026-01-31,27214.0,26013.887
古亭,2026-02-01,20300.0,20308.822
古亭,2026-02-02,31457.0,31102.85
古亭,2026-02-03,34059.0,33037.91
古亭,2026-02-04,33955.0,33818.742
古亭,2026-02-05,33621.0,33735.92
古亭,2026-02-06,35759.0,35864.934
古亭,2026-02-07,27444.0,26253.77
古亭,2026-02-08,21895.0,20559.88
古亭,2026-02-09,31818.0,31616.94
古亭,2026-02-10,34041.0,33332.652
古亭,2026-02-11,33303.0,33851.27
古亭,2026-02-12,33185.0,33524.78
古亭,2026-02-13,32005.0,35653.305
古亭,2026-02-14,20262.0,24154.95
古亭,2026-02-15,15174.0,17035.312
古亭,2026-02-16,9959.0,8048.3027
古亭,2026-02-17,11017.0,7760.801
古亭,2026-02-18,12069.0,16311.715
古亭,2026-02-19,12972.0,14975.02
古亭,2026-02-20,14674.0,14636.129
古亭,2026-02-21,17419.0,16352.837
古亭,2026-02-22,16756.0,14753.17
古亭,2026-02-23,30917.0,26726.504
古亭,2026-02-24,32947.0,32732.225
古亭,2026-02-25,34569.0,33918.13
古亭,2026-02-26,35113.0,34278.2
古亭,2026-02-27,24262.0,25109.521
古亭,2026-02-28,23285.0,23194.066
古亭,2026-03-01,19194.0,20326.148
古亭,2026-03-02,31752.0,30946.334
古亭,2026-03-03,33388.0,32760.303
古亭,2026-03-04,34599.0,32745.674
古亭,2026-03-05,34638.0,33422.21
古亭,2026-03-06,36261.0,35483.64
古亭,2026-03-07,28455.0,27852.14
古亭,2026-03-08,21501.0,20738.71
古亭,2026-03-09,32781.0,32306.47
古亭,2026-03-10,34732.0,33918.637
古亭,2026-03-11,35454.0,34259.832
古亭,2026-03-12,35227.0,34742.336
古亭,2026-03-13,36920.0,36740.72
古亭,2026-03-14,29595.0,29125.307
古亭,2026-03-15,22478.0,22306.777
古亭,2026-03-16,31946.0,31493.852
古亭,2026-03-17,34251.0,33341.566
古亭,2026-03-18,35116.0,34046.684
古亭,2026-03-19,34841.0,34908.57
古亭,2026-03-20,37569.0,37337.28
古亭,2026-03-21,28406.0,27691.322
古亭,2026-03-22,21861.0,21350.332
古亭,2026-03-23,32111.0,32269.918
古亭,2026-03-24,34850.0,34138.0
古亭,2026-03-25,35070.0,34767.426
古亭,2026-03-26,34820.0,34803.35
古亭,2026-03-27,36934.0,37275.52
古亭,2026-03-28,27425.0,27580.686
古亭,2026-03-29,21239.0,20839.168
古亭,2026-03-30,31824.0,32108.686
古亭,2026-03-31,34044.0,33930.344
古亭,2026-04-01,34133.0,34467.004
古亭,2026-04-02,34979.0,34332.047
古亭,2026-04-03,21327.0,24361.361
古亭,2026-04-04,18217.0,21441.686
古亭,2026-04-05,17138.0,16918.883
古亭,2026-04-06,16314.0,17821.223
古亭,2026-04-07,33441.0,31836.88
古亭,2026-04-08,34347.0,33474.965
古亭,2026-04-09,34005.0,34479.516
古亭,2026-04-10,36260.0,36678.02
古亭,2026-04-11,27484.0,27875.19
古亭,2026-04-12,21022.0,21173.904
古亭,2026-04-13,31510.0,31143.836
古亭,2026-04-14,33835.0,32894.06
古亭,2026-04-15,34043.0,33502.465
古亭,2026-04-16,34279.0,33749.98
古亭,2026-04-17,35905.0,36652.086
古亭,2026-04-18,27602.0,28317.398
古亭,2026-04-19,21927.0,20756.607
古亭,2026-04-20,31562.0,31269.598
古亭,2026-04-21,33626.0,33212.418
古亭,2026-04-22,34289.0,33805.543
古亭,2026-04-23,34342.0,34243.742
古亭,2026-04-24,36981.0,36478.61
古亭,2026-04-25,28353.0,27829.951
古亭,2026-04-26,22644.0,21559.32
古亭,2026-04-27,32004.0,31377.748
古亭,2026-04-28,34568.0,33434.77
古亭,2026-04-29,35179.0,33580.445
古亭,2026-04-30,37498.0,33926.887
古亭,2026-05-01,22836.0,24774.135
古亭,2026-05-02,24144.0,21735.43
古亭,2026-05-03,19966.0,18593.264
古亭,2026-05-04,33012.0,30762.074
古亭,2026-05-05,35306.0,34177.58
古亭,2026-05-06,35429.0,35092.51
古亭,2026-05-07,35364.0,34912.3
古亭,2026-05-08,36680.0,37598.28
古亭,2026-05-09,27438.0,27457.459
古亭,2026-05-10,19764.0,20713.984
古亭,2026-05-11,31962.0,31848.357
古亭,2026-05-12,34295.0,33834.77
古亭,2026-05-13,34642.0,34674.203
古亭,2026-05-14,34534.0,34693.227
古亭,2026-05-15,36595.0,36950.617
古亭,2026-05-16,27789.0,27847.447
古亭,2026-05-17,21574.0,20815.1
古亭,2026-05-18,31786.0,31798.695
古亭,2026-05-19,33825.0,33672.816
古亭,2026-05-20,34499.0,34029.207
古亭,2026-05-21,34581.0,34185.383
古亭,2026-05-22,36329.0,36564.832
古亭,2026-05-23,28463.0,26781.469
古亭,2026-05-24,21290.0,20932.816
古亭,2026-05-25,31409.0,31986.578
古亭,2026-05-26,33500.0,33572.617
古亭,2026-05-27,34218.0,33440.484
古亭,2026-05-28,34017.0,33630.887
古亭,2026-05-29,35992.0,36236.836
古亭,2026-05-30,28596.0,26520.14
古亭,2026-05-31,20589.0,20971.984
台北101/世貿,2026-01-01,45424.0,43364.516
台北101/世貿,2026-01-02,38744.0,42035.863
台北101/世貿,2026-01-03,35302.0,31846.346
台北101/世貿,2026-01-04,28160.0,29622.473
台北101/世貿,2026-01-05,31958.0,34236.98
台北101/世貿,2026-01-06,32092.0,32412.031
台北101/世貿,2026-01-07,34193.0,32336.986
台北101/世貿,2026-01-08,32550.0,34409.66
台北101/世貿,2026-01-09,38704.0,37019.2
台北101/世貿,2026-01-10,36298.0,35076.18
台北101/世貿,2026-01-11,31344.0,31420.775
台北101/世貿,2026-01-12,34299.0,32735.262
台北101/世貿,2026-01-13,31256.0,32650.342
台北101/世貿,2026-01-14,31319.0,32285.008
台北101/世貿,2026-01-15,32217.0,32947.766
台北101/世貿,2026-01-16,38025.0,36695.074
台北101/世貿,2026-01-17,34744.0,34873.77
台北101/世貿,2026-01-18,30557.0,30581.957
台北101/世貿,2026-01-19,35858.0,33363.27
台北101/世貿,2026-01-20,33780.0,33795.113
台北101/世貿,2026-01-21,31341.0,34038.184
台北101/世貿,2026-01-22,33043.0,32833.082
台北101/世貿,2026-01-23,40070.0,37240.688
台北101/世貿,2026-01-24,39475.0,36780.75
台北101/世貿,2026-01-25,42414.0,33422.617
台北101/世貿,2026-01-26,37142.0,36694.855
台北101/世貿,2026-01-27,32294.0,35057.312
台北101/世貿,2026-01-28,33271.0,33135.434
台北101/世貿,2026-01-29,33004.0,33736.9
台北101/世貿,2026-01-30,35286.0,37560.793
台北101/世貿,2026-01-31,29221.0,33142.1
台北101/世貿,2026-02-01,25946.0,25554.965
台北101/世貿,2026-02-02,34223.0,31977.49
台北101/世貿,2026-02-03,43418.0,33643.184
台北101/世貿,2026-02-04,42521.0,42389.86
台北101/世貿,2026-02-05,45877.0,42006.535
台北101/世貿,2026-02-06,52878.0,45916.17
台北101/世貿,2026-02-07,48791.0,42742.53
台北101/世貿,2026-02-08,40115.0,38931.332
台北101/世貿,2026-02-09,32719.0,38164.293
台北101/世貿,2026-02-10,33355.0,33254.055
台北101/世貿,2026-02-11,33410.0,33953.094
台北101/世貿,2026-02-12,32814.0,33083.305
台北101/世貿,2026-02-13,32250.0,36714.55
台北101/世貿,2026-02-14,27006.0,27797.89
台北101/世貿,2026-02-15,22864.0,23736.875
台北101/世貿,2026-02-16,16209.0,20775.148
台北101/世貿,2026-02-17,25911.0,19845.781
台北101/世貿,2026-02-18,26691.0,28782.496
台北101/世貿,2026-02-19,29517.0,28987.04
台北101/世貿,2026-02-20,28498.0,28757.926
台北101/世貿,2026-02-21,28003.0,26268.586
台北101/世貿,2026-02-22,21079.0,22345.008
台北101/世貿,2026-02-23,28601.0,27051.654
台北101/世貿,2026-02-24,29546.0,30402.5
台北101/世貿,2026-02-25,30639.0,30662.652
台北101/世貿,2026-02-26,32766.0,31263.85
台北101/世貿,2026-02-27,31538.0,27610.9
台北101/世貿,2026-02-28,32721.0,30818.379
台北101/世貿,2026-03-01,26195.0,28571.273
台北101/世貿,2026-03-02,32338.0,29961.723
台北101/世貿,2026-03-03,30473.0,31939.61
台北101/世貿,2026-03-04,31940.0,30439.256
台北101/世貿,2026-03-05,33479.0,32170.604
台北101/世貿,2026-03-06,38956.0,37380.29
台北101/世貿,2026-03-07,37175.0,40378.617
台北101/世貿,2026-03-08,30709.0,29167.771
台北101/世貿,2026-03-09,34305.0,30808.814
台北101/世貿,2026-03-10,31576.0,32161.432
台北101/世貿,2026-03-11,34945.0,31427.498
台北101/世貿,2026-03-12,34047.0,34578.676
台北101/世貿,2026-03-13,38536.0,38106.184
台北101/世貿,2026-03-14,37958.0,39686.48
台北101/世貿,2026-03-15,32207.0,29386.49
台北101/世貿,2026-03-16,33489.0,31719.105
台北101/世貿,2026-03-17,32540.0,31552.912
台北101/世貿,2026-03-18,32610.0,32913.13
台北101/世貿,2026-03-19,33427.0,33437.754
台北101/世貿,2026-03-20,39442.0,38297.094
台北101/世貿,2026-03-21,38624.0,37840.074
台北101/世貿,2026-03-22,31458.0,32767.822
台北101/世貿,2026-03-23,36387.0,32969.098
台北101/世貿,2026-03-24,31950.0,34776.074
台北101/世貿,2026-03-25,32723.0,33055.918
台北101/世貿,2026-03-26,34165.0,33711.82
台北101/世貿,2026-03-27,34985.0,38652.773
台北101/世貿,2026-03-28,31614.0,31557.611
台北101/世貿,2026-03-29,27395.0,27346.844
台北101/世貿,2026-03-30,33038.0,32095.576
台北101/世貿,2026-03-31,31897.0,32571.889
台北101/世貿,2026-04-01,32131.0,32808.344
台北101/世貿,2026-04-02,34872.0,33198.816
台北101/世貿,2026-04-03,29503.0,31652.717
台北101/世貿,2026-04-04,29984.0,29690.096
台北101/世貿,2026-04-05,28604.0,26325.152
台北101/世貿,2026-04-06,25241.0,25987.488
台北101/世貿,2026-04-07,30472.0,30613.717
台北101/世貿,2026-04-08,31269.0,30333.674
台北101/世貿,2026-04-09,32551.0,31986.418
台北101/世貿,2026-04-10,38047.0,36550.523
台北101/世貿,2026-04-11,38643.0,33494.27
台北101/世貿,2026-04-12,32769.0,32044.02
台北101/世貿,2026-04-13,34224.0,33060.44
台北101/世貿,2026-04-14,31027.0,32566.04
台北101/世貿,2026-04-15,31719.0,31755.941
台北101/世貿,2026-04-16,33602.0,32580.06
台北101/世貿,2026-04-17,36865.0,38257.81
台北101/世貿,2026-04-18,36113.0,35473.914
台北101/世貿,2026-04-19,31596.0,30215.527
台北101/世貿,2026-04-20,32038.0,32623.002
台北101/世貿,2026-04-21,32537.0,31257.19
台北101/世貿,2026-04-22,32362.0,32496.135
台北101/世貿,2026-04-23,32355.0,32915.07
台北101/世貿,2026-04-24,35018.0,37095.566
台北101/世貿,2026-04-25,31815.0,33065.617
台北101/世貿,2026-04-26,28159.0,28080.188
台北101/世貿,2026-04-27,32633.0,31651.684
台北101/世貿,2026-04-28,31488.0,31307.459
台北101/世貿,2026-04-29,32902.0,31603.375
台北101/世貿,2026-04-30,35228.0,33148.824
台北101/世貿,2026-05-01,33575.0,30169.582
台北101/世貿,2026-05-02,33829.0,32435.809
台北101/世貿,2026-05-03,29084.0,28478.016
台北101/世貿,2026-05-04,37399.0,31282.04
台北101/世貿,2026-05-05,33602.0,35174.527
台北101/世貿,2026-05-06,31816.0,33715.332
台北101/世貿,2026-05-07,32319.0,32875.44
台北101/世貿,2026-05-08,34550.0,36780.332
台北101/世貿,2026-05-09,31030.0,29654.81
台北101/世貿,2026-05-10,24892.0,26506.924
台北101/世貿,2026-05-11,31161.0,31676.248
台北101/世貿,2026-05-12,32096.0,31161.457
台北101/世貿,2026-05-13,32339.0,32790.95
台北101/世貿,2026-05-14,32132.0,33210.816
台北101/世貿,2026-05-15,35561.0,35897.79
台北101/世貿,2026-05-16,30800.0,30268.61
台北101/世貿,2026-05-17,26685.0,27406.143
台北101/世貿,2026-05-18,31329.0,31597.525
台北101/世貿,2026-05-19,31162.0,31057.832
台北101/世貿,2026-05-20,32849.0,31238.945
台北101/世貿,2026-05-21,32563.0,32716.676
台北101/世貿,2026-05-22,39643.0,35899.746
台北101/世貿,2026-05-23,40662.0,34088.992
台北101/世貿,2026-05-24,35379.0,33509.09
台北101/世貿,2026-05-25,36039.0,33969.72
台北101/世貿,2026-05-26,31271.0,32967.33
台北101/世貿,2026-05-27,31984.0,31932.398
台北101/世貿,2026-05-28,32865.0,32609.791
台北101/世貿,2026-05-29,37631.0,36966.85
台北101/世貿,2026-05-30,37025.0,33952.523
台北101/世貿,2026-05-31,31705.0,30978.256
台北小巨蛋,2026-01-01,10157.0,14389.436
台北小巨蛋,2026-01-02,27303.0,24545.791
台北小巨蛋,2026-01-03,18949.0,19583.682
台北小巨蛋,2026-01-04,9264.0,14594.314
台北小巨蛋,2026-01-05,21675.0,22186.22
台北小巨蛋,2026-01-06,22700.0,22858.172
台北小巨蛋,2026-01-07,23007.0,22847.256
台北小巨蛋,2026-01-08,23073.0,23040.273
台北小巨蛋,2026-01-09,23422.0,25394.828
台北小巨蛋,2026-01-10,16853.0,18472.756
台北小巨蛋,2026-01-11,14715.0,12970.818
台北小巨蛋,2026-01-12,21633.0,21146.451
台北小巨蛋,2026-01-13,22296.0,22143.135
台北小巨蛋,2026-01-14,22613.0,22579.729
台北小巨蛋,2026-01-15,23314.0,22768.676
台北小巨蛋,2026-01-16,23091.0,24740.488
台北小巨蛋,2026-01-17,16577.0,18466.137
台北小巨蛋,2026-01-18,9898.0,13660.291
台北小巨蛋,2026-01-19,21615.0,20802.002
台北小巨蛋,2026-01-20,23658.0,22155.055
台北小巨蛋,2026-01-21,22459.0,22471.398
台北小巨蛋,2026-01-22,23101.0,21928.79
台北小巨蛋,2026-01-23,28012.0,23898.512
台北小巨蛋,2026-01-24,18454.0,18104.062
台北小巨蛋,2026-01-25,10603.0,13661.245
台北小巨蛋,2026-01-26,21280.0,21863.674
台北小巨蛋,2026-01-27,23019.0,22377.617
台北小巨蛋,2026-01-28,22903.0,22657.64
台北小巨蛋,2026-01-29,22280.0,22527.72
台北小巨蛋,2026-01-30,23221.0,24191.676
台北小巨蛋,2026-01-31,20544.0,16426.285
台北小巨蛋,2026-02-01,12134.0,14194.084
台北小巨蛋,2026-02-02,23427.0,21591.492
台北小巨蛋,2026-02-03,23832.0,23488.516
台北小巨蛋,2026-02-04,24405.0,23922.68
台北小巨蛋,2026-02-05,22369.0,24013.168
台北小巨蛋,2026-02-06,22774.0,24334.266
台北小巨蛋,2026-02-07,16251.0,16503.95
台北小巨蛋,2026-02-08,12669.0,12642.361
台北小巨蛋,2026-02-09,21555.0,22151.514
台北小巨蛋,2026-02-10,22449.0,22741.691
台北小巨蛋,2026-02-11,22908.0,22651.637
台北小巨蛋,2026-02-12,23838.0,22687.0
台北小巨蛋,2026-02-13,21943.0,24494.846
台北小巨蛋,2026-02-14,12567.0,15919.367
台北小巨蛋,2026-02-15,7032.0,11039.51
台北小巨蛋,2026-02-16,4410.0,3965.9053
台北小巨蛋,2026-02-17,5613.0,4692.4434
台北小巨蛋,2026-02-18,5988.0,9168.131
台北小巨蛋,2026-02-19,6781.0,8418.353
台北小巨蛋,2026-02-20,12123.0,9026.1455
台北小巨蛋,2026-02-21,13192.0,13069.29
台北小巨蛋,2026-02-22,12724.0,10544.246
台北小巨蛋,2026-02-23,21049.0,19220.463
台北小巨蛋,2026-02-24,26345.0,21893.164
台北小巨蛋,2026-02-25,26872.0,25122.475
台北小巨蛋,2026-02-26,23170.0,24651.195
台北小巨蛋,2026-02-27,12912.0,14968.422
台北小巨蛋,2026-02-28,12795.0,14106.098
台北小巨蛋,2026-03-01,10608.0,12610.712
台北小巨蛋,2026-03-02,22485.0,22077.902
台北小巨蛋,2026-03-03,22643.0,22807.4
台北小巨蛋,2026-03-04,27645.0,22733.18
台北小巨蛋,2026-03-05,23382.0,24625.809
台北小巨蛋,2026-03-06,23965.0,23853.049
台北小巨蛋,2026-03-07,16696.0,16634.352
台北小巨蛋,2026-03-08,15859.0,13061.551
台北小巨蛋,2026-03-09,21777.0,22819.982
台北小巨蛋,2026-03-10,22730.0,23026.578
台北小巨蛋,2026-03-11,23832.0,23017.553
台北小巨蛋,2026-03-12,23363.0,23056.93
台北小巨蛋,2026-03-13,23036.0,24041.896
台北小巨蛋,2026-03-14,14885.0,17213.133
台北小巨蛋,2026-03-15,11977.0,12610.635
台北小巨蛋,2026-03-16,21766.0,21739.215
台北小巨蛋,2026-03-17,23217.0,22943.72
台北小巨蛋,2026-03-18,23735.0,23062.732
台北小巨蛋,2026-03-19,23096.0,22807.756
台北小巨蛋,2026-03-20,23707.0,23343.945
台北小巨蛋,2026-03-21,19485.0,15346.083
台北小巨蛋,2026-03-22,18581.0,13780.906
台北小巨蛋,2026-03-23,21746.0,22105.72
台北小巨蛋,2026-03-24,23711.0,22502.309
台北小巨蛋,2026-03-25,24208.0,22467.338
台北小巨蛋,2026-03-26,23571.0,22731.35
台北小巨蛋,2026-03-27,23348.0,25093.625
台北小巨蛋,2026-03-28,15610.0,16643.12
台北小巨蛋,2026-03-29,11247.0,12297.25
台北小巨蛋,2026-03-30,21532.0,22141.424
台北小巨蛋,2026-03-31,22865.0,23103.045
台北小巨蛋,2026-04-01,23111.0,23440.775
台北小巨蛋,2026-04-02,22766.0,23383.184
台北小巨蛋,2026-04-03,10962.0,15516.751
台北小巨蛋,2026-04-04,17785.0,12623.409
台北小巨蛋,2026-04-05,16962.0,12901.242
台北小巨蛋,2026-04-06,9231.0,13839.339
台北小巨蛋,2026-04-07,22158.0,21804.54
台北小巨蛋,2026-04-08,23529.0,21834.922
台北小巨蛋,2026-04-09,23708.0,22553.207
台北小巨蛋,2026-04-10,25704.0,24927.758
台北小巨蛋,2026-04-11,21818.0,18095.027
台北小巨蛋,2026-04-12,17042.0,15415.27
台北小巨蛋,2026-04-13,22016.0,22456.658
台北小巨蛋,2026-04-14,23003.0,23162.94
台北小巨蛋,2026-04-15,23487.0,23248.602
台北小巨蛋,2026-04-16,23056.0,23277.773
台北小巨蛋,2026-04-17,24939.0,25718.342
台北小巨蛋,2026-04-18,16672.0,20177.436
台北小巨蛋,2026-04-19,15157.0,13866.586
台北小巨蛋,2026-04-20,21582.0,22107.639
台北小巨蛋,2026-04-21,22265.0,22995.795
台北小巨蛋,2026-04-22,22737.0,22851.348
台北小巨蛋,2026-04-23,22656.0,22775.713
台北小巨蛋,2026-04-24,23411.0,24399.053
台北小巨蛋,2026-04-25,17878.0,17668.271
台北小巨蛋,2026-04-26,15359.0,13811.068
台北小巨蛋,2026-04-27,21450.0,21429.771
台北小巨蛋,2026-04-28,22839.0,22015.254
台北小巨蛋,2026-04-29,22845.0,21549.854
台北小巨蛋,2026-04-30,23070.0,21668.047
台北小巨蛋,2026-05-01,11637.0,14408.908
台北小巨蛋,2026-05-02,11105.0,12957.578
台北小巨蛋,2026-05-03,13865.0,10042.152
台北小巨蛋,2026-05-04,21866.0,20757.717
台北小巨蛋,2026-05-05,23183.0,22305.945
台北小巨蛋,2026-05-06,22789.0,22995.096
台北小巨蛋,2026-05-07,22626.0,22578.191
台北小巨蛋,2026-05-08,23072.0,24230.908
台北小巨蛋,2026-05-09,20350.0,16977.783
台北小巨蛋,2026-05-10,16211.0,14514.19
台北小巨蛋,2026-05-11,20947.0,21506.309
台北小巨蛋,2026-05-12,21689.0,22108.914
台北小巨蛋,2026-05-13,22477.0,22210.012
台北小巨蛋,2026-05-14,22074.0,22306.88
台北小巨蛋,2026-05-15,26338.0,24255.656
台北小巨蛋,2026-05-16,17484.0,20218.549
台北小巨蛋,2026-05-17,15751.0,14257.262
台北小巨蛋,2026-05-18,21074.0,21452.174
台北小巨蛋,2026-05-19,21684.0,22400.59
台北小巨蛋,2026-05-20,22528.0,22304.102
台北小巨蛋,2026-05-21,22275.0,22241.453
台北小巨蛋,2026-05-22,22379.0,24148.555
台北小巨蛋,2026-05-23,18291.0,16673.047
台北小巨蛋,2026-05-24,10206.0,13428.032
台北小巨蛋,2026-05-25,20740.0,21148.463
台北小巨蛋,2026-05-26,21707.0,22014.748
台北小巨蛋,2026-05-27,22637.0,21968.191
台北小巨蛋,2026-05-28,22651.0,22193.578
台北小巨蛋,2026-05-29,23295.0,24103.387
台北小巨蛋,2026-05-30,18996.0,16495.922
台北小巨蛋,2026-05-31,15657.0,13552.439
台北橋,2026-01-01,9430.0,10645.294
台北橋,2026-01-02,11308.0,11499.675
台北橋,2026-01-03,10621.0,10212.154
台北橋,2026-01-04,8731.0,8934.835
台北橋,2026-01-05,10432.0,10341.136
台北橋,2026-01-06,10412.0,10651.756
台北橋,2026-01-07,10577.0,10653.297
台北橋,2026-01-08,10794.0,10679.227
台北橋,2026-01-09,11538.0,11635.412
台北橋,2026-01-10,10930.0,10675.273
台北橋,2026-01-11,9139.0,9130.137
台北橋,2026-01-12,10363.0,10216.036
台北橋,2026-01-13,10673.0,10578.012
台北橋,2026-01-14,10654.0,10756.174
台北橋,2026-01-15,10733.0,10715.899
台北橋,2026-01-16,11625.0,11658.156
台北橋,2026-01-17,10876.0,10852.71
台北橋,2026-01-18,8596.0,9054.172
台北橋,2026-01-19,10142.0,10452.626
台北橋,2026-01-20,11237.0,10485.751
台北橋,2026-01-21,10306.0,10551.079
台北橋,2026-01-22,10254.0,10508.874
台北橋,2026-01-23,11536.0,11290.83
台北橋,2026-01-24,11173.0,10509.65
台北橋,2026-01-25,9343.0,9061.066
台北橋,2026-01-26,10409.0,10442.824
台北橋,2026-01-27,10221.0,10636.46
台北橋,2026-01-28,10557.0,10556.525
台北橋,2026-01-29,10965.0,10561.497
台北橋,2026-01-30,11743.0,11715.155
台北橋,2026-01-31,10572.0,11086.469
台北橋,2026-02-01,8442.0,8951.58
台北橋,2026-02-02,10132.0,10216.743
台北橋,2026-02-03,10691.0,10520.6045
台北橋,2026-02-04,10981.0,10632.27
台北橋,2026-02-05,10870.0,10753.572
台北橋,2026-02-06,11518.0,11641.629
台北橋,2026-02-07,11124.0,10517.059
台北橋,2026-02-08,9278.0,9080.649
台北橋,2026-02-09,10580.0,10449.578
台北橋,2026-02-10,11017.0,10741.508
台北橋,2026-02-11,10871.0,10736.877
台北橋,2026-02-12,11220.0,10723.139
台北橋,2026-02-13,11678.0,11775.877
台北橋,2026-02-14,9446.0,10844.055
台北橋,2026-02-15,7963.0,8152.259
台北橋,2026-02-16,5490.0,5414.97
台北橋,2026-02-17,7237.0,4543.8433
台北橋,2026-02-18,7990.0,7776.4937
台北橋,2026-02-19,8754.0,8300.999
台北橋,2026-02-20,9315.0,8812.168
台北橋,2026-02-21,10178.0,9159.018
台北橋,2026-02-22,8535.0,8254.043
台北橋,2026-02-23,10077.0,9510.005
台北橋,2026-02-24,10369.0,10492.155
台北橋,2026-02-25,10954.0,10596.336
台北橋,2026-02-26,11437.0,10725.081
台北橋,2026-02-27,10651.0,10643.289
台北橋,2026-02-28,11443.0,10701.384
台北橋,2026-03-01,8607.0,9400.1875
台北橋,2026-03-02,10251.0,10150.158
台北橋,2026-03-03,10368.0,10778.741
台北橋,2026-03-04,10526.0,10607.428
台北橋,2026-03-05,10859.0,10395.826
台北橋,2026-03-06,11572.0,11624.883
台北橋,2026-03-07,11767.0,11393.258
台北橋,2026-03-08,9209.0,9061.949
台北橋,2026-03-09,10299.0,10041.213
台北橋,2026-03-10,10703.0,10540.289
台北橋,2026-03-11,10826.0,10372.29
台北橋,2026-03-12,10791.0,10448.316
台北橋,2026-03-13,11740.0,11553.662
台北橋,2026-03-14,11329.0,11579.662
台北橋,2026-03-15,9129.0,8954.878
台北橋,2026-03-16,10247.0,9919.126
台北橋,2026-03-17,10699.0,10122.902
台北橋,2026-03-18,10616.0,9998.645
台北橋,2026-03-19,10494.0,10243.523
台北橋,2026-03-20,11509.0,11313.012
台北橋,2026-03-21,11247.0,10793.599
台北橋,2026-03-22,9573.0,9096.98
台北橋,2026-03-23,10253.0,10280.376
台北橋,2026-03-24,10385.0,10608.0
台北橋,2026-03-25,10633.0,10449.15
台北橋,2026-03-26,10587.0,10455.911
台北橋,2026-03-27,11549.0,11418.323
台北橋,2026-03-28,10787.0,10957.936
台北橋,2026-03-29,8383.0,9051.153
台北橋,2026-03-30,10201.0,10100.756
台北橋,2026-03-31,10259.0,10531.617
台北橋,2026-04-01,10525.0,10342.2
台北橋,2026-04-02,11292.0,10363.195
台北橋,2026-04-03,9491.0,10006.801
台北橋,2026-04-04,8786.0,9608.088
台北橋,2026-04-05,8928.0,7762.7295
台北橋,2026-04-06,7402.0,7979.3726
台北橋,2026-04-07,10314.0,10004.695
台北橋,2026-04-08,10450.0,10192.328
台北橋,2026-04-09,10811.0,10336.382
台北橋,2026-04-10,11576.0,11346.822
台北橋,2026-04-11,11088.0,10480.854
台北橋,2026-04-12,9082.0,9049.871
台北橋,2026-04-13,10248.0,10315.601
台北橋,2026-04-14,10419.0,10593.259
台北橋,2026-04-15,10497.0,10555.627
台北橋,2026-04-16,10452.0,10426.812
台北橋,2026-04-17,11282.0,11446.767
台北橋,2026-04-18,10550.0,10737.366
台北橋,2026-04-19,8713.0,8595.422
台北橋,2026-04-20,10057.0,10036.575
台北橋,2026-04-21,10328.0,10416.463
台北橋,2026-04-22,10600.0,10247.93
台北橋,2026-04-23,10179.0,10285.031
台北橋,2026-04-24,11134.0,11177.289
台北橋,2026-04-25,9936.0,10241.636
台北橋,2026-04-26,9323.0,8463.98
台北橋,2026-04-27,10372.0,9985.501
台北橋,2026-04-28,10550.0,10308.459
台北橋,2026-04-29,10436.0,9949.3545
台北橋,2026-04-30,11347.0,10020.837
台北橋,2026-05-01,10180.0,9320.78
台北橋,2026-05-02,10472.0,9886.677
台北橋,2026-05-03,8185.0,8581.716
台北橋,2026-05-04,10397.0,9838.013
台北橋,2026-05-05,10695.0,10489.794
台北橋,2026-05-06,11026.0,10375.36
台北橋,2026-05-07,10647.0,10503.605
台北橋,2026-05-08,11188.0,11417.735
台北橋,2026-05-09,9978.0,10088.676
台北橋,2026-05-10,8226.0,8347.85
台北橋,2026-05-11,10392.0,10178.144
台北橋,2026-05-12,10354.0,10656.98
台北橋,2026-05-13,10234.0,10573.012
台北橋,2026-05-14,10715.0,10529.144
台北橋,2026-05-15,11874.0,11360.273
台北橋,2026-05-16,11333.0,10529.722
台北橋,2026-05-17,9214.0,9052.895
台北橋,2026-05-18,9995.0,10281.245
台北橋,2026-05-19,10351.0,10452.18
台北橋,2026-05-20,10490.0,10329.14
台北橋,2026-05-21,10518.0,10173.708
台北橋,2026-05-22,11409.0,11188.048
台北橋,2026-05-23,11082.0,10389.7
台北橋,2026-05-24,8713.0,8844.607
台北橋,2026-05-25,10173.0,10155.459
台北橋,2026-05-26,10336.0,10415.662
台北橋,2026-05-27,10743.0,10270.008
台北橋,2026-05-28,10855.0,10282.243
台北橋,2026-05-29,11893.0,11296.741
台北橋,2026-05-30,10769.0,10875.061
台北橋,2026-05-31,8817.0,9013.249
台北車站,2026-01-01,129284.0,163849.62
台北車站,2026-01-02,154199.0,156168.83
台北車站,2026-01-03,144849.0,147937.16
台北車站,2026-01-04,138997.0,139960.69
台北車站,2026-01-05,139850.0,146148.67
台北車站,2026-01-06,135415.0,139914.58
台北車站,2026-01-07,136629.0,138406.22
台北車站,2026-01-08,138213.0,141844.84
台北車站,2026-01-09,159043.0,162072.92
台北車站,2026-01-10,168943.0,156459.22
台北車站,2026-01-11,145713.0,163173.11
台北車站,2026-01-12,136695.0,141949.34
台北車站,2026-01-13,134508.0,137351.14
台北車站,2026-01-14,136199.0,138855.61
台北車站,2026-01-15,139119.0,143463.06
台北車站,2026-01-16,160529.0,164452.27
台北車站,2026-01-17,152466.0,162726.27
台北車站,2026-01-18,151472.0,151452.5
台北車站,2026-01-19,139607.0,144129.78
台北車站,2026-01-20,141251.0,135974.44
台北車站,2026-01-21,135094.0,137772.39
台北車站,2026-01-22,138248.0,136632.28
台北車站,2026-01-23,160284.0,160299.7
台北車站,2026-01-24,162476.0,152417.31
台北車站,2026-01-25,155294.0,155476.86
台北車站,2026-01-26,147271.0,144393.14
台北車站,2026-01-27,143667.0,141521.84
台北車站,2026-01-28,144585.0,144073.1
台北車站,2026-01-29,150705.0,146403.78
台北車站,2026-01-30,168389.0,173247.56
台北車站,2026-01-31,172229.0,168372.66
台北車站,2026-02-01,150137.0,166380.95
台北車站,2026-02-02,142351.0,143480.8
台北車站,2026-02-03,144788.0,141469.06
台北車站,2026-02-04,151580.0,147507.3
台北車站,2026-02-05,161315.0,154272.28
台北車站,2026-02-06,181691.0,183862.19
台北車站,2026-02-07,173125.0,185414.5
台北車站,2026-02-08,154321.0,167025.94
台北車站,2026-02-09,146863.0,147498.48
台北車站,2026-02-10,146902.0,148274.69
台北車站,2026-02-11,145147.0,151000.81
台北車站,2026-02-12,148624.0,150342.75
台北車站,2026-02-13,145275.0,174398.02
台北車站,2026-02-14,123047.0,142860.98
台北車站,2026-02-15,99933.0,121599.91
台北車站,2026-02-16,66390.0,96767.06
台北車站,2026-02-17,104503.0,89618.67
台北車站,2026-02-18,124149.0,125919.79
台北車站,2026-02-19,150539.0,144507.17
台北車站,2026-02-20,157621.0,170252.97
台北車站,2026-02-21,166313.0,150331.97
台北車站,2026-02-22,156166.0,144950.84
台北車站,2026-02-23,146103.0,143818.36
台北車站,2026-02-24,137421.0,147977.16
台北車站,2026-02-25,143493.0,141482.72
台北車站,2026-02-26,162466.0,146425.39
台北車站,2026-02-27,159754.0,167553.58
台北車站,2026-02-28,165469.0,169113.72
台北車站,2026-03-01,153746.0,157258.55
台北車站,2026-03-02,140342.0,144213.17
台北車站,2026-03-03,131034.0,139845.72
台北車站,2026-03-04,139634.0,137463.9
台北車站,2026-03-05,143659.0,145353.62
台北車站,2026-03-06,169217.0,167641.95
台北車站,2026-03-07,179366.0,186227.27
台北車站,2026-03-08,157726.0,162118.95
台北車站,2026-03-09,143282.0,137018.39
台北車站,2026-03-10,137308.0,138255.03
台北車站,2026-03-11,148071.0,141144.12
台北車站,2026-03-12,145995.0,151298.73
台北車站,2026-03-13,170652.0,170399.72
台北車站,2026-03-14,177740.0,183300.12
台北車站,2026-03-15,168553.0,161612.95
台北車站,2026-03-16,147217.0,145591.9
台北車站,2026-03-17,142138.0,140286.14
台北車站,2026-03-18,146220.0,143667.92
台北車站,2026-03-19,145765.0,147784.0
台北車站,2026-03-20,185024.0,171039.05
台北車站,2026-03-21,192112.0,193002.97
台北車站,2026-03-22,194438.0,181056.06
台北車站,2026-03-23,150946.0,158495.06
台北車站,2026-03-24,140097.0,144473.05
台北車站,2026-03-25,143114.0,143034.55
台北車站,2026-03-26,147056.0,146790.8
台北車站,2026-03-27,164309.0,174299.88
台北車站,2026-03-28,169410.0,170926.7
台北車站,2026-03-29,159258.0,165280.44
台北車站,2026-03-30,143694.0,145209.92
台北車站,2026-03-31,136547.0,142725.0
台北車站,2026-04-01,138032.0,142129.52
台北車站,2026-04-02,156925.0,144358.94
台北車站,2026-04-03,142465.0,161110.56
台北車站,2026-04-04,142363.0,155958.53
台北車站,2026-04-05,154439.0,141809.56
台北車站,2026-04-06,158951.0,145282.02
台北車站,2026-04-07,153983.0,154283.11
台北車站,2026-04-08,140271.0,144249.0
台北車站,2026-04-09,149332.0,141551.62
台北車站,2026-04-10,172958.0,172717.62
台北車站,2026-04-11,178833.0,170527.75
台北車站,2026-04-12,161099.0,171107.78
台北車站,2026-04-13,142886.0,148557.8
台北車站,2026-04-14,136814.0,141571.95
台北車站,2026-04-15,137921.0,139662.45
台北車站,2026-04-16,141483.0,143113.8
台北車站,2026-04-17,162813.0,171431.86
台北車站,2026-04-18,165931.0,171116.92
台北車站,2026-04-19,160357.0,160399.9
台北車站,2026-04-20,141587.0,142315.69
台北車站,2026-04-21,135567.0,138373.34
台北車站,2026-04-22,136718.0,139189.94
台北車站,2026-04-23,140851.0,142017.28
台北車站,2026-04-24,163367.0,166770.81
台北車站,2026-04-25,172813.0,166352.97
台北車站,2026-04-26,170042.0,166156.97
台北車站,2026-04-27,143887.0,146299.64
台北車站,2026-04-28,139087.0,135959.69
台北車站,2026-04-29,141794.0,138072.27
台北車站,2026-04-30,164233.0,142147.6
台北車站,2026-05-01,155606.0,157199.6
台北車站,2026-05-02,162082.0,163344.81
台北車站,2026-05-03,166039.0,157560.0
台北車站,2026-05-04,154428.0,146757.42
台北車站,2026-05-05,140730.0,148913.86
台北車站,2026-05-06,141577.0,142403.1
台北車站,2026-05-07,142157.0,144483.2
台北車站,2026-05-08,162662.0,167675.19
台北車站,2026-05-09,150311.0,163972.4
台北車站,2026-05-10,151134.0,152399.88
台北車站,2026-05-11,144869.0,144383.0
台北車站,2026-05-12,135833.0,143473.1
台北車站,2026-05-13,137709.0,141305.34
台北車站,2026-05-14,137010.0,144172.14
台北車站,2026-05-15,177822.0,164582.97
台北車站,2026-05-16,175395.0,179731.55
台北車站,2026-05-17,175296.0,172035.81
台北車站,2026-05-18,143151.0,150795.36
台北車站,2026-05-19,137178.0,137368.27
台北車站,2026-05-20,142932.0,138105.25
台北車站,2026-05-21,142989.0,143987.62
台北車站,2026-05-22,172501.0,167106.5
台北車站,2026-05-23,181274.0,173505.28
台北車站,2026-05-24,169585.0,171628.88
台北車站,2026-05-25,143583.0,147812.56
台北車站,2026-05-26,139225.0,139959.73
台北車站,2026-05-27,141189.0,141796.1
台北車站,2026-05-28,141215.0,144521.28
台北車站,2026-05-29,163824.0,168280.84
台北車站,2026-05-30,171856.0,167687.1
台北車站,2026-05-31,159635.0,166141.73
台大醫院,2026-01-01,9443.0,7815.4004
台大醫院,2026-01-02,24006.0,25700.908
台大醫院,2026-01-03,10509.0,11294.561
台大醫院,2026-01-04,8317.0,8785.846
台大醫院,2026-01-05,25558.0,25023.93
台大醫院,2026-01-06,25591.0,25740.518
台大醫院,2026-01-07,25781.0,25975.312
台大醫院,2026-01-08,26071.0,25939.469
台大醫院,2026-01-09,25337.0,26616.027
台大醫院,2026-01-10,10657.0,11757.668
台大醫院,2026-01-11,10069.0,8618.317
台大醫院,2026-01-12,25482.0,24170.385
台大醫院,2026-01-13,25868.0,25636.102
台大醫院,2026-01-14,25527.0,25751.863
台大醫院,2026-01-15,26194.0,25217.348
台大醫院,2026-01-16,25394.0,25619.68
台大醫院,2026-01-17,10483.0,11099.22
台大醫院,2026-01-18,8712.0,8778.101
台大醫院,2026-01-19,24847.0,24208.088
台大醫院,2026-01-20,26139.0,25554.902
台大醫院,2026-01-21,25243.0,25230.004
台大醫院,2026-01-22,25637.0,24775.986
台大醫院,2026-01-23,26231.0,24982.531
台大醫院,2026-01-24,10748.0,10189.61
台大醫院,2026-01-25,9088.0,8637.207
台大醫院,2026-01-26,25472.0,24525.176
台大醫院,2026-01-27,25965.0,25862.637
台大醫院,2026-01-28,26105.0,25233.266
台大醫院,2026-01-29,25161.0,25303.4
台大醫院,2026-01-30,25227.0,25132.494
台大醫院,2026-01-31,11234.0,10460.137
台大醫院,2026-02-01,8261.0,8726.626
台大醫院,2026-02-02,25421.0,24482.926
台大醫院,2026-02-03,26609.0,25873.223
台大醫院,2026-02-04,25820.0,25701.055
台大醫院,2026-02-05,25395.0,25321.21
台大醫院,2026-02-06,25967.0,25330.469
台大醫院,2026-02-07,10564.0,10301.337
台大醫院,2026-02-08,8117.0,8549.578
台大醫院,2026-02-09,25577.0,24734.445
台大醫院,2026-02-10,25977.0,26116.457
台大醫院,2026-02-11,25538.0,25423.254
台大醫院,2026-02-12,24734.0,25116.57
台大醫院,2026-02-13,23022.0,25015.85
台大醫院,2026-02-14,7236.0,9888.555
台大醫院,2026-02-15,5798.0,7074.9805
台大醫院,2026-02-16,3565.0,663.9961
台大醫院,2026-02-17,4473.0,1983.252
台大醫院,2026-02-18,5176.0,6985.9688
台大醫院,2026-02-19,5957.0,5904.42
台大醫院,2026-02-20,7931.0,5612.6494
台大醫院,2026-02-21,7479.0,8167.506
台大醫院,2026-02-22,6946.0,5719.9717
台大醫院,2026-02-23,26334.0,21260.86
台大醫院,2026-02-24,26611.0,25971.426
台大醫院,2026-02-25,26244.0,26337.97
台大醫院,2026-02-26,26602.0,25986.465
台大醫院,2026-02-27,10182.0,8877.652
台大醫院,2026-02-28,10474.0,8683.297
台大醫院,2026-03-01,8796.0,10255.599
台大醫院,2026-03-02,26836.0,24690.967
台大醫院,2026-03-03,26001.0,26578.635
台大醫院,2026-03-04,26858.0,25686.25
台大醫院,2026-03-05,26404.0,25476.24
台大醫院,2026-03-06,27886.0,25280.637
台大醫院,2026-03-07,11677.0,11689.257
台大醫院,2026-03-08,9592.0,9736.722
台大醫院,2026-03-09,26329.0,26360.008
台大醫院,2026-03-10,26972.0,26775.527
台大醫院,2026-03-11,27414.0,26346.824
台大醫院,2026-03-12,25889.0,25921.139
台大醫院,2026-03-13,26698.0,25753.7
台大醫院,2026-03-14,12546.0,12356.906
台大醫院,2026-03-15,10686.0,9671.55
台大醫院,2026-03-16,25357.0,25358.398
台大醫院,2026-03-17,26119.0,26202.023
台大醫院,2026-03-18,26502.0,25762.385
台大醫院,2026-03-19,25616.0,25420.844
台大醫院,2026-03-20,27609.0,25760.219
台大醫院,2026-03-21,12283.0,11371.215
台大醫院,2026-03-22,10855.0,9604.381
台大醫院,2026-03-23,26097.0,25366.518
台大醫院,2026-03-24,26156.0,26507.31
台大醫院,2026-03-25,26488.0,25376.584
台大醫院,2026-03-26,25057.0,25576.094
台大醫院,2026-03-27,26190.0,25873.46
台大醫院,2026-03-28,11648.0,10986.248
台大醫院,2026-03-29,11950.0,9104.283
台大醫院,2026-03-30,26353.0,25280.281
台大醫院,2026-03-31,25743.0,26423.875
台大醫院,2026-04-01,25929.0,25369.113
台大醫院,2026-04-02,25096.0,25499.785
台大醫院,2026-04-03,9400.0,9585.885
台大醫院,2026-04-04,7858.0,8996.317
台大醫院,2026-04-05,7953.0,7755.619
台大醫院,2026-04-06,7449.0,8109.4375
台大醫院,2026-04-07,26820.0,24826.492
台大醫院,2026-04-08,26776.0,25538.031
台大醫院,2026-04-09,26002.0,25923.016
台大醫院,2026-04-10,26556.0,26688.807
台大醫院,2026-04-11,12734.0,11978.549
台大醫院,2026-04-12,10065.0,10246.37
台大醫院,2026-04-13,26583.0,24427.766
台大醫院,2026-04-14,25949.0,25854.826
台大醫院,2026-04-15,26329.0,25565.889
台大醫院,2026-04-16,25562.0,25785.102
台大醫院,2026-04-17,26015.0,26412.05
台大醫院,2026-04-18,11419.0,11791.948
台大醫院,2026-04-19,9623.0,9203.681
台大醫院,2026-04-20,25490.0,24890.076
台大醫院,2026-04-21,26308.0,26048.89
台大醫院,2026-04-22,26048.0,26020.842
台大醫院,2026-04-23,25812.0,25595.355
台大醫院,2026-04-24,26505.0,25916.7
台大醫院,2026-04-25,11799.0,11456.621
台大醫院,2026-04-26,10227.0,9339.967
台大醫院,2026-04-27,26664.0,24906.914
台大醫院,2026-04-28,27005.0,26616.824
台大醫院,2026-04-29,27650.0,25820.951
台大醫院,2026-04-30,28580.0,25964.955
台大醫院,2026-05-01,10366.0,8707.257
台大醫院,2026-05-02,10520.0,8919.097
台大醫院,2026-05-03,8899.0,8455.312
台大醫院,2026-05-04,30131.0,25314.018
台大醫院,2026-05-05,28992.0,28360.383
台大醫院,2026-05-06,29206.0,27766.965
台大醫院,2026-05-07,27455.0,27620.273
台大醫院,2026-05-08,27907.0,27900.207
台大醫院,2026-05-09,11174.0,11731.405
台大醫院,2026-05-10,8019.0,9405.8
台大醫院,2026-05-11,25598.0,26975.514
台大醫院,2026-05-12,26103.0,26991.867
台大醫院,2026-05-13,26267.0,26837.418
台大醫院,2026-05-14,25107.0,26278.129
台大醫院,2026-05-15,26285.0,26550.113
台大醫院,2026-05-16,11774.0,12072.116
台大醫院,2026-05-17,9783.0,9373.614
台大醫院,2026-05-18,26472.0,25174.752
台大醫院,2026-05-19,26433.0,26592.64
台大醫院,2026-05-20,26882.0,26071.092
台大醫院,2026-05-21,26463.0,25704.26
台大醫院,2026-05-22,26462.0,25942.467
台大醫院,2026-05-23,12169.0,11024.863
台大醫院,2026-05-24,9754.0,9373.316
台大醫院,2026-05-25,26896.0,25463.428
台大醫院,2026-05-26,26706.0,27005.74
台大醫院,2026-05-27,28358.0,25784.348
台大醫院,2026-05-28,26674.0,26026.264
台大醫院,2026-05-29,26043.0,26378.59
台大醫院,2026-05-30,11741.0,10619.346
台大醫院,2026-05-31,9502.0,9146.698
台電大樓,2026-01-01,9673.0,13156.612
台電大樓,2026-01-02,16786.0,16972.666
台電大樓,2026-01-03,13641.0,14349.5625
台電大樓,2026-01-04,10848.0,11712.785
台電大樓,2026-01-05,14891.0,15725.48
台電大樓,2026-01-06,16373.0,15879.308
台電大樓,2026-01-07,16334.0,16267.076
台電大樓,2026-01-08,16449.0,16404.611
台電大樓,2026-01-09,17293.0,17882.984
台電大樓,2026-01-10,14198.0,14709.167
台電大樓,2026-01-11,11721.0,11777.232
台電大樓,2026-01-12,15056.0,14993.925
台電大樓,2026-01-13,15736.0,15670.863
台電大樓,2026-01-14,16142.0,15956.37
台電大樓,2026-01-15,16241.0,16384.312
台電大樓,2026-01-16,17363.0,17551.21
台電大樓,2026-01-17,13559.0,14790.458
台電大樓,2026-01-18,11558.0,11631.992
台電大樓,2026-01-19,15240.0,14831.606
台電大樓,2026-01-20,16281.0,15659.174
台電大樓,2026-01-21,16217.0,16026.498
台電大樓,2026-01-22,16542.0,16111.064
台電大樓,2026-01-23,17747.0,17398.348
台電大樓,2026-01-24,14767.0,13793.862
台電大樓,2026-01-25,12521.0,11648.953
台電大樓,2026-01-26,15054.0,15249.767
台電大樓,2026-01-27,16050.0,15819.782
台電大樓,2026-01-28,15996.0,16166.094
台電大樓,2026-01-29,16239.0,16181.465
台電大樓,2026-01-30,16995.0,17411.99
台電大樓,2026-01-31,14382.0,13776.061
台電大樓,2026-02-01,11490.0,11565.679
台電大樓,2026-02-02,14938.0,14993.523
台電大樓,2026-02-03,16190.0,15795.115
台電大樓,2026-02-04,16389.0,16313.126
台電大樓,2026-02-05,16331.0,16631.174
台電大樓,2026-02-06,17733.0,17459.756
台電大樓,2026-02-07,14770.0,14191.146
台電大樓,2026-02-08,12046.0,11923.301
台電大樓,2026-02-09,15362.0,15184.741
台電大樓,2026-02-10,16115.0,16016.292
台電大樓,2026-02-11,16482.0,16221.397
台電大樓,2026-02-12,16330.0,16604.719
台電大樓,2026-02-13,15952.0,17563.248
台電大樓,2026-02-14,10917.0,12847.929
台電大樓,2026-02-15,8459.0,9511.85
台電大樓,2026-02-16,5398.0,5835.8613
台電大樓,2026-02-17,5581.0,5497.2725
台電大樓,2026-02-18,6443.0,8979.277
台電大樓,2026-02-19,6893.0,8756.134
台電大樓,2026-02-20,8011.0,8502.459
台電大樓,2026-02-21,12304.0,9034.061
台電大樓,2026-02-22,11417.0,10219.761
台電大樓,2026-02-23,14763.0,13353.357
台電大樓,2026-02-24,16071.0,15555.323
台電大樓,2026-02-25,17093.0,16573.576
台電大樓,2026-02-26,17327.0,17121.523
台電大樓,2026-02-27,13921.0,14081.657
台電大樓,2026-02-28,13164.0,13662.236
台電大樓,2026-03-01,11320.0,11799.326
台電大樓,2026-03-02,15743.0,15180.382
台電大樓,2026-03-03,16395.0,16202.688
台電大樓,2026-03-04,17134.0,16330.048
台電大樓,2026-03-05,17469.0,16794.232
台電大樓,2026-03-06,18264.0,18085.654
台電大樓,2026-03-07,16087.0,15628.709
台電大樓,2026-03-08,13221.0,12482.229
台電大樓,2026-03-09,15505.0,15858.355
台電大樓,2026-03-10,17023.0,16454.693
台電大樓,2026-03-11,17014.0,17037.916
台電大樓,2026-03-12,17045.0,17095.377
台電大樓,2026-03-13,18727.0,18539.734
台電大樓,2026-03-14,17003.0,16527.273
台電大樓,2026-03-15,13658.0,13252.438
台電大樓,2026-03-16,15680.0,15470.574
台電大樓,2026-03-17,16686.0,16261.901
台電大樓,2026-03-18,17325.0,16525.738
台電大樓,2026-03-19,17087.0,17008.832
台電大樓,2026-03-20,18510.0,18772.148
台電大樓,2026-03-21,14970.0,15353.346
台電大樓,2026-03-22,12491.0,12222.725
台電大樓,2026-03-23,15248.0,15734.093
台電大樓,2026-03-24,16602.0,16492.758
台電大樓,2026-03-25,17208.0,16850.33
台電大樓,2026-03-26,16949.0,17274.594
台電大樓,2026-03-27,18291.0,18453.84
台電大樓,2026-03-28,14585.0,15015.611
台電大樓,2026-03-29,11956.0,12015.255
台電大樓,2026-03-30,15354.0,15571.038
台電大樓,2026-03-31,16283.0,16450.318
台電大樓,2026-04-01,16322.0,16601.387
台電大樓,2026-04-02,17616.0,16751.758
台電大樓,2026-04-03,12288.0,13505.715
台電大樓,2026-04-04,10493.0,12040.281
台電大樓,2026-04-05,9936.0,9672.07
台電大樓,2026-04-06,8928.0,9969.006
台電大樓,2026-04-07,15989.0,15249.84
台電大樓,2026-04-08,16542.0,16345.288
台電大樓,2026-04-09,16645.0,16843.566
台電大樓,2026-04-10,18206.0,18066.043
台電大樓,2026-04-11,15656.0,15007.058
台電大樓,2026-04-12,12290.0,12632.474
台電大樓,2026-04-13,15234.0,15355.264
台電大樓,2026-04-14,16319.0,16085.452
台電大樓,2026-04-15,16782.0,16365.947
台電大樓,2026-04-16,16801.0,16734.516
台電大樓,2026-04-17,18122.0,18339.373
台電大樓,2026-04-18,15641.0,15613.338
台電大樓,2026-04-19,12741.0,12473.222
台電大樓,2026-04-20,15534.0,15155.329
台電大樓,2026-04-21,16590.0,16308.213
台電大樓,2026-04-22,16444.0,16639.441
台電大樓,2026-04-23,17101.0,16524.08
台電大樓,2026-04-24,18423.0,18560.336
台電大樓,2026-04-25,15190.0,15603.128
台電大樓,2026-04-26,12553.0,12447.37
台電大樓,2026-04-27,15446.0,15238.317
台電大樓,2026-04-28,16710.0,16196.437
台電大樓,2026-04-29,17075.0,16267.793
台電大樓,2026-04-30,18847.0,16606.29
台電大樓,2026-05-01,12852.0,14317.606
台電大樓,2026-05-02,13328.0,12389.462
台電大樓,2026-05-03,11111.0,10711.752
台電大樓,2026-05-04,15292.0,14970.023
台電大樓,2026-05-05,17115.0,16342.141
台電大樓,2026-05-06,17181.0,17079.377
台電大樓,2026-05-07,16985.0,17163.213
台電大樓,2026-05-08,18471.0,18373.791
台電大樓,2026-05-09,14619.0,15017.528
台電大樓,2026-05-10,11282.0,11936.62
台電大樓,2026-05-11,15200.0,15479.232
台電大樓,2026-05-12,16258.0,16378.329
台電大樓,2026-05-13,16708.0,16618.197
台電大樓,2026-05-14,16881.0,16989.783
台電大樓,2026-05-15,17908.0,18242.145
台電大樓,2026-05-16,15068.0,14837.17
台電大樓,2026-05-17,12444.0,12099.244
台電大樓,2026-05-18,15176.0,15225.097
台電大樓,2026-05-19,16200.0,16181.698
台電大樓,2026-05-20,16903.0,16327.617
台電大樓,2026-05-21,16840.0,16677.871
台電大樓,2026-05-22,17855.0,18056.47
台電大樓,2026-05-23,15644.0,14443.594
台電大樓,2026-05-24,12514.0,12284.567
台電大樓,2026-05-25,15019.0,15271.025
台電大樓,2026-05-26,16340.0,16080.947
台電大樓,2026-05-27,17060.0,16124.93
台電大樓,2026-05-28,17191.0,16554.656
台電大樓,2026-05-29,18239.0,18430.52
台電大樓,2026-05-30,15464.0,14666.506
台電大樓,2026-05-31,12233.0,12217.578
唭哩岸,2026-01-01,5026.0,6096.0234
唭哩岸,2026-01-02,7594.0,7761.0977
唭哩岸,2026-01-03,6425.0,6351.0786
唭哩岸,2026-01-04,5619.0,5513.127
唭哩岸,2026-01-05,7261.0,7542.3945
唭哩岸,2026-01-06,7502.0,7613.7915
唭哩岸,2026-01-07,7527.0,7588.1055
唭哩岸,2026-01-08,7596.0,7597.2656
唭哩岸,2026-01-09,8062.0,8017.0596
唭哩岸,2026-01-10,6770.0,6735.787
唭哩岸,2026-01-11,5463.0,5609.5903
唭哩岸,2026-01-12,7242.0,7240.6523
唭哩岸,2026-01-13,7609.0,7433.874
唭哩岸,2026-01-14,7665.0,7592.415
唭哩岸,2026-01-15,7704.0,7633.8413
唭哩岸,2026-01-16,8069.0,8038.9014
唭哩岸,2026-01-17,7017.0,6785.1167
唭哩岸,2026-01-18,5933.0,5772.004
唭哩岸,2026-01-19,7321.0,7281.979
唭哩岸,2026-01-20,7767.0,7511.755
唭哩岸,2026-01-21,7307.0,7480.867
唭哩岸,2026-01-22,7763.0,7391.12
唭哩岸,2026-01-23,8118.0,8124.251
唭哩岸,2026-01-24,6851.0,6695.3306
唭哩岸,2026-01-25,5796.0,5512.236
唭哩岸,2026-01-26,7289.0,7330.9565
唭哩岸,2026-01-27,7445.0,7600.1367
唭哩岸,2026-01-28,7546.0,7590.2607
唭哩岸,2026-01-29,7723.0,7602.044
唭哩岸,2026-01-30,8136.0,8137.6836
唭哩岸,2026-01-31,6701.0,6884.233
唭哩岸,2026-02-01,5274.0,5592.7954
唭哩岸,2026-02-02,7128.0,7202.688
唭哩岸,2026-02-03,7559.0,7470.6636
唭哩岸,2026-02-04,7717.0,7604.3994
唭哩岸,2026-02-05,7820.0,7689.339
唭哩岸,2026-02-06,8191.0,8187.1206
唭哩岸,2026-02-07,6660.0,6824.8945
唭哩岸,2026-02-08,5528.0,5505.6914
唭哩岸,2026-02-09,7415.0,7259.714
唭哩岸,2026-02-10,7681.0,7627.1187
唭哩岸,2026-02-11,7489.0,7709.612
唭哩岸,2026-02-12,7826.0,7622.415
唭哩岸,2026-02-13,7852.0,8207.182
唭哩岸,2026-02-14,6121.0,6552.1157
唭哩岸,2026-02-15,4956.0,5181.2036
唭哩岸,2026-02-16,3720.0,3573.5815
唭哩岸,2026-02-17,4967.0,3153.321
唭哩岸,2026-02-18,5096.0,5368.21
唭哩岸,2026-02-19,5321.0,5323.554
唭哩岸,2026-02-20,5651.0,5266.922
唭哩岸,2026-02-21,5813.0,5638.874
唭哩岸,2026-02-22,5304.0,4955.475
唭哩岸,2026-02-23,7392.0,6672.756
唭哩岸,2026-02-24,7552.0,7774.4795
唭哩岸,2026-02-25,7787.0,7716.278
唭哩岸,2026-02-26,8170.0,7776.152
唭哩岸,2026-02-27,6823.0,6789.9717
唭哩岸,2026-02-28,6564.0,6582.7095
唭哩岸,2026-03-01,5496.0,5834.3213
唭哩岸,2026-03-02,7434.0,7297.991
唭哩岸,2026-03-03,7489.0,7707.2607
唭哩岸,2026-03-04,7721.0,7580.199
唭哩岸,2026-03-05,7805.0,7593.9756
唭哩岸,2026-03-06,8292.0,8079.04
唭哩岸,2026-03-07,7263.0,7213.425
唭哩岸,2026-03-08,5848.0,5872.0156
唭哩岸,2026-03-09,7409.0,7315.253
唭哩岸,2026-03-10,7765.0,7669.123
唭哩岸,2026-03-11,7959.0,7632.3486
唭哩岸,2026-03-12,7945.0,7723.7896
唭哩岸,2026-03-13,8386.0,8368.022
唭哩岸,2026-03-14,7293.0,7396.1963
唭哩岸,2026-03-15,6051.0,5833.294
唭哩岸,2026-03-16,7489.0,7118.356
唭哩岸,2026-03-17,7738.0,7505.8594
唭哩岸,2026-03-18,7805.0,7394.996
唭哩岸,2026-03-19,7879.0,7580.042
唭哩岸,2026-03-20,8357.0,8249.249
唭哩岸,2026-03-21,7032.0,7018.917
唭哩岸,2026-03-22,5917.0,5817.4995
唭哩岸,2026-03-23,7370.0,7424.7295
唭哩岸,2026-03-24,7626.0,7742.3174
唭哩岸,2026-03-25,7705.0,7690.918
唭哩岸,2026-03-26,7787.0,7692.0127
唭哩岸,2026-03-27,8015.0,8191.644
唭哩岸,2026-03-28,7072.0,6761.8833
唭哩岸,2026-03-29,5650.0,5837.755
唭哩岸,2026-03-30,7481.0,7297.0654
唭哩岸,2026-03-31,7743.0,7738.04
唭哩岸,2026-04-01,7592.0,7717.9473
唭哩岸,2026-04-02,8052.0,7633.2817
唭哩岸,2026-04-03,5857.0,6412.6777
唭哩岸,2026-04-04,5349.0,5791.101
唭哩岸,2026-04-05,5331.0,4908.723
唭哩岸,2026-04-06,4988.0,5237.8057
唭哩岸,2026-04-07,7347.0,7332.068
唭哩岸,2026-04-08,7741.0,7434.581
唭哩岸,2026-04-09,7681.0,7693.3643
唭哩岸,2026-04-10,8098.0,8053.8613
唭哩岸,2026-04-11,7065.0,6772.3853
唭哩岸,2026-04-12,5745.0,5877.122
唭哩岸,2026-04-13,7298.0,7256.623
唭哩岸,2026-04-14,7621.0,7526.383
唭哩岸,2026-04-15,7728.0,7644.0903
唭哩岸,2026-04-16,7764.0,7616.217
唭哩岸,2026-04-17,8012.0,8138.672
唭哩岸,2026-04-18,6789.0,6945.745
唭哩岸,2026-04-19,5770.0,5610.4717
唭哩岸,2026-04-20,7378.0,7270.906
唭哩岸,2026-04-21,7556.0,7632.065
唭哩岸,2026-04-22,7685.0,7576.154
唭哩岸,2026-04-23,7664.0,7585.6577
唭哩岸,2026-04-24,8030.0,8035.4688
唭哩岸,2026-04-25,6850.0,6731.1284
唭哩岸,2026-04-26,5982.0,5675.247
唭哩岸,2026-04-27,7477.0,7241.6523
唭哩岸,2026-04-28,7755.0,7625.9404
唭哩岸,2026-04-29,7857.0,7435.777
唭哩岸,2026-04-30,8280.0,7525.3374
唭哩岸,2026-05-01,6635.0,6237.6895
唭哩岸,2026-05-02,6341.0,6223.7363
唭哩岸,2026-05-03,5586.0,5252.634
唭哩岸,2026-05-04,7655.0,7138.6084
唭哩岸,2026-05-05,7849.0,7813.3657
唭哩岸,2026-05-06,8011.0,7793.074
唭哩岸,2026-05-07,8049.0,7833.971
唭哩岸,2026-05-08,8227.0,8364.916
唭哩岸,2026-05-09,6821.0,6780.564
唭哩岸,2026-05-10,5596.0,5665.6797
唭哩岸,2026-05-11,7463.0,7412.9863
唭哩岸,2026-05-12,7820.0,7761.959
唭哩岸,2026-05-13,7666.0,7892.9844
唭哩岸,2026-05-14,7678.0,7800.785
唭哩岸,2026-05-15,8293.0,8153.757
唭哩岸,2026-05-16,7277.0,6836.8433
唭哩岸,2026-05-17,6069.0,5865.6494
唭哩岸,2026-05-18,7443.0,7422.5938
唭哩岸,2026-05-19,7642.0,7709.0835
唭哩岸,2026-05-20,7761.0,7653.9624
唭哩岸,2026-05-21,7682.0,7622.8765
唭哩岸,2026-05-22,8162.0,8077.0117
唭哩岸,2026-05-23,7150.0,6779.081
唭哩岸,2026-05-24,5655.0,5764.764
唭哩岸,2026-05-25,7309.0,7352.7764
唭哩岸,2026-05-26,7396.0,7665.823
唭哩岸,2026-05-27,7576.0,7497.011
唭哩岸,2026-05-28,7500.0,7487.622
唭哩岸,2026-05-29,8089.0,7931.553
唭哩岸,2026-05-30,6915.0,6697.6797
唭哩岸,2026-05-31,5644.0,5688.926
善導寺,2026-01-01,12122.0,14104.956
善導寺,2026-01-02,22796.0,26520.201
善導寺,2026-01-03,15037.0,15635.695
善導寺,2026-01-04,11669.0,12897.425
善導寺,2026-01-05,23664.0,24587.158
善導寺,2026-01-06,25046.0,25077.61
善導寺,2026-01-07,25456.0,25397.373
善導寺,2026-01-08,25952.0,25603.023
善導寺,2026-01-09,26433.0,26802.074
善導寺,2026-01-10,15642.0,17301.668
善導寺,2026-01-11,12721.0,13133.018
善導寺,2026-01-12,21260.0,23200.852
善導寺,2026-01-13,21947.0,23431.18
善導寺,2026-01-14,21820.0,23382.21
善導寺,2026-01-15,22004.0,23115.703
善導寺,2026-01-16,23323.0,23655.797
善導寺,2026-01-17,15155.0,15455.937
善導寺,2026-01-18,12382.0,12407.021
善導寺,2026-01-19,20455.0,21224.885
善導寺,2026-01-20,21929.0,21518.643
善導寺,2026-01-21,21794.0,21422.21
善導寺,2026-01-22,22740.0,21577.785
善導寺,2026-01-23,23283.0,22818.986
善導寺,2026-01-24,16262.0,14547.441
善導寺,2026-01-25,13547.0,12757.084
善導寺,2026-01-26,20589.0,21237.473
善導寺,2026-01-27,21182.0,21474.729
善導寺,2026-01-28,21890.0,20757.287
善導寺,2026-01-29,21681.0,21360.785
善導寺,2026-01-30,23002.0,22424.025
善導寺,2026-01-31,16514.0,14189.088
善導寺,2026-02-01,13503.0,12777.013
善導寺,2026-02-02,20018.0,20818.338
善導寺,2026-02-03,21486.0,20753.73
善導寺,2026-02-04,21687.0,20839.064
善導寺,2026-02-05,21407.0,21327.047
善導寺,2026-02-06,23212.0,22497.762
善導寺,2026-02-07,15682.0,14605.862
善導寺,2026-02-08,12976.0,12681.075
善導寺,2026-02-09,20168.0,20544.656
善導寺,2026-02-10,21530.0,20731.754
善導寺,2026-02-11,21952.0,20810.863
善導寺,2026-02-12,21475.0,21368.572
善導寺,2026-02-13,19589.0,22471.234
善導寺,2026-02-14,11582.0,13186.769
善導寺,2026-02-15,8681.0,10484.146
善導寺,2026-02-16,6479.0,4865.3936
善導寺,2026-02-17,6435.0,4367.7373
善導寺,2026-02-18,6500.0,9486.05
善導寺,2026-02-19,7869.0,8409.656
善導寺,2026-02-20,8649.0,8922.034
善導寺,2026-02-21,9650.0,9962.264
善導寺,2026-02-22,8950.0,8456.846
善導寺,2026-02-23,18839.0,16695.973
善導寺,2026-02-24,21072.0,19880.24
善導寺,2026-02-25,22520.0,21095.482
善導寺,2026-02-26,23142.0,22291.336
善導寺,2026-02-27,13447.0,14349.998
善導寺,2026-02-28,13910.0,13164.746
善導寺,2026-03-01,12090.0,13122.061
善導寺,2026-03-02,23750.0,20427.514
善導寺,2026-03-03,25456.0,24070.041
善導寺,2026-03-04,26583.0,24522.895
善導寺,2026-03-05,26007.0,25083.965
善導寺,2026-03-06,26679.0,26083.252
善導寺,2026-03-07,17487.0,17241.469
善導寺,2026-03-08,13216.0,13240.017
善導寺,2026-03-09,24615.0,24394.168
善導寺,2026-03-10,25933.0,25450.281
善導寺,2026-03-11,26681.0,25426.969
善導寺,2026-03-12,26529.0,25521.582
善導寺,2026-03-13,27345.0,26356.74
善導寺,2026-03-14,17657.0,17970.783
善導寺,2026-03-15,14231.0,14629.286
善導寺,2026-03-16,23913.0,23513.242
善導寺,2026-03-17,25860.0,24798.223
善導寺,2026-03-18,26803.0,25620.516
善導寺,2026-03-19,26392.0,26259.352
善導寺,2026-03-20,27524.0,27075.46
善導寺,2026-03-21,17591.0,16927.633
善導寺,2026-03-22,14244.0,14329.105
善導寺,2026-03-23,23752.0,24070.979
善導寺,2026-03-24,25685.0,25077.328
善導寺,2026-03-25,26814.0,25308.123
善導寺,2026-03-26,26320.0,26175.836
善導寺,2026-03-27,27139.0,27248.59
善導寺,2026-03-28,16449.0,16791.902
善導寺,2026-03-29,13901.0,13689.227
善導寺,2026-03-30,25020.0,24365.932
善導寺,2026-03-31,26916.0,25636.666
善導寺,2026-04-01,26284.0,26378.793
善導寺,2026-04-02,26300.0,26273.67
善導寺,2026-04-03,13492.0,15146.833
善導寺,2026-04-04,13058.0,13130.442
善導寺,2026-04-05,12607.0,11918.383
善導寺,2026-04-06,9249.0,12004.702
善導寺,2026-04-07,22619.0,24319.086
善導寺,2026-04-08,25825.0,23658.688
善導寺,2026-04-09,25977.0,25311.36
善導寺,2026-04-10,26363.0,26989.13
善導寺,2026-04-11,16819.0,17139.48
善導寺,2026-04-12,13861.0,14234.752
善導寺,2026-04-13,23601.0,23538.203
善導寺,2026-04-14,25306.0,24361.709
善導寺,2026-04-15,25777.0,24821.55
善導寺,2026-04-16,26006.0,25353.379
善導寺,2026-04-17,25874.0,26873.15
善導寺,2026-04-18,16748.0,17204.44
善導寺,2026-04-19,13990.0,13819.238
善導寺,2026-04-20,23434.0,23460.848
善導寺,2026-04-21,25241.0,24442.412
善導寺,2026-04-22,25994.0,24943.535
善導寺,2026-04-23,26344.0,25469.871
善導寺,2026-04-24,26663.0,26614.004
善導寺,2026-04-25,16819.0,16739.426
善導寺,2026-04-26,14916.0,13869.047
善導寺,2026-04-27,23494.0,23656.447
善導寺,2026-04-28,24777.0,24532.844
善導寺,2026-04-29,26166.0,24373.186
善導寺,2026-04-30,26626.0,25479.104
善導寺,2026-05-01,12934.0,14556.4375
善導寺,2026-05-02,14746.0,12855.761
善導寺,2026-05-03,13036.0,12284.19
善導寺,2026-05-04,24904.0,23034.81
善導寺,2026-05-05,27071.0,25167.816
善導寺,2026-05-06,25951.0,26193.627
善導寺,2026-05-07,26048.0,25836.39
善導寺,2026-05-08,26083.0,27126.594
善導寺,2026-05-09,16871.0,16456.646
善導寺,2026-05-10,11277.0,13837.346
善導寺,2026-05-11,21876.0,23813.242
善導寺,2026-05-12,24935.0,24122.664
善導寺,2026-05-13,26335.0,24991.562
善導寺,2026-05-14,25187.0,25795.18
善導寺,2026-05-15,26314.0,26307.57
善導寺,2026-05-16,16929.0,16903.818
善導寺,2026-05-17,13990.0,13816.35
善導寺,2026-05-18,22989.0,23103.768
善導寺,2026-05-19,24861.0,24105.748
善導寺,2026-05-20,25228.0,24516.863
善導寺,2026-05-21,25354.0,24884.88
善導寺,2026-05-22,26653.0,25924.387
善導寺,2026-05-23,17140.0,16193.459
善導寺,2026-05-24,15485.0,13721.738
善導寺,2026-05-25,23573.0,23388.307
善導寺,2026-05-26,25209.0,24503.287
善導寺,2026-05-27,25904.0,24564.064
善導寺,2026-05-28,25490.0,25159.219
善導寺,2026-05-29,25488.0,26408.049
善導寺,2026-05-30,16175.0,15709.358
善導寺,2026-05-31,12975.0,13369.996
國父紀念館,2026-01-01,39553.0,40972.246
國父紀念館,2026-01-02,27452.0,32488.762
國父紀念館,2026-01-03,23900.0,20541.46
國父紀念館,2026-01-04,19877.0,19077.045
國父紀念館,2026-01-05,24206.0,24301.344
國父紀念館,2026-01-06,25390.0,25282.031
國父紀念館,2026-01-07,25691.0,25573.035
國父紀念館,2026-01-08,27363.0,25803.115
國父紀念館,2026-01-09,32314.0,30073.742
國父紀念館,2026-01-10,45906.0,29033.229
國父紀念館,2026-01-11,20697.0,33661.207
國父紀念館,2026-01-12,24250.0,23298.494
國父紀念館,2026-01-13,25463.0,25408.598
國父紀念館,2026-01-14,25872.0,26037.09
國父紀念館,2026-01-15,26457.0,26719.156
國父紀念館,2026-01-16,28546.0,30816.1
國父紀念館,2026-01-17,25555.0,27339.11
國父紀念館,2026-01-18,34090.0,20911.16
國父紀念館,2026-01-19,25071.0,26131.668
國父紀念館,2026-01-20,27761.0,26532.99
國父紀念館,2026-01-21,26009.0,27430.604
國父紀念館,2026-01-22,26605.0,26956.344
國父紀念館,2026-01-23,28558.0,30420.46
國父紀念館,2026-01-24,26133.0,27896.068
國父紀念館,2026-01-25,22365.0,22397.297
國父紀念館,2026-01-26,25046.0,24372.938
國父紀念館,2026-01-27,26485.0,26557.357
國父紀念館,2026-01-28,26380.0,27123.832
國父紀念館,2026-01-29,27480.0,27054.184
國父紀念館,2026-01-30,32065.0,30712.152
國父紀念館,2026-01-31,42439.0,30446.52
國父紀念館,2026-02-01,36379.0,35096.062
國父紀念館,2026-02-02,24872.0,26317.945
國父紀念館,2026-02-03,25641.0,25396.434
國父紀念館,2026-02-04,26558.0,26455.227
國父紀念館,2026-02-05,27444.0,27582.504
國父紀念館,2026-02-06,30514.0,32540.105
國父紀念館,2026-02-07,25640.0,33459.11
國父紀念館,2026-02-08,20766.0,22655.398
國父紀念館,2026-02-09,25548.0,23390.809
國父紀念館,2026-02-10,26949.0,26600.887
國父紀念館,2026-02-11,27413.0,27647.725
國父紀念館,2026-02-12,40847.0,27534.947
國父紀念館,2026-02-13,26921.0,41715.87
國父紀念館,2026-02-14,19541.0,24746.373
國父紀念館,2026-02-15,14945.0,17763.148
國父紀念館,2026-02-16,6975.0,7694.214
國父紀念館,2026-02-17,11465.0,3894.6133
國父紀念館,2026-02-18,12462.0,15278.344
國父紀念館,2026-02-19,16619.0,16662.13
國父紀念館,2026-02-20,17690.0,19660.979
國父紀念館,2026-02-21,18813.0,19164.22
國父紀念館,2026-02-22,16817.0,15351.35
國父紀念館,2026-02-23,22253.0,21290.043
國父紀念館,2026-02-24,23950.0,23962.574
國父紀念館,2026-02-25,32139.0,24345.258
國父紀念館,2026-02-26,37224.0,29642.375
國父紀念館,2026-02-27,39967.0,36546.008
國父紀念館,2026-02-28,31452.0,36975.47
國父紀念館,2026-03-01,20310.0,23888.896
國父紀念館,2026-03-02,22604.0,23274.57
國父紀念館,2026-03-03,23888.0,25443.555
國父紀念館,2026-03-04,25288.0,24801.057
國父紀念館,2026-03-05,25852.0,26778.83
國父紀念館,2026-03-06,30042.0,33656.3
國父紀念館,2026-03-07,48021.0,31271.516
國父紀念館,2026-03-08,25353.0,27073.434
國父紀念館,2026-03-09,23917.0,21647.906
國父紀念館,2026-03-10,25031.0,24069.312
國父紀念館,2026-03-11,26434.0,24642.86
國父紀念館,2026-03-12,26889.0,25331.43
國父紀念館,2026-03-13,29351.0,31784.988
國父紀念館,2026-03-14,28134.0,32879.23
國父紀念館,2026-03-15,22329.0,21536.533
國父紀念館,2026-03-16,23176.0,21935.754
國父紀念館,2026-03-17,24867.0,24047.783
國父紀念館,2026-03-18,25921.0,24684.97
國父紀念館,2026-03-19,26504.0,25980.453
國父紀念館,2026-03-20,48884.0,31216.906
國父紀念館,2026-03-21,57094.0,47202.348
國父紀念館,2026-03-22,42757.0,46448.97
國父紀念館,2026-03-23,24084.0,25587.172
國父紀念館,2026-03-24,25133.0,23572.918
國父紀念館,2026-03-25,26185.0,25281.527
國父紀念館,2026-03-26,27045.0,26720.84
國父紀念館,2026-03-27,28983.0,33836.55
國父紀念館,2026-03-28,39517.0,35324.39
國父紀念館,2026-03-29,26525.0,33155.348
國父紀念館,2026-03-30,24353.0,22945.52
國父紀念館,2026-03-31,24795.0,25558.705
國父紀念館,2026-04-01,25446.0,26055.594
國父紀念館,2026-04-02,26836.0,25147.951
國父紀念館,2026-04-03,25543.0,28111.646
國父紀念館,2026-04-04,25034.0,27151.992
國父紀念館,2026-04-05,23173.0,19830.611
國父紀念館,2026-04-06,16695.0,17679.602
國父紀念館,2026-04-07,24238.0,21883.455
國父紀念館,2026-04-08,25196.0,23943.781
國父紀念館,2026-04-09,37712.0,25471.557
國父紀念館,2026-04-10,39624.0,41892.72
國父紀念館,2026-04-11,37710.0,40953.32
國父紀念館,2026-04-12,31408.0,31262.95
國父紀念館,2026-04-13,23716.0,25605.086
國父紀念館,2026-04-14,23999.0,25244.125
國父紀念館,2026-04-15,25052.0,25164.264
國父紀念館,2026-04-16,25313.0,25164.506
國父紀念館,2026-04-17,27355.0,31297.934
國父紀念館,2026-04-18,24074.0,30195.504
國父紀念館,2026-04-19,20104.0,20511.938
國父紀念館,2026-04-20,23066.0,21291.643
國父紀念館,2026-04-21,23984.0,24377.322
國父紀念館,2026-04-22,24834.0,23960.166
國父紀念館,2026-04-23,25517.0,24531.252
國父紀念館,2026-04-24,29245.0,28483.031
國父紀念館,2026-04-25,41021.0,26979.43
國父紀念館,2026-04-26,36051.0,31557.121
國父紀念館,2026-04-27,23698.0,24232.043
國父紀念館,2026-04-28,24988.0,22184.871
國父紀念館,2026-04-29,25955.0,23688.676
國父紀念館,2026-04-30,27565.0,25908.295
國父紀念館,2026-05-01,32165.0,26572.902
國父紀念館,2026-05-02,35596.0,33149.15
國父紀念館,2026-05-03,26128.0,28228.707
國父紀念館,2026-05-04,23970.0,22372.104
國父紀念館,2026-05-05,30725.0,25006.826
國父紀念館,2026-05-06,30894.0,30659.836
國父紀念館,2026-05-07,25669.0,29782.352
國父紀念館,2026-05-08,28195.0,30282.918
國父紀念館,2026-05-09,26875.0,28081.07
國父紀念館,2026-05-10,19347.0,22402.033
國父紀念館,2026-05-11,22916.0,22126.115
國父紀念館,2026-05-12,24605.0,24552.408
國父紀念館,2026-05-13,25689.0,25431.227
國父紀念館,2026-05-14,25401.0,25715.283
國父紀念館,2026-05-15,39686.0,29132.102
國父紀念館,2026-05-16,30212.0,38208.67
國父紀念館,2026-05-17,37546.0,25174.387
國父紀念館,2026-05-18,23685.0,25927.127
國父紀念館,2026-05-19,24210.0,24790.574
國父紀念館,2026-05-20,25268.0,24480.426
國父紀念館,2026-05-21,25748.0,25526.09
國父紀念館,2026-05-22,36773.0,30132.031
國父紀念館,2026-05-23,36443.0,37740.4
國父紀念館,2026-05-24,30873.0,31302.527
國父紀念館,2026-05-25,23306.0,25099.293
國父紀念館,2026-05-26,30183.0,25225.441
國父紀念館,2026-05-27,30177.0,29466.104
國父紀念館,2026-05-28,25579.0,28817.518
國父紀念館,2026-05-29,37576.0,30504.062
國父紀念館,2026-05-30,40050.0,37902.805
國父紀念館,2026-05-31,33508.0,33755.156
圓山,2026-01-01,30292.0,29869.672
圓山,2026-01-02,26536.0,31581.047
圓山,2026-01-03,30594.0,27077.516
圓山,2026-01-04,28838.0,25546.55
圓山,2026-01-05,24119.0,25604.322
圓山,2026-01-06,25195.0,26791.385
圓山,2026-01-07,24964.0,26297.742
圓山,2026-01-08,25335.0,26154.572
圓山,2026-01-09,28153.0,29154.479
圓山,2026-01-10,29584.0,31883.14
圓山,2026-01-11,28263.0,25509.422
圓山,2026-01-12,23502.0,24691.72
圓山,2026-01-13,25455.0,25686.152
圓山,2026-01-14,25440.0,25863.383
圓山,2026-01-15,26164.0,25850.61
圓山,2026-01-16,28206.0,28793.223
圓山,2026-01-17,30763.0,31645.207
圓山,2026-01-18,27025.0,26663.35
圓山,2026-01-19,23238.0,25026.861
圓山,2026-01-20,25488.0,25163.031
圓山,2026-01-21,24378.0,25412.17
圓山,2026-01-22,24682.0,25111.459
圓山,2026-01-23,28939.0,27908.768
圓山,2026-01-24,27748.0,31530.75
圓山,2026-01-25,25992.0,23959.357
圓山,2026-01-26,23859.0,24314.055
圓山,2026-01-27,24903.0,25486.184
圓山,2026-01-28,24141.0,25430.842
圓山,2026-01-29,26616.0,25121.602
圓山,2026-01-30,28285.0,29352.479
圓山,2026-01-31,28680.0,30610.398
圓山,2026-02-01,23406.0,25135.207
圓山,2026-02-02,21849.0,23912.201
圓山,2026-02-03,25395.0,24675.383
圓山,2026-02-04,26761.0,25496.934
圓山,2026-02-05,27447.0,27008.24
圓山,2026-02-06,43772.0,30116.12
圓山,2026-02-07,51268.0,45932.633
圓山,2026-02-08,40433.0,44093.305
圓山,2026-02-09,22901.0,26615.146
圓山,2026-02-10,25712.0,25265.803
圓山,2026-02-11,24020.0,25829.0
圓山,2026-02-12,25350.0,24955.324
圓山,2026-02-13,25380.0,29395.977
圓山,2026-02-14,29197.0,29588.078
圓山,2026-02-15,16333.0,24905.434
圓山,2026-02-16,10028.0,15505.351
圓山,2026-02-17,18243.0,12659.278
圓山,2026-02-18,18399.0,20183.947
圓山,2026-02-19,23033.0,20679.398
圓山,2026-02-20,27237.0,25083.076
圓山,2026-02-21,30814.0,26377.533
圓山,2026-02-22,26735.0,23742.477
圓山,2026-02-23,24913.0,22910.105
圓山,2026-02-24,27172.0,25798.76
圓山,2026-02-25,29066.0,28313.547
圓山,2026-02-26,35093.0,29821.445
圓山,2026-02-27,41582.0,38936.344
圓山,2026-02-28,49551.0,44243.926
圓山,2026-03-01,38660.0,38253.293
圓山,2026-03-02,29763.0,26020.998
圓山,2026-03-03,28800.0,31717.697
圓山,2026-03-04,27536.0,30193.168
圓山,2026-03-05,29374.0,27537.227
圓山,2026-03-06,33358.0,34505.598
圓山,2026-03-07,41018.0,44855.484
圓山,2026-03-08,35767.0,31630.81
圓山,2026-03-09,26370.0,25336.45
圓山,2026-03-10,26378.0,27630.334
圓山,2026-03-11,31050.0,27151.406
圓山,2026-03-12,30457.0,30010.99
圓山,2026-03-13,33389.0,32694.998
圓山,2026-03-14,44426.0,38603.81
圓山,2026-03-15,37725.0,33723.008
圓山,2026-03-16,26087.0,26315.955
圓山,2026-03-17,27882.0,28036.56
圓山,2026-03-18,28637.0,28622.06
圓山,2026-03-19,27350.0,28788.57
圓山,2026-03-20,30253.0,30731.625
圓山,2026-03-21,36092.0,34983.906
圓山,2026-03-22,30278.0,30031.637
圓山,2026-03-23,25947.0,25278.844
圓山,2026-03-24,27898.0,27810.7
圓山,2026-03-25,30623.0,28098.564
圓山,2026-03-26,30242.0,30106.498
圓山,2026-03-27,32148.0,32808.527
圓山,2026-03-28,32885.0,34718.906
圓山,2026-03-29,29090.0,27637.123
圓山,2026-03-30,26110.0,25954.121
圓山,2026-03-31,26449.0,28525.912
圓山,2026-04-01,25938.0,26913.69
圓山,2026-04-02,33707.0,26388.082
圓山,2026-04-03,32896.0,33989.8
圓山,2026-04-04,30247.0,33028.13
圓山,2026-04-05,32147.0,24398.885
圓山,2026-04-06,17945.0,25715.572
圓山,2026-04-07,24689.0,24909.258
圓山,2026-04-08,25977.0,24934.701
圓山,2026-04-09,26971.0,26800.31
圓山,2026-04-10,29741.0,30391.477
圓山,2026-04-11,33571.0,29819.73
圓山,2026-04-12,30534.0,27786.402
圓山,2026-04-13,25045.0,25409.578
圓山,2026-04-14,26427.0,27047.484
圓山,2026-04-15,25872.0,26674.602
圓山,2026-04-16,26044.0,26326.334
圓山,2026-04-17,29386.0,29444.494
圓山,2026-04-18,37375.0,32390.977
圓山,2026-04-19,33501.0,29519.182
圓山,2026-04-20,26042.0,24922.969
圓山,2026-04-21,26766.0,26767.027
圓山,2026-04-22,26620.0,26372.93
圓山,2026-04-23,25508.0,26541.527
圓山,2026-04-24,27847.0,28745.348
圓山,2026-04-25,30239.0,31785.611
圓山,2026-04-26,36523.0,25496.81
圓山,2026-04-27,26137.0,24940.115
圓山,2026-04-28,27423.0,26233.799
圓山,2026-04-29,26889.0,26083.367
圓山,2026-04-30,28578.0,26612.963
圓山,2026-05-01,38616.0,26302.402
圓山,2026-05-02,33580.0,39888.24
圓山,2026-05-03,27989.0,27207.312
圓山,2026-05-04,26412.0,25003.918
圓山,2026-05-05,25412.0,27247.328
圓山,2026-05-06,27399.0,25540.18
圓山,2026-05-07,27712.0,27070.814
圓山,2026-05-08,29693.0,30250.527
圓山,2026-05-09,32486.0,31775.3
圓山,2026-05-10,25946.0,27163.088
圓山,2026-05-11,25322.0,24364.793
圓山,2026-05-12,27072.0,27121.965
圓山,2026-05-13,24990.0,27000.57
圓山,2026-05-14,25400.0,25736.096
圓山,2026-05-15,29586.0,28763.518
圓山,2026-05-16,42605.0,31002.723
圓山,2026-05-17,37801.0,32954.453
圓山,2026-05-18,24830.0,25629.701
圓山,2026-05-19,26549.0,25784.967
圓山,2026-05-20,26794.0,25813.71
圓山,2026-05-21,26255.0,26608.902
圓山,2026-05-22,29222.0,29082.652
圓山,2026-05-23,41587.0,33348.754
圓山,2026-05-24,31356.0,32927.03
圓山,2026-05-25,24421.0,24341.07
圓山,2026-05-26,26182.0,25898.531
圓山,2026-05-27,25825.0,26028.074
圓山,2026-05-28,25558.0,25632.684
圓山,2026-05-29,27255.0,28629.484
圓山,2026-05-30,38669.0,30941.191
圓山,2026-05-31,27123.0,30209.113
土城,2026-01-01,5056.0,6234.3525
土城,2026-01-02,9107.0,9516.439
土城,2026-01-03,6869.0,6985.436
土城,2026-01-04,5510.0,5841.5195
土城,2026-01-05,9415.0,9218.121
土城,2026-01-06,9339.0,9328.084
土城,2026-01-07,9462.0,9456.228
土城,2026-01-08,9413.0,9360.032
土城,2026-01-09,10109.0,9852.887
土城,2026-01-10,7427.0,7668.4595
土城,2026-01-11,5791.0,5866.9785
土城,2026-01-12,9227.0,9108.467
土城,2026-01-13,9340.0,9293.804
土城,2026-01-14,9612.0,9462.135
土城,2026-01-15,9380.0,9475.139
土城,2026-01-16,10076.0,9825.1045
土城,2026-01-17,7621.0,7599.2417
土城,2026-01-18,5844.0,6067.78
土城,2026-01-19,9250.0,9163.342
土城,2026-01-20,9698.0,9380.609
土城,2026-01-21,9458.0,9525.449
土城,2026-01-22,9097.0,9362.528
土城,2026-01-23,10031.0,9672.131
土城,2026-01-24,7594.0,7446.3496
土城,2026-01-25,6117.0,6018.9204
土城,2026-01-26,9482.0,9190.431
土城,2026-01-27,9278.0,9482.186
土城,2026-01-28,9445.0,9413.815
土城,2026-01-29,9727.0,9334.354
土城,2026-01-30,10109.0,10013.299
土城,2026-01-31,8363.0,7681.282
土城,2026-02-01,5780.0,6485.2935
土城,2026-02-02,9230.0,9195.175
土城,2026-02-03,9686.0,9379.051
土城,2026-02-04,9873.0,9694.814
土城,2026-02-05,9855.0,9679.038
土城,2026-02-06,10232.0,10309.197
土城,2026-02-07,7831.0,7801.2466
土城,2026-02-08,6159.0,6244.3916
土城,2026-02-09,9573.0,9303.9375
土城,2026-02-10,9725.0,9588.53
土城,2026-02-11,9713.0,9831.8955
土城,2026-02-12,10031.0,9660.316
土城,2026-02-13,9824.0,10427.426
土城,2026-02-14,6865.0,7613.044
土城,2026-02-15,5574.0,5737.465
土城,2026-02-16,3937.0,3297.9668
土城,2026-02-17,5340.0,3007.567
土城,2026-02-18,5173.0,5893.032
土城,2026-02-19,5829.0,5795.062
土城,2026-02-20,5996.0,5974.991
土城,2026-02-21,6610.0,6129.686
土城,2026-02-22,5514.0,5424.745
土城,2026-02-23,9301.0,8634.259
土城,2026-02-24,9604.0,9438.672
土城,2026-02-25,9708.0,9634.949
土城,2026-02-26,9906.0,9559.552
土城,2026-02-27,7052.0,7404.3984
土城,2026-02-28,7012.0,6949.286
土城,2026-03-01,5520.0,6140.4585
土城,2026-03-02,9368.0,9164.565
土城,2026-03-03,9301.0,9419.184
土城,2026-03-04,9442.0,9330.862
土城,2026-03-05,9533.0,9307.159
土城,2026-03-06,10413.0,9938.131
土城,2026-03-07,7925.0,7965.881
土城,2026-03-08,6309.0,6259.2964
土城,2026-03-09,9551.0,9258.422
土城,2026-03-10,9452.0,9430.089
土城,2026-03-11,10097.0,9504.179
土城,2026-03-12,9804.0,9596.578
土城,2026-03-13,10467.0,10320.45
土城,2026-03-14,8442.0,8298.964
土城,2026-03-15,6326.0,6607.9297
土城,2026-03-16,9493.0,9177.556
土城,2026-03-17,9642.0,9346.411
土城,2026-03-18,10061.0,9495.663
土城,2026-03-19,9677.0,9515.016
土城,2026-03-20,10305.0,10234.615
土城,2026-03-21,9255.0,7853.571
土城,2026-03-22,7211.0,7047.38
土城,2026-03-23,9679.0,9557.594
土城,2026-03-24,9652.0,9720.867
土城,2026-03-25,10024.0,9771.391
土城,2026-03-26,9828.0,9769.535
土城,2026-03-27,10199.0,10465.987
土城,2026-03-28,8724.0,8111.7944
土城,2026-03-29,6819.0,7002.2344
土城,2026-03-30,9717.0,9463.723
土城,2026-03-31,9662.0,9737.189
土城,2026-04-01,9648.0,9900.942
土城,2026-04-02,10217.0,9739.714
土城,2026-04-03,7033.0,7763.7407
土城,2026-04-04,6092.0,7058.1323
土城,2026-04-05,6085.0,5599.818
土城,2026-04-06,5321.0,5952.712
土城,2026-04-07,9369.0,9133.557
土城,2026-04-08,9595.0,9373.133
土城,2026-04-09,9714.0,9539.871
土城,2026-04-10,10310.0,10225.146
土城,2026-04-11,7892.0,8014.184
土城,2026-04-12,6116.0,6467.4307
土城,2026-04-13,9458.0,9236.769
土城,2026-04-14,9417.0,9442.959
土城,2026-04-15,9551.0,9545.021
土城,2026-04-16,9522.0,9495.505
土城,2026-04-17,10026.0,10249.681
土城,2026-04-18,7560.0,8128.412
土城,2026-04-19,6010.0,5997.3193
土城,2026-04-20,9371.0,9198.016
土城,2026-04-21,9478.0,9411.652
土城,2026-04-22,9429.0,9601.5205
土城,2026-04-23,9150.0,9494.914
土城,2026-04-24,9908.0,9912.188
土城,2026-04-25,7519.0,7641.2056
土城,2026-04-26,6381.0,6094.08
土城,2026-04-27,9630.0,9245.035
土城,2026-04-28,9586.0,9465.458
土城,2026-04-29,9616.0,9445.518
土城,2026-04-30,9810.0,9339.899
土城,2026-05-01,7329.0,6592.2075
土城,2026-05-02,7312.0,6845.9517
土城,2026-05-03,5968.0,5961.3906
土城,2026-05-04,9506.0,9183.747
土城,2026-05-05,9415.0,9433.773
土城,2026-05-06,9755.0,9473.063
土城,2026-05-07,9744.0,9531.343
土城,2026-05-08,10264.0,10211.29
土城,2026-05-09,7541.0,7882.2964
土城,2026-05-10,6077.0,6155.561
土城,2026-05-11,9609.0,9345.433
土城,2026-05-12,9545.0,9540.602
土城,2026-05-13,9452.0,9690.272
土城,2026-05-14,9275.0,9543.045
土城,2026-05-15,10424.0,9957.831
土城,2026-05-16,7760.0,7904.569
土城,2026-05-17,6385.0,6225.9404
土城,2026-05-18,9483.0,9384.043
土城,2026-05-19,9436.0,9498.835
土城,2026-05-20,9683.0,9566.863
土城,2026-05-21,9360.0,9517.027
土城,2026-05-22,10054.0,9947.827
土城,2026-05-23,7980.0,7642.2124
土城,2026-05-24,6363.0,6331.1836
土城,2026-05-25,9362.0,9352.84
土城,2026-05-26,9458.0,9434.88
土城,2026-05-27,9589.0,9494.9
土城,2026-05-28,9374.0,9413.053
土城,2026-05-29,9925.0,9910.641
土城,2026-05-30,7669.0,7629.5576
土城,2026-05-31,5897.0,6185.5776
士林,2026-01-01,21589.0,24109.936
士林,2026-01-02,31224.0,31062.938
士林,2026-01-03,26765.0,26139.61
士林,2026-01-04,23668.0,22160.734
士林,2026-01-05,25639.0,29127.195
士林,2026-01-06,27220.0,28714.938
士林,2026-01-07,27511.0,28258.266
士林,2026-01-08,27757.0,28005.018
士林,2026-01-09,30508.0,30651.496
士林,2026-01-10,28026.0,26483.867
士林,2026-01-11,23244.0,23268.305
士林,2026-01-12,25117.0,26834.334
士林,2026-01-13,28362.0,27183.15
士林,2026-01-14,28646.0,28194.623
士林,2026-01-15,28492.0,28741.082
士林,2026-01-16,30961.0,30549.32
士林,2026-01-17,30003.0,27830.271
士林,2026-01-18,26264.0,25241.533
士林,2026-01-19,25731.0,27009.195
士林,2026-01-20,27714.0,26976.63
士林,2026-01-21,26114.0,27608.512
士林,2026-01-22,25821.0,26789.041
士林,2026-01-23,30049.0,28824.023
士林,2026-01-24,26583.0,25483.959
士林,2026-01-25,25009.0,21272.805
士林,2026-01-26,26181.0,25923.205
士林,2026-01-27,26396.0,27104.766
士林,2026-01-28,26202.0,26926.154
士林,2026-01-29,28188.0,26807.914
士林,2026-01-30,29703.0,30825.406
士林,2026-01-31,25230.0,26857.373
士林,2026-02-01,19914.0,21660.582
士林,2026-02-02,23058.0,25143.074
士林,2026-02-03,26422.0,25503.184
士林,2026-02-04,27868.0,26594.611
士林,2026-02-05,27799.0,27848.838
士林,2026-02-06,28072.0,30430.715
士林,2026-02-07,25303.0,24353.232
士林,2026-02-08,21139.0,20926.297
士林,2026-02-09,23661.0,25050.312
士林,2026-02-10,26571.0,25451.584
士林,2026-02-11,25355.0,26535.637
士林,2026-02-12,26283.0,25853.33
士林,2026-02-13,26223.0,28999.65
士林,2026-02-14,21423.0,23260.525
士林,2026-02-15,17373.0,18809.48
士林,2026-02-16,10618.0,13784.294
士林,2026-02-17,16877.0,9413.031
士林,2026-02-18,18680.0,18112.96
士林,2026-02-19,23945.0,19754.293
士林,2026-02-20,23586.0,24283.48
士林,2026-02-21,25079.0,21920.227
士林,2026-02-22,21723.0,19699.871
士林,2026-02-23,26455.0,21977.318
士林,2026-02-24,29030.0,28037.611
士林,2026-02-25,29250.0,29956.078
士林,2026-02-26,37120.0,29808.836
士林,2026-02-27,32172.0,36716.035
士林,2026-02-28,37701.0,30206.902
士林,2026-03-01,28089.0,31230.22
士林,2026-03-02,31943.0,26537.477
士林,2026-03-03,28715.0,33416.223
士林,2026-03-04,30252.0,28485.35
士林,2026-03-05,32689.0,30138.547
士林,2026-03-06,35219.0,36470.004
士林,2026-03-07,34892.0,37387.285
士林,2026-03-08,31206.0,25337.08
士林,2026-03-09,27994.0,27584.959
士林,2026-03-10,27976.0,29889.455
士林,2026-03-11,31852.0,28934.834
士林,2026-03-12,31381.0,30652.541
士林,2026-03-13,33446.0,34279.34
士林,2026-03-14,30692.0,33181.99
士林,2026-03-15,25558.0,24815.898
士林,2026-03-16,28011.0,27228.447
士林,2026-03-17,30586.0,29460.277
士林,2026-03-18,30710.0,30145.67
士林,2026-03-19,29748.0,30518.7
士林,2026-03-20,33084.0,33029.74
士林,2026-03-21,30830.0,29344.617
士林,2026-03-22,25340.0,25681.475
士林,2026-03-23,27833.0,27693.281
士林,2026-03-24,29310.0,29864.158
士林,2026-03-25,30288.0,29922.316
士林,2026-03-26,30361.0,30459.084
士林,2026-03-27,31060.0,33443.3
士林,2026-03-28,27347.0,27535.766
士林,2026-03-29,22295.0,22780.713
士林,2026-03-30,27140.0,26825.203
士林,2026-03-31,29274.0,29302.066
士林,2026-04-01,26131.0,29578.947
士林,2026-04-02,29198.0,27909.95
士林,2026-04-03,22678.0,25468.855
士林,2026-04-04,21977.0,22759.656
士林,2026-04-05,21228.0,19275.799
士林,2026-04-06,18523.0,20275.855
士林,2026-04-07,24098.0,26927.314
士林,2026-04-08,27244.0,25390.234
士林,2026-04-09,28626.0,27480.477
士林,2026-04-10,31025.0,31227.367
士林,2026-04-11,27822.0,26750.375
士林,2026-04-12,22996.0,23230.879
士林,2026-04-13,25734.0,26510.082
士林,2026-04-14,27998.0,27427.543
士林,2026-04-15,27909.0,28280.186
士林,2026-04-16,28294.0,28102.393
士林,2026-04-17,30233.0,31211.408
士林,2026-04-18,25934.0,27520.967
士林,2026-04-19,22353.0,21700.146
士林,2026-04-20,26388.0,25890.156
士林,2026-04-21,27908.0,27893.777
士林,2026-04-22,28089.0,27889.709
士林,2026-04-23,27640.0,28150.174
士林,2026-04-24,30230.0,30309.123
士林,2026-04-25,25226.0,26387.17
士林,2026-04-26,23380.0,21416.191
士林,2026-04-27,26678.0,25614.766
士林,2026-04-28,29316.0,27705.05
士林,2026-04-29,28661.0,28060.934
士林,2026-04-30,31294.0,28266.13
士林,2026-05-01,25764.0,25442.299
士林,2026-05-02,25279.0,24473.213
士林,2026-05-03,20826.0,20367.527
士林,2026-05-04,26968.0,24714.982
士林,2026-05-05,27215.0,28194.76
士林,2026-05-06,28700.0,27389.484
士林,2026-05-07,29387.0,28441.543
士林,2026-05-08,30791.0,31887.857
士林,2026-05-09,23592.0,26089.373
士林,2026-05-10,19582.0,20393.367
士林,2026-05-11,25700.0,26057.785
士林,2026-05-12,27613.0,27649.092
士林,2026-05-13,27108.0,28248.955
士林,2026-05-14,26395.0,27905.281
士林,2026-05-15,30941.0,29507.037
士林,2026-05-16,29097.0,25897.293
士林,2026-05-17,26047.0,23349.688
士林,2026-05-18,28772.0,26287.938
士林,2026-05-19,27863.0,28475.39
士林,2026-05-20,28680.0,27355.578
士林,2026-05-21,27891.0,28239.242
士林,2026-05-22,30675.0,30504.225
士林,2026-05-23,27822.0,26409.703
士林,2026-05-24,22608.0,22399.305
士林,2026-05-25,25429.0,25916.996
士林,2026-05-26,27964.0,27230.537
士林,2026-05-27,27781.0,27732.57
士林,2026-05-28,27640.0,27984.07
士林,2026-05-29,29410.0,30579.338
士林,2026-05-30,26000.0,25315.646
士林,2026-05-31,21729.0,21669.625
大坪林,2026-01-01,11629.0,13628.337
大坪林,2026-01-02,21977.0,23589.574
大坪林,2026-01-03,14540.0,15701.754
大坪林,2026-01-04,12259.0,12906.842
大坪林,2026-01-05,21548.0,22448.105
大坪林,2026-01-06,22014.0,22438.285
大坪林,2026-01-07,21849.0,22688.166
大坪林,2026-01-08,22643.0,22362.996
大坪林,2026-01-09,23831.0,23603.688
大坪林,2026-01-10,16453.0,16281.839
大坪林,2026-01-11,13095.0,13169.535
大坪林,2026-01-12,21143.0,21083.205
大坪林,2026-01-13,22350.0,21538.379
大坪林,2026-01-14,22415.0,22315.443
大坪林,2026-01-15,22390.0,22302.496
大坪林,2026-01-16,23804.0,22997.205
大坪林,2026-01-17,16492.0,15941.639
大坪林,2026-01-18,12560.0,13231.24
大坪林,2026-01-19,21175.0,20849.818
大坪林,2026-01-20,22901.0,21654.248
大坪林,2026-01-21,22288.0,22432.422
大坪林,2026-01-22,22518.0,22220.787
大坪林,2026-01-23,23767.0,22907.004
大坪林,2026-01-24,16752.0,15081.652
大坪林,2026-01-25,13404.0,13065.773
大坪林,2026-01-26,21706.0,21369.809
大坪林,2026-01-27,22804.0,22058.465
大坪林,2026-01-28,22400.0,22636.951
大坪林,2026-01-29,22757.0,22484.443
大坪林,2026-01-30,23848.0,23271.057
大坪林,2026-01-31,16638.0,15698.14
大坪林,2026-02-01,13010.0,13238.242
大坪林,2026-02-02,21691.0,21408.488
大坪林,2026-02-03,22339.0,22173.785
大坪林,2026-02-04,22578.0,22355.75
大坪林,2026-02-05,22518.0,22469.295
大坪林,2026-02-06,23994.0,23352.191
大坪林,2026-02-07,16829.0,15708.29
大坪林,2026-02-08,12975.0,13318.945
大坪林,2026-02-09,21615.0,21437.465
大坪林,2026-02-10,22809.0,22153.06
大坪林,2026-02-11,22423.0,22581.39
大坪林,2026-02-12,22494.0,22442.832
大坪林,2026-02-13,22136.0,23348.195
大坪林,2026-02-14,13195.0,15026.57
大坪林,2026-02-15,10100.0,11559.25
大坪林,2026-02-16,7622.0,8060.995
大坪林,2026-02-17,9150.0,6748.801
大坪林,2026-02-18,9774.0,10971.291
大坪林,2026-02-19,10874.0,10224.244
大坪林,2026-02-20,12190.0,10695.747
大坪林,2026-02-21,12596.0,12476.275
大坪林,2026-02-22,11550.0,10508.545
大坪林,2026-02-23,20963.0,18814.127
大坪林,2026-02-24,22042.0,21532.896
大坪林,2026-02-25,22618.0,22488.338
大坪林,2026-02-26,23409.0,22528.29
大坪林,2026-02-27,16118.0,14686.162
大坪林,2026-02-28,14631.0,15110.365
大坪林,2026-03-01,12756.0,13646.36
大坪林,2026-03-02,21954.0,21356.273
大坪林,2026-03-03,21884.0,22448.852
大坪林,2026-03-04,22415.0,22193.297
大坪林,2026-03-05,22714.0,22260.156
大坪林,2026-03-06,24614.0,23235.514
大坪林,2026-03-07,16823.0,16721.56
大坪林,2026-03-08,14087.0,13311.48
大坪林,2026-03-09,21704.0,22245.865
大坪林,2026-03-10,22422.0,22458.229
大坪林,2026-03-11,22981.0,22480.69
大坪林,2026-03-12,22815.0,22672.695
大坪林,2026-03-13,24327.0,23792.3
大坪林,2026-03-14,17126.0,17399.6
大坪林,2026-03-15,14301.0,13871.324
大坪林,2026-03-16,21839.0,20874.72
大坪林,2026-03-17,22796.0,21874.195
大坪林,2026-03-18,22517.0,22545.523
大坪林,2026-03-19,22308.0,22609.717
大坪林,2026-03-20,24126.0,23676.23
大坪林,2026-03-21,17759.0,15912.525
大坪林,2026-03-22,14642.0,13772.652
大坪林,2026-03-23,21162.0,21506.217
大坪林,2026-03-24,22047.0,21966.65
大坪林,2026-03-25,22629.0,22027.895
大坪林,2026-03-26,22735.0,22463.754
大坪林,2026-03-27,24021.0,23737.947
大坪林,2026-03-28,16274.0,16174.061
大坪林,2026-03-29,13271.0,13255.686
大坪林,2026-03-30,21271.0,21284.102
大坪林,2026-03-31,22084.0,21955.281
大坪林,2026-04-01,22029.0,22192.95
大坪林,2026-04-02,23033.0,22243.791
大坪林,2026-04-03,13949.0,13956.936
大坪林,2026-04-04,11856.0,13497.74
大坪林,2026-04-05,11506.0,10851.721
大坪林,2026-04-06,11797.0,11506.102
大坪林,2026-04-07,21868.0,21046.79
大坪林,2026-04-08,22069.0,22004.166
大坪林,2026-04-09,22479.0,22176.16
大坪林,2026-04-10,24392.0,23764.531
大坪林,2026-04-11,16034.0,16866.209
大坪林,2026-04-12,13472.0,13587.098
大坪林,2026-04-13,21165.0,21104.117
大坪林,2026-04-14,21841.0,21788.148
大坪林,2026-04-15,22570.0,21999.66
大坪林,2026-04-16,22191.0,22396.752
大坪林,2026-04-17,23937.0,23680.39
大坪林,2026-04-18,16684.0,16897.451
大坪林,2026-04-19,13238.0,13559.882
大坪林,2026-04-20,20954.0,20423.922
大坪林,2026-04-21,22133.0,21460.896
大坪林,2026-04-22,22142.0,22171.367
大坪林,2026-04-23,22084.0,22263.904
大坪林,2026-04-24,23549.0,23358.344
大坪林,2026-04-25,16004.0,16087.645
大坪林,2026-04-26,14003.0,13102.589
大坪林,2026-04-27,21474.0,20556.016
大坪林,2026-04-28,22122.0,21656.85
大坪林,2026-04-29,22466.0,21918.656
大坪林,2026-04-30,23892.0,22284.166
大坪林,2026-05-01,14919.0,13402.963
大坪林,2026-05-02,14747.0,13842.947
大坪林,2026-05-03,12494.0,11733.009
大坪林,2026-05-04,22110.0,20899.266
大坪林,2026-05-05,22464.0,22151.248
大坪林,2026-05-06,22813.0,22458.746
大坪林,2026-05-07,22670.0,22619.074
大坪林,2026-05-08,24258.0,23919.803
大坪林,2026-05-09,15955.0,16288.238
大坪林,2026-05-10,12946.0,13218.486
大坪林,2026-05-11,21434.0,21437.564
大坪林,2026-05-12,22166.0,22100.096
大坪林,2026-05-13,22038.0,22394.36
大坪林,2026-05-14,21684.0,22270.105
大坪林,2026-05-15,23604.0,23247.463
大坪林,2026-05-16,16894.0,16092.295
大坪林,2026-05-17,14008.0,13271.34
大坪林,2026-05-18,21102.0,20846.91
大坪林,2026-05-19,21765.0,21566.9
大坪林,2026-05-20,22327.0,21749.535
大坪林,2026-05-21,21921.0,21986.26
大坪林,2026-05-22,23319.0,22977.705
大坪林,2026-05-23,17533.0,15677.992
大坪林,2026-05-24,13909.0,13539.059
大坪林,2026-05-25,21115.0,20808.836
大坪林,2026-05-26,21851.0,21697.734
大坪林,2026-05-27,22240.0,21713.188
大坪林,2026-05-28,21978.0,21965.955
大坪林,2026-05-29,23036.0,23124.932
大坪林,2026-05-30,16469.0,15355.803
大坪林,2026-05-31,13607.0,13025.751
大安,2026-01-01,12887.0,14902.887
大安,2026-01-02,28056.0,28908.23
大安,2026-01-03,16789.0,16806.98
大安,2026-01-04,12749.0,13085.692
大安,2026-01-05,27372.0,28032.627
大安,2026-01-06,28761.0,28812.506
大安,2026-01-07,28577.0,29137.424
大安,2026-01-08,28459.0,29222.113
大安,2026-01-09,29522.0,30112.637
大安,2026-01-10,17196.0,18520.188
大安,2026-01-11,13199.0,13177.84
大安,2026-01-12,26846.0,26795.781
大安,2026-01-13,27844.0,28034.795
大安,2026-01-14,28028.0,28340.166
大安,2026-01-15,27905.0,28270.307
大安,2026-01-16,30198.0,28827.156
大安,2026-01-17,17595.0,17939.605
大安,2026-01-18,13546.0,13588.74
大安,2026-01-19,26387.0,26749.635
大安,2026-01-20,28736.0,27578.594
大安,2026-01-21,28036.0,27684.29
大安,2026-01-22,29053.0,27557.496
大安,2026-01-23,29366.0,29154.377
大安,2026-01-24,17561.0,16872.578
大安,2026-01-25,14010.0,13028.858
大安,2026-01-26,23574.0,26792.23
大安,2026-01-27,25352.0,26403.639
大安,2026-01-28,24338.0,25856.617
大安,2026-01-29,24161.0,25684.074
大安,2026-01-30,25097.0,26241.78
大安,2026-01-31,17229.0,15707.854
大安,2026-02-01,12960.0,12378.114
大安,2026-02-02,22662.0,23965.713
大安,2026-02-03,23866.0,23971.627
大安,2026-02-04,24862.0,23840.166
大安,2026-02-05,24422.0,24658.21
大安,2026-02-06,25422.0,25331.268
大安,2026-02-07,17397.0,15213.883
大安,2026-02-08,13486.0,12462.74
大安,2026-02-09,23078.0,23374.418
大安,2026-02-10,24547.0,23843.566
大安,2026-02-11,24045.0,23717.062
大安,2026-02-12,24179.0,24127.258
大安,2026-02-13,22245.0,25309.734
大安,2026-02-14,13316.0,13682.572
大安,2026-02-15,9474.0,10207.55
大安,2026-02-16,6438.0,3456.9297
大安,2026-02-17,6606.0,3613.5215
大安,2026-02-18,7980.0,8754.724
大安,2026-02-19,8923.0,8608.221
大安,2026-02-20,10149.0,8870.677
大安,2026-02-21,11300.0,11200.5
大安,2026-02-22,10568.0,8983.542
大安,2026-02-23,25956.0,19008.104
大安,2026-02-24,27538.0,26879.928
大安,2026-02-25,27997.0,28136.08
大安,2026-02-26,28804.0,27963.99
大安,2026-02-27,15250.0,16153.051
大安,2026-02-28,14945.0,13864.834
大安,2026-03-01,12049.0,13157.495
大安,2026-03-02,26475.0,24652.023
大安,2026-03-03,28041.0,26704.365
大安,2026-03-04,28030.0,27472.062
大安,2026-03-05,28846.0,27256.637
大安,2026-03-06,30018.0,28185.664
大安,2026-03-07,19134.0,17743.715
大安,2026-03-08,15532.0,14084.453
大安,2026-03-09,27096.0,27347.664
大安,2026-03-10,28960.0,27851.102
大安,2026-03-11,28894.0,28319.617
大安,2026-03-12,28833.0,28054.457
大安,2026-03-13,30098.0,29154.648
大安,2026-03-14,19485.0,19598.121
大安,2026-03-15,14571.0,14730.744
大安,2026-03-16,27305.0,26525.887
大安,2026-03-17,28666.0,27947.992
大安,2026-03-18,28892.0,28022.117
大安,2026-03-19,28446.0,28074.744
大安,2026-03-20,30566.0,29335.855
大安,2026-03-21,18257.0,17974.31
大安,2026-03-22,14378.0,13696.367
大安,2026-03-23,26965.0,27118.664
大安,2026-03-24,28464.0,27988.416
大安,2026-03-25,28860.0,27977.775
大安,2026-03-26,28653.0,28252.127
大安,2026-03-27,29447.0,29622.023
大安,2026-03-28,18115.0,17843.92
大安,2026-03-29,13595.0,13503.741
大安,2026-03-30,27069.0,26780.895
大安,2026-03-31,28043.0,28039.682
大安,2026-04-01,28095.0,28191.871
大安,2026-04-02,28547.0,28130.404
大安,2026-04-03,12952.0,15694.031
大安,2026-04-04,12385.0,13159.298
大安,2026-04-05,11454.0,10846.497
大安,2026-04-06,11248.0,10796.919
大安,2026-04-07,28002.0,27036.14
大安,2026-04-08,28664.0,27320.447
大安,2026-04-09,28281.0,27881.926
大安,2026-04-10,29379.0,29447.928
大安,2026-04-11,22011.0,18346.363
大安,2026-04-12,14511.0,15185.066
大安,2026-04-13,24454.0,26375.703
大安,2026-04-14,28326.0,26506.793
大安,2026-04-15,28062.0,27643.281
大安,2026-04-16,28283.0,27767.467
大安,2026-04-17,28991.0,29658.027
大安,2026-04-18,21296.0,19229.324
大安,2026-04-19,14254.0,14921.066
大安,2026-04-20,25940.0,25971.22
大安,2026-04-21,27613.0,27073.215
大安,2026-04-22,27660.0,27563.453
大安,2026-04-23,27899.0,27529.95
大安,2026-04-24,29547.0,29009.87
大安,2026-04-25,18048.0,18489.629
大安,2026-04-26,15393.0,13790.637
大安,2026-04-27,24720.0,25947.574
大安,2026-04-28,28823.0,26273.828
大安,2026-04-29,28793.0,26305.102
大安,2026-04-30,29378.0,26976.182
大安,2026-05-01,14503.0,15438.615
大安,2026-05-02,15640.0,14060.797
大安,2026-05-03,12504.0,11433.702
大安,2026-05-04,27537.0,25336.434
大安,2026-05-05,28113.0,27541.928
大安,2026-05-06,28015.0,27853.258
大安,2026-05-07,27482.0,27783.213
大安,2026-05-08,28573.0,29294.91
大安,2026-05-09,16962.0,18108.55
大安,2026-05-10,11708.0,13032.013
大安,2026-05-11,25921.0,25721.604
大安,2026-05-12,27398.0,27051.574
大安,2026-05-13,27837.0,27824.895
大安,2026-05-14,27229.0,27869.748
大安,2026-05-15,29027.0,28568.645
大安,2026-05-16,19725.0,17865.857
大安,2026-05-17,15399.0,13852.564
大安,2026-05-18,25977.0,25898.555
大安,2026-05-19,27908.0,26705.105
大安,2026-05-20,27620.0,27118.727
大安,2026-05-21,27772.0,26961.715
大安,2026-05-22,28797.0,28342.09
大安,2026-05-23,18061.0,17117.133
大安,2026-05-24,13343.0,13319.592
大安,2026-05-25,26122.0,26036.45
大安,2026-05-26,27662.0,26949.588
大安,2026-05-27,27520.0,27050.94
大安,2026-05-28,27414.0,26940.242
大安,2026-05-29,28533.0,28133.531
大安,2026-05-30,18985.0,16715.443
大安,2026-05-31,14145.0,13577.48
大安森林公園,2026-01-01,6510.0,10506.977
大安森林公園,2026-01-02,8958.0,10111.014
大安森林公園,2026-01-03,11629.0,10282.591
大安森林公園,2026-01-04,11216.0,10536.668
大安森林公園,2026-01-05,8880.0,9766.84
大安森林公園,2026-01-06,8462.0,9629.154
大安森林公園,2026-01-07,8860.0,8963.599
大安森林公園,2026-01-08,8637.0,9125.029
大安森林公園,2026-01-09,9765.0,9726.771
大安森林公園,2026-01-10,11186.0,11426.855
大安森林公園,2026-01-11,10012.0,9976.075
大安森林公園,2026-01-12,8512.0,8987.472
大安森林公園,2026-01-13,9666.0,8989.825
大安森林公園,2026-01-14,9174.0,9478.132
大安森林公園,2026-01-15,9446.0,9143.226
大安森林公園,2026-01-16,9910.0,10010.757
大安森林公園,2026-01-17,11969.0,11635.574
大安森林公園,2026-01-18,10814.0,10828.485
大安森林公園,2026-01-19,9006.0,9152.714
大安森林公園,2026-01-20,9076.0,9119.436
大安森林公園,2026-01-21,8602.0,9014.2295
大安森林公園,2026-01-22,8446.0,8947.21
大安森林公園,2026-01-23,9947.0,9628.293
大安森林公園,2026-01-24,10752.0,11307.657
大安森林公園,2026-01-25,11933.0,9791.714
大安森林公園,2026-01-26,9420.0,8749.191
大安森林公園,2026-01-27,9315.0,9303.591
大安森林公園,2026-01-28,9102.0,9403.749
大安森林公園,2026-01-29,9940.0,9315.197
大安森林公園,2026-01-30,10076.0,10571.6
大安森林公園,2026-01-31,10459.0,11698.188
大安森林公園,2026-02-01,8492.0,9896.249
大安森林公園,2026-02-02,7851.0,9059.151
大安森林公園,2026-02-03,8623.0,8869.528
大安森林公園,2026-02-04,9577.0,8889.542
大安森林公園,2026-02-05,9236.0,9481.988
大安森林公園,2026-02-06,9010.0,10104.792
大安森林公園,2026-02-07,11820.0,9815.965
大安森林公園,2026-02-08,10465.0,10841.843
大安森林公園,2026-02-09,9046.0,8792.817
大安森林公園,2026-02-10,10293.0,9216.382
大安森林公園,2026-02-11,9778.0,9919.609
大安森林公園,2026-02-12,10437.0,9751.387
大安森林公園,2026-02-13,10867.0,11152.797
大安森林公園,2026-02-14,12187.0,12070.52
大安森林公園,2026-02-15,10798.0,10927.13
大安森林公園,2026-02-16,5044.0,7818.399
大安森林公園,2026-02-17,5166.0,3671.1865
大安森林公園,2026-02-18,5959.0,5840.0396
大安森林公園,2026-02-19,7429.0,7747.7217
大安森林公園,2026-02-20,8422.0,9336.122
大安森林公園,2026-02-21,9919.0,9064.389
大安森林公園,2026-02-22,9148.0,8395.894
大安森林公園,2026-02-23,9016.0,8686.786
大安森林公園,2026-02-24,8897.0,9245.46
大安森林公園,2026-02-25,9268.0,9106.419
大安森林公園,2026-02-26,9982.0,9348.411
大安森林公園,2026-02-27,8536.0,10666.56
大安森林公園,2026-02-28,12828.0,10427.383
大安森林公園,2026-03-01,10445.0,10677.069
大安森林公園,2026-03-02,9192.0,8907.567
大安森林公園,2026-03-03,8685.0,9462.86
大安森林公園,2026-03-04,8648.0,9121.93
大安森林公園,2026-03-05,9507.0,8940.135
大安森林公園,2026-03-06,10742.0,10302.813
大安森林公園,2026-03-07,13467.0,13163.27
大安森林公園,2026-03-08,13642.0,10405.612
大安森林公園,2026-03-09,9522.0,8964.182
大安森林公園,2026-03-10,9061.0,9192.389
大安森林公園,2026-03-11,12371.0,9242.297
大安森林公園,2026-03-12,11893.0,11809.699
大安森林公園,2026-03-13,12423.0,12290.594
大安森林公園,2026-03-14,19351.0,15011.338
大安森林公園,2026-03-15,17582.0,16103.23
大安森林公園,2026-03-16,11847.0,10641.978
大安森林公園,2026-03-17,11960.0,11160.147
大安森林公園,2026-03-18,12434.0,11745.801
大安森林公園,2026-03-19,11421.0,12528.421
大安森林公園,2026-03-20,12588.0,12159.28
大安森林公園,2026-03-21,18320.0,15402.898
大安森林公園,2026-03-22,23655.0,16289.305
大安森林公園,2026-03-23,11158.0,15632.463
大安森林公園,2026-03-24,10860.0,10134.386
大安森林公園,2026-03-25,11216.0,11057.785
大安森林公園,2026-03-26,10986.0,11645.805
大安森林公園,2026-03-27,9723.0,11596.695
大安森林公園,2026-03-28,21805.0,11954.168
大安森林公園,2026-03-29,17761.0,17245.2
大安森林公園,2026-03-30,11157.0,11758.478
大安森林公園,2026-03-31,11030.0,10974.636
大安森林公園,2026-04-01,9814.0,11211.721
大安森林公園,2026-04-02,11388.0,10088.01
大安森林公園,2026-04-03,9651.0,12302.295
大安森林公園,2026-04-04,10050.0,11784.061
大安森林公園,2026-04-05,12013.0,9655.156
大安森林公園,2026-04-06,6981.0,9855.548
大安森林公園,2026-04-07,8220.0,9435.081
大安森林公園,2026-04-08,9147.0,8744.3
大安森林公園,2026-04-09,10027.0,9287.351
大安森林公園,2026-04-10,10487.0,10899.854
大安森林公園,2026-04-11,13796.0,11575.432
大安森林公園,2026-04-12,12311.0,12056.334
大安森林公園,2026-04-13,9412.0,9066.508
大安森林公園,2026-04-14,9235.0,9858.455
大安森林公園,2026-04-15,9578.0,9468.992
大安森林公園,2026-04-16,9468.0,9737.832
大安森林公園,2026-04-17,10070.0,10384.208
大安森林公園,2026-04-18,12007.0,12083.439
大安森林公園,2026-04-19,13900.0,10852.521
大安森林公園,2026-04-20,9659.0,9036.877
大安森林公園,2026-04-21,9772.0,9722.001
大安森林公園,2026-04-22,9746.0,9361.015
大安森林公園,2026-04-23,9080.0,9652.814
大安森林公園,2026-04-24,9824.0,9902.437
大安森林公園,2026-04-25,12907.0,11547.288
大安森林公園,2026-04-26,13075.0,11916.127
大安森林公園,2026-04-27,9661.0,9156.297
大安森林公園,2026-04-28,9867.0,9652.558
大安森林公園,2026-04-29,9365.0,9469.587
大安森林公園,2026-04-30,9358.0,9456.256
大安森林公園,2026-05-01,10237.0,9318.79
大安森林公園,2026-05-02,14111.0,11564.27
大安森林公園,2026-05-03,10600.0,12047.18
大安森林公園,2026-05-04,9023.0,8742.053
大安森林公園,2026-05-05,8628.0,9256.155
大安森林公園,2026-05-06,9471.0,8950.975
大安森林公園,2026-05-07,9382.0,9273.243
大安森林公園,2026-05-08,9527.0,10242.029
大安森林公園,2026-05-09,10986.0,11360.891
大安森林公園,2026-05-10,10410.0,9820.608
大安森林公園,2026-05-11,9058.0,8529.006
大安森林公園,2026-05-12,9513.0,9270.993
大安森林公園,2026-05-13,8862.0,9226.952
大安森林公園,2026-05-14,8363.0,8888.907
大安森林公園,2026-05-15,10140.0,9597.775
大安森林公園,2026-05-16,13761.0,11639.505
大安森林公園,2026-05-17,11571.0,11732.969
大安森林公園,2026-05-18,9099.0,8656.041
大安森林公園,2026-05-19,9110.0,9107.105
大安森林公園,2026-05-20,9517.0,8960.92
大安森林公園,2026-05-21,9356.0,9236.945
大安森林公園,2026-05-22,10061.0,10107.081
大安森林公園,2026-05-23,12143.0,11850.145
大安森林公園,2026-05-24,9927.0,10454.86
大安森林公園,2026-05-25,8874.0,8588.057
大安森林公園,2026-05-26,9063.0,9232.995
大安森林公園,2026-05-27,9822.0,8938.971
大安森林公園,2026-05-28,8987.0,9461.042
大安森林公園,2026-05-29,9447.0,9972.613
大安森林公園,2026-05-30,11333.0,10770.283
大安森林公園,2026-05-31,10449.0,10092.186
大橋頭站,2026-01-01,11001.0,12576.605
大橋頭站,2026-01-02,15461.0,15615.092
大橋頭站,2026-01-03,13537.0,12924.027
大橋頭站,2026-01-04,11919.0,11544.787
大橋頭站,2026-01-05,14241.0,14489.21
大橋頭站,2026-01-06,14335.0,14661.251
大橋頭站,2026-01-07,14234.0,14592.177
大橋頭站,2026-01-08,14363.0,14583.675
大橋頭站,2026-01-09,16089.0,15885.612
大橋頭站,2026-01-10,14082.0,13686.16
大橋頭站,2026-01-11,12164.0,11793.076
大橋頭站,2026-01-12,13797.0,14027.215
大橋頭站,2026-01-13,14305.0,14239.199
大橋頭站,2026-01-14,14537.0,14486.221
大橋頭站,2026-01-15,14600.0,14722.94
大橋頭站,2026-01-16,16137.0,16074.469
大橋頭站,2026-01-17,14419.0,13819.885
大橋頭站,2026-01-18,12367.0,12082.399
大橋頭站,2026-01-19,14049.0,14259.857
大橋頭站,2026-01-20,14303.0,14246.462
大橋頭站,2026-01-21,13966.0,14246.257
大橋頭站,2026-01-22,14382.0,14149.729
大橋頭站,2026-01-23,15832.0,15915.916
大橋頭站,2026-01-24,14530.0,13415.267
大橋頭站,2026-01-25,13065.0,11984.299
大橋頭站,2026-01-26,14035.0,14214.966
大橋頭站,2026-01-27,13945.0,14438.41
大橋頭站,2026-01-28,14016.0,14457.632
大橋頭站,2026-01-29,14891.0,14343.517
大橋頭站,2026-01-30,16208.0,16336.566
大橋頭站,2026-01-31,16598.0,14275.521
大橋頭站,2026-02-01,13169.0,13340.17
大橋頭站,2026-02-02,14558.0,14102.845
大橋頭站,2026-02-03,15588.0,14656.719
大橋頭站,2026-02-04,16389.0,15199.186
大橋頭站,2026-02-05,16263.0,15502.391
大橋頭站,2026-02-06,17495.0,17217.55
大橋頭站,2026-02-07,18256.0,15384.59
大橋頭站,2026-02-08,15521.0,14463.077
大橋頭站,2026-02-09,15409.0,15009.594
大橋頭站,2026-02-10,16073.0,15551.408
大橋頭站,2026-02-11,15623.0,16024.595
大橋頭站,2026-02-12,16096.0,15387.996
大橋頭站,2026-02-13,16646.0,17335.031
大橋頭站,2026-02-14,15193.0,15487.504
大橋頭站,2026-02-15,11829.0,13057.394
大橋頭站,2026-02-16,6066.0,7685.6797
大橋頭站,2026-02-17,8770.0,4143.25
大橋頭站,2026-02-18,9814.0,9935.181
大橋頭站,2026-02-19,11058.0,10965.536
大橋頭站,2026-02-20,11878.0,11644.57
大橋頭站,2026-02-21,12367.0,12005.371
大橋頭站,2026-02-22,10727.0,10200.669
大橋頭站,2026-02-23,13370.0,12096.327
大橋頭站,2026-02-24,13649.0,13882.987
大橋頭站,2026-02-25,14622.0,14213.398
大橋頭站,2026-02-26,16033.0,14646.603
大橋頭站,2026-02-27,13295.0,14360.83
大橋頭站,2026-02-28,13259.0,13342.141
大橋頭站,2026-03-01,11289.0,11682.819
大橋頭站,2026-03-02,13830.0,13933.436
大橋頭站,2026-03-03,13876.0,14491.155
大橋頭站,2026-03-04,14021.0,14229.342
大橋頭站,2026-03-05,14892.0,14080.641
大橋頭站,2026-03-06,16510.0,16179.854
大橋頭站,2026-03-07,14660.0,14910.705
大橋頭站,2026-03-08,12343.0,12152.454
大橋頭站,2026-03-09,13949.0,13763.758
大橋頭站,2026-03-10,14248.0,14292.384
大橋頭站,2026-03-11,14815.0,14186.593
大橋頭站,2026-03-12,14946.0,14467.901
大橋頭站,2026-03-13,16745.0,16586.467
大橋頭站,2026-03-14,14840.0,15252.085
大橋頭站,2026-03-15,12767.0,11955.262
大橋頭站,2026-03-16,14169.0,13549.639
大橋頭站,2026-03-17,14554.0,13834.373
大橋頭站,2026-03-18,14391.0,13903.249
大橋頭站,2026-03-19,14714.0,14122.649
大橋頭站,2026-03-20,16975.0,16181.787
大橋頭站,2026-03-21,14856.0,14606.9375
大橋頭站,2026-03-22,12479.0,12392.299
大橋頭站,2026-03-23,14064.0,13988.648
大橋頭站,2026-03-24,14417.0,14551.221
大橋頭站,2026-03-25,14670.0,14616.209
大橋頭站,2026-03-26,14836.0,14607.603
大橋頭站,2026-03-27,16685.0,16284.721
大橋頭站,2026-03-28,14261.0,14423.132
大橋頭站,2026-03-29,11384.0,12130.606
大橋頭站,2026-03-30,14061.0,13708.935
大橋頭站,2026-03-31,14071.0,14533.5205
大橋頭站,2026-04-01,14409.0,14397.277
大橋頭站,2026-04-02,15477.0,14413.017
大橋頭站,2026-04-03,11501.0,13081.092
大橋頭站,2026-04-04,10183.0,11745.149
大橋頭站,2026-04-05,10250.0,9660.493
大橋頭站,2026-04-06,9805.0,9748.471
大橋頭站,2026-04-07,13662.0,13669.023
大橋頭站,2026-04-08,14067.0,13969.217
大橋頭站,2026-04-09,14569.0,14191.713
大橋頭站,2026-04-10,16305.0,15751.01
大橋頭站,2026-04-11,13981.0,13614.359
大橋頭站,2026-04-12,11321.0,11812.444
大橋頭站,2026-04-13,13779.0,13575.067
大橋頭站,2026-04-14,13970.0,14126.267
大橋頭站,2026-04-15,14161.0,14190.161
大橋頭站,2026-04-16,14445.0,14207.953
大橋頭站,2026-04-17,15785.0,16045.825
大橋頭站,2026-04-18,13447.0,13772.424
大橋頭站,2026-04-19,11896.0,11238.21
大橋頭站,2026-04-20,14134.0,13672.126
大橋頭站,2026-04-21,13968.0,14327.864
大橋頭站,2026-04-22,14208.0,14122.665
大橋頭站,2026-04-23,14184.0,14166.499
大橋頭站,2026-04-24,15903.0,15760.567
大橋頭站,2026-04-25,13276.0,13444.927
大橋頭站,2026-04-26,12432.0,11367.004
大橋頭站,2026-04-27,13914.0,13762.44
大橋頭站,2026-04-28,14361.0,14025.015
大橋頭站,2026-04-29,14527.0,13778.922
大橋頭站,2026-04-30,15995.0,13967.441
大橋頭站,2026-05-01,13400.0,12388.596
大橋頭站,2026-05-02,13047.0,12693.799
大橋頭站,2026-05-03,11524.0,10844.801
大橋頭站,2026-05-04,14197.0,13452.473
大橋頭站,2026-05-05,14222.0,14415.851
大橋頭站,2026-05-06,14444.0,14351.349
大橋頭站,2026-05-07,14587.0,14342.934
大橋頭站,2026-05-08,16258.0,15836.369
大橋頭站,2026-05-09,13716.0,13619.882
大橋頭站,2026-05-10,10957.0,11684.863
大橋頭站,2026-05-11,13865.0,13751.566
大橋頭站,2026-05-12,13997.0,14350.019
大橋頭站,2026-05-13,14054.0,14445.671
大橋頭站,2026-05-14,14015.0,14380.689
大橋頭站,2026-05-15,15911.0,15611.982
大橋頭站,2026-05-16,14000.0,13267.85
大橋頭站,2026-05-17,11965.0,11616.875
大橋頭站,2026-05-18,13812.0,13793.36
大橋頭站,2026-05-19,13847.0,14111.538
大橋頭站,2026-05-20,14094.0,14051.842
大橋頭站,2026-05-21,14416.0,14016.488
大橋頭站,2026-05-22,15620.0,15721.145
大橋頭站,2026-05-23,13663.0,13120.301
大橋頭站,2026-05-24,11486.0,11357.5205
大橋頭站,2026-05-25,13502.0,13634.157
大橋頭站,2026-05-26,13568.0,13992.938
大橋頭站,2026-05-27,13754.0,13835.896
大橋頭站,2026-05-28,13934.0,13833.29
大橋頭站,2026-05-29,15843.0,15401.511
大橋頭站,2026-05-30,13538.0,13265.53
大橋頭站,2026-05-31,11291.0,11398.541
大湖公園,2026-01-01,2341.0,3322.3237
大湖公園,2026-01-02,3168.0,3741.8687
大湖公園,2026-01-03,3599.0,3055.1943
大湖公園,2026-01-04,4564.0,3179.542
大湖公園,2026-01-05,3834.0,3724.0889
大湖公園,2026-01-06,3476.0,3746.9736
大湖公園,2026-01-07,3667.0,3676.212
大湖公園,2026-01-08,3755.0,3711.5193
大湖公園,2026-01-09,4312.0,3959.3135
大湖公園,2026-01-10,4728.0,4052.0964
大湖公園,2026-01-11,4618.0,3768.388
大湖公園,2026-01-12,3780.0,3823.15
大湖公園,2026-01-13,4499.0,3833.6064
大湖公園,2026-01-14,4787.0,4101.34
大湖公園,2026-01-15,4800.0,4303.611
大湖公園,2026-01-16,4754.0,4706.3535
大湖公園,2026-01-17,6419.0,4760.124
大湖公園,2026-01-18,6781.0,4817.971
大湖公園,2026-01-19,4317.0,5050.7363
大湖公園,2026-01-20,3663.0,3842.2666
大湖公園,2026-01-21,3443.0,3858.3774
大湖公園,2026-01-22,3475.0,3565.5037
大湖公園,2026-01-23,4101.0,3636.852
大湖公園,2026-01-24,3458.0,4716.4395
大湖公園,2026-01-25,5568.0,3189.7712
大湖公園,2026-01-26,4558.0,4129.9834
大湖公園,2026-01-27,3599.0,3784.4827
大湖公園,2026-01-28,3708.0,3611.1611
大湖公園,2026-01-29,4449.0,3697.9077
大湖公園,2026-01-30,4531.0,4426.358
大湖公園,2026-01-31,3215.0,4400.826
大湖公園,2026-02-01,2296.0,3148.8044
大湖公園,2026-02-02,3203.0,3661.181
大湖公園,2026-02-03,3886.0,3568.725
大湖公園,2026-02-04,4529.0,3776.8767
大湖公園,2026-02-05,4367.0,4066.6057
大湖公園,2026-02-06,3754.0,4395.9966
大湖公園,2026-02-07,2964.0,3252.3494
大湖公園,2026-02-08,2761.0,2736.145
大湖公園,2026-02-09,3422.0,3698.8228
大湖公園,2026-02-10,4052.0,3627.9348
大湖公園,2026-02-11,3574.0,3876.202
大湖公園,2026-02-12,4044.0,3664.9644
大湖公園,2026-02-13,4157.0,4040.6157
大湖公園,2026-02-14,3316.0,3571.0713
大湖公園,2026-02-15,2819.0,3066.9956
大湖公園,2026-02-16,1464.0,2271.086
大湖公園,2026-02-17,2446.0,1597.9531
大湖公園,2026-02-18,2494.0,2839.8882
大湖公園,2026-02-19,3804.0,2827.3416
大湖公園,2026-02-20,3819.0,3644.336
大湖公園,2026-02-21,4664.0,3538.761
大湖公園,2026-02-22,3915.0,3866.029
大湖公園,2026-02-23,3612.0,3607.6052
大湖公園,2026-02-24,3620.0,3906.6985
大湖公園,2026-02-25,3442.0,3753.5342
大湖公園,2026-02-26,3816.0,3485.586
大湖公園,2026-02-27,3152.0,3314.0413
大湖公園,2026-02-28,3179.0,3314.6514
大湖公園,2026-03-01,2907.0,3026.1455
大湖公園,2026-03-02,3372.0,3389.2632
大湖公園,2026-03-03,3271.0,3555.125
大湖公園,2026-03-04,3374.0,3412.4197
大湖公園,2026-03-05,3543.0,3357.3096
大湖公園,2026-03-06,3624.0,3585.7961
大湖公園,2026-03-07,3365.0,3665.0132
大湖公園,2026-03-08,3128.0,3112.083
大湖公園,2026-03-09,3254.0,3308.0232
大湖公園,2026-03-10,3275.0,3424.8218
大湖公園,2026-03-11,3906.0,3380.9111
大湖公園,2026-03-12,3739.0,3666.5151
大湖公園,2026-03-13,4007.0,3806.5793
大湖公園,2026-03-14,4075.0,4100.7583
大湖公園,2026-03-15,3956.0,3368.0566
大湖公園,2026-03-16,3606.0,3442.613
大湖公園,2026-03-17,3721.0,3650.7073
大湖公園,2026-03-18,3837.0,3700.7166
大湖公園,2026-03-19,3652.0,3729.4775
大湖公園,2026-03-20,3939.0,3871.3662
大湖公園,2026-03-21,3560.0,3741.805
大湖公園,2026-03-22,4027.0,3039.2917
大湖公園,2026-03-23,3581.0,3486.3286
大湖公園,2026-03-24,3698.0,3661.198
大湖公園,2026-03-25,3832.0,3683.1643
大湖公園,2026-03-26,3770.0,3746.2798
大湖公園,2026-03-27,3587.0,3930.3462
大湖公園,2026-03-28,3377.0,3348.813
大湖公園,2026-03-29,3760.0,3106.8037
大湖公園,2026-03-30,3513.0,3503.8052
大湖公園,2026-03-31,3616.0,3599.1196
大湖公園,2026-04-01,3429.0,3601.8481
大湖公園,2026-04-02,3866.0,3528.9844
大湖公園,2026-04-03,3344.0,3572.9338
大湖公園,2026-04-04,2582.0,3289.88
大湖公園,2026-04-05,3203.0,2701.9753
大湖公園,2026-04-06,2550.0,3152.919
大湖公園,2026-04-07,3252.0,3495.6921
大湖公園,2026-04-08,3592.0,3429.2024
大湖公園,2026-04-09,3754.0,3607.9946
大湖公園,2026-04-10,3771.0,3893.1401
大湖公園,2026-04-11,3914.0,3450.6868
大湖公園,2026-04-12,3903.0,3365.6038
大湖公園,2026-04-13,3452.0,3517.2712
大湖公園,2026-04-14,3581.0,3600.641
大湖公園,2026-04-15,3709.0,3624.857
大湖公園,2026-04-16,3519.0,3662.2524
大湖公園,2026-04-17,3854.0,3717.6865
大湖公園,2026-04-18,5022.0,3848.9412
大湖公園,2026-04-19,3768.0,3965.5684
大湖公園,2026-04-20,3464.0,3400.03
大湖公園,2026-04-21,3702.0,3600.9526
大湖公園,2026-04-22,3644.0,3675.6426
大湖公園,2026-04-23,3382.0,3576.0288
大湖公園,2026-04-24,3421.0,3667.2336
大湖公園,2026-04-25,3055.0,3410.2197
大湖公園,2026-04-26,3863.0,2768.2976
大湖公園,2026-04-27,3679.0,3307.7922
大湖公園,2026-04-28,3698.0,3611.5923
大湖公園,2026-04-29,3508.0,3592.3176
大湖公園,2026-04-30,3603.0,3521.795
大湖公園,2026-05-01,3680.0,3163.8635
大湖公園,2026-05-02,3584.0,3519.5059
大湖公園,2026-05-03,3016.0,3180.5906
大湖公園,2026-05-04,3313.0,3306.845
大湖公園,2026-05-05,3312.0,3442.4893
大湖公園,2026-05-06,3589.0,3384.4087
大湖公園,2026-05-07,3725.0,3494.2058
大湖公園,2026-05-08,3603.0,3847.4312
大湖公園,2026-05-09,2938.0,3387.4607
大湖公園,2026-05-10,3102.0,2776.6472
大湖公園,2026-05-11,3576.0,3412.1638
大湖公園,2026-05-12,3527.0,3574.294
大湖公園,2026-05-13,3291.0,3542.2097
大湖公園,2026-05-14,3307.0,3459.2927
大湖公園,2026-05-15,3773.0,3555.2637
大湖公園,2026-05-16,4155.0,3424.667
大湖公園,2026-05-17,3748.0,3470.416
大湖公園,2026-05-18,3494.0,3377.7666
大湖公園,2026-05-19,3515.0,3514.6047
大湖公園,2026-05-20,3544.0,3482.9404
大湖公園,2026-05-21,3605.0,3525.1648
大湖公園,2026-05-22,3805.0,3760.5933
大湖公園,2026-05-23,3555.0,3562.6484
大湖公園,2026-05-24,3310.0,3053.0496
大湖公園,2026-05-25,3331.0,3352.7856
大湖公園,2026-05-26,3397.0,3450.5977
大湖公園,2026-05-27,3401.0,3447.2593
大湖公園,2026-05-28,3443.0,3444.3936
大湖公園,2026-05-29,3521.0,3646.4727
大湖公園,2026-05-30,3461.0,3281.557
大湖公園,2026-05-31,3182.0,3135.1897
大直,2026-01-01,5165.0,5953.9297
大直,2026-01-02,10105.0,10515.338
大直,2026-01-03,6233.0,6492.8447
大直,2026-01-04,5270.0,5286.49
大直,2026-01-05,8801.0,10171.111
大直,2026-01-06,9080.0,9863.141
大直,2026-01-07,9178.0,9759.914
大直,2026-01-08,9575.0,9609.399
大直,2026-01-09,10123.0,10167.012
大直,2026-01-10,6975.0,6718.3975
大直,2026-01-11,6567.0,5311.088
大直,2026-01-12,8500.0,9034.063
大直,2026-01-13,8650.0,8869.132
大直,2026-01-14,8999.0,8949.506
大直,2026-01-15,8895.0,8939.979
大直,2026-01-16,9702.0,9285.347
大直,2026-01-17,6557.0,6769.2744
大直,2026-01-18,5412.0,5388.2866
大直,2026-01-19,8155.0,8416.261
大直,2026-01-20,9084.0,8510.077
大直,2026-01-21,9101.0,8765.885
大直,2026-01-22,8765.0,8899.911
大直,2026-01-23,9575.0,9262.279
大直,2026-01-24,6123.0,5977.574
大直,2026-01-25,5248.0,4742.4624
大直,2026-01-26,7909.0,8623.204
大直,2026-01-27,8163.0,8433.077
大直,2026-01-28,8442.0,8399.282
大直,2026-01-29,8654.0,8445.93
大直,2026-01-30,9104.0,9138.68
大直,2026-01-31,6342.0,6062.248
大直,2026-02-01,4836.0,4963.1196
大直,2026-02-02,8015.0,8048.6895
大直,2026-02-03,8704.0,8268.208
大直,2026-02-04,8631.0,8633.254
大直,2026-02-05,8459.0,8646.987
大直,2026-02-06,8992.0,9017.496
大直,2026-02-07,6294.0,5953.2246
大直,2026-02-08,4946.0,4901.683
大直,2026-02-09,7850.0,8146.0894
大直,2026-02-10,8226.0,8214.21
大直,2026-02-11,8179.0,8301.996
大直,2026-02-12,8122.0,8271.801
大直,2026-02-13,7988.0,8767.349
大直,2026-02-14,4989.0,5507.198
大直,2026-02-15,3836.0,4216.6465
大直,2026-02-16,2540.0,1628.9136
大直,2026-02-17,2922.0,1177.9219
大直,2026-02-18,3222.0,4040.7144
大直,2026-02-19,3783.0,3847.8965
大直,2026-02-20,4062.0,3726.4292
大直,2026-02-21,4875.0,4370.881
大直,2026-02-22,4706.0,3841.9482
大直,2026-02-23,9730.0,6911.321
大直,2026-02-24,10420.0,9949.323
大直,2026-02-25,10840.0,10564.36
大直,2026-02-26,11707.0,10739.416
大直,2026-02-27,6342.0,7615.3457
大直,2026-02-28,5770.0,5288.5815
大直,2026-03-01,4810.0,5075.353
大直,2026-03-02,10270.0,9155.554
大直,2026-03-03,10498.0,10107.231
大直,2026-03-04,10756.0,10182.488
大直,2026-03-05,11188.0,10342.555
大直,2026-03-06,11425.0,10806.924
大直,2026-03-07,7031.0,7075.7407
大直,2026-03-08,5603.0,5424.387
大直,2026-03-09,10130.0,10092.992
大直,2026-03-10,10694.0,10368.004
大直,2026-03-11,10998.0,10411.837
大直,2026-03-12,11178.0,10458.588
大直,2026-03-13,11731.0,11026.888
大直,2026-03-14,7229.0,7799.8633
大直,2026-03-15,5716.0,5724.633
大直,2026-03-16,10192.0,9845.947
大直,2026-03-17,10706.0,10412.197
大直,2026-03-18,10985.0,10586.203
大直,2026-03-19,11111.0,10671.087
大直,2026-03-20,11541.0,11322.205
大直,2026-03-21,8223.0,7141.3584
大直,2026-03-22,5859.0,5992.49
大直,2026-03-23,9940.0,10172.322
大直,2026-03-24,10589.0,10505.277
大直,2026-03-25,10854.0,10683.784
大直,2026-03-26,10827.0,10747.68
大直,2026-03-27,11144.0,11302.443
大直,2026-03-28,7063.0,7150.256
大直,2026-03-29,5720.0,5505.2803
大直,2026-03-30,10056.0,10040.205
大直,2026-03-31,10540.0,10490.525
大直,2026-04-01,10726.0,10677.532
大直,2026-04-02,9535.0,10697.249
大直,2026-04-03,5393.0,6143.7876
大直,2026-04-04,4719.0,5448.2285
大直,2026-04-05,4727.0,4580.1074
大直,2026-04-06,4550.0,5002.246
大直,2026-04-07,10152.0,9919.607
大直,2026-04-08,10648.0,10151.634
大直,2026-04-09,10767.0,10430.984
大直,2026-04-10,10972.0,11088.15
大直,2026-04-11,9211.0,7164.169
大直,2026-04-12,6389.0,6485.379
大直,2026-04-13,9784.0,9736.358
大直,2026-04-14,10308.0,10106.626
大直,2026-04-15,10481.0,10371.412
大直,2026-04-16,10465.0,10441.592
大直,2026-04-17,10848.0,11363.484
大直,2026-04-18,7400.0,7725.1484
大直,2026-04-19,5831.0,5501.3193
大直,2026-04-20,9779.0,9704.948
大直,2026-04-21,10152.0,10203.921
大直,2026-04-22,10469.0,10318.449
大直,2026-04-23,10257.0,10440.494
大直,2026-04-24,11417.0,10792.674
大直,2026-04-25,6891.0,7377.989
大直,2026-04-26,6681.0,5643.296
大直,2026-04-27,10190.0,9829.916
大直,2026-04-28,10622.0,10236.551
大直,2026-04-29,10701.0,10252.98
大直,2026-04-30,11770.0,10431.723
大直,2026-05-01,6313.0,6629.261
大直,2026-05-02,6549.0,5911.7695
大直,2026-05-03,5251.0,5094.554
大直,2026-05-04,10130.0,9533.486
大直,2026-05-05,10357.0,10329.906
大直,2026-05-06,10855.0,10494.242
大直,2026-05-07,10751.0,10683.75
大直,2026-05-08,11152.0,11321.278
大直,2026-05-09,7435.0,7383.3765
大直,2026-05-10,5577.0,5667.0005
大直,2026-05-11,9959.0,9792.409
大直,2026-05-12,10368.0,10269.783
大直,2026-05-13,10682.0,10516.06
大直,2026-05-14,10670.0,10606.051
大直,2026-05-15,11153.0,11157.317
大直,2026-05-16,8180.0,7375.48
大直,2026-05-17,6321.0,5898.7285
大直,2026-05-18,9931.0,9808.3125
大直,2026-05-19,10449.0,10238.023
大直,2026-05-20,10508.0,10423.154
大直,2026-05-21,10342.0,10428.061
大直,2026-05-22,10921.0,10955.051
大直,2026-05-23,6939.0,7021.719
大直,2026-05-24,5743.0,5363.3936
大直,2026-05-25,9745.0,9831.239
大直,2026-05-26,10544.0,10172.842
大直,2026-05-27,10462.0,10394.593
大直,2026-05-28,10490.0,10366.619
大直,2026-05-29,10874.0,10891.372
大直,2026-05-30,7018.0,6863.7803
大直,2026-05-31,5510.0,5381.591
奇岩,2026-01-01,5468.0,6306.986
奇岩,2026-01-02,9014.0,9923.926
奇岩,2026-01-03,6862.0,6533.3516
奇岩,2026-01-04,5573.0,5637.8145
奇岩,2026-01-05,9437.0,9518.961
奇岩,2026-01-06,9570.0,9777.537
奇岩,2026-01-07,9567.0,9735.396
奇岩,2026-01-08,9595.0,9681.948
奇岩,2026-01-09,10074.0,10043.186
奇岩,2026-01-10,6808.0,7032.0923
奇岩,2026-01-11,5495.0,5630.2393
奇岩,2026-01-12,9138.0,9092.849
奇岩,2026-01-13,9596.0,9436.842
奇岩,2026-01-14,9631.0,9587.511
奇岩,2026-01-15,9588.0,9569.568
奇岩,2026-01-16,9868.0,9784.586
奇岩,2026-01-17,7072.0,6742.884
奇岩,2026-01-18,6207.0,5767.158
奇岩,2026-01-19,9286.0,9144.912
奇岩,2026-01-20,9504.0,9482.84
奇岩,2026-01-21,9380.0,9329.764
奇岩,2026-01-22,9460.0,9296.939
奇岩,2026-01-23,9844.0,9746.886
奇岩,2026-01-24,7159.0,6510.605
奇岩,2026-01-25,6333.0,5642.052
奇岩,2026-01-26,9794.0,9190.657
奇岩,2026-01-27,9502.0,9766.238
奇岩,2026-01-28,9333.0,9513.707
奇岩,2026-01-29,9989.0,9417.506
奇岩,2026-01-30,10212.0,10100.406
奇岩,2026-01-31,6981.0,6899.9673
奇岩,2026-02-01,5670.0,5640.8145
奇岩,2026-02-02,9168.0,9273.581
奇岩,2026-02-03,9534.0,9564.803
奇岩,2026-02-04,9697.0,9530.811
奇岩,2026-02-05,9964.0,9647.064
奇岩,2026-02-06,10222.0,10252.857
奇岩,2026-02-07,7086.0,6917.683
奇岩,2026-02-08,5590.0,5711.487
奇岩,2026-02-09,9156.0,9209.052
奇岩,2026-02-10,9558.0,9548.863
奇岩,2026-02-11,9412.0,9561.013
奇岩,2026-02-12,9557.0,9536.821
奇岩,2026-02-13,9293.0,10039.919
奇岩,2026-02-14,5780.0,6590.6465
奇岩,2026-02-15,4460.0,5102.407
奇岩,2026-02-16,3378.0,2802.377
奇岩,2026-02-17,8771.0,3130.2422
奇岩,2026-02-18,7715.0,7588.899
奇岩,2026-02-19,8261.0,7029.8003
奇岩,2026-02-20,6411.0,6531.1445
奇岩,2026-02-21,6935.0,5677.9434
奇岩,2026-02-22,5429.0,5515.1562
奇岩,2026-02-23,9277.0,8532.054
奇岩,2026-02-24,9747.0,9835.127
奇岩,2026-02-25,9709.0,9771.595
奇岩,2026-02-26,10187.0,9703.352
奇岩,2026-02-27,7200.0,6587.3535
奇岩,2026-02-28,6742.0,6692.829
奇岩,2026-03-01,5639.0,6076.4644
奇岩,2026-03-02,9329.0,9398.597
奇岩,2026-03-03,9710.0,9738.1
奇岩,2026-03-04,9995.0,9744.264
奇岩,2026-03-05,10017.0,9842.609
奇岩,2026-03-06,10254.0,10230.385
奇岩,2026-03-07,7121.0,7551.581
奇岩,2026-03-08,6284.0,6011.3623
奇岩,2026-03-09,9369.0,9416.641
奇岩,2026-03-10,9766.0,9675.796
奇岩,2026-03-11,10208.0,9658.669
奇岩,2026-03-12,9909.0,9822.531
奇岩,2026-03-13,10118.0,10276.881
奇岩,2026-03-14,7555.0,7421.059
奇岩,2026-03-15,5927.0,5867.4424
奇岩,2026-03-16,9387.0,9306.574
奇岩,2026-03-17,9976.0,9652.919
奇岩,2026-03-18,9991.0,9672.555
奇岩,2026-03-19,9718.0,9647.713
奇岩,2026-03-20,9831.0,10174.061
奇岩,2026-03-21,7219.0,6730.4565
奇岩,2026-03-22,6131.0,5681.2695
奇岩,2026-03-23,9374.0,9322.801
奇岩,2026-03-24,9851.0,9685.942
奇岩,2026-03-25,9881.0,9674.437
奇岩,2026-03-26,9833.0,9700.46
奇岩,2026-03-27,9855.0,10216.855
奇岩,2026-03-28,6989.0,6779.671
奇岩,2026-03-29,5450.0,5647.45
奇岩,2026-03-30,9561.0,9238.233
奇岩,2026-03-31,9735.0,9771.187
奇岩,2026-04-01,9717.0,9715.4795
奇岩,2026-04-02,9989.0,9689.554
奇岩,2026-04-03,6056.0,6197.496
奇岩,2026-04-04,5583.0,5809.392
奇岩,2026-04-05,5426.0,4985.446
奇岩,2026-04-06,4781.0,5214.9873
奇岩,2026-04-07,9406.0,9384.054
奇岩,2026-04-08,9914.0,9507.498
奇岩,2026-04-09,9940.0,9773.715
奇岩,2026-04-10,10023.0,10299.748
奇岩,2026-04-11,7602.0,6980.3467
奇岩,2026-04-12,5861.0,5969.495
奇岩,2026-04-13,9200.0,9190.833
奇岩,2026-04-14,9818.0,9516.061
奇岩,2026-04-15,9812.0,9594.326
奇岩,2026-04-16,9588.0,9627.178
奇岩,2026-04-17,9892.0,10126.07
奇岩,2026-04-18,6731.0,7044.968
奇岩,2026-04-19,5749.0,5576.2544
奇岩,2026-04-20,9195.0,9132.459
奇岩,2026-04-21,9613.0,9515.57
奇岩,2026-04-22,9634.0,9526.093
奇岩,2026-04-23,9520.0,9563.703
奇岩,2026-04-24,9692.0,9882.398
奇岩,2026-04-25,6844.0,6751.529
奇岩,2026-04-26,6459.0,5616.949
奇岩,2026-04-27,9501.0,9064.325
奇岩,2026-04-28,9784.0,9530.67
奇岩,2026-04-29,10026.0,9362.626
奇岩,2026-04-30,10144.0,9478.721
奇岩,2026-05-01,6860.0,5820.256
奇岩,2026-05-02,6592.0,6099.27
奇岩,2026-05-03,5351.0,5241.4556
奇岩,2026-05-04,9404.0,9064.058
奇岩,2026-05-05,10003.0,9629.207
奇岩,2026-05-06,10043.0,9737.989
奇岩,2026-05-07,9978.0,9767.3125
奇岩,2026-05-08,10222.0,10328.114
奇岩,2026-05-09,7485.0,6855.85
奇岩,2026-05-10,5641.0,5831.824
奇岩,2026-05-11,9494.0,9337.118
奇岩,2026-05-12,10006.0,9747.281
奇岩,2026-05-13,9867.0,9902.458
奇岩,2026-05-14,9579.0,9822.615
奇岩,2026-05-15,9982.0,10146.422
奇岩,2026-05-16,7068.0,6913.8784
奇岩,2026-05-17,6156.0,5670.1953
奇岩,2026-05-18,9294.0,9287.863
奇岩,2026-05-19,9739.0,9604.785
奇岩,2026-05-20,9811.0,9625.113
奇岩,2026-05-21,9897.0,9604.272
奇岩,2026-05-22,10058.0,10058.171
奇岩,2026-05-23,7091.0,6841.1753
奇岩,2026-05-24,5660.0,5686.1914
奇岩,2026-05-25,9119.0,9210.35
奇岩,2026-05-26,9839.0,9515.918
奇岩,2026-05-27,9836.0,9524.501
奇岩,2026-05-28,9638.0,9508.043
奇岩,2026-05-29,10004.0,10000.809
奇岩,2026-05-30,6891.0,6661.4575
奇岩,2026-05-31,5882.0,5508.882
小南門,2026-01-01,4094.0,3931.0327
小南門,2026-01-02,11660.0,12356.223
小南門,2026-01-03,4930.0,5010.693
小南門,2026-01-04,4417.0,3933.1328
小南門,2026-01-05,11050.0,12170.8955
小南門,2026-01-06,11193.0,11988.417
小南門,2026-01-07,11213.0,11771.826
小南門,2026-01-08,11287.0,11768.755
小南門,2026-01-09,11360.0,11946.066
小南門,2026-01-10,5200.0,5178.0186
小南門,2026-01-11,4673.0,3811.5308
小南門,2026-01-12,10714.0,10814.4375
小南門,2026-01-13,11052.0,10911.555
小南門,2026-01-14,11109.0,10903.517
小南門,2026-01-15,11196.0,10922.731
小南門,2026-01-16,11272.0,11107.299
小南門,2026-01-17,5238.0,4889.4746
小南門,2026-01-18,4442.0,4060.629
小南門,2026-01-19,10245.0,10586.638
小南門,2026-01-20,10915.0,10598.007
小南門,2026-01-21,10794.0,10347.201
小南門,2026-01-22,11262.0,10646.508
小南門,2026-01-23,11351.0,11080.068
小南門,2026-01-24,4829.0,4234.724
小南門,2026-01-25,4364.0,3758.0562
小南門,2026-01-26,9913.0,10547.975
小南門,2026-01-27,10273.0,10395.428
小南門,2026-01-28,10331.0,10133.049
小南門,2026-01-29,10344.0,10469.091
小南門,2026-01-30,10006.0,10653.166
小南門,2026-01-31,4757.0,4421.255
小南門,2026-02-01,4034.0,3636.8574
小南門,2026-02-02,9633.0,9798.022
小南門,2026-02-03,10009.0,9742.607
小南門,2026-02-04,10117.0,9713.579
小南門,2026-02-05,9937.0,10042.203
小南門,2026-02-06,10058.0,10230.641
小南門,2026-02-07,4644.0,4278.467
小南門,2026-02-08,4041.0,3548.4102
小南門,2026-02-09,9325.0,9571.853
小南門,2026-02-10,9517.0,9423.806
小南門,2026-02-11,9345.0,9253.828
小南門,2026-02-12,9263.0,9399.895
小南門,2026-02-13,8633.0,9764.409
小南門,2026-02-14,3594.0,3913.0718
小南門,2026-02-15,2857.0,2955.6035
小南門,2026-02-16,1944.0,0.0
小南門,2026-02-17,2475.0,203.25977
小南門,2026-02-18,2848.0,3356.6963
小南門,2026-02-19,3181.0,2915.898
小南門,2026-02-20,3447.0,2476.837
小南門,2026-02-21,3701.0,3565.9517
小南門,2026-02-22,3527.0,2799.6113
小南門,2026-02-23,12038.0,7788.369
小南門,2026-02-24,12447.0,11598.325
小南門,2026-02-25,12405.0,12092.452
小南門,2026-02-26,12658.0,11904.733
小南門,2026-02-27,4783.0,4195.7153
小南門,2026-02-28,4687.0,3356.0688
小南門,2026-03-01,4196.0,4166.838
小南門,2026-03-02,12594.0,11053.062
小南門,2026-03-03,12803.0,12075.404
小南門,2026-03-04,12966.0,12017.887
小南門,2026-03-05,13008.0,12133.827
小南門,2026-03-06,13117.0,11978.511
小南門,2026-03-07,5645.0,5337.533
小南門,2026-03-08,4640.0,4523.13
小南門,2026-03-09,12833.0,12339.13
小南門,2026-03-10,12890.0,12824.674
小南門,2026-03-11,12985.0,12332.571
小南門,2026-03-12,13385.0,12196.904
小南門,2026-03-13,13255.0,12539.627
小南門,2026-03-14,6027.0,6048.923
小南門,2026-03-15,5090.0,4450.675
小南門,2026-03-16,12798.0,12191.559
小南門,2026-03-17,13095.0,12889.674
小南門,2026-03-18,13033.0,12736.028
小南門,2026-03-19,13154.0,12505.153
小南門,2026-03-20,13465.0,12978.889
小南門,2026-03-21,5736.0,5521.1143
小南門,2026-03-22,4900.0,4446.216
小南門,2026-03-23,12756.0,12484.154
小南門,2026-03-24,13042.0,13019.832
小南門,2026-03-25,12884.0,12838.846
小南門,2026-03-26,13120.0,12671.532
小南門,2026-03-27,12617.0,13136.996
小南門,2026-03-28,4921.0,5313.581
小南門,2026-03-29,4151.0,3984.6963
小南門,2026-03-30,12655.0,12284.908
小南門,2026-03-31,12733.0,12860.32
小南門,2026-04-01,11042.0,12734.518
小南門,2026-04-02,10850.0,12012.931
小南門,2026-04-03,3803.0,4561.3257
小南門,2026-04-04,3316.0,3880.9565
小南門,2026-04-05,3457.0,3416.92
小南門,2026-04-06,3158.0,3621.474
小南門,2026-04-07,11014.0,11782.97
小南門,2026-04-08,12557.0,11399.011
小南門,2026-04-09,12780.0,12014.906
小南門,2026-04-10,13023.0,12715.42
小南門,2026-04-11,5767.0,5836.125
小南門,2026-04-12,4372.0,4515.539
小南門,2026-04-13,12484.0,11533.535
小南門,2026-04-14,12972.0,12248.988
小南門,2026-04-15,12986.0,12526.576
小南門,2026-04-16,12721.0,12561.867
小南門,2026-04-17,12688.0,12967.0
小南門,2026-04-18,5177.0,5369.3296
小南門,2026-04-19,4867.0,3854.355
小南門,2026-04-20,12764.0,12092.594
小南門,2026-04-21,12897.0,12892.365
小南門,2026-04-22,12682.0,12817.018
小南門,2026-04-23,13018.0,12562.936
小南門,2026-04-24,12982.0,12911.866
小南門,2026-04-25,5529.0,5581.0493
小南門,2026-04-26,5105.0,4343.002
小南門,2026-04-27,12726.0,12202.516
小南門,2026-04-28,13117.0,12814.559
小南門,2026-04-29,12924.0,12735.896
小南門,2026-04-30,13163.0,12538.911
小南門,2026-05-01,4572.0,4518.8013
小南門,2026-05-02,4918.0,4137.029
小南門,2026-05-03,4315.0,4084.6953
小南門,2026-05-04,13272.0,12044.9795
小南門,2026-05-05,13115.0,12896.238
小南門,2026-05-06,13156.0,12777.14
小南門,2026-05-07,13007.0,12669.738
小南門,2026-05-08,12932.0,13213.184
小南門,2026-05-09,5083.0,5505.577
小南門,2026-05-10,4005.0,4160.6006
小南門,2026-05-11,12321.0,12332.887
小南門,2026-05-12,12751.0,12661.891
小南門,2026-05-13,12883.0,12764.082
小南門,2026-05-14,12411.0,12610.027
小南門,2026-05-15,12907.0,12758.688
小南門,2026-05-16,5601.0,5508.839
小南門,2026-05-17,4956.0,4211.5347
小南門,2026-05-18,12590.0,12068.967
小南門,2026-05-19,12788.0,12714.436
小南門,2026-05-20,12840.0,12615.8545
小南門,2026-05-21,12753.0,12377.797
小南門,2026-05-22,13041.0,12656.712
小南門,2026-05-23,5646.0,5245.6284
小南門,2026-05-24,4502.0,4295.7925
小南門,2026-05-25,12443.0,12216.292
小南門,2026-05-26,12807.0,12717.667
小南門,2026-05-27,12850.0,12528.976
小南門,2026-05-28,12581.0,12298.32
小南門,2026-05-29,12537.0,12629.475
小南門,2026-05-30,5659.0,5074.668
小南門,2026-05-31,4386.0,4272.9136
小碧潭,2026-01-01,2815.0,3247.5654
小碧潭,2026-01-02,3490.0,3455.8096
小碧潭,2026-01-03,2788.0,3174.9482
小碧潭,2026-01-04,3027.0,2890.8564
小碧潭,2026-01-05,3102.0,3318.6396
小碧潭,2026-01-06,3229.0,3252.8901
小碧潭,2026-01-07,3115.0,3282.292
小碧潭,2026-01-08,3353.0,3242.5205
小碧潭,2026-01-09,3479.0,3481.408
小碧潭,2026-01-10,2933.0,3094.5647
小碧潭,2026-01-11,2932.0,2940.4753
小碧潭,2026-01-12,3030.0,3161.5496
小碧潭,2026-01-13,3223.0,3200.7734
小碧潭,2026-01-14,3298.0,3250.737
小碧潭,2026-01-15,3341.0,3310.1436
小碧潭,2026-01-16,3349.0,3459.621
小碧潭,2026-01-17,4368.0,3070.801
小碧潭,2026-01-18,3107.0,3583.1506
小碧潭,2026-01-19,3166.0,3116.0159
小碧潭,2026-01-20,3708.0,3158.4404
小碧潭,2026-01-21,3377.0,3415.461
小碧潭,2026-01-22,3417.0,3350.3428
小碧潭,2026-01-23,3435.0,3565.3535
小碧潭,2026-01-24,2959.0,3113.3276
小碧潭,2026-01-25,3079.0,2827.579
小碧潭,2026-01-26,2967.0,3214.1113
小碧潭,2026-01-27,3182.0,3133.4844
小碧潭,2026-01-28,3101.0,3233.9565
小碧潭,2026-01-29,3132.0,3237.9543
小碧潭,2026-01-30,3271.0,3380.7944
小碧潭,2026-01-31,3049.0,3045.1316
小碧潭,2026-02-01,3091.0,3009.3777
小碧潭,2026-02-02,3101.0,3119.9585
小碧潭,2026-02-03,3105.0,3162.7324
小碧潭,2026-02-04,3090.0,3122.802
小碧潭,2026-02-05,3285.0,3164.9314
小碧潭,2026-02-06,3389.0,3420.5222
小碧潭,2026-02-07,3030.0,3113.0994
小碧潭,2026-02-08,2980.0,3007.1233
小碧潭,2026-02-09,2919.0,3070.613
小碧潭,2026-02-10,3025.0,3074.7065
小碧潭,2026-02-11,3033.0,3063.8416
小碧潭,2026-02-12,3124.0,3124.4434
小碧潭,2026-02-13,3089.0,3343.7456
小碧潭,2026-02-14,2502.0,2842.9065
小碧潭,2026-02-15,2232.0,2643.4321
小碧潭,2026-02-16,1519.0,2178.9575
小碧潭,2026-02-17,2362.0,2017.2948
小碧潭,2026-02-18,2548.0,2786.4543
小碧潭,2026-02-19,2939.0,2906.0876
小碧潭,2026-02-20,2767.0,3094.5037
小碧潭,2026-02-21,3065.0,2834.584
小碧潭,2026-02-22,2859.0,2881.4504
小碧潭,2026-02-23,3079.0,2909.6365
小碧潭,2026-02-24,3233.0,3134.7463
小碧潭,2026-02-25,3350.0,3222.4634
小碧潭,2026-02-26,3300.0,3332.2346
小碧潭,2026-02-27,3270.0,3062.6426
小碧潭,2026-02-28,3137.0,3246.38
小碧潭,2026-03-01,2686.0,3105.1716
小碧潭,2026-03-02,3142.0,3052.234
小碧潭,2026-03-03,3222.0,3226.5276
小碧潭,2026-03-04,3260.0,3260.612
小碧潭,2026-03-05,3303.0,3276.7627
小碧潭,2026-03-06,3518.0,3472.2214
小碧潭,2026-03-07,3126.0,3348.5503
小碧潭,2026-03-08,3065.0,3041.241
小碧潭,2026-03-09,3209.0,3134.2874
小碧潭,2026-03-10,3422.0,3266.3657
小碧潭,2026-03-11,3295.0,3358.8232
小碧潭,2026-03-12,3412.0,3323.2717
小碧潭,2026-03-13,3633.0,3582.6677
小碧潭,2026-03-14,3312.0,3457.6057
小碧潭,2026-03-15,3385.0,3102.8203
小碧潭,2026-03-16,3164.0,3140.5166
小碧潭,2026-03-17,3333.0,3256.7188
小碧潭,2026-03-18,3360.0,3293.205
小碧潭,2026-03-19,3367.0,3358.6018
小碧潭,2026-03-20,3486.0,3567.2034
小碧潭,2026-03-21,3190.0,3185.1985
小碧潭,2026-03-22,3194.0,3100.2703
小碧潭,2026-03-23,3145.0,3199.489
小碧潭,2026-03-24,3211.0,3281.0684
小碧潭,2026-03-25,3323.0,3280.9246
小碧潭,2026-03-26,3320.0,3377.6523
小碧潭,2026-03-27,3622.0,3531.3115
小碧潭,2026-03-28,3005.0,3280.1013
小碧潭,2026-03-29,3070.0,3042.9473
小碧潭,2026-03-30,3178.0,3205.96
小碧潭,2026-03-31,3243.0,3285.4429
小碧潭,2026-04-01,3266.0,3266.8115
小碧潭,2026-04-02,3525.0,3303.7617
小碧潭,2026-04-03,2925.0,3192.9639
小碧潭,2026-04-04,2866.0,2959.3254
小碧潭,2026-04-05,3226.0,2946.482
小碧潭,2026-04-06,2703.0,3075.6316
小碧潭,2026-04-07,3170.0,3233.7778
小碧潭,2026-04-08,3139.0,3252.3875
小碧潭,2026-04-09,3349.0,3253.7705
小碧潭,2026-04-10,3421.0,3521.7368
小碧潭,2026-04-11,3016.0,3071.2983
小碧潭,2026-04-12,3082.0,2993.0425
小碧潭,2026-04-13,3053.0,3179.7493
小碧潭,2026-04-14,3214.0,3188.1995
小碧潭,2026-04-15,3236.0,3220.0796
小碧潭,2026-04-16,3307.0,3258.7922
小碧潭,2026-04-17,3343.0,3486.1348
小碧潭,2026-04-18,3230.0,3102.9138
小碧潭,2026-04-19,2881.0,3111.7024
小碧潭,2026-04-20,3043.0,3077.4148
小碧潭,2026-04-21,3106.0,3174.8628
小碧潭,2026-04-22,3258.0,3153.2617
小碧潭,2026-04-23,3209.0,3243.2942
小碧潭,2026-04-24,3551.0,3416.3638
小碧潭,2026-04-25,3200.0,3253.9866
小碧潭,2026-04-26,3173.0,3089.4568
小碧潭,2026-04-27,3142.0,3073.363
小碧潭,2026-04-28,3144.0,3174.1438
小碧潭,2026-04-29,3349.0,3134.7622
小碧潭,2026-04-30,3612.0,3269.0574
小碧潭,2026-05-01,3374.0,3229.9973
小碧潭,2026-05-02,3030.0,3223.3923
小碧潭,2026-05-03,2922.0,2984.7
小碧潭,2026-05-04,3194.0,3113.6648
小碧潭,2026-05-05,3375.0,3267.1868
小碧潭,2026-05-06,3303.0,3324.0117
小碧潭,2026-05-07,3378.0,3322.77
小碧潭,2026-05-08,3705.0,3550.5747
小碧潭,2026-05-09,3170.0,3296.6558
小碧潭,2026-05-10,3020.0,3083.638
小碧潭,2026-05-11,3207.0,3197.7793
小碧潭,2026-05-12,3126.0,3306.5781
小碧潭,2026-05-13,3218.0,3260.2563
小碧潭,2026-05-14,3371.0,3309.4124
小碧潭,2026-05-15,3619.0,3561.9175
小碧潭,2026-05-16,3239.0,3256.9673
小碧潭,2026-05-17,3244.0,3121.9714
小碧潭,2026-05-18,3008.0,3154.611
小碧潭,2026-05-19,3075.0,3202.5876
小碧潭,2026-05-20,3172.0,3196.798
小碧潭,2026-05-21,3232.0,3242.2297
小碧潭,2026-05-22,3658.0,3482.3755
小碧潭,2026-05-23,3212.0,3343.1562
小碧潭,2026-05-24,3171.0,3108.8445
小碧潭,2026-05-25,3090.0,3106.3098
小碧潭,2026-05-26,3180.0,3194.7542
小碧潭,2026-05-27,3297.0,3182.8877
小碧潭,2026-05-28,3305.0,3269.807
小碧潭,2026-05-29,3777.0,3487.0159
小碧潭,2026-05-30,3285.0,3444.2556
小碧潭,2026-05-31,3142.0,3155.4182
市政府,2026-01-01,69941.0,75969.83
市政府,2026-01-02,65765.0,72485.72
市政府,2026-01-03,54180.0,55363.816
市政府,2026-01-04,46041.0,45401.414
市政府,2026-01-05,59794.0,60058.15
市政府,2026-01-06,61584.0,60340.3
市政府,2026-01-07,62587.0,62999.66
市政府,2026-01-08,62728.0,63498.082
市政府,2026-01-09,69710.0,68373.57
市政府,2026-01-10,62224.0,59824.438
市政府,2026-01-11,48561.0,53353.04
市政府,2026-01-12,60080.0,60093.09
市政府,2026-01-13,60405.0,60380.664
市政府,2026-01-14,61970.0,62044.88
市政府,2026-01-15,61710.0,63537.086
市政府,2026-01-16,69745.0,68775.92
市政府,2026-01-17,58731.0,60796.625
市政府,2026-01-18,51778.0,50252.43
市政府,2026-01-19,61153.0,62282.848
市政府,2026-01-20,64833.0,62184.9
市政府,2026-01-21,62425.0,64635.176
市政府,2026-01-22,63395.0,63477.21
市政府,2026-01-23,70546.0,69773.97
市政府,2026-01-24,59886.0,59689.668
市政府,2026-01-25,54074.0,50074.55
市政府,2026-01-26,61141.0,62124.863
市政府,2026-01-27,62071.0,62196.633
市政府,2026-01-28,62002.0,63143.438
市政府,2026-01-29,65468.0,63283.82
市政府,2026-01-30,71371.0,71594.16
市政府,2026-01-31,64226.0,62126.688
市政府,2026-02-01,51169.0,53523.58
市政府,2026-02-02,59995.0,60568.203
市政府,2026-02-03,63134.0,61484.56
市政府,2026-02-04,64252.0,63949.188
市政府,2026-02-05,67979.0,65127.63
市政府,2026-02-06,73644.0,74182.22
市政府,2026-02-07,60867.0,64510.55
市政府,2026-02-08,51695.0,51923.656
市政府,2026-02-09,62215.0,61397.355
市政府,2026-02-10,63858.0,63321.266
市政府,2026-02-11,64832.0,64738.465
市政府,2026-02-12,67711.0,65601.53
市政府,2026-02-13,67661.0,73853.05
市政府,2026-02-14,51966.0,58451.258
市政府,2026-02-15,39769.0,45434.492
市政府,2026-02-16,24117.0,28117.713
市政府,2026-02-17,42760.0,23978.988
市政府,2026-02-18,41761.0,45972.734
市政府,2026-02-19,48981.0,45162.125
市政府,2026-02-20,50405.0,51247.355
市政府,2026-02-21,50358.0,50200.535
市政府,2026-02-22,42420.0,42014.555
市政府,2026-02-23,55833.0,53306.797
市政府,2026-02-24,58367.0,59672.934
市政府,2026-02-25,60669.0,59783.742
市政府,2026-02-26,65775.0,61511.51
市政府,2026-02-27,56063.0,59112.32
市政府,2026-02-28,54667.0,57307.992
市政府,2026-03-01,43061.0,49908.477
市政府,2026-03-02,56767.0,57294.254
市政府,2026-03-03,57284.0,59153.914
市政府,2026-03-04,60335.0,59048.95
市政府,2026-03-05,62059.0,61518.113
市政府,2026-03-06,70191.0,69052.34
市政府,2026-03-07,63963.0,64524.34
市政府,2026-03-08,49238.0,51469.973
市政府,2026-03-09,59663.0,56865.316
市政府,2026-03-10,59930.0,60069.652
市政府,2026-03-11,63823.0,60888.766
市政府,2026-03-12,65191.0,63233.664
市政府,2026-03-13,72182.0,73865.36
市政府,2026-03-14,63561.0,68977.63
市政府,2026-03-15,52291.0,51025.453
市政府,2026-03-16,59131.0,56850.297
市政府,2026-03-17,59747.0,59054.78
市政府,2026-03-18,61733.0,60309.098
市政府,2026-03-19,62298.0,62160.734
市政府,2026-03-20,75148.0,71080.97
市政府,2026-03-21,66040.0,67658.69
市政府,2026-03-22,55912.0,54071.926
市政府,2026-03-23,60197.0,59339.14
市政府,2026-03-24,59149.0,61088.344
市政府,2026-03-25,61929.0,60924.74
市政府,2026-03-26,63157.0,62849.35
市政府,2026-03-27,69583.0,71661.8
市政府,2026-03-28,59612.0,62409.17
市政府,2026-03-29,48654.0,50344.22
市政府,2026-03-30,59077.0,57931.36
市政府,2026-03-31,59173.0,60251.35
市政府,2026-04-01,60818.0,61189.88
市政府,2026-04-02,65889.0,62367.883
市政府,2026-04-03,52446.0,57768.113
市政府,2026-04-04,49826.0,53569.098
市政府,2026-04-05,49102.0,43696.613
市政府,2026-04-06,44330.0,44818.414
市政府,2026-04-07,58816.0,56904.23
市政府,2026-04-08,58991.0,58994.91
市政府,2026-04-09,64369.0,60109.344
市政府,2026-04-10,71494.0,70623.625
市政府,2026-04-11,63913.0,61841.984
市政府,2026-04-12,51880.0,52553.29
市政府,2026-04-13,59249.0,58881.66
市政府,2026-04-14,58420.0,59814.043
市政府,2026-04-15,59836.0,60274.363
市政府,2026-04-16,61788.0,62262.023
市政府,2026-04-17,67735.0,70701.43
市政府,2026-04-18,56936.0,62835.055
市政府,2026-04-19,48378.0,49631.105
市政府,2026-04-20,57511.0,57398.32
市政府,2026-04-21,58065.0,58528.1
市政府,2026-04-22,59425.0,59482.7
市政府,2026-04-23,60969.0,61167.34
市政府,2026-04-24,67389.0,68564.555
市政府,2026-04-25,61533.0,59554.848
市政府,2026-04-26,55390.0,50748.88
市政府,2026-04-27,58268.0,57519.953
市政府,2026-04-28,59489.0,57584.535
市政府,2026-04-29,61649.0,58207.258
市政府,2026-04-30,67542.0,60683.695
市政府,2026-05-01,56785.0,54591.016
市政府,2026-05-02,55893.0,55736.7
市政府,2026-05-03,46770.0,46112.48
市政府,2026-05-04,59758.0,55856.867
市政府,2026-05-05,60311.0,59604.25
市政府,2026-05-06,61595.0,61146.28
市政府,2026-05-07,62139.0,62276.25
市政府,2026-05-08,67890.0,69076.03
市政府,2026-05-09,57799.0,58509.883
市政府,2026-05-10,49982.0,49446.168
市政府,2026-05-11,58013.0,59254.76
市政府,2026-05-12,58441.0,59349.355
市政府,2026-05-13,60788.0,60638.305
市政府,2026-05-14,59456.0,62171.277
市政府,2026-05-15,72135.0,67414.65
市政府,2026-05-16,58610.0,63185.31
市政府,2026-05-17,55001.0,50812.832
市政府,2026-05-18,58911.0,59434.66
市政府,2026-05-19,59016.0,59295.93
市政府,2026-05-20,60594.0,60022.63
市政府,2026-05-21,60068.0,61121.836
市政府,2026-05-22,69016.0,68039.19
市政府,2026-05-23,62416.0,59803.465
市政府,2026-05-24,51554.0,51198.055
市政府,2026-05-25,58476.0,58330.703
市政府,2026-05-26,59275.0,58946.574
市政府,2026-05-27,60347.0,60166.223
市政府,2026-05-28,60507.0,61134.31
市政府,2026-05-29,68383.0,68399.84
市政府,2026-05-30,60629.0,59628.953
市政府,2026-05-31,52206.0,50885.13
幸福,2026-01-01,1271.0,1603.9436
幸福,2026-01-02,2388.0,2443.019
幸福,2026-01-03,1655.0,1677.6626
幸福,2026-01-04,1293.0,1399.9368
幸福,2026-01-05,2278.0,2303.3062
幸福,2026-01-06,2345.0,2333.0378
幸福,2026-01-07,2397.0,2367.0483
幸福,2026-01-08,2341.0,2314.457
幸福,2026-01-09,2504.0,2471.395
幸福,2026-01-10,1688.0,1766.749
幸福,2026-01-11,1397.0,1343.6113
幸福,2026-01-12,2188.0,2130.6982
幸福,2026-01-13,2308.0,2225.377
幸福,2026-01-14,2353.0,2298.1472
幸福,2026-01-15,2356.0,2285.103
幸福,2026-01-16,2534.0,2462.1191
幸福,2026-01-17,1848.0,1825.3811
幸福,2026-01-18,1526.0,1459.0701
幸福,2026-01-19,2252.0,2109.7107
幸福,2026-01-20,2502.0,2276.2568
幸福,2026-01-21,2326.0,2372.238
幸福,2026-01-22,2335.0,2307.4746
幸福,2026-01-23,2465.0,2468.0696
幸福,2026-01-24,1887.0,1700.7646
幸福,2026-01-25,1589.0,1370.326
幸福,2026-01-26,2294.0,2214.3813
幸福,2026-01-27,2200.0,2297.6416
幸福,2026-01-28,2249.0,2260.227
幸福,2026-01-29,2374.0,2239.6099
幸福,2026-01-30,2487.0,2461.547
幸福,2026-01-31,1837.0,1739.8181
幸福,2026-02-01,1477.0,1378.6814
幸福,2026-02-02,2179.0,2144.4277
幸福,2026-02-03,2370.0,2212.3
幸福,2026-02-04,2320.0,2311.0784
幸福,2026-02-05,2372.0,2285.022
幸福,2026-02-06,2545.0,2462.5837
幸福,2026-02-07,1807.0,1776.298
幸福,2026-02-08,1443.0,1379.4473
幸福,2026-02-09,2291.0,2162.5708
幸福,2026-02-10,2373.0,2287.7473
幸福,2026-02-11,2372.0,2331.5574
幸福,2026-02-12,2358.0,2325.445
幸福,2026-02-13,2326.0,2475.2832
幸福,2026-02-14,1453.0,1629.0071
幸福,2026-02-15,1117.0,1224.5826
幸福,2026-02-16,835.0,807.1113
幸福,2026-02-17,1372.0,741.71326
幸福,2026-02-18,1203.0,1527.159
幸福,2026-02-19,1379.0,1367.9153
幸福,2026-02-20,1399.0,1332.1777
幸福,2026-02-21,1619.0,1349.3481
幸福,2026-02-22,1300.0,1189.1477
幸福,2026-02-23,2292.0,1868.5764
幸福,2026-02-24,2340.0,2333.2239
幸福,2026-02-25,2558.0,2259.2737
幸福,2026-02-26,2527.0,2397.8691
幸福,2026-02-27,1905.0,1739.4244
幸福,2026-02-28,1747.0,1880.2019
幸福,2026-03-01,1322.0,1547.9675
幸福,2026-03-02,2317.0,2160.2395
幸福,2026-03-03,2440.0,2436.9207
幸福,2026-03-04,2430.0,2429.602
幸福,2026-03-05,2500.0,2320.883
幸福,2026-03-06,2655.0,2583.4253
幸福,2026-03-07,2058.0,2267.3599
幸福,2026-03-08,1608.0,1578.3645
幸福,2026-03-09,2333.0,2209.6765
幸福,2026-03-10,2658.0,2383.5105
幸福,2026-03-11,2566.0,2527.5571
幸福,2026-03-12,2440.0,2464.0264
幸福,2026-03-13,2634.0,2696.8682
幸福,2026-03-14,2305.0,2228.6448
幸福,2026-03-15,1735.0,1623.9508
幸福,2026-03-16,2371.0,2133.746
幸福,2026-03-17,2459.0,2374.1677
幸福,2026-03-18,2525.0,2374.0144
幸福,2026-03-19,2468.0,2456.6772
幸福,2026-03-20,2616.0,2649.7034
幸福,2026-03-21,2253.0,1849.8973
幸福,2026-03-22,1721.0,1574.3951
幸福,2026-03-23,2405.0,2243.6267
幸福,2026-03-24,2517.0,2417.0886
幸福,2026-03-25,2500.0,2446.8467
幸福,2026-03-26,2466.0,2470.128
幸福,2026-03-27,2609.0,2631.108
幸福,2026-03-28,1950.0,1837.5088
幸福,2026-03-29,1455.0,1460.7058
幸福,2026-03-30,2303.0,2233.9624
幸福,2026-03-31,2329.0,2351.4902
幸福,2026-04-01,2395.0,2336.0137
幸福,2026-04-02,2332.0,2368.109
幸福,2026-04-03,1641.0,1678.9259
幸福,2026-04-04,1422.0,1491.6621
幸福,2026-04-05,1427.0,1242.7483
幸福,2026-04-06,1222.0,1398.0922
幸福,2026-04-07,2341.0,2137.334
幸福,2026-04-08,2429.0,2225.6448
幸福,2026-04-09,2446.0,2384.48
幸福,2026-04-10,2509.0,2599.3047
幸福,2026-04-11,1826.0,1769.8525
幸福,2026-04-12,1405.0,1400.0137
幸福,2026-04-13,2280.0,2224.3157
幸福,2026-04-14,2382.0,2326.559
幸福,2026-04-15,2381.0,2377.2253
幸福,2026-04-16,2374.0,2357.0222
幸福,2026-04-17,2522.0,2514.543
幸福,2026-04-18,1813.0,1832.8912
幸福,2026-04-19,1440.0,1399.4258
幸福,2026-04-20,2287.0,2113.7588
幸福,2026-04-21,2415.0,2319.6948
幸福,2026-04-22,2468.0,2328.6226
幸福,2026-04-23,2365.0,2359.3508
幸福,2026-04-24,2708.0,2460.9329
幸福,2026-04-25,1844.0,1885.6094
幸福,2026-04-26,1610.0,1443.0295
幸福,2026-04-27,2398.0,2170.946
幸福,2026-04-28,2437.0,2402.664
幸福,2026-04-29,2496.0,2339.0652
幸福,2026-04-30,2708.0,2399.645
幸福,2026-05-01,1753.0,1609.793
幸福,2026-05-02,1816.0,1546.3076
幸福,2026-05-03,1345.0,1354.427
幸福,2026-05-04,2477.0,2129.448
幸福,2026-05-05,2646.0,2441.6626
幸福,2026-05-06,2488.0,2531.2158
幸福,2026-05-07,2485.0,2464.284
幸福,2026-05-08,2576.0,2618.728
幸福,2026-05-09,1884.0,1771.5753
幸福,2026-05-10,1401.0,1436.1106
幸福,2026-05-11,2330.0,2273.3188
幸福,2026-05-12,2437.0,2375.1924
幸福,2026-05-13,2348.0,2411.9812
幸福,2026-05-14,2585.0,2359.0771
幸福,2026-05-15,2558.0,2594.2783
幸福,2026-05-16,1903.0,1793.9358
幸福,2026-05-17,1547.0,1436.1511
幸福,2026-05-18,2318.0,2167.9377
幸福,2026-05-19,2340.0,2365.8926
幸福,2026-05-20,2474.0,2303.542
幸福,2026-05-21,2377.0,2368.6516
幸福,2026-05-22,2428.0,2491.271
幸福,2026-05-23,1968.0,1701.7599
幸福,2026-05-24,1546.0,1414.0325
幸福,2026-05-25,2288.0,2139.882
幸福,2026-05-26,2328.0,2320.8096
幸福,2026-05-27,2341.0,2271.6917
幸福,2026-05-28,2426.0,2290.429
幸福,2026-05-29,2673.0,2487.6562
幸福,2026-05-30,1923.0,1826.1111
幸福,2026-05-31,1475.0,1425.8164
府中,2026-01-01,22627.0,27429.424
府中,2026-01-02,31276.0,32946.05
府中,2026-01-03,28627.0,28630.068
府中,2026-01-04,23449.0,24132.912
府中,2026-01-05,29667.0,30261.21
府中,2026-01-06,30264.0,30793.148
府中,2026-01-07,30481.0,30738.912
府中,2026-01-08,30758.0,30715.799
府中,2026-01-09,33260.0,33564.15
府中,2026-01-10,30771.0,30498.646
府中,2026-01-11,25142.0,25340.365
府中,2026-01-12,29069.0,29650.762
府中,2026-01-13,30397.0,30028.186
府中,2026-01-14,30692.0,30634.195
府中,2026-01-15,30766.0,30825.025
府中,2026-01-16,33234.0,33495.4
府中,2026-01-17,29973.0,31182.197
府中,2026-01-18,24715.0,25163.535
府中,2026-01-19,30185.0,29688.83
府中,2026-01-20,31247.0,30308.611
府中,2026-01-21,30237.0,30725.05
府中,2026-01-22,29862.0,30273.281
府中,2026-01-23,33013.0,32604.732
府中,2026-01-24,30344.0,29376.834
府中,2026-01-25,25649.0,24485.176
府中,2026-01-26,30307.0,29901.295
府中,2026-01-27,30670.0,30919.678
府中,2026-01-28,30963.0,31275.22
府中,2026-01-29,32090.0,31177.824
府中,2026-01-30,33912.0,34820.12
府中,2026-01-31,30122.0,30837.291
府中,2026-02-01,23597.0,24814.406
府中,2026-02-02,29396.0,29678.621
府中,2026-02-03,31787.0,30567.572
府中,2026-02-04,32115.0,31856.762
府中,2026-02-05,32559.0,32082.102
府中,2026-02-06,34625.0,35245.758
府中,2026-02-07,33008.0,30747.32
府中,2026-02-08,27815.0,26551.125
府中,2026-02-09,30775.0,30929.508
府中,2026-02-10,33003.0,31862.072
府中,2026-02-11,32539.0,32793.58
府中,2026-02-12,32805.0,32602.36
府中,2026-02-13,32605.0,35907.125
府中,2026-02-14,24681.0,29644.87
府中,2026-02-15,19009.0,20953.256
府中,2026-02-16,11377.0,12993.969
府中,2026-02-17,22941.0,13341.064
府中,2026-02-18,20415.0,25089.666
府中,2026-02-19,22753.0,23489.703
府中,2026-02-20,23866.0,23719.172
府中,2026-02-21,25963.0,24248.074
府中,2026-02-22,21726.0,21602.75
府中,2026-02-23,29311.0,26807.174
府中,2026-02-24,30499.0,30856.79
府中,2026-02-25,31636.0,31160.488
府中,2026-02-26,33028.0,31131.566
府中,2026-02-27,28134.0,29072.676
府中,2026-02-28,28206.0,28277.186
府中,2026-03-01,23253.0,24799.41
府中,2026-03-02,29772.0,29677.885
府中,2026-03-03,30046.0,30979.791
府中,2026-03-04,30377.0,30347.482
府中,2026-03-05,31569.0,30397.383
府中,2026-03-06,33690.0,33694.92
府中,2026-03-07,31374.0,31651.154
府中,2026-03-08,25395.0,25279.928
府中,2026-03-09,29408.0,29769.018
府中,2026-03-10,30392.0,30677.543
府中,2026-03-11,32151.0,30541.98
府中,2026-03-12,31728.0,31142.207
府中,2026-03-13,34287.0,34370.34
府中,2026-03-14,32496.0,32746.695
府中,2026-03-15,25986.0,25312.072
府中,2026-03-16,29652.0,28666.781
府中,2026-03-17,30917.0,29648.475
府中,2026-03-18,31814.0,29635.355
府中,2026-03-19,31402.0,30583.42
府中,2026-03-20,34252.0,34061.83
府中,2026-03-21,32018.0,30748.562
府中,2026-03-22,26114.0,25822.732
府中,2026-03-23,29773.0,29934.146
府中,2026-03-24,31294.0,30987.398
府中,2026-03-25,31677.0,31399.137
府中,2026-03-26,31384.0,31498.557
府中,2026-03-27,33831.0,34454.867
府中,2026-03-28,29590.0,30706.113
府中,2026-03-29,23698.0,24611.16
府中,2026-03-30,29204.0,29472.846
府中,2026-03-31,30340.0,30605.19
府中,2026-04-01,29994.0,30995.324
府中,2026-04-02,31919.0,30709.178
府中,2026-04-03,24640.0,27541.168
府中,2026-04-04,22699.0,25380.244
府中,2026-04-05,22516.0,20951.635
府中,2026-04-06,20684.0,21992.14
府中,2026-04-07,29306.0,29337.51
府中,2026-04-08,31069.0,29663.555
府中,2026-04-09,31205.0,30807.027
府中,2026-04-10,33635.0,33600.594
府中,2026-04-11,31194.0,30038.043
府中,2026-04-12,25655.0,25347.982
府中,2026-04-13,29180.0,29462.646
府中,2026-04-14,30237.0,30171.197
府中,2026-04-15,30520.0,30466.088
府中,2026-04-16,30284.0,30564.754
府中,2026-04-17,33055.0,33369.613
府中,2026-04-18,30252.0,31372.8
府中,2026-04-19,25606.0,24676.836
府中,2026-04-20,29168.0,28994.371
府中,2026-04-21,30546.0,30238.072
府中,2026-04-22,30985.0,30192.674
府中,2026-04-23,30320.0,30357.95
府中,2026-04-24,32445.0,33006.137
府中,2026-04-25,30394.0,29840.715
府中,2026-04-26,26939.0,25072.777
府中,2026-04-27,29793.0,28866.248
府中,2026-04-28,31033.0,30067.467
府中,2026-04-29,31539.0,29640.627
府中,2026-04-30,32869.0,30193.902
府中,2026-05-01,28334.0,26227.375
府中,2026-05-02,29210.0,27764.17
府中,2026-05-03,24218.0,23766.715
府中,2026-05-04,29844.0,28504.354
府中,2026-05-05,30356.0,30650.838
府中,2026-05-06,31871.0,30768.7
府中,2026-05-07,31670.0,31348.223
府中,2026-05-08,33502.0,34318.74
府中,2026-05-09,31929.0,30033.35
府中,2026-05-10,23874.0,25975.807
府中,2026-05-11,29326.0,29487.041
府中,2026-05-12,30429.0,30648.2
府中,2026-05-13,29900.0,31080.965
府中,2026-05-14,30194.0,30667.176
府中,2026-05-15,33715.0,33506.42
府中,2026-05-16,31502.0,30667.348
府中,2026-05-17,27045.0,25538.248
府中,2026-05-18,29532.0,29263.143
府中,2026-05-19,30261.0,30293.783
府中,2026-05-20,31224.0,30289.334
府中,2026-05-21,30969.0,30434.83
府中,2026-05-22,32986.0,33531.914
府中,2026-05-23,31821.0,29967.975
府中,2026-05-24,26077.0,25420.543
府中,2026-05-25,29480.0,29388.82
府中,2026-05-26,30589.0,30317.78
府中,2026-05-27,30819.0,30261.096
府中,2026-05-28,30670.0,30326.473
府中,2026-05-29,32280.0,33414.02
府中,2026-05-30,30808.0,29200.885
府中,2026-05-31,24453.0,24915.797
後山埤,2026-01-01,12641.0,15252.357
後山埤,2026-01-02,17607.0,18374.195
後山埤,2026-01-03,14349.0,14292.436
後山埤,2026-01-04,12044.0,12025.258
後山埤,2026-01-05,17331.0,17150.074
後山埤,2026-01-06,17428.0,17641.98
後山埤,2026-01-07,17715.0,17674.932
後山埤,2026-01-08,17592.0,17721.727
後山埤,2026-01-09,19063.0,19045.379
後山埤,2026-01-10,15618.0,15646.826
後山埤,2026-01-11,12521.0,12647.07
後山埤,2026-01-12,17053.0,16732.113
後山埤,2026-01-13,17383.0,17435.973
後山埤,2026-01-14,17702.0,17678.3
後山埤,2026-01-15,17570.0,17819.773
後山埤,2026-01-16,19278.0,18892.355
後山埤,2026-01-17,15538.0,15579.37
後山埤,2026-01-18,12566.0,12681.611
後山埤,2026-01-19,17067.0,17095.854
後山埤,2026-01-20,18214.0,17532.918
後山埤,2026-01-21,17687.0,17791.22
後山埤,2026-01-22,17389.0,17554.338
後山埤,2026-01-23,19242.0,18643.1
後山埤,2026-01-24,15391.0,15104.361
後山埤,2026-01-25,12977.0,12377.154
後山埤,2026-01-26,17181.0,17186.312
後山埤,2026-01-27,17399.0,17761.9
後山埤,2026-01-28,17602.0,17673.457
後山埤,2026-01-29,18160.0,17662.357
後山埤,2026-01-30,18989.0,19205.004
後山埤,2026-01-31,15827.0,15425.192
後山埤,2026-02-01,12231.0,12773.008
後山埤,2026-02-02,17176.0,16928.209
後山埤,2026-02-03,17549.0,17696.35
後山埤,2026-02-04,17989.0,17841.59
後山埤,2026-02-05,18078.0,17994.633
後山埤,2026-02-06,19425.0,19304.861
後山埤,2026-02-07,15839.0,15554.759
後山埤,2026-02-08,12761.0,12739.561
後山埤,2026-02-09,17542.0,17055.445
後山埤,2026-02-10,18319.0,17875.389
後山埤,2026-02-11,18028.0,18291.924
後山埤,2026-02-12,18527.0,18104.094
後山埤,2026-02-13,18517.0,19673.678
後山埤,2026-02-14,13393.0,15046.671
後山埤,2026-02-15,10866.0,11294.494
後山埤,2026-02-16,7722.0,6678.3574
後山埤,2026-02-17,10934.0,6451.324
後山埤,2026-02-18,10953.0,11520.557
後山埤,2026-02-19,11443.0,11404.783
後山埤,2026-02-20,11978.0,11442.6
後山埤,2026-02-21,12953.0,12035.998
後山埤,2026-02-22,11328.0,10674.438
後山埤,2026-02-23,16507.0,15536.254
後山埤,2026-02-24,17356.0,17319.389
後山埤,2026-02-25,19364.0,17693.94
後山埤,2026-02-26,18824.0,18512.512
後山埤,2026-02-27,14236.0,14645.626
後山埤,2026-02-28,14036.0,13917.379
後山埤,2026-03-01,11824.0,12360.12
後山埤,2026-03-02,17039.0,16866.656
後山埤,2026-03-03,17619.0,17641.807
後山埤,2026-03-04,17676.0,17579.44
後山埤,2026-03-05,18806.0,17633.04
後山埤,2026-03-06,18916.0,19628.17
後山埤,2026-03-07,16169.0,15689.691
後山埤,2026-03-08,12293.0,12670.736
後山埤,2026-03-09,17104.0,16970.37
後山埤,2026-03-10,17551.0,17610.629
後山埤,2026-03-11,18119.0,17672.96
後山埤,2026-03-12,18309.0,18205.37
後山埤,2026-03-13,19289.0,19733.795
後山埤,2026-03-14,16048.0,16057.76
後山埤,2026-03-15,13190.0,12764.5625
後山埤,2026-03-16,16974.0,16477.484
後山埤,2026-03-17,17642.0,17042.662
後山埤,2026-03-18,18039.0,17323.771
後山埤,2026-03-19,17925.0,17665.213
後山埤,2026-03-20,19659.0,19181.455
後山埤,2026-03-21,16476.0,15515.588
後山埤,2026-03-22,12696.0,13075.254
後山埤,2026-03-23,16983.0,17106.592
後山埤,2026-03-24,17679.0,17677.898
後山埤,2026-03-25,18154.0,17764.424
後山埤,2026-03-26,17990.0,17946.45
後山埤,2026-03-27,19241.0,19311.225
後山埤,2026-03-28,15719.0,15530.773
後山埤,2026-03-29,12669.0,12685.459
後山埤,2026-03-30,17229.0,16968.746
後山埤,2026-03-31,17575.0,17781.99
後山埤,2026-04-01,17567.0,17864.184
後山埤,2026-04-02,18700.0,17839.871
後山埤,2026-04-03,12728.0,14372.82
後山埤,2026-04-04,11628.0,12969.008
後山埤,2026-04-05,11346.0,10828.33
後山埤,2026-04-06,10929.0,11053.013
後山埤,2026-04-07,16986.0,16779.707
後山埤,2026-04-08,17678.0,17015.365
後山埤,2026-04-09,17941.0,17712.621
後山埤,2026-04-10,19172.0,19154.775
後山埤,2026-04-11,15859.0,15571.615
後山埤,2026-04-12,12710.0,12819.309
後山埤,2026-04-13,16864.0,16726.154
後山埤,2026-04-14,17314.0,17375.348
後山埤,2026-04-15,17525.0,17439.86
後山埤,2026-04-16,17573.0,17556.65
後山埤,2026-04-17,18461.0,19179.66
後山埤,2026-04-18,15173.0,15622.769
後山埤,2026-04-19,12575.0,12159.619
後山埤,2026-04-20,16956.0,16578.889
後山埤,2026-04-21,17401.0,17447.092
後山埤,2026-04-22,17679.0,17516.824
後山埤,2026-04-23,17318.0,17694.969
後山埤,2026-04-24,18916.0,18735.62
後山埤,2026-04-25,15605.0,15302.609
後山埤,2026-04-26,13884.0,12565.721
後山埤,2026-04-27,17074.0,16802.47
後山埤,2026-04-28,17424.0,17303.229
後山埤,2026-04-29,17677.0,16984.887
後山埤,2026-04-30,18767.0,17176.756
後山埤,2026-05-01,14623.0,13551.449
後山埤,2026-05-02,14248.0,13923.594
後山埤,2026-05-03,11981.0,11561.055
後山埤,2026-05-04,17758.0,16272.45
後山埤,2026-05-05,17880.0,17928.576
後山埤,2026-05-06,18439.0,17940.678
後山埤,2026-05-07,18300.0,18049.32
後山埤,2026-05-08,19247.0,19416.066
後山埤,2026-05-09,15832.0,15402.485
後山埤,2026-05-10,12581.0,12682.592
後山埤,2026-05-11,17061.0,16990.293
後山埤,2026-05-12,17612.0,17643.88
後山埤,2026-05-13,17297.0,17854.121
後山埤,2026-05-14,17354.0,17632.695
後山埤,2026-05-15,19094.0,18891.564
後山埤,2026-05-16,15694.0,15564.492
後山埤,2026-05-17,12859.0,12661.316
後山埤,2026-05-18,17021.0,16845.855
後山埤,2026-05-19,17903.0,17540.953
後山埤,2026-05-20,18763.0,17743.29
後山埤,2026-05-21,17533.0,17991.156
後山埤,2026-05-22,18688.0,18887.328
後山埤,2026-05-23,15965.0,14976.518
後山埤,2026-05-24,13150.0,12606.769
後山埤,2026-05-25,17171.0,17166.348
後山埤,2026-05-26,17603.0,17657.266
後山埤,2026-05-27,17754.0,17511.389
後山埤,2026-05-28,17243.0,17415.674
後山埤,2026-05-29,18804.0,18640.168
後山埤,2026-05-30,15880.0,15069.999
後山埤,2026-05-31,12743.0,12700.141
徐匯中學,2026-01-01,7644.0,8786.642
徐匯中學,2026-01-02,12609.0,13146.979
徐匯中學,2026-01-03,9318.0,9844.592
徐匯中學,2026-01-04,8044.0,8168.7188
徐匯中學,2026-01-05,12307.0,12684.847
徐匯中學,2026-01-06,12376.0,12795.373
徐匯中學,2026-01-07,12644.0,12788.686
徐匯中學,2026-01-08,12604.0,12714.981
徐匯中學,2026-01-09,13405.0,13469.941
徐匯中學,2026-01-10,10352.0,10584.857
徐匯中學,2026-01-11,8465.0,8500.149
徐匯中學,2026-01-12,12207.0,12147.092
徐匯中學,2026-01-13,12270.0,12567.177
徐匯中學,2026-01-14,12441.0,12506.712
徐匯中學,2026-01-15,12452.0,12524.475
徐匯中學,2026-01-16,13545.0,13111.864
徐匯中學,2026-01-17,10546.0,10585.602
徐匯中學,2026-01-18,8333.0,8551.531
徐匯中學,2026-01-19,12058.0,11959.52
徐匯中學,2026-01-20,12921.0,12385.524
徐匯中學,2026-01-21,12259.0,12390.92
徐匯中學,2026-01-22,12413.0,12219.242
徐匯中學,2026-01-23,13595.0,13068.629
徐匯中學,2026-01-24,11040.0,10121.78
徐匯中學,2026-01-25,8771.0,8519.877
徐匯中學,2026-01-26,12142.0,12124.74
徐匯中學,2026-01-27,12494.0,12536.152
徐匯中學,2026-01-28,12560.0,12490.984
徐匯中學,2026-01-29,12731.0,12454.429
徐匯中學,2026-01-30,13328.0,13442.437
徐匯中學,2026-01-31,11101.0,10394.186
徐匯中學,2026-02-01,8701.0,8695.106
徐匯中學,2026-02-02,11837.0,12051.947
徐匯中學,2026-02-03,12323.0,12434.616
徐匯中學,2026-02-04,12518.0,12464.086
徐匯中學,2026-02-05,12726.0,12556.0625
徐匯中學,2026-02-06,13767.0,13567.003
徐匯中學,2026-02-07,10993.0,10737.976
徐匯中學,2026-02-08,8818.0,8748.634
徐匯中學,2026-02-09,12131.0,11995.669
徐匯中學,2026-02-10,12592.0,12530.934
徐匯中學,2026-02-11,12604.0,12530.467
徐匯中學,2026-02-12,12646.0,12565.936
徐匯中學,2026-02-13,12684.0,13591.096
徐匯中學,2026-02-14,8878.0,10025.172
徐匯中學,2026-02-15,7003.0,7623.897
徐匯中學,2026-02-16,4947.0,4753.866
徐匯中學,2026-02-17,6605.0,4661.5356
徐匯中學,2026-02-18,7603.0,7861.1807
徐匯中學,2026-02-19,7737.0,8047.848
徐匯中學,2026-02-20,8389.0,7736.882
徐匯中學,2026-02-21,8840.0,8608.375
徐匯中學,2026-02-22,7485.0,7397.8047
徐匯中學,2026-02-23,11886.0,10511.652
徐匯中學,2026-02-24,12368.0,12497.674
徐匯中學,2026-02-25,12965.0,12658.148
徐匯中學,2026-02-26,13263.0,12807.412
徐匯中學,2026-02-27,10055.0,9991.975
徐匯中學,2026-02-28,9524.0,9958.042
徐匯中學,2026-03-01,8104.0,8559.709
徐匯中學,2026-03-02,12235.0,11815.328
徐匯中學,2026-03-03,12499.0,12609.056
徐匯中學,2026-03-04,12838.0,12506.909
徐匯中學,2026-03-05,12923.0,12574.871
徐匯中學,2026-03-06,13806.0,13467.564
徐匯中學,2026-03-07,10935.0,11161.765
徐匯中學,2026-03-08,8882.0,8669.103
徐匯中學,2026-03-09,12490.0,12151.286
徐匯中學,2026-03-10,13184.0,12777.191
徐匯中學,2026-03-11,12988.0,12733.66
徐匯中學,2026-03-12,12992.0,12749.634
徐匯中學,2026-03-13,13821.0,13878.02
徐匯中學,2026-03-14,10965.0,11222.459
徐匯中學,2026-03-15,9047.0,8795.5
徐匯中學,2026-03-16,12350.0,11984.381
徐匯中學,2026-03-17,13031.0,12638.555
徐匯中學,2026-03-18,13074.0,12344.693
徐匯中學,2026-03-19,12879.0,12611.887
徐匯中學,2026-03-20,13726.0,13712.508
徐匯中學,2026-03-21,11139.0,10497.328
徐匯中學,2026-03-22,8824.0,8741.725
徐匯中學,2026-03-23,12370.0,12380.842
徐匯中學,2026-03-24,12724.0,12857.575
徐匯中學,2026-03-25,12727.0,12685.37
徐匯中學,2026-03-26,12772.0,12681.99
徐匯中學,2026-03-27,13601.0,13657.827
徐匯中學,2026-03-28,10259.0,10527.234
徐匯中學,2026-03-29,8206.0,8408.1
徐匯中學,2026-03-30,12277.0,12249.356
徐匯中學,2026-03-31,12543.0,12806.281
徐匯中學,2026-04-01,12647.0,12708.807
徐匯中學,2026-04-02,13157.0,12720.69
徐匯中學,2026-04-03,9201.0,9481.469
徐匯中學,2026-04-04,8444.0,8953.058
徐匯中學,2026-04-05,8022.0,7451.7676
徐匯中學,2026-04-06,7519.0,7761.8535
徐匯中學,2026-04-07,12512.0,12336.826
徐匯中學,2026-04-08,12870.0,12459.135
徐匯中學,2026-04-09,12739.0,12702.089
徐匯中學,2026-04-10,13555.0,13622.472
徐匯中學,2026-04-11,10564.0,10606.416
徐匯中學,2026-04-12,8815.0,8641.3125
徐匯中學,2026-04-13,12115.0,12093.283
徐匯中學,2026-04-14,12585.0,12538.03
徐匯中學,2026-04-15,12659.0,12541.167
徐匯中學,2026-04-16,12783.0,12488.63
徐匯中學,2026-04-17,13258.0,13610.289
徐匯中學,2026-04-18,10509.0,10717.241
徐匯中學,2026-04-19,8709.0,8474.781
徐匯中學,2026-04-20,12119.0,11974.918
徐匯中學,2026-04-21,12717.0,12524.606
徐匯中學,2026-04-22,12502.0,12442.821
徐匯中學,2026-04-23,12520.0,12455.234
徐匯中學,2026-04-24,13535.0,13274.164
徐匯中學,2026-04-25,10529.0,10430.831
徐匯中學,2026-04-26,9119.0,8508.223
徐匯中學,2026-04-27,12303.0,11909.625
徐匯中學,2026-04-28,12659.0,12503.459
徐匯中學,2026-04-29,12878.0,12034.436
徐匯中學,2026-04-30,13368.0,12217.44
徐匯中學,2026-05-01,9580.0,8859.311
徐匯中學,2026-05-02,9974.0,9077.574
徐匯中學,2026-05-03,8303.0,7923.3203
徐匯中學,2026-05-04,12687.0,11791.1045
徐匯中學,2026-05-05,13076.0,12841.279
徐匯中學,2026-05-06,12969.0,12847.372
徐匯中學,2026-05-07,12873.0,12793.8955
徐匯中學,2026-05-08,13445.0,13697.439
徐匯中學,2026-05-09,10295.0,10362.149
徐匯中學,2026-05-10,8263.0,8354.707
徐匯中學,2026-05-11,12236.0,12222.43
徐匯中學,2026-05-12,12427.0,12726.199
徐匯中學,2026-05-13,12501.0,12722.596
徐匯中學,2026-05-14,12761.0,12654.924
徐匯中學,2026-05-15,13570.0,13552.638
徐匯中學,2026-05-16,10879.0,10627.501
徐匯中學,2026-05-17,8921.0,8605.845
徐匯中學,2026-05-18,12070.0,12097.27
徐匯中學,2026-05-19,12338.0,12525.189
徐匯中學,2026-05-20,12446.0,12372.83
徐匯中學,2026-05-21,12427.0,12295.61
徐匯中學,2026-05-22,13195.0,13174.603
徐匯中學,2026-05-23,10746.0,10201.545
徐匯中學,2026-05-24,8863.0,8389.859
徐匯中學,2026-05-25,12190.0,11893.84
徐匯中學,2026-05-26,12260.0,12508.01
徐匯中學,2026-05-27,12473.0,12131.648
徐匯中學,2026-05-28,12393.0,12132.981
徐匯中學,2026-05-29,13429.0,13051.8
徐匯中學,2026-05-30,10811.0,10274.461
徐匯中學,2026-05-31,8321.0,8491.362
復興崗,2026-01-01,2717.0,3028.811
復興崗,2026-01-02,4085.0,4186.047
復興崗,2026-01-03,3375.0,3235.3489
復興崗,2026-01-04,3006.0,2871.704
復興崗,2026-01-05,4115.0,4104.264
復興崗,2026-01-06,4250.0,4167.008
復興崗,2026-01-07,4263.0,4218.586
復興崗,2026-01-08,4233.0,4212.2314
復興崗,2026-01-09,4453.0,4444.984
復興崗,2026-01-10,3730.0,3581.226
復興崗,2026-01-11,3063.0,2982.5537
復興崗,2026-01-12,3990.0,4026.3787
復興崗,2026-01-13,4339.0,4105.499
復興崗,2026-01-14,4284.0,4237.621
復興崗,2026-01-15,4277.0,4221.576
復興崗,2026-01-16,4478.0,4429.23
復興崗,2026-01-17,3750.0,3554.2124
復興崗,2026-01-18,3085.0,3022.0205
復興崗,2026-01-19,4034.0,4076.7239
復興崗,2026-01-20,4294.0,4151.585
復興崗,2026-01-21,4141.0,4187.5
復興崗,2026-01-22,4210.0,4114.6475
復興崗,2026-01-23,4519.0,4393.09
復興崗,2026-01-24,3728.0,3501.7832
復興崗,2026-01-25,3467.0,3000.3665
復興崗,2026-01-26,4136.0,4110.725
復興崗,2026-01-27,4122.0,4232.373
復興崗,2026-01-28,4311.0,4201.431
復興崗,2026-01-29,4419.0,4223.165
復興崗,2026-01-30,4516.0,4552.873
復興崗,2026-01-31,3536.0,3645.3865
復興崗,2026-02-01,2968.0,2955.7646
復興崗,2026-02-02,3916.0,4051.0562
復興崗,2026-02-03,4258.0,4127.599
復興崗,2026-02-04,4378.0,4268.4077
復興崗,2026-02-05,4390.0,4285.1104
復興崗,2026-02-06,4539.0,4533.4375
復興崗,2026-02-07,3429.0,3586.016
復興崗,2026-02-08,2941.0,2884.6035
復興崗,2026-02-09,4103.0,4040.9385
復興崗,2026-02-10,4379.0,4198.2505
復興崗,2026-02-11,4308.0,4331.489
復興崗,2026-02-12,4239.0,4284.457
復興崗,2026-02-13,4275.0,4476.226
復興崗,2026-02-14,3222.0,3383.1628
復興崗,2026-02-15,2509.0,2728.8032
復興崗,2026-02-16,1927.0,1734.8193
復興崗,2026-02-17,3796.0,1714.0184
復興崗,2026-02-18,3320.0,3560.0774
復興崗,2026-02-19,4245.0,3268.9082
復興崗,2026-02-20,3997.0,3638.1367
復興崗,2026-02-21,4187.0,3331.0308
復興崗,2026-02-22,3430.0,3105.5378
復興崗,2026-02-23,4227.0,3897.343
復興崗,2026-02-24,4333.0,4470.2354
復興崗,2026-02-25,4462.0,4389.737
復興崗,2026-02-26,4421.0,4431.903
復興崗,2026-02-27,3574.0,3646.6973
復興崗,2026-02-28,3800.0,3392.476
復興崗,2026-03-01,3181.0,3215.5269
復興崗,2026-03-02,4030.0,4106.206
復興崗,2026-03-03,4100.0,4247.5537
復興崗,2026-03-04,4220.0,4209.7803
復興崗,2026-03-05,4383.0,4157.5464
復興崗,2026-03-06,4463.0,4373.1196
復興崗,2026-03-07,3740.0,3745.6826
復興崗,2026-03-08,3092.0,3293.0774
復興崗,2026-03-09,4079.0,4029.1938
復興崗,2026-03-10,4207.0,4151.6836
復興崗,2026-03-11,4628.0,4149.455
復興崗,2026-03-12,4497.0,4279.871
復興崗,2026-03-13,4630.0,4572.0293
復興崗,2026-03-14,4228.0,3831.949
復興崗,2026-03-15,3303.0,3247.1404
復興崗,2026-03-16,4137.0,4021.5361
復興崗,2026-03-17,4273.0,4185.868
復興崗,2026-03-18,4343.0,4168.8916
復興崗,2026-03-19,4388.0,4201.5825
復興崗,2026-03-20,4814.0,4574.2393
復興崗,2026-03-21,3848.0,3925.8462
復興崗,2026-03-22,3271.0,3152.148
復興崗,2026-03-23,4026.0,4124.684
復興崗,2026-03-24,4216.0,4237.2725
復興崗,2026-03-25,4315.0,4274.653
復興崗,2026-03-26,4399.0,4268.344
復興崗,2026-03-27,4392.0,4553.7656
復興崗,2026-03-28,3709.0,3587.6309
復興崗,2026-03-29,3112.0,3075.5957
復興崗,2026-03-30,4058.0,4036.9663
復興崗,2026-03-31,4226.0,4191.6187
復興崗,2026-04-01,4181.0,4229.4146
復興崗,2026-04-02,4451.0,4184.5425
復興崗,2026-04-03,2960.0,3409.756
復興崗,2026-04-04,2700.0,2972.8264
復興崗,2026-04-05,2702.0,2585.7368
復興崗,2026-04-06,2560.0,2747.0276
復興崗,2026-04-07,3941.0,4012.6558
復興崗,2026-04-08,4489.0,4013.7988
復興崗,2026-04-09,4314.0,4289.912
復興崗,2026-04-10,4492.0,4463.6523
復興崗,2026-04-11,3670.0,3628.4116
復興崗,2026-04-12,3258.0,3050.7644
復興崗,2026-04-13,4100.0,4043.3958
復興崗,2026-04-14,4189.0,4164.907
復興崗,2026-04-15,4301.0,4180.77
復興崗,2026-04-16,4320.0,4173.7666
復興崗,2026-04-17,4625.0,4518.8506
復興崗,2026-04-18,3714.0,3813.9004
復興崗,2026-04-19,3178.0,3008.3872
復興崗,2026-04-20,4030.0,4034.726
復興崗,2026-04-21,4225.0,4200.009
復興崗,2026-04-22,4344.0,4186.9824
復興崗,2026-04-23,4095.0,4208.524
復興崗,2026-04-24,4304.0,4385.0806
復興崗,2026-04-25,3382.0,3471.4314
復興崗,2026-04-26,3475.0,2879.8179
復興崗,2026-04-27,4041.0,4012.326
復興崗,2026-04-28,4233.0,4145.459
復興崗,2026-04-29,4417.0,4078.9158
復興崗,2026-04-30,4278.0,4131.8174
復興崗,2026-05-01,3414.0,3146.4763
復興崗,2026-05-02,3451.0,3165.7888
復興崗,2026-05-03,3051.0,2841.4473
復興崗,2026-05-04,4185.0,3947.5522
復興崗,2026-05-05,4115.0,4213.882
復興崗,2026-05-06,4634.0,4145.72
復興崗,2026-05-07,4421.0,4282.1143
復興崗,2026-05-08,4483.0,4545.7437
復興崗,2026-05-09,3414.0,3528.791
復興崗,2026-05-10,2800.0,2854.3965
復興崗,2026-05-11,4106.0,4036.4368
復興崗,2026-05-12,4292.0,4219.489
復興崗,2026-05-13,4315.0,4312.468
復興崗,2026-05-14,4223.0,4292.769
復興崗,2026-05-15,4641.0,4437.667
復興崗,2026-05-16,4004.0,3593.463
復興崗,2026-05-17,3246.0,3105.0403
復興崗,2026-05-18,4099.0,4112.1055
復興崗,2026-05-19,4252.0,4212.468
復興崗,2026-05-20,4381.0,4222.995
復興崗,2026-05-21,4305.0,4214.6333
復興崗,2026-05-22,4535.0,4460.4834
復興崗,2026-05-23,3485.0,3543.918
復興崗,2026-05-24,2915.0,2900.0024
復興崗,2026-05-25,4080.0,4077.1687
復興崗,2026-05-26,4225.0,4228.2285
復興崗,2026-05-27,4223.0,4228.6523
復興崗,2026-05-28,4124.0,4194.5493
復興崗,2026-05-29,4330.0,4345.5596
復興崗,2026-05-30,3508.0,3394.0234
復興崗,2026-05-31,2778.0,2911.4468
忠孝復興,2026-01-01,40297.0,48228.527
忠孝復興,2026-01-02,48417.0,51366.402
忠孝復興,2026-01-03,44769.0,44160.01
忠孝復興,2026-01-04,34123.0,36785.92
忠孝復興,2026-01-05,42223.0,43582.594
忠孝復興,2026-01-06,44149.0,43809.86
忠孝復興,2026-01-07,44461.0,45485.055
忠孝復興,2026-01-08,45236.0,45766.105
忠孝復興,2026-01-09,50468.0,49948.918
忠孝復興,2026-01-10,48222.0,46613.195
忠孝復興,2026-01-11,36730.0,39606.367
忠孝復興,2026-01-12,41078.0,42865.21
忠孝復興,2026-01-13,44238.0,43593.203
忠孝復興,2026-01-14,44872.0,45335.22
忠孝復興,2026-01-15,45128.0,46142.58
忠孝復興,2026-01-16,50393.0,50955.63
忠孝復興,2026-01-17,48052.0,48248.777
忠孝復興,2026-01-18,37210.0,38556.215
忠孝復興,2026-01-19,42420.0,42943.543
忠孝復興,2026-01-20,44931.0,44000.715
忠孝復興,2026-01-21,44333.0,45145.594
忠孝復興,2026-01-22,45122.0,45061.934
忠孝復興,2026-01-23,50403.0,50738.066
忠孝復興,2026-01-24,49974.0,46908.117
忠孝復興,2026-01-25,38344.0,38536.805
忠孝復興,2026-01-26,42014.0,43128.605
忠孝復興,2026-01-27,44855.0,43833.957
忠孝復興,2026-01-28,45208.0,46150.023
忠孝復興,2026-01-29,47413.0,46221.973
忠孝復興,2026-01-30,51601.0,53130.18
忠孝復興,2026-01-31,50305.0,49627.36
忠孝復興,2026-02-01,39707.0,39441.62
忠孝復興,2026-02-02,43557.0,43396.75
忠孝復興,2026-02-03,44405.0,45382.24
忠孝復興,2026-02-04,46094.0,46188.867
忠孝復興,2026-02-05,47320.0,46939.977
忠孝復興,2026-02-06,53640.0,53155.03
忠孝復興,2026-02-07,51002.0,51696.5
忠孝復興,2026-02-08,40341.0,40557.652
忠孝復興,2026-02-09,45759.0,43993.19
忠孝復興,2026-02-10,48337.0,47357.4
忠孝復興,2026-02-11,50244.0,49276.62
忠孝復興,2026-02-12,51495.0,50469.1
忠孝復興,2026-02-13,53622.0,56841.594
忠孝復興,2026-02-14,43747.0,50403.914
忠孝復興,2026-02-15,33338.0,37092.6
忠孝復興,2026-02-16,18074.0,22911.848
忠孝復興,2026-02-17,26307.0,16540.266
忠孝復興,2026-02-18,27980.0,32026.006
忠孝復興,2026-02-19,32101.0,33755.133
忠孝復興,2026-02-20,34539.0,35719.18
忠孝復興,2026-02-21,38213.0,36627.902
忠孝復興,2026-02-22,32261.0,31783.322
忠孝復興,2026-02-23,40293.0,38262.793
忠孝復興,2026-02-24,41711.0,43126.754
忠孝復興,2026-02-25,44915.0,43546.207
忠孝復興,2026-02-26,48292.0,45660.33
忠孝復興,2026-02-27,46839.0,45345.723
忠孝復興,2026-02-28,43679.0,45555.094
忠孝復興,2026-03-01,33072.0,37387.95
忠孝復興,2026-03-02,40127.0,40855.484
忠孝復興,2026-03-03,41863.0,42936.953
忠孝復興,2026-03-04,43948.0,43173.285
忠孝復興,2026-03-05,44841.0,44402.82
忠孝復興,2026-03-06,49710.0,50137.617
忠孝復興,2026-03-07,48770.0,48591.145
忠孝復興,2026-03-08,37203.0,36995.625
忠孝復興,2026-03-09,41402.0,40604.004
忠孝復興,2026-03-10,43585.0,43462.848
忠孝復興,2026-03-11,44997.0,44446.344
忠孝復興,2026-03-12,45493.0,45393.79
忠孝復興,2026-03-13,50510.0,52124.46
忠孝復興,2026-03-14,49189.0,51242.336
忠孝復興,2026-03-15,37442.0,37438.35
忠孝復興,2026-03-16,41444.0,40246.492
忠孝復興,2026-03-17,43168.0,42470.246
忠孝復興,2026-03-18,45098.0,43397.207
忠孝復興,2026-03-19,44992.0,45089.49
忠孝復興,2026-03-20,52887.0,51226.07
忠孝復興,2026-03-21,50042.0,50607.73
忠孝復興,2026-03-22,39948.0,38863.082
忠孝復興,2026-03-23,41776.0,42150.824
忠孝復興,2026-03-24,43606.0,43507.72
忠孝復興,2026-03-25,45675.0,44860.07
忠孝復興,2026-03-26,46408.0,46093.74
忠孝復興,2026-03-27,51182.0,52469.42
忠孝復興,2026-03-28,47771.0,49144.508
忠孝復興,2026-03-29,36301.0,38125.926
忠孝復興,2026-03-30,41911.0,41788.363
忠孝復興,2026-03-31,43704.0,44125.35
忠孝復興,2026-04-01,44852.0,45181.477
忠孝復興,2026-04-02,47201.0,45785.914
忠孝復興,2026-04-03,40606.0,42580.816
忠孝復興,2026-04-04,39515.0,41769.676
忠孝復興,2026-04-05,35201.0,33417.055
忠孝復興,2026-04-06,34233.0,32284.023
忠孝復興,2026-04-07,42828.0,41307.29
忠孝復興,2026-04-08,43597.0,42998.383
忠孝復興,2026-04-09,44430.0,44753.547
忠孝復興,2026-04-10,51231.0,49690.11
忠孝復興,2026-04-11,48627.0,47397.543
忠孝復興,2026-04-12,37692.0,38561.18
忠孝復興,2026-04-13,41028.0,42002.707
忠孝復興,2026-04-14,42502.0,43346.258
忠孝復興,2026-04-15,44093.0,43924.08
忠孝復興,2026-04-16,44288.0,45010.41
忠孝復興,2026-04-17,50313.0,50819.613
忠孝復興,2026-04-18,48623.0,49271.727
忠孝復興,2026-04-19,37217.0,38127.18
忠孝復興,2026-04-20,40469.0,40902.246
忠孝復興,2026-04-21,42311.0,42613.15
忠孝復興,2026-04-22,42814.0,43461.684
忠孝復興,2026-04-23,44221.0,43793.58
忠孝復興,2026-04-24,52707.0,50293.062
忠孝復興,2026-04-25,52296.0,51454.223
忠孝復興,2026-04-26,41261.0,39859.543
忠孝復興,2026-04-27,42339.0,41469.85
忠孝復興,2026-04-28,44074.0,42463.477
忠孝復興,2026-04-29,45836.0,43721.51
忠孝復興,2026-04-30,50319.0,45257.074
忠孝復興,2026-05-01,45621.0,45547.242
忠孝復興,2026-05-02,45533.0,46019.273
忠孝復興,2026-05-03,36322.0,36085.125
忠孝復興,2026-05-04,43060.0,40519.34
忠孝復興,2026-05-05,44648.0,44365.133
忠孝復興,2026-05-06,45918.0,45952.254
忠孝復興,2026-05-07,47069.0,46579.613
忠孝復興,2026-05-08,51453.0,52229.29
忠孝復興,2026-05-09,48951.0,48821.953
忠孝復興,2026-05-10,37260.0,39144.0
忠孝復興,2026-05-11,40461.0,42635.035
忠孝復興,2026-05-12,42755.0,43446.793
忠孝復興,2026-05-13,44131.0,44686.758
忠孝復興,2026-05-14,42932.0,45313.074
忠孝復興,2026-05-15,50281.0,50025.137
忠孝復興,2026-05-16,48264.0,48036.023
忠孝復興,2026-05-17,38524.0,38240.65
忠孝復興,2026-05-18,40255.0,41434.203
忠孝復興,2026-05-19,41454.0,42472.785
忠孝復興,2026-05-20,43894.0,42894.137
忠孝復興,2026-05-21,42863.0,44168.395
忠孝復興,2026-05-22,48684.0,49217.24
忠孝復興,2026-05-23,48447.0,46119.35
忠孝復興,2026-05-24,37280.0,37146.086
忠孝復興,2026-05-25,40538.0,40767.406
忠孝復興,2026-05-26,42585.0,41985.91
忠孝復興,2026-05-27,43914.0,43005.484
忠孝復興,2026-05-28,43540.0,43894.46
忠孝復興,2026-05-29,47921.0,49305.14
忠孝復興,2026-05-30,47376.0,45299.375
忠孝復興,2026-05-31,36852.0,36569.01
忠孝敦化,2026-01-01,26054.0,32147.773
忠孝敦化,2026-01-02,35691.0,37974.207
忠孝敦化,2026-01-03,28443.0,29994.064
忠孝敦化,2026-01-04,21532.0,22006.719
忠孝敦化,2026-01-05,31999.0,32590.416
忠孝敦化,2026-01-06,33880.0,33311.824
忠孝敦化,2026-01-07,34698.0,34720.39
忠孝敦化,2026-01-08,34330.0,35185.9
忠孝敦化,2026-01-09,37528.0,38201.414
忠孝敦化,2026-01-10,31406.0,31949.586
忠孝敦化,2026-01-11,22434.0,24819.385
忠孝敦化,2026-01-12,31534.0,32323.158
忠孝敦化,2026-01-13,32996.0,33259.65
忠孝敦化,2026-01-14,33769.0,34334.734
忠孝敦化,2026-01-15,34075.0,34749.97
忠孝敦化,2026-01-16,37064.0,37725.273
忠孝敦化,2026-01-17,30653.0,31445.49
忠孝敦化,2026-01-18,23090.0,23844.043
忠孝敦化,2026-01-19,31563.0,32177.486
忠孝敦化,2026-01-20,34523.0,33176.266
忠孝敦化,2026-01-21,33880.0,34098.73
忠孝敦化,2026-01-22,34233.0,33877.98
忠孝敦化,2026-01-23,37357.0,37399.9
忠孝敦化,2026-01-24,31096.0,30227.467
忠孝敦化,2026-01-25,23057.0,23235.96
忠孝敦化,2026-01-26,31818.0,32567.04
忠孝敦化,2026-01-27,33771.0,33385.082
忠孝敦化,2026-01-28,34248.0,34080.715
忠孝敦化,2026-01-29,34429.0,34370.61
忠孝敦化,2026-01-30,37091.0,37725.87
忠孝敦化,2026-01-31,31666.0,30749.041
忠孝敦化,2026-02-01,23678.0,23801.018
忠孝敦化,2026-02-02,31644.0,32217.154
忠孝敦化,2026-02-03,33542.0,33232.555
忠孝敦化,2026-02-04,34319.0,34323.98
忠孝敦化,2026-02-05,34689.0,34758.047
忠孝敦化,2026-02-06,38682.0,38143.547
忠孝敦化,2026-02-07,32282.0,32294.629
忠孝敦化,2026-02-08,24565.0,24644.086
忠孝敦化,2026-02-09,33124.0,32361.547
忠孝敦化,2026-02-10,35623.0,34028.266
忠孝敦化,2026-02-11,36449.0,35476.504
忠孝敦化,2026-02-12,37424.0,36134.348
忠孝敦化,2026-02-13,37661.0,40333.867
忠孝敦化,2026-02-14,26953.0,31391.941
忠孝敦化,2026-02-15,18572.0,21560.36
忠孝敦化,2026-02-16,7945.0,9788.709
忠孝敦化,2026-02-17,10871.0,7297.9336
忠孝敦化,2026-02-18,12253.0,17489.062
忠孝敦化,2026-02-19,15575.0,17834.676
忠孝敦化,2026-02-20,18610.0,20341.777
忠孝敦化,2026-02-21,21284.0,21499.684
忠孝敦化,2026-02-22,18209.0,18395.01
忠孝敦化,2026-02-23,29378.0,27657.742
忠孝敦化,2026-02-24,31480.0,31900.293
忠孝敦化,2026-02-25,33211.0,33041.164
忠孝敦化,2026-02-26,34690.0,33420.355
忠孝敦化,2026-02-27,28741.0,27826.525
忠孝敦化,2026-02-28,26601.0,28996.404
忠孝敦化,2026-03-01,19879.0,23181.707
忠孝敦化,2026-03-02,29685.0,30483.266
忠孝敦化,2026-03-03,31519.0,31711.172
忠孝敦化,2026-03-04,32786.0,32061.611
忠孝敦化,2026-03-05,33615.0,32516.998
忠孝敦化,2026-03-06,36276.0,36428.707
忠孝敦化,2026-03-07,30908.0,31543.955
忠孝敦化,2026-03-08,22536.0,23043.068
忠孝敦化,2026-03-09,30764.0,30609.246
忠孝敦化,2026-03-10,32330.0,32356.314
忠孝敦化,2026-03-11,33444.0,33062.977
忠孝敦化,2026-03-12,33629.0,33927.12
忠孝敦化,2026-03-13,37183.0,38264.535
忠孝敦化,2026-03-14,31352.0,33449.363
忠孝敦化,2026-03-15,22887.0,23969.17
忠孝敦化,2026-03-16,30757.0,29373.77
忠孝敦化,2026-03-17,32481.0,31633.21
忠孝敦化,2026-03-18,33090.0,32855.61
忠孝敦化,2026-03-19,33123.0,33705.21
忠孝敦化,2026-03-20,38346.0,37683.203
忠孝敦化,2026-03-21,31685.0,31831.127
忠孝敦化,2026-03-22,24481.0,23893.523
忠孝敦化,2026-03-23,30449.0,30737.24
忠孝敦化,2026-03-24,32322.0,32147.777
忠孝敦化,2026-03-25,33976.0,32836.066
忠孝敦化,2026-03-26,33841.0,33998.707
忠孝敦化,2026-03-27,36186.0,37947.965
忠孝敦化,2026-03-28,29807.0,30514.205
忠孝敦化,2026-03-29,21651.0,22883.242
忠孝敦化,2026-03-30,30272.0,30897.758
忠孝敦化,2026-03-31,32340.0,32310.016
忠孝敦化,2026-04-01,33080.0,33384.016
忠孝敦化,2026-04-02,34553.0,33833.246
忠孝敦化,2026-04-03,25038.0,26657.047
忠孝敦化,2026-04-04,23270.0,25336.773
忠孝敦化,2026-04-05,20775.0,19358.281
忠孝敦化,2026-04-06,19487.0,19842.523
忠孝敦化,2026-04-07,31838.0,30792.791
忠孝敦化,2026-04-08,32716.0,32442.46
忠孝敦化,2026-04-09,33251.0,33139.75
忠孝敦化,2026-04-10,37799.0,37035.49
忠孝敦化,2026-04-11,31093.0,31590.44
忠孝敦化,2026-04-12,23732.0,23966.807
忠孝敦化,2026-04-13,30428.0,30892.36
忠孝敦化,2026-04-14,31741.0,32012.912
忠孝敦化,2026-04-15,32774.0,32618.57
忠孝敦化,2026-04-16,33021.0,33252.57
忠孝敦化,2026-04-17,35637.0,37450.742
忠孝敦化,2026-04-18,30081.0,31667.248
忠孝敦化,2026-04-19,22573.0,23554.996
忠孝敦化,2026-04-20,29794.0,30005.545
忠孝敦化,2026-04-21,31396.0,31691.95
忠孝敦化,2026-04-22,32351.0,32481.459
忠孝敦化,2026-04-23,32355.0,33192.34
忠孝敦化,2026-04-24,36361.0,36738.52
忠孝敦化,2026-04-25,30791.0,31344.422
忠孝敦化,2026-04-26,24056.0,23842.832
忠孝敦化,2026-04-27,30461.0,29611.645
忠孝敦化,2026-04-28,31587.0,31281.488
忠孝敦化,2026-04-29,33074.0,31442.773
忠孝敦化,2026-04-30,35190.0,32495.537
忠孝敦化,2026-05-01,26628.0,25530.188
忠孝敦化,2026-05-02,27000.0,26214.582
忠孝敦化,2026-05-03,21043.0,20348.205
忠孝敦化,2026-05-04,31002.0,29130.68
忠孝敦化,2026-05-05,32995.0,32075.924
忠孝敦化,2026-05-06,33216.0,33268.3
忠孝敦化,2026-05-07,33381.0,33602.25
忠孝敦化,2026-05-08,35824.0,37195.77
忠孝敦化,2026-05-09,28957.0,29908.22
忠孝敦化,2026-05-10,20600.0,22440.8
忠孝敦化,2026-05-11,29979.0,30699.29
忠孝敦化,2026-05-12,31535.0,32068.625
忠孝敦化,2026-05-13,32396.0,32950.227
忠孝敦化,2026-05-14,32207.0,33231.473
忠孝敦化,2026-05-15,37909.0,36263.08
忠孝敦化,2026-05-16,30336.0,31676.193
忠孝敦化,2026-05-17,24571.0,23451.83
忠孝敦化,2026-05-18,30065.0,30323.41
忠孝敦化,2026-05-19,31576.0,31705.443
忠孝敦化,2026-05-20,33374.0,32310.389
忠孝敦化,2026-05-21,33144.0,33042.914
忠孝敦化,2026-05-22,36294.0,36902.93
忠孝敦化,2026-05-23,31047.0,30305.875
忠孝敦化,2026-05-24,23301.0,23207.77
忠孝敦化,2026-05-25,30124.0,30234.664
忠孝敦化,2026-05-26,32081.0,31904.293
忠孝敦化,2026-05-27,32846.0,32443.934
忠孝敦化,2026-05-28,32870.0,32949.496
忠孝敦化,2026-05-29,36095.0,36820.266
忠孝敦化,2026-05-30,30254.0,29847.098
忠孝敦化,2026-05-31,23292.0,23006.734
忠孝新生,2026-01-01,28231.0,37701.867
忠孝新生,2026-01-02,36806.0,39778.137
忠孝新生,2026-01-03,33471.0,33608.457
忠孝新生,2026-01-04,27681.0,27696.783
忠孝新生,2026-01-05,35877.0,34775.562
忠孝新生,2026-01-06,36232.0,36038.996
忠孝新生,2026-01-07,36941.0,36911.906
忠孝新生,2026-01-08,37072.0,37211.35
忠孝新生,2026-01-09,40637.0,40072.543
忠孝新生,2026-01-10,36408.0,35924.06
忠孝新生,2026-01-11,29198.0,30373.18
忠孝新生,2026-01-12,33285.0,35190.406
忠孝新生,2026-01-13,33971.0,35174.17
忠孝新生,2026-01-14,34668.0,35596.94
忠孝新生,2026-01-15,35157.0,35797.418
忠孝新生,2026-01-16,38997.0,39281.3
忠孝新生,2026-01-17,38836.0,35995.613
忠孝新生,2026-01-18,32125.0,30532.996
忠孝新生,2026-01-19,34205.0,35067.363
忠孝新生,2026-01-20,36252.0,34905.02
忠孝新生,2026-01-21,34254.0,36246.793
忠孝新生,2026-01-22,34066.0,35187.34
忠孝新生,2026-01-23,37598.0,38157.297
忠孝新生,2026-01-24,39291.0,34280.25
忠孝新生,2026-01-25,33135.0,30997.482
忠孝新生,2026-01-26,34710.0,35716.96
忠孝新生,2026-01-27,34070.0,35559.28
忠孝新生,2026-01-28,35527.0,35439.91
忠孝新生,2026-01-29,37452.0,36137.875
忠孝新生,2026-01-30,40568.0,41083.34
忠孝新生,2026-01-31,37856.0,38826.203
忠孝新生,2026-02-01,29859.0,31283.443
忠孝新生,2026-02-02,32867.0,34567.176
忠孝新生,2026-02-03,33931.0,34634.27
忠孝新生,2026-02-04,34717.0,35251.895
忠孝新生,2026-02-05,35610.0,35484.316
忠孝新生,2026-02-06,39463.0,39502.58
忠孝新生,2026-02-07,37214.0,37080.28
忠孝新生,2026-02-08,30944.0,30399.45
忠孝新生,2026-02-09,34767.0,33991.79
忠孝新生,2026-02-10,35989.0,35490.867
忠孝新生,2026-02-11,35912.0,36665.766
忠孝新生,2026-02-12,36580.0,36533.805
忠孝新生,2026-02-13,37252.0,40166.86
忠孝新生,2026-02-14,29407.0,34561.246
忠孝新生,2026-02-15,22999.0,25486.621
忠孝新生,2026-02-16,10395.0,17066.129
忠孝新生,2026-02-17,18409.0,13867.074
忠孝新生,2026-02-18,20023.0,23865.91
忠孝新生,2026-02-19,25848.0,24695.1
忠孝新生,2026-02-20,27769.0,28045.924
忠孝新生,2026-02-21,31078.0,28333.54
忠孝新生,2026-02-22,25947.0,25353.727
忠孝新生,2026-02-23,34542.0,29728.445
忠孝新生,2026-02-24,35055.0,36151.438
忠孝新生,2026-02-25,37440.0,36263.906
忠孝新生,2026-02-26,39810.0,37828.54
忠孝新生,2026-02-27,37029.0,37551.242
忠孝新生,2026-02-28,37440.0,36489.03
忠孝新生,2026-03-01,28350.0,31157.656
忠孝新生,2026-03-02,34196.0,33737.734
忠孝新生,2026-03-03,35025.0,35129.86
忠孝新生,2026-03-04,36484.0,35304.88
忠孝新生,2026-03-05,37619.0,36369.8
忠孝新生,2026-03-06,40800.0,41132.344
忠孝新生,2026-03-07,39373.0,39720.85
忠孝新生,2026-03-08,32216.0,30470.648
忠孝新生,2026-03-09,35060.0,34504.207
忠孝新生,2026-03-10,36025.0,36554.848
忠孝新生,2026-03-11,37915.0,36617.79
忠孝新生,2026-03-12,38360.0,37802.688
忠孝新生,2026-03-13,42230.0,42367.11
忠孝新生,2026-03-14,41941.0,40973.703
忠孝新生,2026-03-15,32794.0,32081.812
忠孝新生,2026-03-16,36513.0,34902.266
忠孝新生,2026-03-17,37278.0,35645.613
忠孝新生,2026-03-18,38465.0,36585.906
忠孝新生,2026-03-19,39403.0,37599.32
忠孝新生,2026-03-20,44022.0,43066.96
忠孝新生,2026-03-21,40754.0,41127.742
忠孝新生,2026-03-22,32894.0,33519.96
忠孝新生,2026-03-23,35812.0,36764.21
忠孝新生,2026-03-24,36426.0,37412.195
忠孝新生,2026-03-25,35980.0,37913.95
忠孝新生,2026-03-26,37590.0,37085.6
忠孝新生,2026-03-27,41079.0,41607.844
忠孝新生,2026-03-28,37621.0,38675.137
忠孝新生,2026-03-29,30195.0,31638.016
忠孝新生,2026-03-30,35396.0,34769.36
忠孝新生,2026-03-31,35951.0,36819.797
忠孝新生,2026-04-01,37657.0,37237.266
忠孝新生,2026-04-02,40128.0,37820.992
忠孝新生,2026-04-03,34506.0,36784.97
忠孝新生,2026-04-04,31118.0,34535.152
忠孝新生,2026-04-05,29493.0,27031.643
忠孝新生,2026-04-06,25673.0,26242.969
忠孝新生,2026-04-07,35104.0,34184.395
忠孝新生,2026-04-08,36314.0,35384.98
忠孝新生,2026-04-09,37097.0,36908.52
忠孝新生,2026-04-10,41221.0,40183.977
忠孝新生,2026-04-11,37015.0,36477.094
忠孝新生,2026-04-12,31007.0,30740.875
忠孝新生,2026-04-13,35142.0,35767.77
忠孝新生,2026-04-14,35990.0,36408.86
忠孝新生,2026-04-15,36208.0,36964.95
忠孝新生,2026-04-16,37127.0,37032.47
忠孝新生,2026-04-17,40559.0,40888.29
忠孝新生,2026-04-18,39782.0,37937.785
忠孝新生,2026-04-19,33048.0,31285.025
忠孝新生,2026-04-20,33503.0,35608.71
忠孝新生,2026-04-21,34249.0,35580.48
忠孝新生,2026-04-22,35481.0,35837.918
忠孝新生,2026-04-23,35218.0,36251.05
忠孝新生,2026-04-24,39118.0,39463.656
忠孝新生,2026-04-25,35905.0,36599.277
忠孝新生,2026-04-26,32722.0,29921.363
忠孝新生,2026-04-27,34328.0,34861.98
忠孝新生,2026-04-28,35160.0,35209.56
忠孝新生,2026-04-29,36530.0,35360.14
忠孝新生,2026-04-30,39665.0,36229.85
忠孝新生,2026-05-01,35387.0,34434.504
忠孝新生,2026-05-02,34324.0,34568.234
忠孝新生,2026-05-03,28632.0,28571.549
忠孝新生,2026-05-04,35032.0,33729.68
忠孝新生,2026-05-05,36159.0,35946.945
忠孝新生,2026-05-06,37738.0,36634.547
忠孝新生,2026-05-07,36620.0,37431.37
忠孝新生,2026-05-08,38866.0,40020.496
忠孝新生,2026-05-09,32286.0,34955.54
忠孝新生,2026-05-10,24810.0,27282.334
忠孝新生,2026-05-11,33758.0,34055.07
忠孝新生,2026-05-12,35172.0,35310.367
忠孝新生,2026-05-13,35510.0,36483.24
忠孝新生,2026-05-14,35906.0,36506.69
忠孝新生,2026-05-15,41986.0,38781.246
忠孝新生,2026-05-16,39811.0,35958.117
忠孝新生,2026-05-17,33383.0,31346.787
忠孝新生,2026-05-18,34504.0,35366.605
忠孝新生,2026-05-19,35239.0,35279.055
忠孝新生,2026-05-20,36092.0,35788.83
忠孝新生,2026-05-21,36703.0,36132.695
忠孝新生,2026-05-22,40278.0,39981.383
忠孝新生,2026-05-23,36550.0,36869.824
忠孝新生,2026-05-24,32004.0,29701.75
忠孝新生,2026-05-25,35139.0,35499.65
忠孝新生,2026-05-26,34597.0,36160.918
忠孝新生,2026-05-27,36045.0,35999.734
忠孝新生,2026-05-28,36383.0,36655.684
忠孝新生,2026-05-29,39376.0,39716.387
忠孝新生,2026-05-30,35811.0,35855.984
忠孝新生,2026-05-31,29682.0,30200.96
忠義,2026-01-01,1590.0,1802.5125
忠義,2026-01-02,2709.0,3448.6587
忠義,2026-01-03,1967.0,1786.5018
忠義,2026-01-04,1623.0,1649.3186
忠義,2026-01-05,3566.0,3403.5513
忠義,2026-01-06,3630.0,3543.734
忠義,2026-01-07,3740.0,3582.7493
忠義,2026-01-08,3562.0,3599.7778
忠義,2026-01-09,3642.0,3641.3252
忠義,2026-01-10,2052.0,1946.148
忠義,2026-01-11,1609.0,1621.926
忠義,2026-01-12,3450.0,3372.4766
忠義,2026-01-13,3588.0,3562.7249
忠義,2026-01-14,3567.0,3587.4321
忠義,2026-01-15,3587.0,3508.3667
忠義,2026-01-16,3504.0,3595.441
忠義,2026-01-17,2374.0,1849.4935
忠義,2026-01-18,1719.0,1717.4106
忠義,2026-01-19,3565.0,3338.7712
忠義,2026-01-20,3531.0,3628.9353
忠義,2026-01-21,3451.0,3523.4263
忠義,2026-01-22,3531.0,3428.995
忠義,2026-01-23,2952.0,3531.301
忠義,2026-01-24,2081.0,1748.3743
忠義,2026-01-25,1975.0,1582.9282
忠義,2026-01-26,3507.0,3339.2834
忠義,2026-01-27,3467.0,3506.4226
忠義,2026-01-28,3511.0,3422.4233
忠義,2026-01-29,3653.0,3410.4
忠義,2026-01-30,3632.0,3549.1746
忠義,2026-01-31,1936.0,1904.021
忠義,2026-02-01,1598.0,1615.3214
忠義,2026-02-02,3407.0,3375.6348
忠義,2026-02-03,3508.0,3511.2185
忠義,2026-02-04,3449.0,3485.6616
忠義,2026-02-05,3573.0,3426.4536
忠義,2026-02-06,3629.0,3615.1946
忠義,2026-02-07,1892.0,1842.397
忠義,2026-02-08,1588.0,1564.4553
忠義,2026-02-09,3384.0,3359.6094
忠義,2026-02-10,3656.0,3489.2402
忠義,2026-02-11,3445.0,3581.8335
忠義,2026-02-12,3487.0,3471.767
忠義,2026-02-13,3216.0,3582.865
忠義,2026-02-14,1567.0,1798.302
忠義,2026-02-15,1194.0,1413.1566
忠義,2026-02-16,874.0,448.74805
忠義,2026-02-17,2294.0,715.3252
忠義,2026-02-18,1728.0,2155.8813
忠義,2026-02-19,1927.0,1796.3004
忠義,2026-02-20,2191.0,1587.9972
忠義,2026-02-21,2113.0,1791.3735
忠義,2026-02-22,1704.0,1530.1062
忠義,2026-02-23,3518.0,3109.0562
忠義,2026-02-24,3670.0,3612.753
忠義,2026-02-25,3841.0,3637.9614
忠義,2026-02-26,3939.0,3679.098
忠義,2026-02-27,2545.0,2089.891
忠義,2026-02-28,1964.0,1932.6843
忠義,2026-03-01,1668.0,1844.7272
忠義,2026-03-02,3401.0,3578.9385
忠義,2026-03-03,3457.0,3554.6096
忠義,2026-03-04,3666.0,3548.4233
忠義,2026-03-05,3729.0,3544.7317
忠義,2026-03-06,3732.0,3671.1304
忠義,2026-03-07,2132.0,2147.4375
忠義,2026-03-08,1775.0,1818.9578
忠義,2026-03-09,3449.0,3480.569
忠義,2026-03-10,3602.0,3502.5757
忠義,2026-03-11,3748.0,3534.3347
忠義,2026-03-12,3617.0,3576.1877
忠義,2026-03-13,3773.0,3707.6108
忠義,2026-03-14,2131.0,2207.428
忠義,2026-03-15,1893.0,1755.6055
忠義,2026-03-16,3473.0,3356.086
忠義,2026-03-17,3611.0,3478.4888
忠義,2026-03-18,3670.0,3521.727
忠義,2026-03-19,3659.0,3529.8596
忠義,2026-03-20,3742.0,3727.053
忠義,2026-03-21,2147.0,1997.8256
忠義,2026-03-22,1735.0,1745.113
忠義,2026-03-23,3454.0,3434.2793
忠義,2026-03-24,3630.0,3569.5942
忠義,2026-03-25,3683.0,3588.905
忠義,2026-03-26,3695.0,3583.9966
忠義,2026-03-27,3727.0,3762.4429
忠義,2026-03-28,2024.0,1991.9507
忠義,2026-03-29,1644.0,1706.6108
忠義,2026-03-30,3674.0,3421.4565
忠義,2026-03-31,3469.0,3670.9194
忠義,2026-04-01,3605.0,3561.336
忠義,2026-04-02,3693.0,3558.7163
忠義,2026-04-03,2195.0,2005.4204
忠義,2026-04-04,1485.0,1839.547
忠義,2026-04-05,1415.0,1496.5975
忠義,2026-04-06,1397.0,1668.5735
忠義,2026-04-07,3421.0,3433.0132
忠義,2026-04-08,3607.0,3486.015
忠義,2026-04-09,3636.0,3526.5815
忠義,2026-04-10,3748.0,3731.3877
忠義,2026-04-11,2101.0,2066.1
忠義,2026-04-12,1728.0,1781.2938
忠義,2026-04-13,3511.0,3388.039
忠義,2026-04-14,3544.0,3486.523
忠義,2026-04-15,3529.0,3523.355
忠義,2026-04-16,3558.0,3494.06
忠義,2026-04-17,3706.0,3689.1992
忠義,2026-04-18,2046.0,2070.7869
忠義,2026-04-19,1625.0,1668.5541
忠義,2026-04-20,3393.0,3347.979
忠義,2026-04-21,3499.0,3487.4148
忠義,2026-04-22,3495.0,3525.997
忠義,2026-04-23,3458.0,3493.2935
忠義,2026-04-24,3487.0,3591.6506
忠義,2026-04-25,1877.0,1946.6431
忠義,2026-04-26,1675.0,1594.3796
忠義,2026-04-27,3448.0,3314.7808
忠義,2026-04-28,3618.0,3481.3066
忠義,2026-04-29,3518.0,3503.3618
忠義,2026-04-30,3498.0,3446.8726
忠義,2026-05-01,2490.0,1753.2258
忠義,2026-05-02,1927.0,1899.512
忠義,2026-05-03,1490.0,1539.5946
忠義,2026-05-04,3476.0,3324.7092
忠義,2026-05-05,3553.0,3496.3777
忠義,2026-05-06,3660.0,3482.37
忠義,2026-05-07,3794.0,3501.3682
忠義,2026-05-08,3717.0,3778.6963
忠義,2026-05-09,2269.0,1921.8455
忠義,2026-05-10,1572.0,1767.2837
忠義,2026-05-11,3410.0,3423.5466
忠義,2026-05-12,3706.0,3534.972
忠義,2026-05-13,3574.0,3659.1785
忠義,2026-05-14,3429.0,3571.9067
忠義,2026-05-15,3816.0,3634.7896
忠義,2026-05-16,3097.0,2046.8419
忠義,2026-05-17,1837.0,2088.2007
忠義,2026-05-18,3446.0,3387.8508
忠義,2026-05-19,3553.0,3546.4785
忠義,2026-05-20,3547.0,3563.471
忠義,2026-05-21,3558.0,3529.182
忠義,2026-05-22,3707.0,3697.8367
忠義,2026-05-23,2030.0,2032.2037
忠義,2026-05-24,1625.0,1720.3457
忠義,2026-05-25,3431.0,3407.0852
忠義,2026-05-26,3510.0,3546.3389
忠義,2026-05-27,3511.0,3527.6262
忠義,2026-05-28,3534.0,3484.1555
忠義,2026-05-29,3593.0,3660.882
忠義,2026-05-30,1901.0,1976.3369
忠義,2026-05-31,1541.0,1644.959
文德,2026-01-01,3465.0,3686.288
文德,2026-01-02,6329.0,6911.956
文德,2026-01-03,4137.0,4252.2095
文德,2026-01-04,3410.0,3495.7988
文德,2026-01-05,6140.0,6452.352
文德,2026-01-06,6200.0,6472.385
文德,2026-01-07,6221.0,6434.187
文德,2026-01-08,6259.0,6427.2783
文德,2026-01-09,6884.0,6771.2764
文德,2026-01-10,4548.0,4536.4653
文德,2026-01-11,3570.0,3529.0776
文德,2026-01-12,6079.0,6022.1797
文德,2026-01-13,6179.0,6162.0054
文德,2026-01-14,6335.0,6260.767
文德,2026-01-15,6265.0,6335.119
文德,2026-01-16,7397.0,6554.329
文德,2026-01-17,5194.0,4579.1855
文德,2026-01-18,4611.0,3876.326
文德,2026-01-19,6022.0,6147.4434
文德,2026-01-20,6968.0,6241.296
文德,2026-01-21,6164.0,6461.9775
文德,2026-01-22,6437.0,6307.4717
文德,2026-01-23,6975.0,6925.5537
文德,2026-01-24,4473.0,4486.784
文德,2026-01-25,3691.0,3445.9453
文德,2026-01-26,5684.0,6215.928
文德,2026-01-27,5496.0,6123.0537
文德,2026-01-28,5294.0,5847.1387
文德,2026-01-29,5394.0,5755.156
文德,2026-01-30,5661.0,6149.2266
文德,2026-01-31,4468.0,4062.6768
文德,2026-02-01,3315.0,3442.8774
文德,2026-02-02,4945.0,5546.8247
文德,2026-02-03,5196.0,5386.934
文德,2026-02-04,5321.0,5342.008
文德,2026-02-05,5307.0,5420.44
文德,2026-02-06,5498.0,5806.4097
文德,2026-02-07,4467.0,3896.685
文德,2026-02-08,3754.0,3332.8247
文德,2026-02-09,4953.0,5225.871
文德,2026-02-10,5238.0,5142.4575
文德,2026-02-11,5123.0,5170.715
文德,2026-02-12,5282.0,5187.826
文德,2026-02-13,5186.0,5704.0195
文德,2026-02-14,3791.0,3690.225
文德,2026-02-15,2856.0,3039.6614
文德,2026-02-16,2028.0,1409.5562
文德,2026-02-17,2404.0,1072.2744
文德,2026-02-18,2654.0,2629.2136
文德,2026-02-19,2916.0,2711.6614
文德,2026-02-20,3285.0,2641.0017
文德,2026-02-21,3520.0,3266.8604
文德,2026-02-22,3247.0,2798.7593
文德,2026-02-23,6306.0,4612.2837
文德,2026-02-24,6581.0,6269.4365
文德,2026-02-25,6688.0,6582.3716
文德,2026-02-26,7277.0,6588.956
文德,2026-02-27,4197.0,4527.0693
文德,2026-02-28,4207.0,3918.0044
文德,2026-03-01,3275.0,3648.804
文德,2026-03-02,6481.0,5744.533
文德,2026-03-03,6543.0,6383.0396
文德,2026-03-04,6738.0,6434.57
文德,2026-03-05,6701.0,6511.0063
文德,2026-03-06,7220.0,6726.0
文德,2026-03-07,4365.0,4721.734
文德,2026-03-08,4534.0,3581.3232
文德,2026-03-09,6432.0,6373.113
文德,2026-03-10,6546.0,6532.9854
文德,2026-03-11,6881.0,6503.1934
文德,2026-03-12,6725.0,6580.472
文德,2026-03-13,7217.0,6918.092
文德,2026-03-14,4652.0,5036.061
文德,2026-03-15,3818.0,3737.1997
文德,2026-03-16,6469.0,6217.5464
文德,2026-03-17,6713.0,6480.032
文德,2026-03-18,6842.0,6551.0317
文德,2026-03-19,6706.0,6573.717
文德,2026-03-20,7361.0,7028.4937
文德,2026-03-21,4663.0,4521.1733
文德,2026-03-22,3949.0,3688.7666
文德,2026-03-23,6324.0,6463.201
文德,2026-03-24,6693.0,6535.9956
文德,2026-03-25,6880.0,6595.417
文德,2026-03-26,6912.0,6673.5576
文德,2026-03-27,7035.0,7223.018
文德,2026-03-28,4424.0,4552.753
文德,2026-03-29,3570.0,3580.081
文德,2026-03-30,6003.0,6381.8213
文德,2026-03-31,6185.0,6379.714
文德,2026-04-01,6203.0,6384.9346
文德,2026-04-02,6909.0,6406.358
文德,2026-04-03,3824.0,4062.2039
文德,2026-04-04,3388.0,3812.4028
文德,2026-04-05,3358.0,3194.1763
文德,2026-04-06,3084.0,3308.4739
文德,2026-04-07,6494.0,6263.3076
文德,2026-04-08,6686.0,6319.4
文德,2026-04-09,6579.0,6492.6562
文德,2026-04-10,7313.0,7023.589
文德,2026-04-11,4426.0,4734.449
文德,2026-04-12,3824.0,3609.0127
文德,2026-04-13,6365.0,6222.2007
文德,2026-04-14,6563.0,6433.164
文德,2026-04-15,6613.0,6515.1323
文德,2026-04-16,6617.0,6586.616
文德,2026-04-17,6845.0,7097.3716
文德,2026-04-18,5107.0,4658.838
文德,2026-04-19,3853.0,3695.4512
文德,2026-04-20,6198.0,6135.9287
文德,2026-04-21,6451.0,6357.538
文德,2026-04-22,6688.0,6475.934
文德,2026-04-23,6350.0,6586.121
文德,2026-04-24,7381.0,6906.6587
文德,2026-04-25,4254.0,4723.701
文德,2026-04-26,3717.0,3641.5552
文德,2026-04-27,6294.0,6198.1025
文德,2026-04-28,6533.0,6396.323
文德,2026-04-29,6610.0,6361.135
文德,2026-04-30,7220.0,6395.8374
文德,2026-05-01,4146.0,3770.795
文德,2026-05-02,4240.0,3899.7437
文德,2026-05-03,3246.0,3347.1094
文德,2026-05-04,6253.0,6172.161
文德,2026-05-05,6421.0,6364.6543
文德,2026-05-06,6729.0,6408.6694
文德,2026-05-07,6703.0,6558.4414
文德,2026-05-08,7007.0,7128.5845
文德,2026-05-09,4190.0,4611.058
文德,2026-05-10,3617.0,3446.6099
文德,2026-05-11,6278.0,6187.3374
文德,2026-05-12,6381.0,6392.0127
文德,2026-05-13,6223.0,6481.7627
文德,2026-05-14,6273.0,6453.1177
文德,2026-05-15,7319.0,6813.2334
文德,2026-05-16,5181.0,4715.9463
文德,2026-05-17,4425.0,3769.7993
文德,2026-05-18,6096.0,6111.182
文德,2026-05-19,6455.0,6279.824
文德,2026-05-20,6343.0,6327.44
文德,2026-05-21,6301.0,6303.966
文德,2026-05-22,6830.0,6824.044
文德,2026-05-23,4672.0,4473.1504
文德,2026-05-24,3441.0,3556.3364
文德,2026-05-25,6090.0,6138.951
文德,2026-05-26,6228.0,6275.3325
文德,2026-05-27,6402.0,6240.6826
文德,2026-05-28,6261.0,6300.295
文德,2026-05-29,6763.0,6748.2163
文德,2026-05-30,4352.0,4361.9653
文德,2026-05-31,3629.0,3447.1655
新北投,2026-01-01,6464.0,6917.464
新北投,2026-01-02,7718.0,7441.4863
新北投,2026-01-03,7364.0,7003.302
新北投,2026-01-04,6647.0,6720.0703
新北投,2026-01-05,5368.0,6418.322
新北投,2026-01-06,6381.0,6033.6904
新北投,2026-01-07,6246.0,6425.3105
新北投,2026-01-08,6448.0,6380.599
新北投,2026-01-09,6900.0,7093.942
新北投,2026-01-10,6760.0,6763.999
新北投,2026-01-11,6481.0,6150.9136
新北投,2026-01-12,5395.0,5777.597
新北投,2026-01-13,6347.0,6124.0015
新北投,2026-01-14,6065.0,6285.6934
新北投,2026-01-15,6473.0,6265.8657
新北投,2026-01-16,6969.0,7099.413
新北投,2026-01-17,6747.0,6855.5947
新北投,2026-01-18,6607.0,6261.3164
新北投,2026-01-19,5286.0,5892.889
新北投,2026-01-20,6776.0,6071.596
新北投,2026-01-21,6340.0,6424.646
新北投,2026-01-22,6880.0,6347.855
新北投,2026-01-23,7173.0,7315.863
新北投,2026-01-24,6600.0,6869.624
新北投,2026-01-25,6642.0,6112.451
新北投,2026-01-26,5781.0,5978.6914
新北投,2026-01-27,6474.0,6333.1675
新北投,2026-01-28,6120.0,6480.045
新北投,2026-01-29,6578.0,6356.3823
新北投,2026-01-30,6924.0,7191.7495
新北投,2026-01-31,6206.0,6631.2085
新北投,2026-02-01,5666.0,5939.0103
新北投,2026-02-02,5069.0,5750.1235
新北投,2026-02-03,6254.0,6009.0405
新北投,2026-02-04,6118.0,6278.307
新北投,2026-02-05,6110.0,6358.713
新北投,2026-02-06,6653.0,6848.529
新北投,2026-02-07,6103.0,6157.3867
新北投,2026-02-08,5956.0,5801.949
新北投,2026-02-09,4702.0,5641.2954
新北投,2026-02-10,5312.0,5795.4546
新北投,2026-02-11,4831.0,5632.4556
新北投,2026-02-12,5338.0,5522.6504
新北投,2026-02-13,5130.0,6242.1816
新北投,2026-02-14,5398.0,4891.2085
新北投,2026-02-15,4532.0,5145.26
新北投,2026-02-16,3112.0,3928.7202
新北投,2026-02-17,5929.0,3174.5002
新北投,2026-02-18,7584.0,6145.288
新北投,2026-02-19,8742.0,8124.574
新北投,2026-02-20,8649.0,8215.055
新北投,2026-02-21,8129.0,6520.704
新北投,2026-02-22,6188.0,6225.7456
新北投,2026-02-23,5265.0,4960.7993
新北投,2026-02-24,5913.0,6024.95
新北投,2026-02-25,5669.0,6190.1787
新北投,2026-02-26,6496.0,5749.3438
新北投,2026-02-27,6615.0,6183.206
新北投,2026-02-28,7053.0,6988.4863
新北投,2026-03-01,5378.0,5812.0977
新北投,2026-03-02,5095.0,5315.625
新北投,2026-03-03,5600.0,5770.021
新北投,2026-03-04,5689.0,5861.213
新北投,2026-03-05,6188.0,5734.7915
新北投,2026-03-06,6795.0,6615.439
新北投,2026-03-07,7675.0,7406.349
新北投,2026-03-08,6213.0,6127.4463
新北投,2026-03-09,5377.0,5310.2676
新北投,2026-03-10,6383.0,5704.44
新北投,2026-03-11,6472.0,6226.5767
新北投,2026-03-12,6548.0,6347.128
新北投,2026-03-13,7357.0,7133.9116
新北投,2026-03-14,7090.0,7971.2686
新北投,2026-03-15,6484.0,6088.861
新北投,2026-03-16,5414.0,5607.592
新北投,2026-03-17,6465.0,6025.8667
新北投,2026-03-18,6250.0,6269.19
新北投,2026-03-19,6444.0,6238.021
新北投,2026-03-20,7131.0,6978.169
新北投,2026-03-21,7027.0,7064.469
新北投,2026-03-22,6488.0,6310.843
新北投,2026-03-23,5384.0,5619.321
新北投,2026-03-24,5919.0,6050.0103
新北投,2026-03-25,5856.0,6027.593
新北投,2026-03-26,6035.0,6085.739
新北投,2026-03-27,6332.0,6745.591
新北投,2026-03-28,6149.0,6218.944
新北投,2026-03-29,5300.0,5823.4375
新北投,2026-03-30,5200.0,5438.8433
新北投,2026-03-31,6009.0,5895.4785
新北投,2026-04-01,5435.0,5953.647
新北投,2026-04-02,6213.0,5782.091
新北投,2026-04-03,5542.0,6217.5537
新北投,2026-04-04,5745.0,5829.74
新北投,2026-04-05,6063.0,5428.5933
新北投,2026-04-06,4228.0,5348.748
新北投,2026-04-07,5621.0,5520.7197
新北投,2026-04-08,5762.0,5612.404
新北投,2026-04-09,6049.0,5900.5903
新北投,2026-04-10,6350.0,6629.373
新北投,2026-04-11,6203.0,5872.477
新北投,2026-04-12,5331.0,5652.53
新北投,2026-04-13,4971.0,5324.5483
新北投,2026-04-14,5759.0,5610.47
新北投,2026-04-15,5501.0,5766.5747
新北投,2026-04-16,6158.0,5747.8735
新北投,2026-04-17,6037.0,6708.666
新北投,2026-04-18,5988.0,5898.2856
新北投,2026-04-19,5408.0,5576.521
新北投,2026-04-20,4894.0,5244.8086
新北投,2026-04-21,5654.0,5534.1333
新北投,2026-04-22,5450.0,5552.66
新北投,2026-04-23,5757.0,5550.111
新北投,2026-04-24,6299.0,6239.1436
新北投,2026-04-25,5790.0,6126.196
新北投,2026-04-26,5936.0,5433.197
新北投,2026-04-27,4985.0,5127.382
新北投,2026-04-28,5659.0,5428.579
新北投,2026-04-29,5386.0,5421.325
新北投,2026-04-30,6260.0,5445.858
新北投,2026-05-01,6582.0,5711.4736
新北投,2026-05-02,6417.0,6444.6387
新北投,2026-05-03,5451.0,5675.5195
新北投,2026-05-04,5307.0,5058.5596
新北投,2026-05-05,5851.0,5542.903
新北投,2026-05-06,5528.0,5669.179
新北投,2026-05-07,5624.0,5612.8506
新北投,2026-05-08,5955.0,6333.37
新北投,2026-05-09,5561.0,5713.2964
新北投,2026-05-10,5099.0,5282.3555
新北投,2026-05-11,4942.0,5142.8813
新北投,2026-05-12,5667.0,5514.5425
新北投,2026-05-13,5849.0,5617.0625
新北投,2026-05-14,5539.0,5861.969
新北投,2026-05-15,6142.0,6201.8105
新北投,2026-05-16,6278.0,5879.547
新北投,2026-05-17,5398.0,5742.0903
新北投,2026-05-18,4778.0,5133.5107
新北投,2026-05-19,5449.0,5330.5186
新北投,2026-05-20,5335.0,5326.541
新北投,2026-05-21,5505.0,5371.527
新北投,2026-05-22,5908.0,6030.7715
新北投,2026-05-23,5631.0,5622.7075
新北投,2026-05-24,5146.0,5209.278
新北投,2026-05-25,4749.0,4912.1177
新北投,2026-05-26,5366.0,5250.525
新北投,2026-05-27,4999.0,5263.0884
新北投,2026-05-28,5193.0,5259.7847
新北投,2026-05-29,6149.0,5848.782
新北投,2026-05-30,5997.0,5872.0107
新北投,2026-05-31,5433.0,5476.99
新北產業園區,2026-01-01,1116.0,657.55664
新北產業園區,2026-01-02,1966.0,2195.0217
新北產業園區,2026-01-03,1322.0,1293.5322
新北產業園區,2026-01-04,1082.0,1248.5942
新北產業園區,2026-01-05,1902.0,1964.8843
新北產業園區,2026-01-06,1936.0,1912.4856
新北產業園區,2026-01-07,1979.0,1951.0011
新北產業園區,2026-01-08,1894.0,1876.7122
新北產業園區,2026-01-09,2263.0,2094.0713
新北產業園區,2026-01-10,1325.0,1452.7307
新北產業園區,2026-01-11,1362.0,1156.6289
新北產業園區,2026-01-12,1913.0,1883.8752
新北產業園區,2026-01-13,1970.0,1861.4591
新北產業園區,2026-01-14,2016.0,1938.0175
新北產業園區,2026-01-15,2056.0,1918.6152
新北產業園區,2026-01-16,2126.0,2188.6265
新北產業園區,2026-01-17,1435.0,1522.6912
新北產業園區,2026-01-18,1166.0,1209.5977
新北產業園區,2026-01-19,2094.0,1794.4119
新北產業園區,2026-01-20,2158.0,1937.0928
新北產業園區,2026-01-21,2157.0,2085.7637
新北產業園區,2026-01-22,2222.0,2064.0752
新北產業園區,2026-01-23,2322.0,2280.5508
新北產業園區,2026-01-24,1575.0,1418.051
新北產業園區,2026-01-25,1227.0,1257.9917
新北產業園區,2026-01-26,1949.0,2037.3495
新北產業園區,2026-01-27,2049.0,1966.1321
新北產業園區,2026-01-28,2288.0,2049.0542
新北產業園區,2026-01-29,2046.0,2145.23
新北產業園區,2026-01-30,2368.0,2183.5835
新北產業園區,2026-01-31,1558.0,1359.0032
新北產業園區,2026-02-01,1228.0,1222.3464
新北產業園區,2026-02-02,1934.0,1992.4667
新北產業園區,2026-02-03,2142.0,1956.4484
新北產業園區,2026-02-04,2113.0,2049.7988
新北產業園區,2026-02-05,2009.0,2066.2874
新北產業園區,2026-02-06,2301.0,2184.8618
新北產業園區,2026-02-07,1621.0,1304.1675
新北產業園區,2026-02-08,1116.0,1232.8103
新北產業園區,2026-02-09,2070.0,1945.9272
新北產業園區,2026-02-10,2100.0,1993.2051
新北產業園區,2026-02-11,2154.0,2037.7155
新北產業園區,2026-02-12,2034.0,2083.477
新北產業園區,2026-02-13,2020.0,2204.5925
新北產業園區,2026-02-14,960.0,1207.6836
新北產業園區,2026-02-15,791.0,986.39636
新北產業園區,2026-02-16,816.0,693.146
新北產業園區,2026-02-17,857.0,722.3512
新北產業園區,2026-02-18,996.0,1183.021
新北產業園區,2026-02-19,1019.0,1083.1312
新北產業園區,2026-02-20,1141.0,947.93774
新北產業園區,2026-02-21,1261.0,1229.7722
新北產業園區,2026-02-22,1061.0,1017.0509
新北產業園區,2026-02-23,1886.0,1699.3792
新北產業園區,2026-02-24,2012.0,1996.5851
新北產業園區,2026-02-25,2042.0,1971.8541
新北產業園區,2026-02-26,2164.0,1917.9418
新北產業園區,2026-02-27,1358.0,1159.6042
新北產業園區,2026-02-28,1440.0,1642.2866
新北產業園區,2026-03-01,1024.0,1454.7083
新北產業園區,2026-03-02,1916.0,1872.5354
新北產業園區,2026-03-03,1999.0,2033.7756
新北產業園區,2026-03-04,2051.0,2060.6743
新北產業園區,2026-03-05,2058.0,2011.9065
新北產業園區,2026-03-06,2176.0,2218.668
新北產業園區,2026-03-07,1592.0,1960.9598
新北產業園區,2026-03-08,1294.0,1344.7488
新北產業園區,2026-03-09,1991.0,1931.6276
新北產業園區,2026-03-10,2219.0,1907.5709
新北產業園區,2026-03-11,2200.0,2135.1475
新北產業園區,2026-03-12,2076.0,2101.257
新北產業園區,2026-03-13,2129.0,2288.8098
新北產業園區,2026-03-14,1529.0,1931.9113
新北產業園區,2026-03-15,1206.0,1256.7437
新北產業園區,2026-03-16,1925.0,1872.5735
新北產業園區,2026-03-17,2117.0,1833.716
新北產業園區,2026-03-18,2052.0,2009.4579
新北產業園區,2026-03-19,2048.0,2014.8356
新北產業園區,2026-03-20,2231.0,2223.0574
新北產業園區,2026-03-21,1587.0,1356.6016
新北產業園區,2026-03-22,1206.0,1225.3611
新北產業園區,2026-03-23,1946.0,1896.9252
新北產業園區,2026-03-24,2044.0,1941.4795
新北產業園區,2026-03-25,2043.0,1968.5535
新北產業園區,2026-03-26,2044.0,2039.8584
新北產業園區,2026-03-27,2159.0,2198.684
新北產業園區,2026-03-28,1391.0,1253.1245
新北產業園區,2026-03-29,1002.0,1143.5242
新北產業園區,2026-03-30,1989.0,1860.5294
新北產業園區,2026-03-31,2023.0,1937.3434
新北產業園區,2026-04-01,2095.0,1928.8478
新北產業園區,2026-04-02,2122.0,2059.8904
新北產業園區,2026-04-03,1137.0,1182.6665
新北產業園區,2026-04-04,1212.0,1117.4927
新北產業園區,2026-04-05,1002.0,1119.9736
新北產業園區,2026-04-06,1000.0,1121.835
新北產業園區,2026-04-07,2132.0,1887.2318
新北產業園區,2026-04-08,2090.0,1905.2651
新北產業園區,2026-04-09,2099.0,2092.0864
新北產業園區,2026-04-10,2149.0,2329.4448
新北產業園區,2026-04-11,1341.0,1274.9626
新北產業園區,2026-04-12,1114.0,1173.0908
新北產業園區,2026-04-13,2130.0,2013.4525
新北產業園區,2026-04-14,2035.0,2074.8992
新北產業園區,2026-04-15,2051.0,1984.0718
新北產業園區,2026-04-16,2001.0,2019.9446
新北產業園區,2026-04-17,2150.0,2165.1914
新北產業園區,2026-04-18,1372.0,1316.0416
新北產業園區,2026-04-19,1244.0,1150.2765
新北產業園區,2026-04-20,1990.0,1888.739
新北產業園區,2026-04-21,2041.0,1952.6963
新北產業園區,2026-04-22,2034.0,1909.1185
新北產業園區,2026-04-23,2078.0,1965.4146
新北產業園區,2026-04-24,2253.0,2136.1218
新北產業園區,2026-04-25,1336.0,1353.6405
新北產業園區,2026-04-26,1173.0,1157.5347
新北產業園區,2026-04-27,1900.0,1859.5907
新北產業園區,2026-04-28,2093.0,1939.0084
新北產業園區,2026-04-29,2028.0,1913.7533
新北產業園區,2026-04-30,2272.0,2010.1139
新北產業園區,2026-05-01,1244.0,1128.1216
新北產業園區,2026-05-02,1258.0,1155.2188
新北產業園區,2026-05-03,1004.0,1108.1821
新北產業園區,2026-05-04,2017.0,1820.221
新北產業園區,2026-05-05,2170.0,1966.7415
新北產業園區,2026-05-06,2088.0,1986.7195
新北產業園區,2026-05-07,2143.0,2068.5576
新北產業園區,2026-05-08,2119.0,2254.1074
新北產業園區,2026-05-09,1205.0,1308.9536
新北產業園區,2026-05-10,1021.0,1115.0637
新北產業園區,2026-05-11,1944.0,1927.3351
新北產業園區,2026-05-12,2151.0,1933.9463
新北產業園區,2026-05-13,2107.0,1995.1716
新北產業園區,2026-05-14,2002.0,2039.8579
新北產業園區,2026-05-15,2269.0,2127.1187
新北產業園區,2026-05-16,1748.0,1350.5725
新北產業園區,2026-05-17,1355.0,1270.9233
新北產業園區,2026-05-18,1929.0,1897.3539
新北產業園區,2026-05-19,2027.0,1967.2603
新北產業園區,2026-05-20,2023.0,1941.6001
新北產業園區,2026-05-21,2024.0,2004.3535
新北產業園區,2026-05-22,2100.0,2189.4849
新北產業園區,2026-05-23,1451.0,1340.1228
新北產業園區,2026-05-24,1179.0,1127.6968
新北產業園區,2026-05-25,1934.0,1817.7004
新北產業園區,2026-05-26,2027.0,1924.2461
新北產業園區,2026-05-27,2029.0,1920.444
新北產業園區,2026-05-28,2092.0,2020.6401
新北產業園區,2026-05-29,2286.0,2179.1384
新北產業園區,2026-05-30,1521.0,1322.5232
新北產業園區,2026-05-31,1287.0,1191.7439
新埔,2026-01-01,23748.0,26789.672
新埔,2026-01-02,40307.0,43395.805
新埔,2026-01-03,30597.0,31184.748
新埔,2026-01-04,24495.0,25807.242
新埔,2026-01-05,40162.0,40751.277
新埔,2026-01-06,41124.0,41125.098
新埔,2026-01-07,41354.0,41585.91
新埔,2026-01-08,41209.0,41530.766
新埔,2026-01-09,43832.0,44048.957
新埔,2026-01-10,33427.0,33647.78
新埔,2026-01-11,26282.0,26425.137
新埔,2026-01-12,37903.0,39840.465
新埔,2026-01-13,39939.0,39888.695
新埔,2026-01-14,40202.0,40778.703
新埔,2026-01-15,39716.0,40723.18
新埔,2026-01-16,41992.0,42515.098
新埔,2026-01-17,32651.0,32615.402
新埔,2026-01-18,26192.0,26341.805
新埔,2026-01-19,37744.0,38659.996
新埔,2026-01-20,39951.0,38907.97
新埔,2026-01-21,38873.0,39159.74
新埔,2026-01-22,39180.0,38701.87
新埔,2026-01-23,42019.0,41150.695
新埔,2026-01-24,33082.0,30898.102
新埔,2026-01-25,27052.0,25877.59
新埔,2026-01-26,38067.0,38473.43
新埔,2026-01-27,39162.0,38825.88
新埔,2026-01-28,39185.0,38871.805
新埔,2026-01-29,40168.0,38800.55
新埔,2026-01-30,41992.0,42036.402
新埔,2026-01-31,33306.0,31725.19
新埔,2026-02-01,26301.0,26173.662
新埔,2026-02-02,37606.0,38087.875
新埔,2026-02-03,39788.0,38664.156
新埔,2026-02-04,40424.0,39503.72
新埔,2026-02-05,40544.0,39823.457
新埔,2026-02-06,42724.0,42854.574
新埔,2026-02-07,33987.0,32145.508
新埔,2026-02-08,27788.0,26644.32
新埔,2026-02-09,38840.0,38415.562
新埔,2026-02-10,40812.0,39442.746
新埔,2026-02-11,40194.0,40152.445
新埔,2026-02-12,40700.0,39968.43
新埔,2026-02-13,40898.0,43218.832
新埔,2026-02-14,28049.0,31281.84
新埔,2026-02-15,21556.0,23792.664
新埔,2026-02-16,14035.0,13359.707
新埔,2026-02-17,19867.0,11167.238
新埔,2026-02-18,20079.0,24044.8
新埔,2026-02-19,21433.0,22798.133
新埔,2026-02-20,22988.0,23071.695
新埔,2026-02-21,25810.0,24861.715
新埔,2026-02-22,23283.0,21810.762
新埔,2026-02-23,37278.0,33865.965
新埔,2026-02-24,39018.0,38954.605
新埔,2026-02-25,40288.0,39499.66
新埔,2026-02-26,41319.0,39875.586
新埔,2026-02-27,31051.0,30615.645
新埔,2026-02-28,30302.0,31158.973
新埔,2026-03-01,24645.0,27344.67
新埔,2026-03-02,40400.0,37397.207
新埔,2026-03-03,40569.0,40471.45
新埔,2026-03-04,41135.0,39613.965
新埔,2026-03-05,41795.0,39953.93
新埔,2026-03-06,43489.0,43161.72
新埔,2026-03-07,33706.0,35239.477
新埔,2026-03-08,26436.0,26473.51
新埔,2026-03-09,39976.0,39319.586
新埔,2026-03-10,41338.0,40595.414
新埔,2026-03-11,42543.0,40683.293
新埔,2026-03-12,41988.0,40867.48
新埔,2026-03-13,44108.0,44048.246
新埔,2026-03-14,35315.0,35817.56
新埔,2026-03-15,27813.0,27577.473
新埔,2026-03-16,39900.0,38380.54
新埔,2026-03-17,41452.0,40199.074
新埔,2026-03-18,42002.0,40123.68
新埔,2026-03-19,41151.0,40696.457
新埔,2026-03-20,44223.0,43675.555
新埔,2026-03-21,33845.0,32904.645
新埔,2026-03-22,27716.0,26752.992
新埔,2026-03-23,39904.0,39881.855
新埔,2026-03-24,41289.0,41045.61
新埔,2026-03-25,41710.0,40847.21
新埔,2026-03-26,41139.0,40813.97
新埔,2026-03-27,42777.0,43740.4
新埔,2026-03-28,32742.0,32279.44
新埔,2026-03-29,25634.0,26198.398
新埔,2026-03-30,39698.0,39578.094
新埔,2026-03-31,38990.0,40914.07
新埔,2026-04-01,38845.0,40168.69
新埔,2026-04-02,40412.0,39959.33
新埔,2026-04-03,27803.0,28279.844
新埔,2026-04-04,24703.0,27728.521
新埔,2026-04-05,23684.0,22475.602
新埔,2026-04-06,22497.0,23814.926
新埔,2026-04-07,39927.0,38504.21
新埔,2026-04-08,41069.0,39402.39
新埔,2026-04-09,41226.0,40656.645
新埔,2026-04-10,43702.0,43901.17
新埔,2026-04-11,33399.0,33771.29
新埔,2026-04-12,27224.0,26756.344
新埔,2026-04-13,39585.0,38708.395
新埔,2026-04-14,40900.0,39907.113
新埔,2026-04-15,41480.0,40416.22
新埔,2026-04-16,40919.0,40624.383
新埔,2026-04-17,42941.0,43673.258
新埔,2026-04-18,32448.0,33864.89
新埔,2026-04-19,26624.0,26180.695
新埔,2026-04-20,39871.0,39104.555
新埔,2026-04-21,41175.0,40590.5
新埔,2026-04-22,41409.0,40777.19
新埔,2026-04-23,40743.0,40601.15
新埔,2026-04-24,42899.0,43039.11
新埔,2026-04-25,33480.0,32569.28
新埔,2026-04-26,28294.0,26541.102
新埔,2026-04-27,40088.0,38784.547
新埔,2026-04-28,41579.0,40345.387
新埔,2026-04-29,41762.0,39756.492
新埔,2026-04-30,43470.0,39887.992
新埔,2026-05-01,30829.0,27759.29
新埔,2026-05-02,29909.0,29162.74
新埔,2026-05-03,25415.0,24177.074
新埔,2026-05-04,40008.0,38731.574
新埔,2026-05-05,41030.0,40678.105
新埔,2026-05-06,42331.0,40844.613
新埔,2026-05-07,41490.0,41293.92
新埔,2026-05-08,43688.0,44229.484
新埔,2026-05-09,33117.0,32800.59
新埔,2026-05-10,25607.0,26576.3
新埔,2026-05-11,39741.0,39833.555
新埔,2026-05-12,40793.0,40769.195
新埔,2026-05-13,40608.0,41321.906
新埔,2026-05-14,40306.0,40978.285
新埔,2026-05-15,43749.0,43422.336
新埔,2026-05-16,34150.0,33212.836
新埔,2026-05-17,28429.0,26538.488
新埔,2026-05-18,39668.0,39174.9
新埔,2026-05-19,40938.0,40346.92
新埔,2026-05-20,41753.0,40189.18
新埔,2026-05-21,41005.0,40126.418
新埔,2026-05-22,42943.0,42825.625
新埔,2026-05-23,34176.0,32329.295
新埔,2026-05-24,27164.0,26321.91
新埔,2026-05-25,39475.0,39337.38
新埔,2026-05-26,41036.0,40502.824
新埔,2026-05-27,40877.0,39895.848
新埔,2026-05-28,40610.0,39758.67
新埔,2026-05-29,42542.0,42899.49
新埔,2026-05-30,33503.0,31784.8
新埔,2026-05-31,27082.0,26280.625
新埔民生,2026-01-01,486.0,449.82056
新埔民生,2026-01-02,801.0,814.8348
新埔民生,2026-01-03,596.0,654.26025
新埔民生,2026-01-04,479.0,485.20978
新埔民生,2026-01-05,687.0,711.9162
新埔民生,2026-01-06,718.0,710.30066
新埔民生,2026-01-07,734.0,734.7415
新埔民生,2026-01-08,719.0,677.6743
新埔民生,2026-01-09,751.0,741.4396
新埔民生,2026-01-10,624.0,665.2992
新埔民生,2026-01-11,552.0,452.1178
新埔民生,2026-01-12,648.0,654.03955
新埔民生,2026-01-13,680.0,645.07904
新埔民生,2026-01-14,725.0,672.86127
新埔民生,2026-01-15,705.0,676.81067
新埔民生,2026-01-16,764.0,717.68805
新埔民生,2026-01-17,653.0,709.26117
新埔民生,2026-01-18,535.0,491.9016
新埔民生,2026-01-19,602.0,621.1128
新埔民生,2026-01-20,680.0,621.6362
新埔民生,2026-01-21,609.0,652.57587
新埔民生,2026-01-22,636.0,599.15515
新埔民生,2026-01-23,663.0,664.4428
新埔民生,2026-01-24,647.0,579.32074
新埔民生,2026-01-25,554.0,461.50867
新埔民生,2026-01-26,661.0,616.8153
新埔民生,2026-01-27,646.0,610.456
新埔民生,2026-01-28,655.0,638.28815
新埔民生,2026-01-29,649.0,613.17773
新埔民生,2026-01-30,689.0,652.6265
新埔民生,2026-01-31,635.0,574.9946
新埔民生,2026-02-01,437.0,465.77502
新埔民生,2026-02-02,626.0,609.21387
新埔民生,2026-02-03,645.0,600.2583
新埔民生,2026-02-04,660.0,622.64844
新埔民生,2026-02-05,624.0,613.75085
新埔民生,2026-02-06,758.0,645.05206
新埔民生,2026-02-07,651.0,609.18115
新埔民生,2026-02-08,531.0,469.86752
新埔民生,2026-02-09,638.0,627.80493
新埔民生,2026-02-10,716.0,618.00305
新埔民生,2026-02-11,633.0,662.86755
新埔民生,2026-02-12,689.0,609.35706
新埔民生,2026-02-13,722.0,678.9223
新埔民生,2026-02-14,519.0,591.53674
新埔民生,2026-02-15,399.0,406.4481
新埔民生,2026-02-16,306.0,313.02774
新埔民生,2026-02-17,318.0,294.67575
新埔民生,2026-02-18,382.0,452.28583
新埔民生,2026-02-19,433.0,459.65192
新埔民生,2026-02-20,526.0,333.30234
新埔民生,2026-02-21,667.0,504.06882
新埔民生,2026-02-22,606.0,392.65988
新埔民生,2026-02-23,679.0,563.0085
新埔民生,2026-02-24,705.0,670.8635
新埔民生,2026-02-25,793.0,669.4331
新埔民生,2026-02-26,861.0,707.43713
新埔民生,2026-02-27,781.0,531.5547
新埔民生,2026-02-28,877.0,827.1424
新埔民生,2026-03-01,671.0,613.6831
新埔民生,2026-03-02,822.0,738.7879
新埔民生,2026-03-03,834.0,820.99866
新埔民生,2026-03-04,810.0,864.23004
新埔民生,2026-03-05,848.0,745.66656
新埔民生,2026-03-06,918.0,880.79083
新埔民生,2026-03-07,905.0,1130.7885
新埔民生,2026-03-08,760.0,613.0909
新埔民生,2026-03-09,797.0,761.04004
新埔民生,2026-03-10,785.0,762.57043
新埔民生,2026-03-11,741.0,801.11304
新埔民生,2026-03-12,837.0,731.70984
新埔民生,2026-03-13,839.0,883.4423
新埔民生,2026-03-14,721.0,1037.4307
新埔民生,2026-03-15,560.0,520.8619
新埔民生,2026-03-16,806.0,682.2801
新埔民生,2026-03-17,814.0,741.511
新埔民生,2026-03-18,815.0,787.77966
新埔民生,2026-03-19,819.0,779.59546
新埔民生,2026-03-20,848.0,817.4047
新埔民生,2026-03-21,769.0,718.207
新埔民生,2026-03-22,592.0,547.796
新埔民生,2026-03-23,789.0,708.127
新埔民生,2026-03-24,798.0,755.299
新埔民生,2026-03-25,821.0,750.2979
新埔民生,2026-03-26,826.0,773.0496
新埔民生,2026-03-27,814.0,817.58
新埔民生,2026-03-28,731.0,662.5022
新埔民生,2026-03-29,540.0,518.7937
新埔民生,2026-03-30,738.0,704.33234
新埔民生,2026-03-31,721.0,727.2634
新埔民生,2026-04-01,748.0,705.20184
新埔民生,2026-04-02,674.0,718.73126
新埔民生,2026-04-03,598.0,526.17645
新埔民生,2026-04-04,469.0,542.79474
新埔民生,2026-04-05,443.0,388.7032
新埔民生,2026-04-06,438.0,418.70975
新埔民生,2026-04-07,701.0,676.5781
新埔民生,2026-04-08,811.0,634.8652
新埔民生,2026-04-09,780.0,770.7806
新埔民生,2026-04-10,817.0,832.3678
新埔民生,2026-04-11,699.0,645.4938
新埔民生,2026-04-12,545.0,453.81213
新埔民生,2026-04-13,818.0,734.9734
新埔民生,2026-04-14,779.0,777.47473
新埔民生,2026-04-15,850.0,756.37866
新埔民生,2026-04-16,825.0,794.22
新埔民生,2026-04-17,851.0,832.239
新埔民生,2026-04-18,705.0,696.1258
新埔民生,2026-04-19,542.0,496.21365
新埔民生,2026-04-20,810.0,712.1417
新埔民生,2026-04-21,787.0,768.20557
新埔民生,2026-04-22,779.0,747.7948
新埔民生,2026-04-23,783.0,738.63855
新埔民生,2026-04-24,863.0,784.63934
新埔民生,2026-04-25,690.0,694.41565
新埔民生,2026-04-26,629.0,496.88718
新埔民生,2026-04-27,798.0,697.5478
新埔民生,2026-04-28,798.0,755.76776
新埔民生,2026-04-29,841.0,730.8207
新埔民生,2026-04-30,859.0,774.5686
新埔民生,2026-05-01,661.0,548.80804
新埔民生,2026-05-02,592.0,565.96265
新埔民生,2026-05-03,504.0,423.01123
新埔民生,2026-05-04,819.0,675.1454
新埔民生,2026-05-05,875.0,764.8669
新埔民生,2026-05-06,855.0,789.576
新埔民生,2026-05-07,786.0,822.60693
新埔民生,2026-05-08,847.0,823.08093
新埔民生,2026-05-09,669.0,667.6614
新埔民生,2026-05-10,509.0,451.37643
新埔民生,2026-05-11,812.0,730.3889
新埔民生,2026-05-12,801.0,761.4469
新埔民生,2026-05-13,806.0,763.582
新埔民生,2026-05-14,754.0,754.4458
新埔民生,2026-05-15,834.0,765.2973
新埔民生,2026-05-16,738.0,657.89355
新埔民生,2026-05-17,623.0,499.34647
新埔民生,2026-05-18,762.0,699.60803
新埔民生,2026-05-19,843.0,736.02527
新埔民生,2026-05-20,826.0,749.9771
新埔民生,2026-05-21,817.0,757.8593
新埔民生,2026-05-22,852.0,803.4335
新埔民生,2026-05-23,704.0,689.4562
新埔民生,2026-05-24,503.0,477.56448
新埔民生,2026-05-25,764.0,694.7295
新埔民生,2026-05-26,785.0,732.47906
新埔民生,2026-05-27,769.0,725.1107
新埔民生,2026-05-28,834.0,734.1621
新埔民生,2026-05-29,873.0,799.37415
新埔民生,2026-05-30,738.0,651.88275
新埔民生,2026-05-31,526.0,486.35712
新店,2026-01-01,8006.0,10249.16
新店,2026-01-02,12549.0,13170.941
新店,2026-01-03,10892.0,10807.762
新店,2026-01-04,10811.0,10072.833
新店,2026-01-05,12483.0,12891.793
新店,2026-01-06,12230.0,12818.774
新店,2026-01-07,12423.0,12665.984
新店,2026-01-08,12579.0,12545.029
新店,2026-01-09,13591.0,13227.369
新店,2026-01-10,11497.0,11504.099
新店,2026-01-11,9718.0,10139.85
新店,2026-01-12,12120.0,12267.794
新店,2026-01-13,13038.0,12507.091
新店,2026-01-14,12879.0,12890.91
新店,2026-01-15,13045.0,12846.103
新店,2026-01-16,13424.0,13447.534
新店,2026-01-17,11634.0,11401.678
新店,2026-01-18,10649.0,10326.896
新店,2026-01-19,12215.0,12290.516
新店,2026-01-20,12590.0,12430.024
新店,2026-01-21,12025.0,12472.309
新店,2026-01-22,11985.0,12165.257
新店,2026-01-23,13333.0,12858.659
新店,2026-01-24,10324.0,10900.813
新店,2026-01-25,10884.0,9188.18
新店,2026-01-26,12466.0,12164.27
新店,2026-01-27,12248.0,12597.761
新店,2026-01-28,12470.0,12456.154
新店,2026-01-29,12987.0,12503.578
新店,2026-01-30,13535.0,13478.784
新店,2026-01-31,10574.0,11530.2295
新店,2026-02-01,8450.0,9793.06
新店,2026-02-02,11508.0,11891.495
新店,2026-02-03,12777.0,12154.986
新店,2026-02-04,13289.0,12689.37
新店,2026-02-05,13305.0,12979.593
新店,2026-02-06,13379.0,13771.63
新店,2026-02-07,10339.0,11058.159
新店,2026-02-08,9073.0,9568.149
新店,2026-02-09,12114.0,12122.884
新店,2026-02-10,12681.0,12499.28
新店,2026-02-11,12432.0,12774.991
新店,2026-02-12,12721.0,12553.586
新店,2026-02-13,12399.0,13369.607
新店,2026-02-14,9569.0,10506.084
新店,2026-02-15,8299.0,9181.4
新店,2026-02-16,6093.0,6598.0894
新店,2026-02-17,8244.0,5863.117
新店,2026-02-18,9513.0,9357.246
新店,2026-02-19,11677.0,9859.901
新店,2026-02-20,10903.0,11526.38
新店,2026-02-21,12222.0,10548.108
新店,2026-02-22,10584.0,10504.044
新店,2026-02-23,12206.0,11361.077
新店,2026-02-24,12513.0,12856.435
新店,2026-02-25,12795.0,12758.944
新店,2026-02-26,13549.0,12654.398
新店,2026-02-27,10239.0,11681.436
新店,2026-02-28,11031.0,10550.2705
新店,2026-03-01,9348.0,10642.36
新店,2026-03-02,12388.0,11997.124
新店,2026-03-03,12067.0,12832.157
新店,2026-03-04,12349.0,12451.305
新店,2026-03-05,12868.0,12448.518
新店,2026-03-06,13455.0,13360.677
新店,2026-03-07,11540.0,12679.649
新店,2026-03-08,9947.0,10525.836
新店,2026-03-09,12254.0,11987.214
新店,2026-03-10,12206.0,12542.938
新店,2026-03-11,13221.0,12472.833
新店,2026-03-12,13176.0,12715.192
新店,2026-03-13,13955.0,13653.543
新店,2026-03-14,12365.0,12878.783
新店,2026-03-15,11260.0,10754.138
新店,2026-03-16,12611.0,11835.172
新店,2026-03-17,13446.0,12655.086
新店,2026-03-18,13301.0,12581.885
新店,2026-03-19,12996.0,12736.012
新店,2026-03-20,13758.0,13748.603
新店,2026-03-21,11872.0,12023.763
新店,2026-03-22,13295.0,10443.407
新店,2026-03-23,12747.0,12223.33
新店,2026-03-24,13092.0,13038.214
新店,2026-03-25,13179.0,13010.116
新店,2026-03-26,13287.0,13105.089
新店,2026-03-27,13069.0,14178.038
新店,2026-03-28,11409.0,11646.959
新店,2026-03-29,10343.0,10442.964
新店,2026-03-30,12624.0,12363.153
新店,2026-03-31,12938.0,12926.07
新店,2026-04-01,12475.0,12964.466
新店,2026-04-02,13711.0,12757.062
新店,2026-04-03,9959.0,12074.602
新店,2026-04-04,8592.0,10303.57
新店,2026-04-05,10195.0,9034.87
新店,2026-04-06,8643.0,10143.517
新店,2026-04-07,12074.0,12366.802
新店,2026-04-08,12456.0,12419.371
新店,2026-04-09,13432.0,12570.049
新店,2026-04-10,14252.0,13958.596
新店,2026-04-11,12608.0,12436.035
新店,2026-04-12,11268.0,11153.755
新店,2026-04-13,12639.0,12415.719
新店,2026-04-14,12996.0,12808.123
新店,2026-04-15,12849.0,12959.67
新店,2026-04-16,13055.0,12887.023
新店,2026-04-17,14213.0,13911.244
新店,2026-04-18,11855.0,13008.115
新店,2026-04-19,11789.0,10743.824
新店,2026-04-20,12698.0,12391.974
新店,2026-04-21,13022.0,13037.216
新店,2026-04-22,13311.0,12859.164
新店,2026-04-23,12693.0,12829.355
新店,2026-04-24,13177.0,13621.591
新店,2026-04-25,11467.0,11845.411
新店,2026-04-26,12117.0,10582.026
新店,2026-04-27,13023.0,12181.154
新店,2026-04-28,13529.0,13051.176
新店,2026-04-29,12957.0,12683.919
新店,2026-04-30,13152.0,12646.352
新店,2026-05-01,14719.0,10799.274
新店,2026-05-02,14962.0,13371.925
新店,2026-05-03,11268.0,12147.679
新店,2026-05-04,12047.0,12003.727
新店,2026-05-05,12368.0,12654.892
新店,2026-05-06,13695.0,12617.065
新店,2026-05-07,13510.0,13053.989
新店,2026-05-08,13670.0,14194.887
新店,2026-05-09,11475.0,12318.8545
新店,2026-05-10,11189.0,10345.17
新店,2026-05-11,12825.0,12563.787
新店,2026-05-12,13162.0,13113.931
新店,2026-05-13,12638.0,13109.7295
新店,2026-05-14,12272.0,12915.286
新店,2026-05-15,14210.0,13463.847
新店,2026-05-16,14175.0,12360.823
新店,2026-05-17,12912.0,11963.711
新店,2026-05-18,12933.0,12422.264
新店,2026-05-19,13055.0,12938.47
新店,2026-05-20,13414.0,12846.67
新店,2026-05-21,13097.0,12918.18
新店,2026-05-22,13954.0,13871.533
新店,2026-05-23,14146.0,12646.63
新店,2026-05-24,11854.0,11824.154
新店,2026-05-25,12650.0,12278.842
新店,2026-05-26,13000.0,12975.021
新店,2026-05-27,12960.0,12859.968
新店,2026-05-28,12848.0,12771.676
新店,2026-05-29,13419.0,13786.364
新店,2026-05-30,13545.0,12296.407
新店,2026-05-31,11458.0,11653.551
新店區公所,2026-01-01,7030.0,8427.729
新店區公所,2026-01-02,12491.0,13305.432
新店區公所,2026-01-03,9004.0,9424.397
新店區公所,2026-01-04,7767.0,7956.691
新店區公所,2026-01-05,12312.0,12703.599
新店區公所,2026-01-06,12439.0,12863.523
新店區公所,2026-01-07,12733.0,12788.832
新店區公所,2026-01-08,12773.0,12856.668
新店區公所,2026-01-09,13350.0,13487.746
新店區公所,2026-01-10,9969.0,9953.643
新店區公所,2026-01-11,7957.0,8121.3145
新店區公所,2026-01-12,12317.0,12077.946
新店區公所,2026-01-13,12532.0,12613.576
新店區公所,2026-01-14,12751.0,12600.064
新店區公所,2026-01-15,12688.0,12688.579
新店區公所,2026-01-16,13367.0,13170.461
新店區公所,2026-01-17,10377.0,9879.722
新店區公所,2026-01-18,8249.0,8309.178
新店區公所,2026-01-19,12360.0,12054.154
新店區公所,2026-01-20,13126.0,12628.702
新店區公所,2026-01-21,12463.0,12736.398
新店區公所,2026-01-22,12410.0,12497.214
新店區公所,2026-01-23,13585.0,13087.384
新店區公所,2026-01-24,9713.0,9542.792
新店區公所,2026-01-25,8492.0,7839.102
新店區公所,2026-01-26,12379.0,12252.579
新店區公所,2026-01-27,12445.0,12762.627
新店區公所,2026-01-28,12610.0,12511.143
新店區公所,2026-01-29,12833.0,12584.514
新店區公所,2026-01-30,13877.0,13327.879
新店區公所,2026-01-31,9855.0,10019.013
新店區公所,2026-02-01,8042.0,8132.0576
新店區公所,2026-02-02,12257.0,12196.937
新店區公所,2026-02-03,12978.0,12697.675
新店區公所,2026-02-04,12912.0,12833.916
新店區公所,2026-02-05,13049.0,12847.825
新店區公所,2026-02-06,13609.0,13585.229
新店區公所,2026-02-07,10010.0,9765.907
新店區公所,2026-02-08,8081.0,8084.1523
新店區公所,2026-02-09,12469.0,12272.781
新店區公所,2026-02-10,13210.0,12854.63
新店區公所,2026-02-11,13005.0,13075.152
新店區公所,2026-02-12,12883.0,12989.224
新店區公所,2026-02-13,12888.0,13579.292
新店區公所,2026-02-14,8528.0,9438.497
新店區公所,2026-02-15,6674.0,7395.668
新店區公所,2026-02-16,4945.0,4259.3984
新店區公所,2026-02-17,5743.0,4255.6484
新店區公所,2026-02-18,6660.0,7333.4634
新店區公所,2026-02-19,7187.0,7355.382
新店區公所,2026-02-20,7279.0,7314.1694
新店區公所,2026-02-21,8375.0,7682.2847
新店區公所,2026-02-22,7733.0,7134.301
新店區公所,2026-02-23,12275.0,11131.678
新店區公所,2026-02-24,12497.0,12750.076
新店區公所,2026-02-25,13068.0,12663.006
新店區公所,2026-02-26,13465.0,12918.262
新店區公所,2026-02-27,9586.0,9557.228
新店區公所,2026-02-28,9457.0,9159.212
新店區公所,2026-03-01,7920.0,8622.031
新店區公所,2026-03-02,12408.0,12173.353
新店區公所,2026-03-03,12392.0,12664.055
新店區公所,2026-03-04,12696.0,12427.447
新店區公所,2026-03-05,13032.0,12537.019
新店區公所,2026-03-06,13728.0,13395.782
新店區公所,2026-03-07,10238.0,10465.733
新店區公所,2026-03-08,8404.0,8300.299
新店區公所,2026-03-09,12571.0,12303.431
新店區公所,2026-03-10,12654.0,12753.218
新店區公所,2026-03-11,13201.0,12634.806
新店區公所,2026-03-12,13008.0,12863.087
新店區公所,2026-03-13,13771.0,13694.758
新店區公所,2026-03-14,10627.0,10742.428
新店區公所,2026-03-15,8569.0,8572.918
新店區公所,2026-03-16,12497.0,12037.689
新店區公所,2026-03-17,12852.0,12705.929
新店區公所,2026-03-18,13089.0,12607.24
新店區公所,2026-03-19,12848.0,12712.111
新店區公所,2026-03-20,13804.0,13628.861
新店區公所,2026-03-21,10540.0,9945.533
新店區公所,2026-03-22,8626.0,8406.894
新店區公所,2026-03-23,12581.0,12350.236
新店區公所,2026-03-24,12771.0,12978.478
新店區公所,2026-03-25,12974.0,12837.54
新店區公所,2026-03-26,12994.0,12872.555
新店區公所,2026-03-27,13463.0,13739.779
新店區公所,2026-03-28,10372.0,9884.24
新店區公所,2026-03-29,8342.0,8361.906
新店區公所,2026-03-30,12422.0,12283.274
新店區公所,2026-03-31,12739.0,12886.283
新店區公所,2026-04-01,12749.0,12863.082
新店區公所,2026-04-02,13415.0,12816.955
新店區公所,2026-04-03,8826.0,9404.277
新店區公所,2026-04-04,7556.0,8579.68
新店區公所,2026-04-05,7527.0,7093.3677
新店區公所,2026-04-06,7070.0,7492.4336
新店區公所,2026-04-07,12469.0,12433.622
新店區公所,2026-04-08,12900.0,12466.523
新店區公所,2026-04-09,12936.0,12773.447
新店區公所,2026-04-10,13632.0,13664.944
新店區公所,2026-04-11,10260.0,10207.135
新店區公所,2026-04-12,8367.0,8535.742
新店區公所,2026-04-13,12328.0,12115.407
新店區公所,2026-04-14,12670.0,12591.381
新店區公所,2026-04-15,12853.0,12633.4795
新店區公所,2026-04-16,12799.0,12724.286
新店區公所,2026-04-17,13210.0,13588.979
新店區公所,2026-04-18,10746.0,10115.045
新店區公所,2026-04-19,8707.0,8489.869
新店區公所,2026-04-20,12337.0,12005.529
新店區公所,2026-04-21,12737.0,12615.028
新店區公所,2026-04-22,12768.0,12651.875
新店區公所,2026-04-23,12608.0,12648.558
新店區公所,2026-04-24,13544.0,13395.456
新店區公所,2026-04-25,10183.0,10083.156
新店區公所,2026-04-26,8855.0,8403.771
新店區公所,2026-04-27,12530.0,12045.138
新店區公所,2026-04-28,13062.0,12747.988
新店區公所,2026-04-29,13156.0,12514.093
新店區公所,2026-04-30,13636.0,12542.346
新店區公所,2026-05-01,9968.0,9004.844
新店區公所,2026-05-02,9663.0,9107.393
新店區公所,2026-05-03,7880.0,7760.048
新店區公所,2026-05-04,13124.0,11969.194
新店區公所,2026-05-05,13096.0,13163.054
新店區公所,2026-05-06,13449.0,13064.629
新店區公所,2026-05-07,13180.0,13130.669
新店區公所,2026-05-08,13855.0,13937.461
新店區公所,2026-05-09,9746.0,10030.768
新店區公所,2026-05-10,8115.0,8110.745
新店區公所,2026-05-11,12620.0,12540.729
新店區公所,2026-05-12,13012.0,13064.34
新店區公所,2026-05-13,12904.0,13156.656
新店區公所,2026-05-14,12436.0,13021.04
新店區公所,2026-05-15,13808.0,13511.318
新店區公所,2026-05-16,10337.0,10132.691
新店區公所,2026-05-17,8836.0,8369.46
新店區公所,2026-05-18,12577.0,12412.974
新店區公所,2026-05-19,12868.0,12863.242
新店區公所,2026-05-20,13005.0,12814.161
新店區公所,2026-05-21,12741.0,12790.036
新店區公所,2026-05-22,13604.0,13444.547
新店區公所,2026-05-23,10699.0,9837.968
新店區公所,2026-05-24,8658.0,8435.928
新店區公所,2026-05-25,12432.0,12390.004
新店區公所,2026-05-26,12788.0,12860.113
新店區公所,2026-05-27,13005.0,12664.186
新店區公所,2026-05-28,12864.0,12661.209
新店區公所,2026-05-29,13303.0,13501.041
新店區公所,2026-05-30,10319.0,9615.495
新店區公所,2026-05-31,8295.0,8222.211
新莊,2026-01-01,5413.0,7489.254
新莊,2026-01-02,11342.0,11652.201
新莊,2026-01-03,8307.0,8373.269
新莊,2026-01-04,6581.0,6803.493
新莊,2026-01-05,11234.0,11343.633
新莊,2026-01-06,11294.0,11560.8
新莊,2026-01-07,11446.0,11494.461
新莊,2026-01-08,11402.0,11476.091
新莊,2026-01-09,11895.0,12035.729
新莊,2026-01-10,8478.0,8809.838
新莊,2026-01-11,6731.0,6627.5244
新莊,2026-01-12,10912.0,10869.639
新莊,2026-01-13,11399.0,11234.256
新莊,2026-01-14,11509.0,11376.799
新莊,2026-01-15,11466.0,11370.196
新莊,2026-01-16,11878.0,11774.225
新莊,2026-01-17,8242.0,8725.704
新莊,2026-01-18,6546.0,6652.5654
新莊,2026-01-19,10669.0,10771.473
新莊,2026-01-20,11685.0,11202.378
新莊,2026-01-21,11166.0,11230.258
新莊,2026-01-22,11028.0,11084.89
新莊,2026-01-23,11858.0,11459.644
新莊,2026-01-24,9289.0,8144.796
新莊,2026-01-25,8014.0,6765.72
新莊,2026-01-26,10686.0,10716.437
新莊,2026-01-27,10622.0,11067.131
新莊,2026-01-28,10758.0,10759.615
新莊,2026-01-29,11217.0,10818.971
新莊,2026-01-30,11574.0,11549.064
新莊,2026-01-31,8182.0,8573.718
新莊,2026-02-01,6258.0,6450.42
新莊,2026-02-02,10093.0,10486.717
新莊,2026-02-03,10621.0,10681.516
新莊,2026-02-04,10631.0,10668.769
新莊,2026-02-05,11399.0,10738.123
新莊,2026-02-06,11918.0,11568.986
新莊,2026-02-07,9275.0,8533.396
新莊,2026-02-08,7259.0,6890.691
新莊,2026-02-09,10194.0,10432.443
新莊,2026-02-10,11484.0,10615.54
新莊,2026-02-11,11348.0,10931.949
新莊,2026-02-12,11614.0,11075.656
新莊,2026-02-13,10509.0,11903.269
新莊,2026-02-14,7083.0,7754.508
新莊,2026-02-15,5358.0,5690.7417
新莊,2026-02-16,3265.0,2732.7114
新莊,2026-02-17,4977.0,2607.6738
新莊,2026-02-18,5292.0,6336.1797
新莊,2026-02-19,5983.0,6067.76
新莊,2026-02-20,6357.0,6114.674
新莊,2026-02-21,6805.0,6604.648
新莊,2026-02-22,5980.0,5467.1206
新莊,2026-02-23,11191.0,8899.489
新莊,2026-02-24,11744.0,11608.259
新莊,2026-02-25,11732.0,11762.871
新莊,2026-02-26,13647.0,11693.126
新莊,2026-02-27,7864.0,10017.3545
新莊,2026-02-28,7953.0,7532.4688
新莊,2026-03-01,6426.0,7186.231
新莊,2026-03-02,11364.0,10579.635
新莊,2026-03-03,11486.0,11478.861
新莊,2026-03-04,12094.0,11365.748
新莊,2026-03-05,11882.0,11535.28
新莊,2026-03-06,12603.0,12056.594
新莊,2026-03-07,9548.0,9369.747
新莊,2026-03-08,7199.0,7310.032
新莊,2026-03-09,11314.0,11191.505
新莊,2026-03-10,11578.0,11583.526
新莊,2026-03-11,12128.0,11566.735
新莊,2026-03-12,12366.0,11602.209
新莊,2026-03-13,12850.0,12320.004
新莊,2026-03-14,9516.0,9842.103
新莊,2026-03-15,7005.0,7481.795
新莊,2026-03-16,11344.0,11011.905
新莊,2026-03-17,11883.0,11542.501
新莊,2026-03-18,12000.0,11405.124
新莊,2026-03-19,11868.0,11530.922
新莊,2026-03-20,12330.0,12260.027
新莊,2026-03-21,9413.0,8756.0205
新莊,2026-03-22,7762.0,7124.2974
新莊,2026-03-23,11332.0,11225.551
新莊,2026-03-24,11881.0,11691.818
新莊,2026-03-25,11975.0,11608.691
新莊,2026-03-26,11964.0,11641.855
新莊,2026-03-27,11778.0,12323.973
新莊,2026-03-28,8310.0,8655.491
新莊,2026-03-29,6349.0,6644.3516
新莊,2026-03-30,11386.0,11059.375
新莊,2026-03-31,11648.0,11715.256
新莊,2026-04-01,11797.0,11672.105
新莊,2026-04-02,11780.0,11631.972
新莊,2026-04-03,8361.0,8148.87
新莊,2026-04-04,6769.0,7555.799
新莊,2026-04-05,8246.0,5875.358
新莊,2026-04-06,7164.0,7378.0425
新莊,2026-04-07,11236.0,11421.884
新莊,2026-04-08,11815.0,11152.429
新莊,2026-04-09,11869.0,11534.182
新莊,2026-04-10,12211.0,12294.768
新莊,2026-04-11,9125.0,8803.206
新莊,2026-04-12,6776.0,7128.362
新莊,2026-04-13,11212.0,11116.241
新莊,2026-04-14,12401.0,11499.725
新莊,2026-04-15,12367.0,11867.003
新莊,2026-04-16,11661.0,11904.279
新莊,2026-04-17,13213.0,12307.332
新莊,2026-04-18,10967.0,9459.523
新莊,2026-04-19,8693.0,7628.7563
新莊,2026-04-20,11096.0,11388.398
新莊,2026-04-21,11553.0,11779.133
新莊,2026-04-22,11702.0,11680.728
新莊,2026-04-23,11412.0,11522.812
新莊,2026-04-24,12273.0,12127.922
新莊,2026-04-25,7947.0,9079.044
新莊,2026-04-26,7229.0,6546.9873
新莊,2026-04-27,11156.0,11214.176
新莊,2026-04-28,12547.0,11618.928
新莊,2026-04-29,12526.0,11776.729
新莊,2026-04-30,11601.0,11776.974
新莊,2026-05-01,7485.0,7909.9907
新莊,2026-05-02,8166.0,7033.455
新莊,2026-05-03,6741.0,6414.718
新莊,2026-05-04,11308.0,11005.036
新莊,2026-05-05,11524.0,11497.421
新莊,2026-05-06,12694.0,11462.18
新莊,2026-05-07,11918.0,11783.729
新莊,2026-05-08,13116.0,12404.709
新莊,2026-05-09,9748.0,9250.012
新莊,2026-05-10,7220.0,7427.5635
新莊,2026-05-11,11431.0,11287.432
新莊,2026-05-12,12882.0,11799.119
新莊,2026-05-13,11329.0,12140.533
新莊,2026-05-14,11114.0,11784.651
新莊,2026-05-15,13414.0,12290.245
新莊,2026-05-16,10740.0,9648.599
新莊,2026-05-17,8784.0,7645.274
新莊,2026-05-18,11218.0,11370.274
新莊,2026-05-19,11522.0,11798.886
新莊,2026-05-20,12780.0,11641.775
新莊,2026-05-21,12820.0,11653.255
新莊,2026-05-22,11911.0,12605.971
新莊,2026-05-23,10112.0,8946.552
新莊,2026-05-24,6685.0,7531.3105
新莊,2026-05-25,10814.0,11282.658
新莊,2026-05-26,11463.0,11636.639
新莊,2026-05-27,11713.0,11485.535
新莊,2026-05-28,11546.0,11428.87
新莊,2026-05-29,12597.0,12112.564
新莊,2026-05-30,8362.0,9192.326
新莊,2026-05-31,7690.0,6846.4033
昆陽,2026-01-01,7032.0,9292.321
昆陽,2026-01-02,16023.0,16989.22
昆陽,2026-01-03,9000.0,9921.73
昆陽,2026-01-04,8142.0,7920.341
昆陽,2026-01-05,16660.0,16804.12
昆陽,2026-01-06,16960.0,16977.71
昆陽,2026-01-07,16718.0,17158.615
昆陽,2026-01-08,17117.0,17046.184
昆陽,2026-01-09,17667.0,17642.398
昆陽,2026-01-10,10818.0,10956.979
昆陽,2026-01-11,8644.0,8077.652
昆陽,2026-01-12,16459.0,16193.07
昆陽,2026-01-13,16775.0,16719.193
昆陽,2026-01-14,17214.0,16886.225
昆陽,2026-01-15,17164.0,16939.625
昆陽,2026-01-16,17459.0,17330.375
昆陽,2026-01-17,11763.0,10812.778
昆陽,2026-01-18,9395.0,8715.739
昆陽,2026-01-19,16451.0,16318.84
昆陽,2026-01-20,17139.0,16750.84
昆陽,2026-01-21,16751.0,16709.2
昆陽,2026-01-22,16792.0,16503.062
昆陽,2026-01-23,17465.0,17176.422
昆陽,2026-01-24,10571.0,10612.989
昆陽,2026-01-25,8297.0,8197.84
昆陽,2026-01-26,16012.0,16374.728
昆陽,2026-01-27,16425.0,16541.748
昆陽,2026-01-28,16306.0,16468.537
昆陽,2026-01-29,17103.0,16437.07
昆陽,2026-01-30,19167.0,17223.684
昆陽,2026-01-31,13395.0,11448.623
昆陽,2026-02-01,9340.0,9733.789
昆陽,2026-02-02,16166.0,16392.096
昆陽,2026-02-03,16251.0,16545.285
昆陽,2026-02-04,17543.0,16525.906
昆陽,2026-02-05,18177.0,16913.049
昆陽,2026-02-06,18210.0,18449.143
昆陽,2026-02-07,12539.0,11431.039
昆陽,2026-02-08,9785.0,9217.799
昆陽,2026-02-09,16429.0,16487.777
昆陽,2026-02-10,16753.0,16790.115
昆陽,2026-02-11,16338.0,17025.719
昆陽,2026-02-12,16982.0,16845.512
昆陽,2026-02-13,15961.0,17894.963
昆陽,2026-02-14,7466.0,10785.504
昆陽,2026-02-15,5977.0,6770.378
昆陽,2026-02-16,4167.0,3168.833
昆陽,2026-02-17,4711.0,4474.502
昆陽,2026-02-18,5303.0,7696.257
昆陽,2026-02-19,5862.0,7093.1562
昆陽,2026-02-20,6243.0,6790.5483
昆陽,2026-02-21,7209.0,7188.3813
昆陽,2026-02-22,6896.0,5852.826
昆陽,2026-02-23,16055.0,13861.675
昆陽,2026-02-24,16396.0,16112.66
昆陽,2026-02-25,16952.0,16470.363
昆陽,2026-02-26,17625.0,16591.727
昆陽,2026-02-27,11292.0,10582.915
昆陽,2026-02-28,8528.0,9820.576
昆陽,2026-03-01,7229.0,7722.457
昆陽,2026-03-02,16408.0,15355.959
昆陽,2026-03-03,16630.0,16240.619
昆陽,2026-03-04,17022.0,16349.096
昆陽,2026-03-05,17764.0,16569.62
昆陽,2026-03-06,19769.0,17511.992
昆陽,2026-03-07,12117.0,11978.625
昆陽,2026-03-08,7733.0,8735.645
昆陽,2026-03-09,16847.0,16493.59
昆陽,2026-03-10,16883.0,17038.06
昆陽,2026-03-11,17188.0,17075.645
昆陽,2026-03-12,17351.0,17251.832
昆陽,2026-03-13,17619.0,17820.793
昆陽,2026-03-14,11538.0,11320.7
昆陽,2026-03-15,8523.0,8698.483
昆陽,2026-03-16,16382.0,16058.387
昆陽,2026-03-17,17093.0,16604.62
昆陽,2026-03-18,17252.0,16897.36
昆陽,2026-03-19,17265.0,16872.467
昆陽,2026-03-20,18060.0,17539.18
昆陽,2026-03-21,11654.0,11015.895
昆陽,2026-03-22,9693.0,8937.486
昆陽,2026-03-23,16685.0,16501.0
昆陽,2026-03-24,17352.0,16820.977
昆陽,2026-03-25,17184.0,16878.854
昆陽,2026-03-26,17261.0,16753.664
昆陽,2026-03-27,17354.0,17700.455
昆陽,2026-03-28,11419.0,10768.9375
昆陽,2026-03-29,8175.0,8618.692
昆陽,2026-03-30,17041.0,16369.404
昆陽,2026-03-31,16877.0,17051.5
昆陽,2026-04-01,17220.0,17026.771
昆陽,2026-04-02,17947.0,17040.182
昆陽,2026-04-03,8112.0,10618.94
昆陽,2026-04-04,7580.0,8387.128
昆陽,2026-04-05,8118.0,7425.2246
昆陽,2026-04-06,6506.0,8021.8813
昆陽,2026-04-07,16686.0,16129.074
昆陽,2026-04-08,17230.0,16336.752
昆陽,2026-04-09,17608.0,16819.186
昆陽,2026-04-10,18272.0,17933.863
昆陽,2026-04-11,11041.0,11226.398
昆陽,2026-04-12,7738.0,8484.527
昆陽,2026-04-13,16559.0,16110.917
昆陽,2026-04-14,17106.0,16590.207
昆陽,2026-04-15,17295.0,16900.246
昆陽,2026-04-16,17650.0,17042.018
昆陽,2026-04-17,17732.0,18086.559
昆陽,2026-04-18,11531.0,11188.459
昆陽,2026-04-19,9657.0,8265.268
昆陽,2026-04-20,16518.0,16292.546
昆陽,2026-04-21,17117.0,16787.186
昆陽,2026-04-22,17274.0,17055.834
昆陽,2026-04-23,17064.0,17090.293
昆陽,2026-04-24,18130.0,17750.96
昆陽,2026-04-25,10534.0,11273.273
昆陽,2026-04-26,9467.0,8646.442
昆陽,2026-04-27,16724.0,16425.652
昆陽,2026-04-28,17688.0,16823.96
昆陽,2026-04-29,17247.0,16870.73
昆陽,2026-04-30,18639.0,16728.268
昆陽,2026-05-01,10006.0,9946.151
昆陽,2026-05-02,10953.0,9312.457
昆陽,2026-05-03,10347.0,8485.939
昆陽,2026-05-04,17567.0,16451.83
昆陽,2026-05-05,17708.0,17091.855
昆陽,2026-05-06,17545.0,17143.484
昆陽,2026-05-07,17896.0,17034.445
昆陽,2026-05-08,18202.0,18386.516
昆陽,2026-05-09,11582.0,11346.245
昆陽,2026-05-10,7610.0,8955.283
昆陽,2026-05-11,16459.0,16654.7
昆陽,2026-05-12,17305.0,16954.95
昆陽,2026-05-13,17098.0,17372.12
昆陽,2026-05-14,17127.0,17188.348
昆陽,2026-05-15,17688.0,17841.467
昆陽,2026-05-16,12296.0,10938.959
昆陽,2026-05-17,9369.0,8971.992
昆陽,2026-05-18,16671.0,16544.37
昆陽,2026-05-19,17141.0,16870.195
昆陽,2026-05-20,17236.0,16964.715
昆陽,2026-05-21,17668.0,16799.105
昆陽,2026-05-22,18792.0,17804.713
昆陽,2026-05-23,12414.0,11237.5205
昆陽,2026-05-24,9395.0,9255.661
昆陽,2026-05-25,16511.0,16787.34
昆陽,2026-05-26,17454.0,16923.166
昆陽,2026-05-27,17226.0,17017.64
昆陽,2026-05-28,17468.0,16740.05
昆陽,2026-05-29,17435.0,17734.768
昆陽,2026-05-30,9542.0,10834.526
昆陽,2026-05-31,7760.0,7851.435
明德,2026-01-01,6887.0,8133.9883
明德,2026-01-02,13757.0,14335.703
明德,2026-01-03,9521.0,9340.667
明德,2026-01-04,7554.0,7854.3037
明德,2026-01-05,14179.0,13980.355
明德,2026-01-06,14355.0,14336.648
明德,2026-01-07,14218.0,14273.327
明德,2026-01-08,14241.0,14185.456
明德,2026-01-09,14828.0,14864.586
明德,2026-01-10,10327.0,10248.3
明德,2026-01-11,7468.0,7785.8584
明德,2026-01-12,14023.0,13549.79
明德,2026-01-13,14479.0,14184.158
明德,2026-01-14,14271.0,14351.27
明德,2026-01-15,14324.0,14121.04
明德,2026-01-16,14571.0,14759.022
明德,2026-01-17,10064.0,9992.779
明德,2026-01-18,7642.0,7657.4243
明德,2026-01-19,13391.0,13713.164
明德,2026-01-20,14235.0,13979.121
明德,2026-01-21,13957.0,14000.791
明德,2026-01-22,13796.0,13771.443
明德,2026-01-23,14713.0,14446.291
明德,2026-01-24,10278.0,9759.369
明德,2026-01-25,8116.0,7610.881
明德,2026-01-26,12942.0,13555.613
明德,2026-01-27,12951.0,13640.484
明德,2026-01-28,13265.0,13292.656
明德,2026-01-29,13181.0,13286.586
明德,2026-01-30,13596.0,13994.423
明德,2026-01-31,10007.0,9484.492
明德,2026-02-01,7542.0,7445.849
明德,2026-02-02,12493.0,12862.695
明德,2026-02-03,12973.0,12983.844
明德,2026-02-04,13132.0,13041.187
明德,2026-02-05,13139.0,13081.289
明德,2026-02-06,13431.0,13869.379
明德,2026-02-07,9956.0,9250.8125
明德,2026-02-08,7591.0,7342.3154
明德,2026-02-09,12853.0,12702.059
明德,2026-02-10,13104.0,13092.208
明德,2026-02-11,13138.0,13013.119
明德,2026-02-12,13057.0,13037.176
明德,2026-02-13,12560.0,13876.71
明德,2026-02-14,8248.0,8661.679
明德,2026-02-15,6269.0,6377.978
明德,2026-02-16,4819.0,2371.3018
明德,2026-02-17,5663.0,2442.8848
明德,2026-02-18,5884.0,6831.3
明德,2026-02-19,6266.0,6327.646
明德,2026-02-20,6868.0,6382.124
明德,2026-02-21,7405.0,7108.0586
明德,2026-02-22,7074.0,6064.1
明德,2026-02-23,14020.0,10798.23
明德,2026-02-24,14404.0,14183.324
明德,2026-02-25,14574.0,14251.846
明德,2026-02-26,15321.0,14209.808
明德,2026-02-27,9189.0,10080.756
明德,2026-02-28,8831.0,8193.458
明德,2026-03-01,7274.0,8018.358
明德,2026-03-02,14280.0,13205.535
明德,2026-03-03,14078.0,14134.775
明德,2026-03-04,14522.0,13877.031
明德,2026-03-05,14598.0,13933.521
明德,2026-03-06,15491.0,14453.913
明德,2026-03-07,10531.0,10729.904
明德,2026-03-08,7972.0,8019.3477
明德,2026-03-09,14257.0,13885.857
明德,2026-03-10,14321.0,14269.822
明德,2026-03-11,14991.0,14161.218
明德,2026-03-12,14779.0,14228.448
明德,2026-03-13,15144.0,14989.115
明德,2026-03-14,10679.0,10868.296
明德,2026-03-15,8124.0,8268.024
明德,2026-03-16,14206.0,13677.563
明德,2026-03-17,14546.0,14263.865
明德,2026-03-18,14805.0,14310.731
明德,2026-03-19,14346.0,14267.965
明德,2026-03-20,15340.0,14980.119
明德,2026-03-21,10651.0,10267.621
明德,2026-03-22,8139.0,8146.422
明德,2026-03-23,14370.0,13945.986
明德,2026-03-24,14703.0,14585.682
明德,2026-03-25,14616.0,14589.253
明德,2026-03-26,14437.0,14354.39
明德,2026-03-27,14739.0,15136.691
明德,2026-03-28,10113.0,10030.81
明德,2026-03-29,7892.0,7821.076
明德,2026-03-30,14393.0,13831.815
明德,2026-03-31,14495.0,14561.751
明德,2026-04-01,14369.0,14542.165
明德,2026-04-02,14959.0,14258.437
明德,2026-04-03,8003.0,9585.891
明德,2026-04-04,7410.0,7997.301
明德,2026-04-05,6906.0,6982.632
明德,2026-04-06,7116.0,7494.815
明德,2026-04-07,14351.0,13908.13
明德,2026-04-08,14617.0,14115.175
明德,2026-04-09,14889.0,14225.443
明德,2026-04-10,15027.0,15259.213
明德,2026-04-11,10343.0,10396.546
明德,2026-04-12,7853.0,8115.0605
明德,2026-04-13,14256.0,13652.614
明德,2026-04-14,14350.0,14238.625
明德,2026-04-15,14465.0,14256.263
明德,2026-04-16,14216.0,14144.859
明德,2026-04-17,14789.0,15017.027
明德,2026-04-18,10322.0,10291.968
明德,2026-04-19,7945.0,7851.305
明德,2026-04-20,14177.0,13670.994
明德,2026-04-21,14357.0,14260.616
明德,2026-04-22,14352.0,14341.589
明德,2026-04-23,13990.0,14166.418
明德,2026-04-24,14725.0,14692.76
明德,2026-04-25,10036.0,10025.575
明德,2026-04-26,8256.0,7902.0415
明德,2026-04-27,14276.0,13698.604
明德,2026-04-28,14581.0,14285.247
明德,2026-04-29,14588.0,14216.225
明德,2026-04-30,15120.0,14049.035
明德,2026-05-01,9148.0,8811.666
明德,2026-05-02,8737.0,8328.244
明德,2026-05-03,7565.0,7250.7915
明德,2026-05-04,14384.0,13613.792
明德,2026-05-05,14403.0,14288.595
明德,2026-05-06,14949.0,14276.639
明德,2026-05-07,14525.0,14280.241
明德,2026-05-08,15079.0,15074.891
明德,2026-05-09,10446.0,10179.24
明德,2026-05-10,7629.0,7994.8813
明德,2026-05-11,13985.0,13794.702
明德,2026-05-12,13997.0,14233.044
明德,2026-05-13,14109.0,14271.672
明德,2026-05-14,13742.0,14053.248
明德,2026-05-15,14828.0,14657.206
明德,2026-05-16,10248.0,10205.432
明德,2026-05-17,8406.0,7867.4883
明德,2026-05-18,14082.0,13574.345
明德,2026-05-19,14358.0,14083.481
明德,2026-05-20,14498.0,14166.529
明德,2026-05-21,14270.0,13966.874
明德,2026-05-22,14472.0,14609.523
明德,2026-05-23,10488.0,9724.961
明德,2026-05-24,7588.0,7872.1787
明德,2026-05-25,13939.0,13605.452
明德,2026-05-26,14145.0,14149.661
明德,2026-05-27,14180.0,14064.853
明德,2026-05-28,14041.0,13809.909
明德,2026-05-29,14336.0,14593.567
明德,2026-05-30,10470.0,9568.552
明德,2026-05-31,7687.0,7836.8267
景安,2026-01-01,13311.0,15379.404
景安,2026-01-02,23207.0,24943.764
景安,2026-01-03,17082.0,17798.953
景安,2026-01-04,14230.0,14580.772
景安,2026-01-05,23265.0,24127.191
景安,2026-01-06,23787.0,24206.277
景安,2026-01-07,23805.0,24183.549
景安,2026-01-08,23984.0,23938.605
景安,2026-01-09,25003.0,24936.668
景安,2026-01-10,18812.0,18774.127
景安,2026-01-11,14401.0,14988.777
景安,2026-01-12,23121.0,22865.967
景安,2026-01-13,23681.0,23667.414
景安,2026-01-14,23831.0,23711.182
景安,2026-01-15,24051.0,23716.002
景安,2026-01-16,25095.0,24600.512
景安,2026-01-17,18573.0,18644.445
景安,2026-01-18,15110.0,14985.564
景安,2026-01-19,23111.0,22877.906
景安,2026-01-20,23832.0,23645.295
景安,2026-01-21,23549.0,23567.855
景安,2026-01-22,23578.0,23529.848
景安,2026-01-23,25231.0,24363.959
景安,2026-01-24,18977.0,17837.92
景安,2026-01-25,15732.0,14825.752
景安,2026-01-26,23164.0,23200.697
景安,2026-01-27,23435.0,23754.566
景安,2026-01-28,23809.0,23511.86
景安,2026-01-29,24236.0,23726.285
景安,2026-01-30,24992.0,24923.492
景安,2026-01-31,18962.0,18417.281
景安,2026-02-01,14519.0,15026.961
景安,2026-02-02,22966.0,23077.887
景安,2026-02-03,24128.0,23667.068
景安,2026-02-04,24384.0,23924.305
景安,2026-02-05,24623.0,24123.525
景安,2026-02-06,25519.0,25426.443
景安,2026-02-07,19022.0,18516.191
景安,2026-02-08,15499.0,15025.146
景安,2026-02-09,23186.0,23468.896
景安,2026-02-10,24437.0,23943.42
景安,2026-02-11,23796.0,24246.783
景安,2026-02-12,24305.0,23989.877
景安,2026-02-13,23983.0,25376.633
景安,2026-02-14,15307.0,17984.02
景安,2026-02-15,12131.0,13427.987
景安,2026-02-16,8855.0,9277.801
景安,2026-02-17,11218.0,8158.5264
景安,2026-02-18,12200.0,13827.706
景安,2026-02-19,13209.0,13377.554
景安,2026-02-20,13607.0,13245.815
景安,2026-02-21,15922.0,14323.915
景安,2026-02-22,13514.0,13177.24
景安,2026-02-23,22768.0,20388.8
景安,2026-02-24,23625.0,23751.85
景安,2026-02-25,24592.0,23915.22
景安,2026-02-26,25044.0,24095.611
景安,2026-02-27,17950.0,17516.574
景安,2026-02-28,17700.0,17900.752
景安,2026-03-01,14143.0,16113.988
景安,2026-03-02,23242.0,22868.72
景安,2026-03-03,23808.0,23770.338
景安,2026-03-04,23895.0,23797.557
景安,2026-03-05,24516.0,23677.82
景安,2026-03-06,25350.0,25121.701
景安,2026-03-07,19801.0,19940.63
景安,2026-03-08,15545.0,15695.628
景安,2026-03-09,23441.0,23479.895
景安,2026-03-10,24302.0,23862.434
景安,2026-03-11,24705.0,24120.914
景安,2026-03-12,24244.0,24379.875
景安,2026-03-13,25361.0,25448.936
景安,2026-03-14,20180.0,20503.326
景安,2026-03-15,15910.0,16089.156
景安,2026-03-16,23272.0,22692.998
景安,2026-03-17,24370.0,23600.473
景安,2026-03-18,24591.0,23942.0
景安,2026-03-19,24036.0,24336.584
景安,2026-03-20,25382.0,25528.562
景安,2026-03-21,19576.0,18533.281
景安,2026-03-22,16124.0,15293.58
景安,2026-03-23,23215.0,23486.111
景安,2026-03-24,24203.0,23987.576
景安,2026-03-25,24169.0,24006.111
景安,2026-03-26,24138.0,24169.68
景安,2026-03-27,25137.0,25496.562
景安,2026-03-28,18977.0,18540.666
景安,2026-03-29,14738.0,15121.981
景安,2026-03-30,23219.0,23291.07
景安,2026-03-31,24033.0,23978.092
景安,2026-04-01,24115.0,24059.227
景安,2026-04-02,24429.0,24171.512
景安,2026-04-03,16181.0,16320.245
景安,2026-04-04,14134.0,15869.817
景安,2026-04-05,14014.0,12753.302
景安,2026-04-06,12837.0,13918.0
景安,2026-04-07,23108.0,23070.76
景安,2026-04-08,24135.0,23143.615
景安,2026-04-09,24296.0,23932.39
景安,2026-04-10,25267.0,25504.428
景安,2026-04-11,19513.0,19031.566
景安,2026-04-12,15167.0,15754.198
景安,2026-04-13,23084.0,23057.969
景安,2026-04-14,23520.0,23585.361
景安,2026-04-15,23728.0,23622.828
景安,2026-04-16,23881.0,23729.66
景安,2026-04-17,24742.0,25059.162
景安,2026-04-18,18391.0,19199.46
景安,2026-04-19,15306.0,14972.795
景安,2026-04-20,22950.0,22606.547
景安,2026-04-21,23548.0,23412.703
景安,2026-04-22,23741.0,23510.955
景安,2026-04-23,23726.0,23686.05
景安,2026-04-24,24942.0,24665.336
景安,2026-04-25,18406.0,18599.633
景安,2026-04-26,16205.0,14913.633
景安,2026-04-27,23354.0,22713.086
景安,2026-04-28,24151.0,23610.332
景安,2026-04-29,24075.0,23443.879
景安,2026-04-30,25129.0,23732.635
景安,2026-05-01,17651.0,15691.275
景安,2026-05-02,17386.0,16501.07
景安,2026-05-03,14239.0,13823.368
景安,2026-05-04,23547.0,22703.621
景安,2026-05-05,24267.0,23869.113
景安,2026-05-06,24647.0,24011.164
景安,2026-05-07,24468.0,24240.473
景安,2026-05-08,25009.0,25641.906
景安,2026-05-09,18295.0,18425.113
景安,2026-05-10,14642.0,14899.924
景安,2026-05-11,23250.0,23380.996
景安,2026-05-12,23940.0,23919.027
景安,2026-05-13,23840.0,24171.266
景安,2026-05-14,23760.0,23973.143
景安,2026-05-15,25604.0,24917.883
景安,2026-05-16,19090.0,18780.15
景安,2026-05-17,15949.0,15042.421
景安,2026-05-18,22850.0,23146.912
景安,2026-05-19,23763.0,23593.152
景安,2026-05-20,23828.0,23656.607
景安,2026-05-21,23766.0,23668.07
景安,2026-05-22,24891.0,24790.86
景安,2026-05-23,19092.0,18168.043
景安,2026-05-24,15410.0,14859.551
景安,2026-05-25,22687.0,22992.63
景安,2026-05-26,23403.0,23560.525
景安,2026-05-27,23613.0,23297.434
景安,2026-05-28,23503.0,23469.34
景安,2026-05-29,24845.0,24720.691
景安,2026-05-30,18860.0,18040.85
景安,2026-05-31,15087.0,14778.905
景平,2026-01-01,1329.0,1458.3093
景平,2026-01-02,1991.0,2101.0627
景平,2026-01-03,1459.0,1561.1091
景平,2026-01-04,1427.0,1300.1819
景平,2026-01-05,1875.0,1967.7527
景平,2026-01-06,1903.0,1985.4146
景平,2026-01-07,1946.0,1966.4988
景平,2026-01-08,1893.0,1923.7407
景平,2026-01-09,2010.0,2055.3352
景平,2026-01-10,1585.0,1583.4343
景平,2026-01-11,1398.0,1323.3376
景平,2026-01-12,1785.0,1833.123
景平,2026-01-13,1908.0,1859.4746
景平,2026-01-14,1950.0,1896.6042
景平,2026-01-15,1931.0,1915.3741
景平,2026-01-16,1993.0,2020.5415
景平,2026-01-17,1575.0,1651.0743
景平,2026-01-18,1329.0,1374.4231
景平,2026-01-19,1904.0,1773.4607
景平,2026-01-20,2014.0,1911.0826
景平,2026-01-21,2010.0,1953.8208
景平,2026-01-22,2053.0,1956.0293
景平,2026-01-23,2039.0,2113.5044
景平,2026-01-24,1673.0,1528.1206
景平,2026-01-25,1394.0,1343.7268
景平,2026-01-26,1858.0,1892.7644
景平,2026-01-27,1974.0,1943.5254
景平,2026-01-28,1926.0,1954.9543
景平,2026-01-29,1965.0,1933.3666
景平,2026-01-30,2122.0,2045.3065
景平,2026-01-31,1668.0,1568.9104
景平,2026-02-01,1488.0,1355.1942
景平,2026-02-02,1892.0,1889.9806
景平,2026-02-03,2023.0,1954.1991
景平,2026-02-04,1932.0,1971.207
景平,2026-02-05,2030.0,1971.1144
景平,2026-02-06,2135.0,2091.0752
景平,2026-02-07,1674.0,1582.0198
景平,2026-02-08,1586.0,1369.2655
景平,2026-02-09,1961.0,1923.9073
景平,2026-02-10,2045.0,2000.7479
景平,2026-02-11,1971.0,1992.9535
景平,2026-02-12,2019.0,1998.8387
景平,2026-02-13,1949.0,2106.6165
景平,2026-02-14,1408.0,1496.3654
景平,2026-02-15,1213.0,1242.2874
景平,2026-02-16,895.0,939.34045
景平,2026-02-17,1150.0,928.4905
景平,2026-02-18,1176.0,1403.7852
景平,2026-02-19,1230.0,1389.8663
景平,2026-02-20,1237.0,1204.3801
景平,2026-02-21,1537.0,1264.8306
景平,2026-02-22,1339.0,1250.415
景平,2026-02-23,1853.0,1578.9753
景平,2026-02-24,1925.0,1903.1256
景平,2026-02-25,2108.0,1886.035
景平,2026-02-26,2124.0,1987.4406
景平,2026-02-27,1643.0,1528.3464
景平,2026-02-28,1531.0,1689.8518
景平,2026-03-01,1393.0,1414.7341
景平,2026-03-02,1919.0,1860.7938
景平,2026-03-03,1997.0,2037.9939
景平,2026-03-04,2069.0,2074.4463
景平,2026-03-05,2162.0,2052.2166
景平,2026-03-06,2097.0,2232.6667
景平,2026-03-07,1697.0,1955.7859
景平,2026-03-08,1358.0,1433.2188
景平,2026-03-09,1916.0,1910.7903
景平,2026-03-10,2106.0,2004.8774
景平,2026-03-11,2050.0,2095.8235
景平,2026-03-12,2033.0,2044.1052
景平,2026-03-13,2100.0,2167.3323
景平,2026-03-14,1693.0,1906.4003
景平,2026-03-15,1412.0,1386.1727
景平,2026-03-16,1942.0,1849.9141
景平,2026-03-17,1982.0,1966.7122
景平,2026-03-18,2073.0,1972.7512
景平,2026-03-19,1958.0,2030.7634
景平,2026-03-20,2132.0,2115.606
景平,2026-03-21,1555.0,1585.905
景平,2026-03-22,1487.0,1305.5326
景平,2026-03-23,1917.0,1875.888
景平,2026-03-24,1929.0,1983.2457
景平,2026-03-25,2025.0,1923.5896
景平,2026-03-26,1992.0,2012.4443
景平,2026-03-27,2151.0,2094.9888
景平,2026-03-28,1595.0,1574.196
景平,2026-03-29,1319.0,1333.4902
景平,2026-03-30,1915.0,1873.2019
景平,2026-03-31,1927.0,1977.0676
景平,2026-04-01,2007.0,1913.862
景平,2026-04-02,1987.0,2012.7744
景平,2026-04-03,1456.0,1521.2965
景平,2026-04-04,1275.0,1392.7087
景平,2026-04-05,1448.0,1164.7908
景平,2026-04-06,1186.0,1338.0045
景平,2026-04-07,2016.0,1843.6968
景平,2026-04-08,2071.0,1940.8276
景平,2026-04-09,2051.0,2067.1992
景平,2026-04-10,2080.0,2190.816
景平,2026-04-11,1713.0,1528.7717
景平,2026-04-12,1386.0,1349.1208
景平,2026-04-13,1862.0,1939.058
景平,2026-04-14,1986.0,1979.6704
景平,2026-04-15,2013.0,1963.3453
景平,2026-04-16,2036.0,2011.596
景平,2026-04-17,2114.0,2128.577
景平,2026-04-18,1570.0,1640.4359
景平,2026-04-19,1412.0,1351.2126
景平,2026-04-20,1883.0,1849.3787
景平,2026-04-21,1943.0,1945.7894
景平,2026-04-22,2023.0,1923.6371
景平,2026-04-23,2043.0,2000.9143
景平,2026-04-24,2227.0,2084.9382
景平,2026-04-25,1688.0,1675.2612
景平,2026-04-26,1540.0,1395.3906
景平,2026-04-27,1904.0,1874.1
景平,2026-04-28,2065.0,1988.484
景平,2026-04-29,2104.0,1953.0812
景平,2026-04-30,2197.0,2057.9592
景平,2026-05-01,1588.0,1548.2472
景平,2026-05-02,1571.0,1463.4524
景平,2026-05-03,1390.0,1254.8081
景平,2026-05-04,2008.0,1814.5421
景平,2026-05-05,2235.0,2007.5219
景平,2026-05-06,2094.0,2106.4624
景平,2026-05-07,2059.0,2105.8796
景平,2026-05-08,2159.0,2199.259
景平,2026-05-09,1623.0,1619.4502
景平,2026-05-10,1390.0,1327.4895
景平,2026-05-11,1951.0,1928.0952
景平,2026-05-12,2015.0,2001.779
景平,2026-05-13,2092.0,1984.0425
景平,2026-05-14,2127.0,2061.3176
景平,2026-05-15,2204.0,2143.3743
景平,2026-05-16,1680.0,1682.0652
景平,2026-05-17,1573.0,1379.4417
景平,2026-05-18,1971.0,1891.8523
景平,2026-05-19,1980.0,2017.5725
景平,2026-05-20,2047.0,1958.7499
景平,2026-05-21,1985.0,2021.7993
景平,2026-05-22,2026.0,2108.152
景平,2026-05-23,1778.0,1558.9014
景平,2026-05-24,1435.0,1346.7817
景平,2026-05-25,1947.0,1824.4303
景平,2026-05-26,1918.0,1976.8341
景平,2026-05-27,1974.0,1908.7303
景平,2026-05-28,1968.0,1983.753
景平,2026-05-29,2220.0,2067.7222
景平,2026-05-30,1677.0,1633.3872
景平,2026-05-31,1497.0,1341.9692
景美,2026-01-01,10142.0,12099.467
景美,2026-01-02,14926.0,17032.299
景美,2026-01-03,12900.0,12744.535
景美,2026-01-04,11208.0,11310.383
景美,2026-01-05,14550.0,15773.828
景美,2026-01-06,15038.0,15867.529
景美,2026-01-07,15170.0,15565.473
景美,2026-01-08,15277.0,15509.252
景美,2026-01-09,16271.0,16453.441
景美,2026-01-10,13897.0,13574.708
景美,2026-01-11,11772.0,11606.018
景美,2026-01-12,14350.0,14714.352
景美,2026-01-13,14993.0,15048.818
景美,2026-01-14,15286.0,15043.163
景美,2026-01-15,15296.0,15386.647
景美,2026-01-16,16102.0,16286.515
景美,2026-01-17,13448.0,13850.211
景美,2026-01-18,11641.0,11680.216
景美,2026-01-19,14224.0,14394.396
景美,2026-01-20,15378.0,14782.355
景美,2026-01-21,14988.0,15100.123
景美,2026-01-22,14815.0,15036.815
景美,2026-01-23,16115.0,16035.29
景美,2026-01-24,13005.0,12969.53
景美,2026-01-25,12057.0,11070.351
景美,2026-01-26,14460.0,14518.165
景美,2026-01-27,14782.0,14922.308
景美,2026-01-28,14986.0,14809.137
景美,2026-01-29,15191.0,14993.739
景美,2026-01-30,16040.0,16034.972
景美,2026-01-31,13425.0,13240.779
景美,2026-02-01,10963.0,11456.973
景美,2026-02-02,14116.0,14383.136
景美,2026-02-03,15088.0,14794.177
景美,2026-02-04,15456.0,15003.547
景美,2026-02-05,15559.0,15372.463
景美,2026-02-06,16359.0,16433.22
景美,2026-02-07,13923.0,13268.502
景美,2026-02-08,11465.0,11715.781
景美,2026-02-09,14335.0,14586.0205
景美,2026-02-10,15290.0,14974.312
景美,2026-02-11,15420.0,15187.551
景美,2026-02-12,15509.0,15415.905
景美,2026-02-13,15475.0,16481.2
景美,2026-02-14,11857.0,12755.242
景美,2026-02-15,10085.0,10571.808
景美,2026-02-16,6868.0,7520.73
景美,2026-02-17,7487.0,5678.3574
景美,2026-02-18,7884.0,9352.021
景美,2026-02-19,9196.0,9320.893
景美,2026-02-20,9552.0,9781.769
景美,2026-02-21,11171.0,9983.439
景美,2026-02-22,10552.0,9683.893
景美,2026-02-23,15881.0,12695.558
景美,2026-02-24,17223.0,16674.945
景美,2026-02-25,16987.0,17438.545
景美,2026-02-26,18298.0,17200.754
景美,2026-02-27,13278.0,15323.556
景美,2026-02-28,13203.0,12842.301
景美,2026-03-01,11129.0,11941.367
景美,2026-03-02,16294.0,15038.8545
景美,2026-03-03,16608.0,16697.137
景美,2026-03-04,16562.0,16457.195
景美,2026-03-05,17240.0,16329.504
景美,2026-03-06,18166.0,17674.963
景美,2026-03-07,14675.0,14892.313
景美,2026-03-08,12259.0,12105.147
景美,2026-03-09,16535.0,15764.393
景美,2026-03-10,16995.0,16997.1
景美,2026-03-11,17321.0,16958.436
景美,2026-03-12,17430.0,17146.723
景美,2026-03-13,18414.0,18275.818
景美,2026-03-14,15560.0,15307.175
景美,2026-03-15,12601.0,12794.478
景美,2026-03-16,16126.0,15809.627
景美,2026-03-17,17224.0,16727.387
景美,2026-03-18,17377.0,16631.375
景美,2026-03-19,17119.0,16806.451
景美,2026-03-20,18272.0,18381.482
景美,2026-03-21,14636.0,14426.449
景美,2026-03-22,12679.0,12211.892
景美,2026-03-23,16186.0,16142.52
景美,2026-03-24,17053.0,17123.191
景美,2026-03-25,16938.0,17051.094
景美,2026-03-26,16809.0,16980.186
景美,2026-03-27,17639.0,18108.854
景美,2026-03-28,14417.0,14238.571
景美,2026-03-29,11310.0,12140.358
景美,2026-03-30,16098.0,15762.636
景美,2026-03-31,17007.0,16978.54
景美,2026-04-01,15322.0,16980.18
景美,2026-04-02,15876.0,16272.342
景美,2026-04-03,11768.0,12369.666
景美,2026-04-04,10325.0,11685.885
景美,2026-04-05,10452.0,10008.803
景美,2026-04-06,9338.0,10320.262
景美,2026-04-07,15876.0,15549.002
景美,2026-04-08,16406.0,16121.069
景美,2026-04-09,17002.0,16491.857
景美,2026-04-10,18151.0,18040.51
景美,2026-04-11,14982.0,14928.051
景美,2026-04-12,11838.0,12520.108
景美,2026-04-13,15947.0,15608.693
景美,2026-04-14,17102.0,16565.445
景美,2026-04-15,16604.0,16779.578
景美,2026-04-16,16892.0,16551.633
景美,2026-04-17,17762.0,18048.764
景美,2026-04-18,14312.0,14674.452
景美,2026-04-19,12454.0,11821.292
景美,2026-04-20,15939.0,15727.241
景美,2026-04-21,16902.0,16728.537
景美,2026-04-22,17014.0,16836.697
景美,2026-04-23,16526.0,16789.844
景美,2026-04-24,17536.0,17823.303
景美,2026-04-25,14324.0,14358.264
景美,2026-04-26,12785.0,12223.447
景美,2026-04-27,16112.0,15832.336
景美,2026-04-28,17060.0,16729.367
景美,2026-04-29,17233.0,16464.682
景美,2026-04-30,17964.0,16579.791
景美,2026-05-01,13743.0,13414.586
景美,2026-05-02,13399.0,12849.178
景美,2026-05-03,11504.0,11173.954
景美,2026-05-04,15981.0,15336.578
景美,2026-05-05,16336.0,16690.412
景美,2026-05-06,17467.0,16473.172
景美,2026-05-07,17637.0,16810.754
景美,2026-05-08,18060.0,18505.162
景美,2026-05-09,13970.0,14496.362
景美,2026-05-10,11752.0,11839.484
景美,2026-05-11,16021.0,15836.0
景美,2026-05-12,16944.0,16818.3
景美,2026-05-13,16495.0,16954.486
景美,2026-05-14,16567.0,16748.861
景美,2026-05-15,18137.0,17750.908
景美,2026-05-16,15292.0,14518.574
景美,2026-05-17,13030.0,12492.866
景美,2026-05-18,15734.0,15862.936
景美,2026-05-19,16674.0,16552.95
景美,2026-05-20,16605.0,16534.426
景美,2026-05-21,16862.0,16415.002
景美,2026-05-22,17478.0,17925.58
景美,2026-05-23,14789.0,14178.019
景美,2026-05-24,12311.0,12199.596
景美,2026-05-25,15798.0,15655.152
景美,2026-05-26,16499.0,16575.477
景美,2026-05-27,16634.0,16286.994
景美,2026-05-28,16550.0,16290.71
景美,2026-05-29,17644.0,17721.19
景美,2026-05-30,14880.0,14184.633
景美,2026-05-31,12496.0,12292.792
木柵,2026-01-01,2304.0,3315.8855
木柵,2026-01-02,4881.0,4732.3213
木柵,2026-01-03,3525.0,3358.519
木柵,2026-01-04,3162.0,2979.4912
木柵,2026-01-05,4744.0,4741.3867
木柵,2026-01-06,4760.0,4825.7646
木柵,2026-01-07,4874.0,4793.011
木柵,2026-01-08,4767.0,4810.517
木柵,2026-01-09,5103.0,4984.7993
木柵,2026-01-10,3660.0,3631.1238
木柵,2026-01-11,2963.0,2949.6323
木柵,2026-01-12,4642.0,4576.703
木柵,2026-01-13,4718.0,4725.9375
木柵,2026-01-14,4845.0,4729.537
木柵,2026-01-15,4754.0,4765.2266
木柵,2026-01-16,5309.0,4878.4404
木柵,2026-01-17,4038.0,3676.1523
木柵,2026-01-18,3560.0,3177.607
木柵,2026-01-19,4357.0,4673.2104
木柵,2026-01-20,4597.0,4684.112
木柵,2026-01-21,4606.0,4641.637
木柵,2026-01-22,4437.0,4603.46
木柵,2026-01-23,4908.0,4756.958
木柵,2026-01-24,3221.0,3570.4817
木柵,2026-01-25,3034.0,2730.191
木柵,2026-01-26,4185.0,4435.666
木柵,2026-01-27,4018.0,4438.735
木柵,2026-01-28,3908.0,4247.941
木柵,2026-01-29,4077.0,4183.6396
木柵,2026-01-30,4235.0,4374.3555
木柵,2026-01-31,3396.0,3186.7268
木柵,2026-02-01,2463.0,2769.9614
木柵,2026-02-02,3825.0,4007.971
木柵,2026-02-03,4068.0,4024.1233
木柵,2026-02-04,4127.0,4036.3896
木柵,2026-02-05,4157.0,4117.966
木柵,2026-02-06,4163.0,4329.9775
木柵,2026-02-07,3134.0,3141.7805
木柵,2026-02-08,2639.0,2602.7632
木柵,2026-02-09,3729.0,3908.8157
木柵,2026-02-10,3896.0,3910.6873
木柵,2026-02-11,4012.0,3895.9966
木柵,2026-02-12,3777.0,3983.945
木柵,2026-02-13,3677.0,4070.704
木柵,2026-02-14,3031.0,2907.9756
木柵,2026-02-15,2417.0,2487.4404
木柵,2026-02-16,1503.0,1505.3123
木柵,2026-02-17,2008.0,1055.0383
木柵,2026-02-18,2493.0,2349.231
木柵,2026-02-19,3569.0,2548.9023
木柵,2026-02-20,3145.0,3100.5383
木柵,2026-02-21,3292.0,2813.7617
木柵,2026-02-22,2830.0,2527.5146
木柵,2026-02-23,4633.0,3435.7043
木柵,2026-02-24,4788.0,4777.731
木柵,2026-02-25,4755.0,4780.797
木柵,2026-02-26,5168.0,4715.8296
木柵,2026-02-27,3740.0,3908.4026
木柵,2026-02-28,3347.0,3402.9246
木柵,2026-03-01,2720.0,2897.0596
木柵,2026-03-02,4710.0,4280.686
木柵,2026-03-03,4699.0,4741.823
木柵,2026-03-04,4589.0,4699.39
木柵,2026-03-05,4752.0,4596.8027
木柵,2026-03-06,4992.0,4772.7188
木柵,2026-03-07,3545.0,3738.7302
木柵,2026-03-08,3005.0,3108.5894
木柵,2026-03-09,4662.0,4525.2314
木柵,2026-03-10,4701.0,4653.9204
木柵,2026-03-11,4908.0,4633.6064
木柵,2026-03-12,4932.0,4703.087
木柵,2026-03-13,5195.0,4940.912
木柵,2026-03-14,4255.0,3877.478
木柵,2026-03-15,3368.0,3252.436
木柵,2026-03-16,4717.0,4475.6626
木柵,2026-03-17,4860.0,4648.766
木柵,2026-03-18,4898.0,4612.2197
木柵,2026-03-19,4740.0,4643.5024
木柵,2026-03-20,5063.0,4979.54
木柵,2026-03-21,3872.0,3671.5967
木柵,2026-03-22,3309.0,3115.4055
木柵,2026-03-23,4631.0,4631.882
木柵,2026-03-24,4775.0,4743.7676
木柵,2026-03-25,4886.0,4750.787
木柵,2026-03-26,4835.0,4782.469
木柵,2026-03-27,4876.0,5010.766
木柵,2026-03-28,3591.0,3600.4512
木柵,2026-03-29,2861.0,3029.8801
木柵,2026-03-30,4734.0,4527.3105
木柵,2026-03-31,4960.0,4753.6494
木柵,2026-04-01,4707.0,4833.181
木柵,2026-04-02,4984.0,4740.033
木柵,2026-04-03,3116.0,3358.496
木柵,2026-04-04,2549.0,3021.051
木柵,2026-04-05,2990.0,2495.2092
木柵,2026-04-06,2288.0,2847.2432
木柵,2026-04-07,4513.0,4521.174
木柵,2026-04-08,4853.0,4543.7065
木柵,2026-04-09,4846.0,4733.897
木柵,2026-04-10,5039.0,4950.4214
木柵,2026-04-11,3888.0,3647.8088
木柵,2026-04-12,3785.0,3188.5454
木柵,2026-04-13,4703.0,4625.535
木柵,2026-04-14,4642.0,4728.905
木柵,2026-04-15,4628.0,4684.205
木柵,2026-04-16,4650.0,4659.615
木柵,2026-04-17,4944.0,4922.5474
木柵,2026-04-18,3458.0,3855.6145
木柵,2026-04-19,3236.0,2892.6836
木柵,2026-04-20,4684.0,4515.4287
木柵,2026-04-21,4789.0,4669.551
木柵,2026-04-22,4737.0,4669.7236
木柵,2026-04-23,4604.0,4647.7534
木柵,2026-04-24,4801.0,4780.9688
木柵,2026-04-25,3381.0,3493.2146
木柵,2026-04-26,3206.0,2882.7175
木柵,2026-04-27,4756.0,4528.303
木柵,2026-04-28,4955.0,4674.9487
木柵,2026-04-29,4789.0,4593.824
木柵,2026-04-30,4942.0,4587.6255
木柵,2026-05-01,3685.0,3079.9834
木柵,2026-05-02,3989.0,3309.6328
木柵,2026-05-03,2737.0,3082.111
木柵,2026-05-04,4617.0,4445.3286
木柵,2026-05-05,4737.0,4689.2354
木柵,2026-05-06,4651.0,4729.491
木柵,2026-05-07,4737.0,4666.764
木柵,2026-05-08,4916.0,4952.0776
木柵,2026-05-09,3366.0,3570.271
木柵,2026-05-10,2814.0,2875.6802
木柵,2026-05-11,4666.0,4516.105
木柵,2026-05-12,4646.0,4687.3364
木柵,2026-05-13,4653.0,4682.3843
木柵,2026-05-14,4570.0,4658.96
木柵,2026-05-15,5009.0,4780.1934
木柵,2026-05-16,4005.0,3519.2563
木柵,2026-05-17,3557.0,3122.8364
木柵,2026-05-18,4562.0,4506.8936
木柵,2026-05-19,4652.0,4644.785
木柵,2026-05-20,4667.0,4589.8643
木柵,2026-05-21,4667.0,4548.2373
木柵,2026-05-22,4922.0,4822.8433
木柵,2026-05-23,3978.0,3567.2666
木柵,2026-05-24,2952.0,3127.5264
木柵,2026-05-25,4559.0,4484.3696
木柵,2026-05-26,4607.0,4645.1924
木柵,2026-05-27,4649.0,4572.114
木柵,2026-05-28,4570.0,4574.835
木柵,2026-05-29,4720.0,4792.3237
木柵,2026-05-30,3654.0,3443.1165
木柵,2026-05-31,2950.0,2957.841
東湖,2026-01-01,4903.0,5941.9116
東湖,2026-01-02,9144.0,9741.916
東湖,2026-01-03,6546.0,6647.046
東湖,2026-01-04,5551.0,5508.202
東湖,2026-01-05,8936.0,9308.476
東湖,2026-01-06,9210.0,9376.187
東湖,2026-01-07,9335.0,9406.966
東湖,2026-01-08,9324.0,9380.764
東湖,2026-01-09,10030.0,9926.753
東湖,2026-01-10,7164.0,7208.0723
東湖,2026-01-11,5527.0,5631.3945
東湖,2026-01-12,9034.0,8895.846
東湖,2026-01-13,9343.0,9234.766
東湖,2026-01-14,9208.0,9385.239
東湖,2026-01-15,9449.0,9280.282
東湖,2026-01-16,9981.0,9803.257
東湖,2026-01-17,7089.0,7028.317
東湖,2026-01-18,5577.0,5711.9375
東湖,2026-01-19,8901.0,8984.081
東湖,2026-01-20,10121.0,9210.377
東湖,2026-01-21,9310.0,9648.595
東湖,2026-01-22,9481.0,9321.104
東湖,2026-01-23,10235.0,9919.252
東湖,2026-01-24,6978.0,6919.8438
東湖,2026-01-25,5987.0,5525.878
東湖,2026-01-26,8216.0,9170.218
東湖,2026-01-27,8454.0,9058.088
東湖,2026-01-28,8431.0,8807.3125
東湖,2026-01-29,9064.0,8682.141
東湖,2026-01-30,9694.0,9543.501
東湖,2026-01-31,7225.0,7049.102
東湖,2026-02-01,5570.0,5809.5625
東湖,2026-02-02,8134.0,8521.237
東湖,2026-02-03,8747.0,8616.949
東湖,2026-02-04,9127.0,8757.62
東湖,2026-02-05,9306.0,9000.117
東湖,2026-02-06,9453.0,9666.472
東湖,2026-02-07,7839.0,6833.85
東湖,2026-02-08,6789.0,5920.597
東湖,2026-02-09,8649.0,8636.445
東湖,2026-02-10,9634.0,8821.637
東湖,2026-02-11,9334.0,9241.199
東湖,2026-02-12,9632.0,9268.003
東湖,2026-02-13,9718.0,10181.27
東湖,2026-02-14,7875.0,7080.0044
東湖,2026-02-15,6952.0,5951.1133
東湖,2026-02-16,4699.0,3583.917
東湖,2026-02-17,6935.0,1708.3662
東湖,2026-02-18,7618.0,6265.2393
東湖,2026-02-19,9310.0,7175.6665
東湖,2026-02-20,8243.0,8321.376
東湖,2026-02-21,8942.0,7116.377
東湖,2026-02-22,7480.0,6372.0938
東湖,2026-02-23,9619.0,8307.583
東湖,2026-02-24,9998.0,10039.131
東湖,2026-02-25,9837.0,10234.596
東湖,2026-02-26,10390.0,10140.197
東湖,2026-02-27,7111.0,8778.579
東湖,2026-02-28,7211.0,7789.504
東湖,2026-03-01,5690.0,6517.574
東湖,2026-03-02,9406.0,8721.089
東湖,2026-03-03,9402.0,9711.599
東湖,2026-03-04,9622.0,9600.804
東湖,2026-03-05,10044.0,9539.102
東湖,2026-03-06,10385.0,10450.355
東湖,2026-03-07,7290.0,8261.765
東湖,2026-03-08,5818.0,6473.3857
東湖,2026-03-09,9277.0,9030.974
東湖,2026-03-10,9565.0,9431.562
東湖,2026-03-11,9880.0,9615.294
東湖,2026-03-12,9775.0,9683.629
東湖,2026-03-13,10135.0,10436.638
東湖,2026-03-14,7351.0,7841.117
東湖,2026-03-15,6153.0,5845.6836
東湖,2026-03-16,9317.0,9069.491
東湖,2026-03-17,9732.0,9514.776
東湖,2026-03-18,9921.0,9703.517
東湖,2026-03-19,9632.0,9648.993
東湖,2026-03-20,10315.0,10197.844
東湖,2026-03-21,7236.0,7405.6855
東湖,2026-03-22,6036.0,5862.044
東湖,2026-03-23,9145.0,9350.134
東湖,2026-03-24,9749.0,9545.144
東湖,2026-03-25,9697.0,9727.444
東湖,2026-03-26,9521.0,9611.84
東湖,2026-03-27,10266.0,10122.492
東湖,2026-03-28,6946.0,7247.9365
東湖,2026-03-29,5652.0,5701.753
東湖,2026-03-30,9241.0,9217.873
東湖,2026-03-31,9448.0,9546.901
東湖,2026-04-01,9345.0,9633.748
東湖,2026-04-02,9844.0,9448.177
東湖,2026-04-03,5905.0,6575.957
東湖,2026-04-04,5245.0,5912.6934
東湖,2026-04-05,5200.0,4996.99
東湖,2026-04-06,5058.0,5338.5137
東湖,2026-04-07,9324.0,9285.167
東湖,2026-04-08,9669.0,9215.92
東湖,2026-04-09,9691.0,9411.128
東湖,2026-04-10,10149.0,10151.152
東湖,2026-04-11,7139.0,7244.4556
東湖,2026-04-12,5869.0,5743.8525
東湖,2026-04-13,9118.0,9071.591
東湖,2026-04-14,9163.0,9289.292
東湖,2026-04-15,9154.0,9324.435
東湖,2026-04-16,9131.0,9235.999
東湖,2026-04-17,9948.0,9878.237
東湖,2026-04-18,7092.0,7312.4624
東湖,2026-04-19,5763.0,5646.688
東湖,2026-04-20,8990.0,8854.547
東湖,2026-04-21,9402.0,9171.086
東湖,2026-04-22,9504.0,9322.466
東湖,2026-04-23,9323.0,9340.508
東湖,2026-04-24,10099.0,9787.449
東湖,2026-04-25,6993.0,7088.0938
東湖,2026-04-26,6323.0,5736.578
東湖,2026-04-27,9204.0,8961.3955
東湖,2026-04-28,9519.0,9287.766
東湖,2026-04-29,9597.0,9223.688
東湖,2026-04-30,9908.0,9179.186
東湖,2026-05-01,6918.0,6147.972
東湖,2026-05-02,6683.0,6412.407
東湖,2026-05-03,5461.0,5372.601
東湖,2026-05-04,9146.0,8827.75
東湖,2026-05-05,9483.0,9311.385
東湖,2026-05-06,9630.0,9508.967
東湖,2026-05-07,9756.0,9488.592
東湖,2026-05-08,10152.0,10256.311
東湖,2026-05-09,7027.0,7275.556
東湖,2026-05-10,5569.0,5695.196
東湖,2026-05-11,8902.0,9062.833
東湖,2026-05-12,9368.0,9282.728
東湖,2026-05-13,9228.0,9510.912
東湖,2026-05-14,9284.0,9355.69
東湖,2026-05-15,10094.0,9911.328
東湖,2026-05-16,7189.0,7245.8745
東湖,2026-05-17,6001.0,5741.613
東湖,2026-05-18,8996.0,8957.356
東湖,2026-05-19,9575.0,9228.359
東湖,2026-05-20,9421.0,9443.213
東湖,2026-05-21,9532.0,9312.493
東湖,2026-05-22,10206.0,9940.828
東湖,2026-05-23,7244.0,7106.759
東湖,2026-05-24,5843.0,5751.375
東湖,2026-05-25,8940.0,9086.915
東湖,2026-05-26,9227.0,9297.979
東湖,2026-05-27,9177.0,9273.834
東湖,2026-05-28,9192.0,9134.888
東湖,2026-05-29,9606.0,9823.484
東湖,2026-05-30,6991.0,6871.07
東湖,2026-05-31,5629.0,5561.9697
東門,2026-01-01,21746.0,25760.309
東門,2026-01-02,30633.0,29289.658
東門,2026-01-03,26076.0,26218.385
東門,2026-01-04,21346.0,21828.998
東門,2026-01-05,27187.0,26734.762
東門,2026-01-06,27811.0,27393.549
東門,2026-01-07,28285.0,28085.781
東門,2026-01-08,28489.0,28394.246
東門,2026-01-09,30893.0,30386.67
東門,2026-01-10,26388.0,26812.68
東門,2026-01-11,23131.0,22352.018
東門,2026-01-12,26698.0,27179.176
東門,2026-01-13,28334.0,27596.176
東門,2026-01-14,27845.0,28420.133
東門,2026-01-15,28802.0,28222.865
東門,2026-01-16,30679.0,30876.633
東門,2026-01-17,25880.0,26754.768
東門,2026-01-18,21749.0,21760.025
東門,2026-01-19,26537.0,27119.06
東門,2026-01-20,27989.0,27697.553
東門,2026-01-21,27854.0,28203.78
東門,2026-01-22,27441.0,28115.957
東門,2026-01-23,29784.0,29623.55
東門,2026-01-24,26519.0,25516.578
東門,2026-01-25,22346.0,21919.916
東門,2026-01-26,26088.0,26876.969
東門,2026-01-27,26922.0,27403.697
東門,2026-01-28,27156.0,27529.625
東門,2026-01-29,27741.0,27655.74
東門,2026-01-30,28896.0,29798.38
東門,2026-01-31,25380.0,25410.611
東門,2026-02-01,20934.0,21312.094
東門,2026-02-02,25603.0,25993.203
東門,2026-02-03,27304.0,26810.215
東門,2026-02-04,28190.0,27614.574
東門,2026-02-05,28397.0,28263.182
東門,2026-02-06,30240.0,30082.934
東門,2026-02-07,26669.0,25903.65
東門,2026-02-08,22569.0,22006.898
東門,2026-02-09,25923.0,26600.727
東門,2026-02-10,27902.0,27230.969
東門,2026-02-11,27402.0,28059.527
東門,2026-02-12,28389.0,27872.566
東門,2026-02-13,28342.0,30551.168
東門,2026-02-14,22251.0,24801.871
東門,2026-02-15,18400.0,18862.564
東門,2026-02-16,10606.0,11866.573
東門,2026-02-17,11412.0,9744.464
東門,2026-02-18,13898.0,16442.84
東門,2026-02-19,15984.0,17133.15
東門,2026-02-20,17610.0,17831.826
東門,2026-02-21,19943.0,18698.91
東門,2026-02-22,18768.0,17127.904
東門,2026-02-23,24768.0,22855.854
東門,2026-02-24,26472.0,25990.057
東門,2026-02-25,27197.0,27232.47
東門,2026-02-26,28920.0,27353.412
東門,2026-02-27,24342.0,24993.299
東門,2026-02-28,25140.0,23807.117
東門,2026-03-01,20915.0,21585.598
東門,2026-03-02,26431.0,25354.105
東門,2026-03-03,27368.0,27039.2
東門,2026-03-04,28033.0,27200.547
東門,2026-03-05,28971.0,27474.238
東門,2026-03-06,31876.0,30925.084
東門,2026-03-07,28503.0,30267.758
東門,2026-03-08,23649.0,22397.217
東門,2026-03-09,27461.0,26446.611
東門,2026-03-10,28274.0,28143.066
東門,2026-03-11,29201.0,28122.846
東門,2026-03-12,30004.0,28410.816
東門,2026-03-13,32543.0,32311.049
東門,2026-03-14,30005.0,30033.688
東門,2026-03-15,25869.0,22979.582
東門,2026-03-16,27923.0,26281.586
東門,2026-03-17,29735.0,27898.824
東門,2026-03-18,30072.0,28098.455
東門,2026-03-19,30070.0,29090.7
東門,2026-03-20,33265.0,32372.617
東門,2026-03-21,31230.0,29487.812
東門,2026-03-22,25036.0,26073.621
東門,2026-03-23,27788.0,27607.965
東門,2026-03-24,29590.0,28464.814
東門,2026-03-25,29318.0,29649.021
東門,2026-03-26,29767.0,29233.787
東門,2026-03-27,31323.0,32085.854
東門,2026-03-28,28816.0,27913.281
東門,2026-03-29,23966.0,24623.6
東門,2026-03-30,27478.0,27558.955
東門,2026-03-31,28157.0,28169.293
東門,2026-04-01,27729.0,28575.883
東門,2026-04-02,29598.0,28160.69
東門,2026-04-03,21736.0,26281.453
東門,2026-04-04,21432.0,23177.408
東門,2026-04-05,20469.0,18968.635
東門,2026-04-06,18070.0,18622.37
東門,2026-04-07,26380.0,26021.844
東門,2026-04-08,27722.0,26550.465
東門,2026-04-09,28401.0,27890.191
東門,2026-04-10,30755.0,30018.275
東門,2026-04-11,27257.0,26056.8
東門,2026-04-12,22509.0,22647.725
東門,2026-04-13,26867.0,27092.049
東門,2026-04-14,27990.0,27685.05
東門,2026-04-15,28630.0,28073.523
東門,2026-04-16,28565.0,28038.73
東門,2026-04-17,31243.0,31029.932
東門,2026-04-18,27452.0,28299.95
東門,2026-04-19,22656.0,22552.33
東門,2026-04-20,26398.0,26885.951
東門,2026-04-21,27863.0,27413.111
東門,2026-04-22,28240.0,27852.34
東門,2026-04-23,28037.0,27976.244
東門,2026-04-24,31361.0,30298.113
東門,2026-04-25,27610.0,27591.324
東門,2026-04-26,23698.0,22801.584
東門,2026-04-27,26730.0,26860.07
東門,2026-04-28,27802.0,27650.86
東門,2026-04-29,28189.0,27524.197
東門,2026-04-30,30167.0,27737.879
東門,2026-05-01,24451.0,25598.562
東門,2026-05-02,26793.0,24336.46
東門,2026-05-03,23912.0,21544.512
東門,2026-05-04,29404.0,26263.33
東門,2026-05-05,28940.0,29423.984
東門,2026-05-06,28727.0,28756.967
東門,2026-05-07,28531.0,28447.992
東門,2026-05-08,30186.0,30741.94
東門,2026-05-09,25911.0,26187.207
東門,2026-05-10,21556.0,22208.805
東門,2026-05-11,26184.0,26614.723
東門,2026-05-12,27435.0,27286.553
東門,2026-05-13,27474.0,27986.283
東門,2026-05-14,27264.0,27823.227
東門,2026-05-15,30277.0,29479.146
東門,2026-05-16,27590.0,26156.584
東門,2026-05-17,22795.0,22847.87
東門,2026-05-18,26333.0,26527.945
東門,2026-05-19,27312.0,27176.34
東門,2026-05-20,27961.0,27555.707
東門,2026-05-21,28078.0,27488.299
東門,2026-05-22,30400.0,30160.719
東門,2026-05-23,27959.0,26307.197
東門,2026-05-24,23034.0,22789.672
東門,2026-05-25,26623.0,26880.363
東門,2026-05-26,27175.0,27511.098
東門,2026-05-27,27784.0,27525.51
東門,2026-05-28,28177.0,27488.508
東門,2026-05-29,30450.0,30144.105
東門,2026-05-30,27151.0,26533.936
東門,2026-05-31,21798.0,22623.06
松山,2026-01-01,18799.0,18381.977
松山,2026-01-02,30783.0,30098.545
松山,2026-01-03,22133.0,21355.342
松山,2026-01-04,18002.0,18276.49
松山,2026-01-05,28710.0,28962.04
松山,2026-01-06,28406.0,29294.541
松山,2026-01-07,29326.0,29110.695
松山,2026-01-08,29054.0,29332.783
松山,2026-01-09,31231.0,30872.24
松山,2026-01-10,22071.0,22473.13
松山,2026-01-11,18198.0,18126.809
松山,2026-01-12,28136.0,28338.133
松山,2026-01-13,28498.0,28720.861
松山,2026-01-14,29064.0,29025.588
松山,2026-01-15,29042.0,29048.24
松山,2026-01-16,30512.0,30339.143
松山,2026-01-17,22150.0,21780.06
松山,2026-01-18,18230.0,18606.451
松山,2026-01-19,27319.0,28384.242
松山,2026-01-20,28599.0,28431.227
松山,2026-01-21,28237.0,28423.938
松山,2026-01-22,27381.0,28436.953
松山,2026-01-23,30581.0,29588.496
松山,2026-01-24,20958.0,21236.363
松山,2026-01-25,17941.0,17583.127
松山,2026-01-26,28519.0,27871.541
松山,2026-01-27,27413.0,28841.156
松山,2026-01-28,28635.0,28035.285
松山,2026-01-29,29195.0,28594.82
松山,2026-01-30,31229.0,30516.812
松山,2026-01-31,20332.0,21854.414
松山,2026-02-01,15887.0,17255.691
松山,2026-02-02,28250.0,27665.229
松山,2026-02-03,29259.0,28801.922
松山,2026-02-04,30093.0,29274.365
松山,2026-02-05,29763.0,29568.734
松山,2026-02-06,30023.0,31113.492
松山,2026-02-07,20781.0,20667.777
松山,2026-02-08,17556.0,17023.12
松山,2026-02-09,28076.0,28113.625
松山,2026-02-10,28821.0,28899.219
松山,2026-02-11,28116.0,29108.516
松山,2026-02-12,28460.0,28632.81
松山,2026-02-13,28257.0,30239.21
松山,2026-02-14,17209.0,20380.176
松山,2026-02-15,14135.0,15696.092
松山,2026-02-16,10267.0,8858.478
松山,2026-02-17,21468.0,9264.13
松山,2026-02-18,20135.0,20120.205
松山,2026-02-19,23032.0,18896.012
松山,2026-02-20,23644.0,19535.707
松山,2026-02-21,23445.0,19768.512
松山,2026-02-22,17281.0,17745.146
松山,2026-02-23,26797.0,25844.205
松山,2026-02-24,27137.0,28350.656
松山,2026-02-25,28924.0,27861.371
松山,2026-02-26,29408.0,28759.906
松山,2026-02-27,20313.0,21065.64
松山,2026-02-28,20687.0,19630.139
松山,2026-03-01,17024.0,19254.086
松山,2026-03-02,28032.0,27718.775
松山,2026-03-03,27770.0,28516.137
松山,2026-03-04,27928.0,28103.945
松山,2026-03-05,29290.0,27911.65
松山,2026-03-06,30647.0,30090.668
松山,2026-03-07,23053.0,23321.71
松山,2026-03-08,18731.0,19266.684
松山,2026-03-09,28175.0,27677.426
松山,2026-03-10,28235.0,28263.158
松山,2026-03-11,30975.0,28314.047
松山,2026-03-12,29957.0,29418.602
松山,2026-03-13,31549.0,31465.217
松山,2026-03-14,24120.0,24146.83
松山,2026-03-15,19725.0,18911.344
松山,2026-03-16,28817.0,27704.566
松山,2026-03-17,29808.0,28809.162
松山,2026-03-18,30262.0,29610.484
松山,2026-03-19,29645.0,29667.781
松山,2026-03-20,32022.0,31741.576
松山,2026-03-21,23966.0,22946.254
松山,2026-03-22,20731.0,19365.697
松山,2026-03-23,29226.0,28728.154
松山,2026-03-24,28756.0,29723.213
松山,2026-03-25,29196.0,29673.14
松山,2026-03-26,29258.0,29616.25
松山,2026-03-27,31954.0,31465.55
松山,2026-03-28,21463.0,23287.592
松山,2026-03-29,17839.0,18605.428
松山,2026-03-30,28280.0,28262.191
松山,2026-03-31,28061.0,29126.768
松山,2026-04-01,28179.0,29099.766
松山,2026-04-02,29891.0,28831.977
松山,2026-04-03,19607.0,21201.945
松山,2026-04-04,17310.0,19285.52
松山,2026-04-05,19275.0,16384.28
松山,2026-04-06,16067.0,18057.697
松山,2026-04-07,26507.0,27914.363
松山,2026-04-08,28188.0,27385.219
松山,2026-04-09,28772.0,28114.883
松山,2026-04-10,31488.0,30530.242
松山,2026-04-11,22982.0,23001.611
松山,2026-04-12,18250.0,18701.434
松山,2026-04-13,27937.0,27629.236
松山,2026-04-14,28152.0,28257.322
松山,2026-04-15,28098.0,28425.457
松山,2026-04-16,28097.0,28566.283
松山,2026-04-17,30075.0,30438.137
松山,2026-04-18,21205.0,22469.148
松山,2026-04-19,18128.0,17604.86
松山,2026-04-20,27627.0,27554.896
松山,2026-04-21,28137.0,28143.57
松山,2026-04-22,28254.0,28479.566
松山,2026-04-23,26277.0,28486.469
松山,2026-04-24,28373.0,29449.203
松山,2026-04-25,20582.0,20719.271
松山,2026-04-26,19276.0,17424.154
松山,2026-04-27,28046.0,27248.473
松山,2026-04-28,28540.0,28002.871
松山,2026-04-29,27717.0,27964.91
松山,2026-04-30,28596.0,27775.578
松山,2026-05-01,22636.0,18316.406
松山,2026-05-02,22047.0,19833.688
松山,2026-05-03,17785.0,17460.646
松山,2026-05-04,27645.0,26492.803
松山,2026-05-05,26869.0,27731.14
松山,2026-05-06,28755.0,27305.555
松山,2026-05-07,28472.0,28098.293
松山,2026-05-08,29518.0,30267.54
松山,2026-05-09,21470.0,20971.715
松山,2026-05-10,17596.0,17635.941
松山,2026-05-11,27803.0,27525.498
松山,2026-05-12,28368.0,28231.979
松山,2026-05-13,26216.0,28667.152
松山,2026-05-14,27294.0,27517.805
松山,2026-05-15,30505.0,29259.275
松山,2026-05-16,22271.0,21505.477
松山,2026-05-17,18935.0,18142.184
松山,2026-05-18,27219.0,27565.373
松山,2026-05-19,27533.0,27805.227
松山,2026-05-20,28216.0,27732.762
松山,2026-05-21,27805.0,27939.594
松山,2026-05-22,29819.0,29482.166
松山,2026-05-23,22073.0,21028.477
松山,2026-05-24,17655.0,17866.357
松山,2026-05-25,27290.0,27270.574
松山,2026-05-26,27591.0,27860.082
松山,2026-05-27,27790.0,27934.762
松山,2026-05-28,27928.0,27897.664
松山,2026-05-29,29062.0,29702.076
松山,2026-05-30,21647.0,20616.479
松山,2026-05-31,18157.0,17540.246
松山機場,2026-01-01,4056.0,3990.8196
松山機場,2026-01-02,5025.0,5709.856
松山機場,2026-01-03,4173.0,4150.4224
松山機場,2026-01-04,4520.0,4201.95
松山機場,2026-01-05,5193.0,5402.7
松山機場,2026-01-06,4895.0,5234.352
松山機場,2026-01-07,4831.0,5160.082
松山機場,2026-01-08,4948.0,5102.2627
松山機場,2026-01-09,5654.0,5478.2026
松山機場,2026-01-10,4553.0,4171.4746
松山機場,2026-01-11,4118.0,4200.342
松山機場,2026-01-12,4893.0,5082.631
松山機場,2026-01-13,4934.0,4995.5156
松山機場,2026-01-14,4957.0,5080.91
松山機場,2026-01-15,5116.0,5091.9
松山機場,2026-01-16,5439.0,5495.6616
松山機場,2026-01-17,4554.0,4068.3865
松山機場,2026-01-18,4061.0,4220.5835
松山機場,2026-01-19,5123.0,4977.3496
松山機場,2026-01-20,5146.0,4928.592
松山機場,2026-01-21,5000.0,4933.9326
松山機場,2026-01-22,5237.0,4958.148
松山機場,2026-01-23,5912.0,5549.5845
松山機場,2026-01-24,4412.0,4253.439
松山機場,2026-01-25,4527.0,4220.717
松山機場,2026-01-26,5241.0,5165.1074
松山機場,2026-01-27,5403.0,5061.462
松山機場,2026-01-28,5228.0,5224.1494
松山機場,2026-01-29,5673.0,5219.231
松山機場,2026-01-30,6012.0,5915.0723
松山機場,2026-01-31,4160.0,4479.604
松山機場,2026-02-01,3952.0,4208.42
松山機場,2026-02-02,5132.0,5113.271
松山機場,2026-02-03,5162.0,5111.0903
松山機場,2026-02-04,5523.0,5260.435
松山機場,2026-02-05,5428.0,5489.1807
松山機場,2026-02-06,5695.0,5830.1235
松山機場,2026-02-07,4070.0,4240.1235
松山機場,2026-02-08,3883.0,4113.571
松山機場,2026-02-09,5214.0,5114.0464
松山機場,2026-02-10,5406.0,5172.627
松山機場,2026-02-11,5183.0,5375.1655
松山機場,2026-02-12,5218.0,5305.6494
松山機場,2026-02-13,5270.0,5664.7773
松山機場,2026-02-14,3723.0,3972.9392
松山機場,2026-02-15,3238.0,3806.5752
松山機場,2026-02-16,2683.0,2729.939
松山機場,2026-02-17,3815.0,2826.171
松山機場,2026-02-18,4283.0,4282.4463
松山機場,2026-02-19,4659.0,4464.3945
松山機場,2026-02-20,4354.0,4569.6323
松山機場,2026-02-21,4463.0,4136.2803
松山機場,2026-02-22,4669.0,4153.016
松山機場,2026-02-23,5682.0,4973.1245
松山機場,2026-02-24,5439.0,5620.439
松山機場,2026-02-25,5351.0,5393.6514
松山機場,2026-02-26,5810.0,5370.627
松山機場,2026-02-27,3958.0,4749.6245
松山機場,2026-02-28,4194.0,3951.7773
松山機場,2026-03-01,4338.0,4542.2603
松山機場,2026-03-02,5164.0,5394.405
松山機場,2026-03-03,5222.0,5300.9473
松山機場,2026-03-04,5478.0,5331.7363
松山機場,2026-03-05,5334.0,5387.613
松山機場,2026-03-06,5671.0,5520.6245
松山機場,2026-03-07,4419.0,4629.126
松山機場,2026-03-08,3977.0,4477.149
松山機場,2026-03-09,5257.0,5269.123
松山機場,2026-03-10,5174.0,5253.056
松山機場,2026-03-11,5531.0,5240.957
松山機場,2026-03-12,5703.0,5418.6587
松山機場,2026-03-13,5948.0,5889.7183
松山機場,2026-03-14,4563.0,4660.163
松山機場,2026-03-15,4653.0,4488.6016
松山機場,2026-03-16,5627.0,5400.9233
松山機場,2026-03-17,5686.0,5440.38
松山機場,2026-03-18,5677.0,5513.922
松山機場,2026-03-19,5758.0,5529.711
松山機場,2026-03-20,6328.0,6023.3735
松山機場,2026-03-21,4763.0,4829.1396
松山機場,2026-03-22,4797.0,4662.935
松山機場,2026-03-23,5564.0,5570.3447
松山機場,2026-03-24,5446.0,5511.582
松山機場,2026-03-25,5710.0,5492.404
松山機場,2026-03-26,5941.0,5657.24
松山機場,2026-03-27,6342.0,6255.694
松山機場,2026-03-28,4771.0,4981.8394
松山機場,2026-03-29,4344.0,4729.434
松山機場,2026-03-30,5485.0,5433.054
松山機場,2026-03-31,5474.0,5454.6025
松山機場,2026-04-01,5787.0,5568.5576
松山機場,2026-04-02,5931.0,5720.217
松山機場,2026-04-03,4016.0,4907.3984
松山機場,2026-04-04,4112.0,4211.492
松山機場,2026-04-05,4654.0,4340.23
松山機場,2026-04-06,4657.0,4487.0225
松山機場,2026-04-07,6442.0,5602.29
松山機場,2026-04-08,6038.0,5982.9956
松山機場,2026-04-09,5944.0,5816.2803
松山機場,2026-04-10,6422.0,6189.9214
松山機場,2026-04-11,4720.0,4856.9014
松山機場,2026-04-12,4564.0,4629.1025
松山機場,2026-04-13,5587.0,5600.3516
松山機場,2026-04-14,5523.0,5546.1934
松山機場,2026-04-15,5585.0,5584.1836
松山機場,2026-04-16,5527.0,5666.029
松山機場,2026-04-17,6099.0,6048.8677
松山機場,2026-04-18,4399.0,4714.8115
松山機場,2026-04-19,4635.0,4481.892
松山機場,2026-04-20,5569.0,5586.5215
松山機場,2026-04-21,5625.0,5588.418
松山機場,2026-04-22,5735.0,5681.0137
松山機場,2026-04-23,6015.0,5751.3696
松山機場,2026-04-24,6630.0,6171.4414
松山機場,2026-04-25,4820.0,4842.4136
松山機場,2026-04-26,4764.0,4807.0024
松山機場,2026-04-27,5778.0,5717.22
松山機場,2026-04-28,6070.0,5691.8447
松山機場,2026-04-29,6211.0,5733.1187
松山機場,2026-04-30,6863.0,5803.473
松山機場,2026-05-01,4925.0,4842.1226
松山機場,2026-05-02,4568.0,4714.9556
松山機場,2026-05-03,4589.0,4656.829
松山機場,2026-05-04,6112.0,5591.512
松山機場,2026-05-05,6365.0,5921.1997
松山機場,2026-05-06,5717.0,6154.2354
松山機場,2026-05-07,5437.0,5802.0254
松山機場,2026-05-08,5889.0,6023.8604
松山機場,2026-05-09,4355.0,4560.4478
松山機場,2026-05-10,4371.0,4519.261
松山機場,2026-05-11,5709.0,5646.624
松山機場,2026-05-12,5634.0,5614.902
松山機場,2026-05-13,6120.0,5710.069
松山機場,2026-05-14,5786.0,5918.266
松山機場,2026-05-15,6380.0,6055.364
松山機場,2026-05-16,5251.0,4627.8784
松山機場,2026-05-17,5002.0,4946.084
松山機場,2026-05-18,5957.0,5877.366
松山機場,2026-05-19,5743.0,5795.9326
松山機場,2026-05-20,5984.0,5735.8525
松山機場,2026-05-21,5967.0,5809.4556
松山機場,2026-05-22,6287.0,6233.7324
松山機場,2026-05-23,5359.0,4832.61
松山機場,2026-05-24,4914.0,5072.294
松山機場,2026-05-25,5648.0,5785.1147
松山機場,2026-05-26,5989.0,5629.5356
松山機場,2026-05-27,5855.0,5840.681
松山機場,2026-05-28,5797.0,5826.4004
松山機場,2026-05-29,6176.0,6181.9453
松山機場,2026-05-30,5061.0,4838.274
松山機場,2026-05-31,4968.0,4961.0337
松江南京,2026-01-01,18367.0,17797.938
松江南京,2026-01-02,43514.0,44014.71
松江南京,2026-01-03,21065.0,21871.617
松江南京,2026-01-04,15770.0,16925.217
松江南京,2026-01-05,42825.0,43137.906
松江南京,2026-01-06,44550.0,44201.32
松江南京,2026-01-07,44135.0,44598.977
松江南京,2026-01-08,44463.0,44541.566
松江南京,2026-01-09,45759.0,46191.668
松江南京,2026-01-10,22423.0,23532.719
松江南京,2026-01-11,17174.0,17338.75
松江南京,2026-01-12,42574.0,41866.14
松江南京,2026-01-13,43481.0,43480.812
松江南京,2026-01-14,43774.0,44068.625
松江南京,2026-01-15,43863.0,43769.312
松江南京,2026-01-16,46047.0,44669.836
松江南京,2026-01-17,23499.0,22455.344
松江南京,2026-01-18,18628.0,18002.623
松江南京,2026-01-19,42844.0,42267.004
松江南京,2026-01-20,43524.0,43692.156
松江南京,2026-01-21,43538.0,42815.9
松江南京,2026-01-22,44839.0,42850.81
松江南京,2026-01-23,45737.0,44521.555
松江南京,2026-01-24,23053.0,21512.904
松江南京,2026-01-25,17059.0,17625.0
松江南京,2026-01-26,40569.0,42110.176
松江南京,2026-01-27,43408.0,42980.78
松江南京,2026-01-28,42869.0,42423.227
松江南京,2026-01-29,42920.0,42669.953
松江南京,2026-01-30,43909.0,43973.457
松江南京,2026-01-31,22861.0,21590.047
松江南京,2026-02-01,17150.0,17112.06
松江南京,2026-02-02,42113.0,41050.906
松江南京,2026-02-03,43612.0,42806.945
松江南京,2026-02-04,43248.0,42659.562
松江南京,2026-02-05,43944.0,42858.953
松江南京,2026-02-06,45890.0,44367.758
松江南京,2026-02-07,23431.0,21616.172
松江南京,2026-02-08,17565.0,17465.121
松江南京,2026-02-09,42178.0,41605.457
松江南京,2026-02-10,43807.0,43187.305
松江南京,2026-02-11,43200.0,42890.633
松江南京,2026-02-12,42568.0,43041.785
松江南京,2026-02-13,39861.0,44279.508
松江南京,2026-02-14,17195.0,20177.938
松江南京,2026-02-15,12339.0,14514.402
松江南京,2026-02-16,8332.0,5964.744
松江南京,2026-02-17,10156.0,7887.9375
松江南京,2026-02-18,11118.0,14153.088
松江南京,2026-02-19,12909.0,11905.4375
松江南京,2026-02-20,14228.0,12078.533
松江南京,2026-02-21,16086.0,14497.707
松江南京,2026-02-22,14109.0,12529.441
松江南京,2026-02-23,40407.0,36744.676
松江南京,2026-02-24,41638.0,41371.812
松江南京,2026-02-25,43721.0,42436.438
松江南京,2026-02-26,44110.0,43348.617
松江南京,2026-02-27,21336.0,18605.21
松江南京,2026-02-28,19879.0,17754.975
松江南京,2026-03-01,15277.0,18210.488
松江南京,2026-03-02,41660.0,40605.188
松江南京,2026-03-03,43013.0,42172.42
松江南京,2026-03-04,45004.0,42353.15
松江南京,2026-03-05,44570.0,42862.727
松江南京,2026-03-06,46437.0,43530.906
松江南京,2026-03-07,23213.0,22224.32
松江南京,2026-03-08,17270.0,17827.555
松江南京,2026-03-09,42846.0,42682.32
松江南京,2026-03-10,44320.0,43560.742
松江南京,2026-03-11,44460.0,43817.04
松江南京,2026-03-12,44602.0,43564.49
松江南京,2026-03-13,45452.0,44649.44
松江南京,2026-03-14,22874.0,23610.205
松江南京,2026-03-15,17551.0,17765.586
松江南京,2026-03-16,42395.0,41303.5
松江南京,2026-03-17,43780.0,42877.984
松江南京,2026-03-18,43748.0,43309.234
松江南京,2026-03-19,44302.0,42995.633
松江南京,2026-03-20,44896.0,44578.547
松江南京,2026-03-21,23598.0,21583.926
松江南京,2026-03-22,17695.0,17559.79
松江南京,2026-03-23,42230.0,41984.86
松江南京,2026-03-24,43646.0,43171.438
松江南京,2026-03-25,43813.0,42645.54
松江南京,2026-03-26,43880.0,42759.86
松江南京,2026-03-27,45479.0,44365.527
松江南京,2026-03-28,22736.0,21715.016
松江南京,2026-03-29,16508.0,17274.105
松江南京,2026-03-30,42159.0,41864.887
松江南京,2026-03-31,43061.0,43208.613
松江南京,2026-04-01,43208.0,42901.99
松江南京,2026-04-02,43175.0,42871.234
松江南京,2026-04-03,19418.0,19071.432
松江南京,2026-04-04,18120.0,16617.055
松江南京,2026-04-05,15150.0,14925.057
松江南京,2026-04-06,15354.0,15154.838
松江南京,2026-04-07,42926.0,42552.445
松江南京,2026-04-08,43627.0,41981.61
松江南京,2026-04-09,43623.0,42511.18
松江南京,2026-04-10,45341.0,44471.4
松江南京,2026-04-11,23752.0,22686.645
松江南京,2026-04-12,17175.0,18248.504
松江南京,2026-04-13,41288.0,41185.35
松江南京,2026-04-14,42764.0,42235.266
松江南京,2026-04-15,43059.0,42500.53
松江南京,2026-04-16,43227.0,42609.227
松江南京,2026-04-17,43883.0,44410.594
松江南京,2026-04-18,21785.0,22706.578
松江南京,2026-04-19,16119.0,17053.32
松江南京,2026-04-20,40781.0,40783.51
松江南京,2026-04-21,42343.0,42004.72
松江南京,2026-04-22,42493.0,42586.406
松江南京,2026-04-23,43712.0,42546.977
松江南京,2026-04-24,45868.0,43845.445
松江南京,2026-04-25,22686.0,21810.348
松江南京,2026-04-26,17367.0,17296.79
松江南京,2026-04-27,41680.0,40974.125
松江南京,2026-04-28,42870.0,42287.496
松江南京,2026-04-29,43776.0,41808.812
松江南京,2026-04-30,46143.0,42158.562
松江南京,2026-05-01,21292.0,18706.86
松江南京,2026-05-02,21473.0,17495.113
松江南京,2026-05-03,16618.0,15838.461
松江南京,2026-05-04,43772.0,41023.562
松江南京,2026-05-05,45491.0,42924.54
松江南京,2026-05-06,43832.0,43544.426
松江南京,2026-05-07,43987.0,42964.625
松江南京,2026-05-08,45044.0,45404.29
松江南京,2026-05-09,21963.0,22733.732
松江南京,2026-05-10,15458.0,17323.74
松江南京,2026-05-11,40933.0,41877.85
松江南京,2026-05-12,42794.0,42771.36
松江南京,2026-05-13,44066.0,43321.4
松江南京,2026-05-14,43191.0,43559.88
松江南京,2026-05-15,45580.0,44634.62
松江南京,2026-05-16,23316.0,22798.418
松江南京,2026-05-17,18299.0,17530.133
松江南京,2026-05-18,40722.0,41451.9
松江南京,2026-05-19,42216.0,42302.125
松江南京,2026-05-20,42959.0,42275.68
松江南京,2026-05-21,42894.0,42188.93
松江南京,2026-05-22,43838.0,43607.574
松江南京,2026-05-23,22792.0,21230.957
松江南京,2026-05-24,16646.0,17109.633
松江南京,2026-05-25,40699.0,40986.2
松江南京,2026-05-26,42797.0,41967.59
松江南京,2026-05-27,42782.0,41878.73
松江南京,2026-05-28,42536.0,41571.9
松江南京,2026-05-29,44240.0,42997.31
松江南京,2026-05-30,21928.0,20941.742
松江南京,2026-05-31,16848.0,16655.465
板新,2026-01-01,746.0,834.4814
板新,2026-01-02,1498.0,1620.7657
板新,2026-01-03,956.0,1000.5443
板新,2026-01-04,759.0,822.1233
板新,2026-01-05,1370.0,1375.089
板新,2026-01-06,1459.0,1386.5494
板新,2026-01-07,1451.0,1457.9272
板新,2026-01-08,1380.0,1395.1489
板新,2026-01-09,1434.0,1509.651
板新,2026-01-10,993.0,1006.2882
板新,2026-01-11,762.0,734.6101
板新,2026-01-12,1340.0,1258.9518
板新,2026-01-13,1376.0,1345.4851
板新,2026-01-14,1391.0,1401.2366
板新,2026-01-15,1390.0,1379.9279
板新,2026-01-16,1450.0,1486.2655
板新,2026-01-17,1047.0,1110.0604
板新,2026-01-18,833.0,799.7117
板新,2026-01-19,1393.0,1284.6216
板新,2026-01-20,1525.0,1408.5957
板新,2026-01-21,1429.0,1449.0038
板新,2026-01-22,1438.0,1430.4751
板新,2026-01-23,1496.0,1561.0748
板新,2026-01-24,1028.0,1033.3763
板新,2026-01-25,850.0,762.71204
板新,2026-01-26,1356.0,1373.9846
板新,2026-01-27,1370.0,1400.792
板新,2026-01-28,1431.0,1395.3959
板新,2026-01-29,1490.0,1435.8109
板新,2026-01-30,1470.0,1551.6587
板新,2026-01-31,1173.0,953.0664
板新,2026-02-01,814.0,809.86865
板新,2026-02-02,1329.0,1332.5527
板新,2026-02-03,1356.0,1378.1892
板新,2026-02-04,1444.0,1368.7319
板新,2026-02-05,1390.0,1438.8838
板新,2026-02-06,1441.0,1518.1885
板新,2026-02-07,1004.0,940.78467
板新,2026-02-08,788.0,731.2328
板新,2026-02-09,1359.0,1300.7852
板新,2026-02-10,1398.0,1369.1097
板新,2026-02-11,1414.0,1379.2714
板新,2026-02-12,1327.0,1416.8438
板新,2026-02-13,1260.0,1481.0312
板新,2026-02-14,789.0,841.04065
板新,2026-02-15,593.0,615.2396
板新,2026-02-16,455.0,526.9979
板新,2026-02-17,493.0,465.25287
板新,2026-02-18,611.0,858.6447
板新,2026-02-19,751.0,875.71466
板新,2026-02-20,806.0,782.4098
板新,2026-02-21,926.0,837.3617
板新,2026-02-22,767.0,587.26306
板新,2026-02-23,1343.0,1152.5159
板新,2026-02-24,1412.0,1392.5396
板新,2026-02-25,1604.0,1385.576
板新,2026-02-26,1508.0,1488.1273
板新,2026-02-27,1062.0,929.20215
板新,2026-02-28,1055.0,1239.1368
板新,2026-03-01,840.0,911.2628
板新,2026-03-02,1467.0,1335.4978
板新,2026-03-03,1497.0,1548.1884
板新,2026-03-04,1505.0,1589.5823
板新,2026-03-05,1547.0,1457.4906
板新,2026-03-06,1537.0,1562.612
板新,2026-03-07,1157.0,1562.152
板新,2026-03-08,868.0,875.75586
板新,2026-03-09,1461.0,1309.0132
板新,2026-03-10,1569.0,1429.4839
板新,2026-03-11,1578.0,1544.7932
板新,2026-03-12,1548.0,1551.3119
板新,2026-03-13,1470.0,1644.134
板新,2026-03-14,1216.0,1446.6246
板新,2026-03-15,872.0,880.2646
板新,2026-03-16,1496.0,1279.9829
板新,2026-03-17,1516.0,1472.0701
板新,2026-03-18,1522.0,1456.8141
板新,2026-03-19,1473.0,1519.4474
板新,2026-03-20,1540.0,1624.2949
板新,2026-03-21,1023.0,1056.4014
板新,2026-03-22,911.0,768.05615
板新,2026-03-23,1441.0,1381.2383
板新,2026-03-24,1549.0,1484.2694
板新,2026-03-25,1519.0,1475.1267
板新,2026-03-26,1454.0,1536.3455
板新,2026-03-27,1535.0,1601.1682
板新,2026-03-28,1014.0,979.2204
板新,2026-03-29,678.0,757.24176
板新,2026-03-30,1475.0,1348.9802
板新,2026-03-31,1489.0,1480.9589
板新,2026-04-01,1506.0,1444.3364
板新,2026-04-02,1439.0,1516.6023
板新,2026-04-03,848.0,1008.30963
板新,2026-04-04,782.0,823.917
板新,2026-04-05,767.0,640.1122
板新,2026-04-06,733.0,862.04114
板新,2026-04-07,1410.0,1449.5852
板新,2026-04-08,1492.0,1374.7057
板新,2026-04-09,1521.0,1538.7671
板新,2026-04-10,1494.0,1669.9789
板新,2026-04-11,1031.0,895.90857
板新,2026-04-12,770.0,784.95056
板新,2026-04-13,1449.0,1380.2006
板新,2026-04-14,1561.0,1447.2468
板新,2026-04-15,1507.0,1501.5946
板新,2026-04-16,1452.0,1532.5986
板新,2026-04-17,1535.0,1587.2312
板新,2026-04-18,1031.0,992.3529
板新,2026-04-19,831.0,766.8382
板新,2026-04-20,1393.0,1338.6708
板新,2026-04-21,1449.0,1439.3667
板新,2026-04-22,1531.0,1416.1987
板新,2026-04-23,1444.0,1485.7784
板新,2026-04-24,1642.0,1540.2251
板新,2026-04-25,1079.0,1098.0615
板新,2026-04-26,920.0,813.9916
板新,2026-04-27,1438.0,1365.1255
板新,2026-04-28,1559.0,1494.6942
板新,2026-04-29,1516.0,1442.7535
板新,2026-04-30,1623.0,1519.0071
板新,2026-05-01,961.0,983.549
板新,2026-05-02,1008.0,928.45386
板新,2026-05-03,801.0,711.21423
板新,2026-05-04,1561.0,1345.8367
板新,2026-05-05,1729.0,1508.984
板新,2026-05-06,1519.0,1611.1016
板新,2026-05-07,1540.0,1574.9417
板新,2026-05-08,1594.0,1680.9448
板新,2026-05-09,1078.0,1012.8739
板新,2026-05-10,782.0,806.39966
板新,2026-05-11,1502.0,1412.5634
板新,2026-05-12,1566.0,1484.8256
板新,2026-05-13,1620.0,1529.5496
板新,2026-05-14,1519.0,1599.2822
板新,2026-05-15,1669.0,1626.6779
板新,2026-05-16,1034.0,1091.2635
板新,2026-05-17,911.0,777.9491
板新,2026-05-18,1446.0,1391.8745
板新,2026-05-19,1458.0,1495.3127
板新,2026-05-20,1529.0,1439.1539
板新,2026-05-21,1503.0,1521.7437
板新,2026-05-22,1528.0,1601.6785
板新,2026-05-23,1089.0,1042.1267
板新,2026-05-24,886.0,759.2672
板新,2026-05-25,1431.0,1363.0437
板新,2026-05-26,1530.0,1467.2314
板新,2026-05-27,1505.0,1452.0977
板新,2026-05-28,1458.0,1532.1616
板新,2026-05-29,1637.0,1586.258
板新,2026-05-30,1026.0,1042.1636
板新,2026-05-31,840.0,743.12805
橋和,2026-01-01,465.0,381.85022
橋和,2026-01-02,1341.0,1495.1104
橋和,2026-01-03,534.0,519.4206
橋和,2026-01-04,412.0,506.53494
橋和,2026-01-05,1487.0,1331.2859
橋和,2026-01-06,1448.0,1440.5797
橋和,2026-01-07,1507.0,1395.7631
橋和,2026-01-08,1469.0,1389.3452
橋和,2026-01-09,1525.0,1492.1709
橋和,2026-01-10,620.0,661.2619
橋和,2026-01-11,461.0,496.6256
橋和,2026-01-12,1496.0,1297.2451
橋和,2026-01-13,1441.0,1437.283
橋和,2026-01-14,1474.0,1396.7118
橋和,2026-01-15,1476.0,1377.5425
橋和,2026-01-16,1551.0,1482.6296
橋和,2026-01-17,716.0,713.4456
橋和,2026-01-18,486.0,555.7594
橋和,2026-01-19,1496.0,1369.0802
橋和,2026-01-20,1516.0,1471.4504
橋和,2026-01-21,1455.0,1449.7136
橋和,2026-01-22,1570.0,1422.7808
橋和,2026-01-23,1559.0,1563.5425
橋和,2026-01-24,600.0,664.60077
橋和,2026-01-25,487.0,512.1196
橋和,2026-01-26,1523.0,1425.084
橋和,2026-01-27,1497.0,1517.0359
橋和,2026-01-28,1525.0,1476.3774
橋和,2026-01-29,1508.0,1461.294
橋和,2026-01-30,1588.0,1533.3345
橋和,2026-01-31,666.0,643.34863
橋和,2026-02-01,464.0,533.0879
橋和,2026-02-02,1497.0,1402.3113
橋和,2026-02-03,1525.0,1490.4031
橋和,2026-02-04,1523.0,1468.9279
橋和,2026-02-05,1518.0,1459.69
橋和,2026-02-06,1645.0,1554.8625
橋和,2026-02-07,664.0,658.44507
橋和,2026-02-08,547.0,541.7589
橋和,2026-02-09,1484.0,1426.9724
橋和,2026-02-10,1540.0,1495.8088
橋和,2026-02-11,1562.0,1479.6592
橋和,2026-02-12,1466.0,1488.8606
橋和,2026-02-13,1395.0,1547.4379
橋和,2026-02-14,434.0,575.51556
橋和,2026-02-15,362.0,439.27747
橋和,2026-02-16,301.0,269.0639
橋和,2026-02-17,247.0,279.34283
橋和,2026-02-18,378.0,443.95377
橋和,2026-02-19,403.0,415.5158
橋和,2026-02-20,371.0,438.45126
橋和,2026-02-21,479.0,509.9128
橋和,2026-02-22,383.0,457.88022
橋和,2026-02-23,1314.0,1219.0548
橋和,2026-02-24,1351.0,1427.598
橋和,2026-02-25,1394.0,1362.8331
橋和,2026-02-26,1413.0,1335.837
橋和,2026-02-27,590.0,561.04266
橋和,2026-02-28,517.0,691.97864
橋和,2026-03-01,379.0,721.3811
橋和,2026-03-02,1388.0,1291.5155
橋和,2026-03-03,1397.0,1402.5328
橋和,2026-03-04,1440.0,1405.5061
橋和,2026-03-05,1576.0,1350.289
橋和,2026-03-06,1519.0,1535.09
橋和,2026-03-07,633.0,1049.8657
橋和,2026-03-08,490.0,675.43604
橋和,2026-03-09,1359.0,1310.1384
橋和,2026-03-10,1483.0,1372.4204
橋和,2026-03-11,1433.0,1370.068
橋和,2026-03-12,1457.0,1355.6448
橋和,2026-03-13,1567.0,1521.3679
橋和,2026-03-14,633.0,980.8276
橋和,2026-03-15,469.0,543.4301
橋和,2026-03-16,1454.0,1235.179
橋和,2026-03-17,1477.0,1382.2068
橋和,2026-03-18,1458.0,1370.9763
橋和,2026-03-19,1472.0,1380.7776
橋和,2026-03-20,1526.0,1530.4617
橋和,2026-03-21,594.0,639.2053
橋和,2026-03-22,502.0,515.76416
橋和,2026-03-23,1422.0,1363.464
橋和,2026-03-24,1477.0,1435.5164
橋和,2026-03-25,1449.0,1411.3445
橋和,2026-03-26,1455.0,1411.8892
橋和,2026-03-27,1588.0,1518.8159
橋和,2026-03-28,535.0,631.0139
橋和,2026-03-29,415.0,500.6124
橋和,2026-03-30,1419.0,1341.7378
橋和,2026-03-31,1459.0,1427.0571
橋和,2026-04-01,1460.0,1415.0126
橋和,2026-04-02,1491.0,1414.2323
橋和,2026-04-03,532.0,627.2368
橋和,2026-04-04,338.0,476.94415
橋和,2026-04-05,368.0,485.3766
橋和,2026-04-06,397.0,474.94928
橋和,2026-04-07,1414.0,1403.2307
橋和,2026-04-08,1476.0,1371.197
橋和,2026-04-09,1438.0,1448.8135
橋和,2026-04-10,1528.0,1556.2391
橋和,2026-04-11,636.0,570.4227
橋和,2026-04-12,455.0,554.4942
橋和,2026-04-13,1440.0,1341.2526
橋和,2026-04-14,1432.0,1428.6323
橋和,2026-04-15,1489.0,1403.5942
橋和,2026-04-16,1525.0,1407.0632
橋和,2026-04-17,1545.0,1518.1364
橋和,2026-04-18,566.0,684.1033
橋和,2026-04-19,397.0,518.236
橋和,2026-04-20,1395.0,1309.2395
橋和,2026-04-21,1413.0,1402.4691
橋和,2026-04-22,1453.0,1369.9272
橋和,2026-04-23,1544.0,1373.1791
橋和,2026-04-24,1587.0,1494.0193
橋和,2026-04-25,589.0,651.60046
橋和,2026-04-26,479.0,536.89923
橋和,2026-04-27,1454.0,1366.0687
橋和,2026-04-28,1415.0,1455.4391
橋和,2026-04-29,1491.0,1391.22
橋和,2026-04-30,1566.0,1415.3125
橋和,2026-05-01,563.0,559.6997
橋和,2026-05-02,498.0,509.3502
橋和,2026-05-03,443.0,545.0937
橋和,2026-05-04,1481.0,1370.741
橋和,2026-05-05,1555.0,1453.3309
橋和,2026-05-06,1485.0,1478.0295
橋和,2026-05-07,1510.0,1457.8601
橋和,2026-05-08,1478.0,1578.5713
橋和,2026-05-09,673.0,604.3577
橋和,2026-05-10,466.0,554.08057
橋和,2026-05-11,1474.0,1364.7635
橋和,2026-05-12,1482.0,1437.0931
橋和,2026-05-13,1580.0,1443.5513
橋和,2026-05-14,1482.0,1465.9513
橋和,2026-05-15,1527.0,1524.04
橋和,2026-05-16,637.0,677.92865
橋和,2026-05-17,520.0,549.5968
橋和,2026-05-18,1421.0,1383.1633
橋和,2026-05-19,1468.0,1435.6477
橋和,2026-05-20,1537.0,1414.181
橋和,2026-05-21,1442.0,1428.9219
橋和,2026-05-22,1571.0,1510.5173
橋和,2026-05-23,631.0,658.4202
橋和,2026-05-24,459.0,548.2241
橋和,2026-05-25,1442.0,1411.7455
橋和,2026-05-26,1491.0,1468.058
橋和,2026-05-27,1466.0,1443.3464
橋和,2026-05-28,1454.0,1428.2604
橋和,2026-05-29,1534.0,1517.186
橋和,2026-05-30,605.0,606.86743
橋和,2026-05-31,497.0,533.13696
民權西路,2026-01-01,15178.0,17455.93
民權西路,2026-01-02,26052.0,26990.09
民權西路,2026-01-03,18891.0,18737.37
民權西路,2026-01-04,17109.0,16732.371
民權西路,2026-01-05,25838.0,26329.404
民權西路,2026-01-06,26008.0,26579.842
民權西路,2026-01-07,26360.0,26538.021
民權西路,2026-01-08,26457.0,26618.43
民權西路,2026-01-09,27912.0,27550.906
民權西路,2026-01-10,19935.0,20033.422
民權西路,2026-01-11,18057.0,17262.06
民權西路,2026-01-12,25359.0,25523.7
民權西路,2026-01-13,25890.0,26078.643
民權西路,2026-01-14,26373.0,26183.123
民權西路,2026-01-15,26645.0,26351.586
民權西路,2026-01-16,28448.0,27363.793
民權西路,2026-01-17,20096.0,20152.506
民權西路,2026-01-18,18620.0,17736.525
民權西路,2026-01-19,25054.0,25842.438
民權西路,2026-01-20,25917.0,26070.383
民權西路,2026-01-21,25866.0,25904.115
民權西路,2026-01-22,25809.0,26033.76
民權西路,2026-01-23,26918.0,27205.469
民權西路,2026-01-24,19572.0,18927.812
民權西路,2026-01-25,18370.0,16977.338
民權西路,2026-01-26,24931.0,25298.334
民權西路,2026-01-27,24811.0,25842.18
民權西路,2026-01-28,25132.0,25384.418
民權西路,2026-01-29,25688.0,25588.137
民權西路,2026-01-30,26550.0,26751.357
民權西路,2026-01-31,19408.0,19144.344
民權西路,2026-02-01,16546.0,16971.707
民權西路,2026-02-02,24248.0,24502.877
民權西路,2026-02-03,24828.0,25236.523
民權西路,2026-02-04,25687.0,25179.684
民權西路,2026-02-05,25882.0,25679.264
民權西路,2026-02-06,27549.0,26862.102
民權西路,2026-02-07,20625.0,19230.11
民權西路,2026-02-08,17446.0,17351.05
民權西路,2026-02-09,24586.0,24430.826
民權西路,2026-02-10,25491.0,25417.72
民權西路,2026-02-11,25313.0,25557.21
民權西路,2026-02-12,25249.0,25727.467
民權西路,2026-02-13,24100.0,26886.307
民權西路,2026-02-14,15603.0,17709.191
民權西路,2026-02-15,12626.0,14383.477
民權西路,2026-02-16,7256.0,7989.302
民權西路,2026-02-17,10327.0,8179.0986
民權西路,2026-02-18,10951.0,13804.254
民權西路,2026-02-19,12522.0,13202.239
民權西路,2026-02-20,13527.0,13558.056
民權西路,2026-02-21,15081.0,14690.951
民權西路,2026-02-22,15808.0,13476.291
民權西路,2026-02-23,25010.0,21842.883
民權西路,2026-02-24,25830.0,25248.22
民權西路,2026-02-25,26986.0,25744.152
民權西路,2026-02-26,28009.0,26177.412
民權西路,2026-02-27,17940.0,19431.754
民權西路,2026-02-28,18927.0,17199.277
民權西路,2026-03-01,16640.0,17882.88
民權西路,2026-03-02,25691.0,24472.99
民權西路,2026-03-03,25901.0,25682.154
民權西路,2026-03-04,26717.0,25522.404
民權西路,2026-03-05,26879.0,25793.125
民權西路,2026-03-06,28346.0,27071.014
民權西路,2026-03-07,20180.0,21075.395
民權西路,2026-03-08,17866.0,17734.305
民權西路,2026-03-09,26200.0,25890.045
民權西路,2026-03-10,26155.0,26282.805
民權西路,2026-03-11,27307.0,26165.855
民權西路,2026-03-12,27130.0,26520.635
民權西路,2026-03-13,28321.0,27597.457
民權西路,2026-03-14,21307.0,21180.701
民權西路,2026-03-15,19118.0,18329.03
民權西路,2026-03-16,25836.0,25683.566
民權西路,2026-03-17,27058.0,26134.082
民權西路,2026-03-18,27678.0,26195.02
民權西路,2026-03-19,27672.0,26543.168
民權西路,2026-03-20,29231.0,28283.066
民權西路,2026-03-21,21707.0,20308.53
民權西路,2026-03-22,17973.0,18553.95
民權西路,2026-03-23,26295.0,25958.867
民權西路,2026-03-24,27217.0,26918.895
民權西路,2026-03-25,27333.0,27130.582
民權西路,2026-03-26,27314.0,27151.5
民權西路,2026-03-27,28235.0,28472.191
民權西路,2026-03-28,20245.0,20038.633
民權西路,2026-03-29,17933.0,17678.754
民權西路,2026-03-30,26122.0,25806.316
民權西路,2026-03-31,26721.0,26825.86
民權西路,2026-04-01,26446.0,27094.467
民權西路,2026-04-02,27868.0,26827.453
民權西路,2026-04-03,16092.0,19295.574
民權西路,2026-04-04,14896.0,16693.75
民權西路,2026-04-05,16037.0,15101.479
民權西路,2026-04-06,13869.0,15282.649
民權西路,2026-04-07,26047.0,25553.045
民權西路,2026-04-08,26829.0,25968.184
民權西路,2026-04-09,27307.0,26535.855
民權西路,2026-04-10,28480.0,28119.719
民權西路,2026-04-11,21302.0,20119.809
民權西路,2026-04-12,18854.0,18057.879
民權西路,2026-04-13,25572.0,25503.266
民權西路,2026-04-14,26483.0,26101.367
民權西路,2026-04-15,26449.0,26273.545
民權西路,2026-04-16,27315.0,26558.178
民權西路,2026-04-17,28359.0,28370.691
民權西路,2026-04-18,21191.0,21236.33
民權西路,2026-04-19,18879.0,18099.479
民權西路,2026-04-20,25956.0,25762.83
民權西路,2026-04-21,26168.0,26482.566
民權西路,2026-04-22,26518.0,26543.223
民權西路,2026-04-23,26337.0,26657.113
民權西路,2026-04-24,27790.0,27835.496
民權西路,2026-04-25,19520.0,20157.281
民權西路,2026-04-26,18974.0,17609.57
民權西路,2026-04-27,26306.0,25718.705
民權西路,2026-04-28,26875.0,26465.58
民權西路,2026-04-29,26893.0,26190.727
民權西路,2026-04-30,28609.0,26376.484
民權西路,2026-05-01,18880.0,18535.62
民權西路,2026-05-02,18601.0,18011.123
民權西路,2026-05-03,16859.0,16473.578
民權西路,2026-05-04,26647.0,25177.328
民權西路,2026-05-05,26615.0,26636.99
民權西路,2026-05-06,27145.0,26703.988
民權西路,2026-05-07,27684.0,26832.104
民權西路,2026-05-08,28901.0,28643.08
民權西路,2026-05-09,20641.0,20474.398
民權西路,2026-05-10,16487.0,18157.89
民權西路,2026-05-11,26106.0,25622.969
民權西路,2026-05-12,26678.0,26621.617
民權西路,2026-05-13,26347.0,26999.117
民權西路,2026-05-14,26305.0,26775.111
民權西路,2026-05-15,28776.0,27766.18
民權西路,2026-05-16,22017.0,20296.81
民權西路,2026-05-17,19537.0,18535.098
民權西路,2026-05-18,25322.0,26035.271
民權西路,2026-05-19,26309.0,26263.426
民權西路,2026-05-20,26629.0,26452.305
民權西路,2026-05-21,26772.0,26441.379
民權西路,2026-05-22,27658.0,27816.988
民權西路,2026-05-23,21298.0,19828.549
民權西路,2026-05-24,18568.0,18334.92
民權西路,2026-05-25,25497.0,25799.633
民權西路,2026-05-26,26039.0,26273.164
民權西路,2026-05-27,26112.0,26204.678
民權西路,2026-05-28,26057.0,26126.303
民權西路,2026-05-29,27356.0,27433.809
民權西路,2026-05-30,20503.0,19591.943
民權西路,2026-05-31,17071.0,17878.023
永安市場,2026-01-01,15033.0,17286.406
永安市場,2026-01-02,24711.0,26243.64
永安市場,2026-01-03,19290.0,19188.398
永安市場,2026-01-04,16037.0,16284.797
永安市場,2026-01-05,24334.0,24871.674
永安市場,2026-01-06,25153.0,25315.893
永安市場,2026-01-07,25197.0,25381.438
永安市場,2026-01-08,25283.0,25298.68
永安市場,2026-01-09,26766.0,26765.387
永安市場,2026-01-10,21051.0,20780.984
永安市場,2026-01-11,16576.0,16847.812
永安市場,2026-01-12,24073.0,24082.723
永安市場,2026-01-13,25539.0,24867.305
永安市場,2026-01-14,25698.0,25437.035
永安市場,2026-01-15,25815.0,25601.924
永安市場,2026-01-16,26780.0,26954.633
永安市場,2026-01-17,20196.0,20944.56
永安市場,2026-01-18,16748.0,16773.648
永安市場,2026-01-19,23393.0,24122.057
永安市場,2026-01-20,26265.0,24725.93
永安市場,2026-01-21,24945.0,25435.041
永安市場,2026-01-22,24981.0,25088.252
永安市場,2026-01-23,26572.0,26336.613
永安市場,2026-01-24,20481.0,19724.373
永安市場,2026-01-25,17419.0,16358.434
永安市場,2026-01-26,23945.0,24089.049
永安市場,2026-01-27,25018.0,24910.078
永安市場,2026-01-28,24782.0,24998.04
永安市場,2026-01-29,25802.0,25005.033
永安市場,2026-01-30,26824.0,26940.568
永安市場,2026-01-31,20463.0,20637.367
永安市場,2026-02-01,16135.0,16651.955
永安市場,2026-02-02,23853.0,23814.227
永安市場,2026-02-03,25423.0,24869.705
永安市場,2026-02-04,25594.0,25267.19
永安市場,2026-02-05,25711.0,25480.96
永安市場,2026-02-06,26509.0,27091.883
永安市場,2026-02-07,20991.0,19996.422
永安市場,2026-02-08,17011.0,16627.285
永安市場,2026-02-09,24575.0,24026.418
永安市場,2026-02-10,25947.0,25272.723
永安市場,2026-02-11,25097.0,25740.104
永安市場,2026-02-12,26043.0,25348.686
永安市場,2026-02-13,25309.0,27408.986
永安市場,2026-02-14,17684.0,19452.537
永安市場,2026-02-15,13553.0,15107.822
永安市場,2026-02-16,9819.0,8487.516
永安市場,2026-02-17,12288.0,7935.84
永安市場,2026-02-18,13445.0,14986.689
永安市場,2026-02-19,14422.0,14689.73
永安市場,2026-02-20,14972.0,15005.295
永安市場,2026-02-21,17337.0,15709.425
永安市場,2026-02-22,15415.0,14759.453
永安市場,2026-02-23,23826.0,21499.576
永安市場,2026-02-24,25276.0,25102.145
永安市場,2026-02-25,25862.0,25624.746
永安市場,2026-02-26,26503.0,25743.15
永安市場,2026-02-27,19566.0,20184.719
永安市場,2026-02-28,19374.0,19001.428
永安市場,2026-03-01,16240.0,17660.09
永安市場,2026-03-02,24559.0,23940.25
永安市場,2026-03-03,25233.0,25206.457
永安市場,2026-03-04,25404.0,24913.645
永安市場,2026-03-05,25757.0,25125.242
永安市場,2026-03-06,26950.0,26829.982
永安市場,2026-03-07,21406.0,21847.596
永安市場,2026-03-08,17296.0,17246.066
永安市場,2026-03-09,24632.0,24372.62
永安市場,2026-03-10,25450.0,25217.637
永安市場,2026-03-11,26458.0,25348.15
永安市場,2026-03-12,26157.0,25645.28
永安市場,2026-03-13,27086.0,27517.738
永安市場,2026-03-14,22461.0,22384.715
永安市場,2026-03-15,17759.0,18003.152
永安市場,2026-03-16,24599.0,23789.799
永安市場,2026-03-17,25845.0,25062.025
永安市場,2026-03-18,26204.0,25045.979
永安市場,2026-03-19,25770.0,25615.887
永安市場,2026-03-20,27086.0,27404.324
永安市場,2026-03-21,21333.0,20445.242
永安市場,2026-03-22,17627.0,17025.104
永安市場,2026-03-23,24650.0,24521.4
永安市場,2026-03-24,25881.0,25683.328
永安市場,2026-03-25,25898.0,25790.348
永安市場,2026-03-26,25851.0,25795.08
永安市場,2026-03-27,27068.0,27519.945
永安市場,2026-03-28,20551.0,20662.787
永安市場,2026-03-29,16670.0,16791.3
永安市場,2026-03-30,24394.0,24395.172
永安市場,2026-03-31,25410.0,25488.168
永安市場,2026-04-01,25815.0,25646.592
永安市場,2026-04-02,26475.0,25792.508
永安市場,2026-04-03,17969.0,19270.791
永安市場,2026-04-04,15452.0,17451.498
永安市場,2026-04-05,15226.0,14405.723
永安市場,2026-04-06,14071.0,15365.156
永安市場,2026-04-07,24522.0,24433.102
永安市場,2026-04-08,25574.0,24845.285
永安市場,2026-04-09,25637.0,25544.773
永安市場,2026-04-10,26976.0,27264.71
永安市場,2026-04-11,21366.0,21067.389
永安市場,2026-04-12,17027.0,17410.8
永安市場,2026-04-13,24089.0,23943.145
永安市場,2026-04-14,25396.0,24869.258
永安市場,2026-04-15,25305.0,25179.115
永安市場,2026-04-16,25248.0,25283.082
永安市場,2026-04-17,26796.0,27049.307
永安市場,2026-04-18,20991.0,21446.96
永安市場,2026-04-19,17574.0,17047.734
永安市場,2026-04-20,24087.0,23868.088
永安市場,2026-04-21,25493.0,24858.121
永安市場,2026-04-22,25467.0,25129.85
永安市場,2026-04-23,24976.0,25216.213
永安市場,2026-04-24,26581.0,26707.572
永安市場,2026-04-25,21152.0,20658.47
永安市場,2026-04-26,18009.0,17258.75
永安市場,2026-04-27,24852.0,23660.26
永安市場,2026-04-28,25993.0,25215.748
永安市場,2026-04-29,25511.0,24876.93
永安市場,2026-04-30,26814.0,24993.326
永安市場,2026-05-01,19767.0,18217.133
永安市場,2026-05-02,19654.0,18325.066
永安市場,2026-05-03,16351.0,15840.223
永安市場,2026-05-04,24731.0,23449.355
永安市場,2026-05-05,25825.0,25342.656
永安市場,2026-05-06,26573.0,25677.566
永安市場,2026-05-07,26012.0,26020.283
永安市場,2026-05-08,27119.0,27597.086
永安市場,2026-05-09,20696.0,20712.625
永安市場,2026-05-10,16533.0,16908.719
永安市場,2026-05-11,24743.0,24377.383
永安市場,2026-05-12,25668.0,25602.037
永安市場,2026-05-13,25275.0,25917.117
永安市場,2026-05-14,25144.0,25654.12
永安市場,2026-05-15,27100.0,26943.83
永安市場,2026-05-16,21534.0,20962.203
永安市場,2026-05-17,17886.0,17217.393
永安市場,2026-05-18,24217.0,24300.766
永安市場,2026-05-19,25509.0,25163.047
永安市場,2026-05-20,25552.0,25336.68
永安市場,2026-05-21,25277.0,25290.293
永安市場,2026-05-22,26218.0,26780.441
永安市場,2026-05-23,21195.0,20046.047
永安市場,2026-05-24,17168.0,16900.672
永安市場,2026-05-25,24161.0,23988.492
永安市場,2026-05-26,25015.0,25135.613
永安市場,2026-05-27,25282.0,24933.352
永安市場,2026-05-28,25010.0,24997.82
永安市場,2026-05-29,26260.0,26599.469
永安市場,2026-05-30,20722.0,19821.33
永安市場,2026-05-31,17347.0,16587.344
永寧,2026-01-01,7740.0,10400.376
永寧,2026-01-02,13701.0,15041.196
永寧,2026-01-03,10713.0,11024.713
永寧,2026-01-04,10131.0,9690.607
永寧,2026-01-05,14214.0,14481.179
永寧,2026-01-06,14182.0,14490.782
永寧,2026-01-07,14450.0,14514.293
永寧,2026-01-08,14358.0,14491.068
永寧,2026-01-09,15608.0,15177.412
永寧,2026-01-10,12261.0,11737.504
永寧,2026-01-11,9920.0,10164.23
永寧,2026-01-12,14187.0,13952.071
永寧,2026-01-13,14439.0,14334.739
永寧,2026-01-14,14751.0,14494.815
永寧,2026-01-15,14526.0,14601.679
永寧,2026-01-16,15811.0,15273.949
永寧,2026-01-17,12065.0,11792.889
永寧,2026-01-18,10693.0,10320.286
永寧,2026-01-19,14375.0,14291.526
永寧,2026-01-20,14474.0,14525.689
永寧,2026-01-21,13801.0,14388.007
永寧,2026-01-22,13702.0,14077.393
永寧,2026-01-23,15375.0,14908.883
永寧,2026-01-24,12245.0,11407.158
永寧,2026-01-25,11076.0,10311.38
永寧,2026-01-26,14114.0,14142.89
永寧,2026-01-27,14017.0,14384.614
永寧,2026-01-28,13884.0,14247.665
永寧,2026-01-29,15060.0,14115.335
永寧,2026-01-30,15414.0,15472.627
永寧,2026-01-31,11892.0,11931.48
永寧,2026-02-01,9695.0,10383.707
永寧,2026-02-02,13194.0,13976.007
永寧,2026-02-03,14322.0,13981.768
永寧,2026-02-04,14857.0,14305.465
永寧,2026-02-05,15120.0,14556.404
永寧,2026-02-06,15882.0,15789.429
永寧,2026-02-07,12065.0,11937.915
永寧,2026-02-08,9992.0,10313.495
永寧,2026-02-09,14292.0,13960.322
永寧,2026-02-10,14545.0,14501.133
永寧,2026-02-11,14411.0,14674.463
永寧,2026-02-12,14868.0,14555.765
永寧,2026-02-13,14124.0,15789.023
永寧,2026-02-14,9282.0,11090.554
永寧,2026-02-15,7190.0,8652.415
永寧,2026-02-16,4543.0,5348.1562
永寧,2026-02-17,7715.0,5763.9995
永寧,2026-02-18,8451.0,9475.43
永寧,2026-02-19,10312.0,9569.891
永寧,2026-02-20,10641.0,9977.599
永寧,2026-02-21,11621.0,10465.567
永寧,2026-02-22,10448.0,9447.392
永寧,2026-02-23,14623.0,12969.285
永寧,2026-02-24,14259.0,14960.372
永寧,2026-02-25,14394.0,14438.137
永寧,2026-02-26,15698.0,14512.402
永寧,2026-02-27,11432.0,12237.578
永寧,2026-02-28,11702.0,11532.285
永寧,2026-03-01,9544.0,11009.306
永寧,2026-03-02,14289.0,13970.966
永寧,2026-03-03,13860.0,14613.206
永寧,2026-03-04,14335.0,14190.866
永寧,2026-03-05,14460.0,14214.366
永寧,2026-03-06,15838.0,15107.681
永寧,2026-03-07,12779.0,12907.524
永寧,2026-03-08,10821.0,11070.249
永寧,2026-03-09,14210.0,14007.043
永寧,2026-03-10,14050.0,14322.26
永寧,2026-03-11,15007.0,14238.409
永寧,2026-03-12,15042.0,14373.553
永寧,2026-03-13,15617.0,15704.393
永寧,2026-03-14,12825.0,12917.602
永寧,2026-03-15,11344.0,10784.907
永寧,2026-03-16,14480.0,13845.729
永寧,2026-03-17,14785.0,14138.19
永寧,2026-03-18,14661.0,14000.883
永寧,2026-03-19,14376.0,14141.038
永寧,2026-03-20,16091.0,15504.186
永寧,2026-03-21,12918.0,12324.304
永寧,2026-03-22,11933.0,10942.285
永寧,2026-03-23,14416.0,14384.74
永寧,2026-03-24,14715.0,14735.6
永寧,2026-03-25,14418.0,14630.291
永寧,2026-03-26,14800.0,14540.221
永寧,2026-03-27,15783.0,15837.983
永寧,2026-03-28,12591.0,12460.868
永寧,2026-03-29,10444.0,10898.356
永寧,2026-03-30,14534.0,14141.091
永寧,2026-03-31,14447.0,14811.979
永寧,2026-04-01,14334.0,14741.859
永寧,2026-04-02,15306.0,14621.029
永寧,2026-04-03,9861.0,11381.233
永寧,2026-04-04,8490.0,10307.514
永寧,2026-04-05,9822.0,8706.888
永寧,2026-04-06,8898.0,9242.627
永寧,2026-04-07,13991.0,13930.279
永寧,2026-04-08,14426.0,14049.033
永寧,2026-04-09,15208.0,14401.49
永寧,2026-04-10,16169.0,15837.442
永寧,2026-04-11,12438.0,12492.874
永寧,2026-04-12,10854.0,10769.06
永寧,2026-04-13,14419.0,14062.638
永寧,2026-04-14,14741.0,14558.239
永寧,2026-04-15,14673.0,14682.636
永寧,2026-04-16,14615.0,14508.786
永寧,2026-04-17,15498.0,15790.994
永寧,2026-04-18,12354.0,12390.258
永寧,2026-04-19,11767.0,10480.328
永寧,2026-04-20,14678.0,14140.437
永寧,2026-04-21,14796.0,14733.418
永寧,2026-04-22,15010.0,14647.955
永寧,2026-04-23,14398.0,14573.2295
永寧,2026-04-24,14844.0,15586.533
永寧,2026-04-25,11918.0,11848.744
永寧,2026-04-26,12296.0,10455.94
永寧,2026-04-27,14812.0,14233.192
永寧,2026-04-28,14913.0,14694.197
永寧,2026-04-29,14947.0,14276.6045
永寧,2026-04-30,15532.0,14259.249
永寧,2026-05-01,12562.0,10624.721
永寧,2026-05-02,12031.0,11877.631
永寧,2026-05-03,10792.0,10366.961
永寧,2026-05-04,14019.0,14199.781
永寧,2026-05-05,14003.0,14526.294
永寧,2026-05-06,14699.0,14398.328
永寧,2026-05-07,15405.0,14469.066
永寧,2026-05-08,15618.0,15955.631
永寧,2026-05-09,11458.0,12372.306
永寧,2026-05-10,10831.0,10463.917
永寧,2026-05-11,14355.0,14378.932
永寧,2026-05-12,14372.0,14662.783
永寧,2026-05-13,14007.0,14654.98
永寧,2026-05-14,13816.0,14367.75
永寧,2026-05-15,15937.0,15104.816
永寧,2026-05-16,12707.0,12131.375
永寧,2026-05-17,11865.0,10849.684
永寧,2026-05-18,14287.0,14169.65
永寧,2026-05-19,14579.0,14453.006
永寧,2026-05-20,14697.0,14397.426
永寧,2026-05-21,14634.0,14224.46
永寧,2026-05-22,16047.0,15443.196
永寧,2026-05-23,12761.0,12260.409
永寧,2026-05-24,11720.0,10896.981
永寧,2026-05-25,14185.0,14368.872
永寧,2026-05-26,14288.0,14584.255
永寧,2026-05-27,14265.0,14253.24
永寧,2026-05-28,14538.0,14132.667
永寧,2026-05-29,15345.0,15496.606
永寧,2026-05-30,12317.0,12132.461
永寧,2026-05-31,10217.0,10679.229
永春,2026-01-01,15186.0,16944.33
永春,2026-01-02,21842.0,22885.219
永春,2026-01-03,16419.0,16111.094
永春,2026-01-04,13206.0,13367.677
永春,2026-01-05,20979.0,21185.635
永春,2026-01-06,22201.0,21998.537
永春,2026-01-07,22008.0,22281.807
永春,2026-01-08,22025.0,22341.875
永春,2026-01-09,23749.0,23830.496
永春,2026-01-10,17505.0,17794.64
永春,2026-01-11,14055.0,14436.832
永春,2026-01-12,20522.0,20517.166
永春,2026-01-13,22005.0,21515.676
永春,2026-01-14,22138.0,22039.043
永春,2026-01-15,22327.0,22231.148
永春,2026-01-16,23740.0,23549.191
永春,2026-01-17,17792.0,17387.096
永春,2026-01-18,14094.0,14758.502
永春,2026-01-19,20901.0,20727.227
永春,2026-01-20,22539.0,21859.783
永春,2026-01-21,21949.0,22053.707
永春,2026-01-22,22108.0,21942.955
永春,2026-01-23,23963.0,23662.387
永春,2026-01-24,17642.0,16994.379
永春,2026-01-25,14503.0,14083.455
永春,2026-01-26,18662.0,21037.74
永春,2026-01-27,20328.0,21059.59
永春,2026-01-28,20097.0,20813.95
永春,2026-01-29,20557.0,20713.465
永春,2026-01-30,22046.0,22475.887
永春,2026-01-31,18252.0,16724.756
永春,2026-02-01,14111.0,14664.452
永春,2026-02-02,19341.0,19619.887
永春,2026-02-03,20280.0,20422.406
永春,2026-02-04,20350.0,20437.932
永春,2026-02-05,21560.0,20651.125
永春,2026-02-06,22351.0,23003.994
永春,2026-02-07,18094.0,16842.996
永春,2026-02-08,14742.0,14478.406
永春,2026-02-09,19875.0,19494.973
永春,2026-02-10,21106.0,20759.572
永春,2026-02-11,20970.0,20975.502
永春,2026-02-12,21628.0,21130.44
永春,2026-02-13,21771.0,23412.05
永春,2026-02-14,15857.0,16200.98
永春,2026-02-15,12677.0,12951.784
永春,2026-02-16,8584.0,6570.7207
永春,2026-02-17,8528.0,5186.1807
永春,2026-02-18,9170.0,11194.021
永春,2026-02-19,9953.0,11098.528
永春,2026-02-20,11029.0,11207.492
永春,2026-02-21,12718.0,12255.359
永春,2026-02-22,12291.0,11121.801
永春,2026-02-23,20042.0,16946.756
永春,2026-02-24,21841.0,21132.324
永春,2026-02-25,22194.0,22257.844
永春,2026-02-26,23252.0,21997.902
永春,2026-02-27,16255.0,17852.75
永春,2026-02-28,15894.0,15884.206
永春,2026-03-01,13170.0,14450.115
永春,2026-03-02,20987.0,19571.863
永春,2026-03-03,21527.0,21580.79
永春,2026-03-04,21909.0,21275.518
永春,2026-03-05,22722.0,21602.848
永春,2026-03-06,24020.0,23915.932
永春,2026-03-07,18068.0,18571.326
永春,2026-03-08,13881.0,14244.605
永春,2026-03-09,20987.0,20355.45
永春,2026-03-10,22240.0,21843.234
永春,2026-03-11,22729.0,22078.621
永春,2026-03-12,22910.0,22627.396
永春,2026-03-13,24291.0,24650.406
永春,2026-03-14,17710.0,18933.97
永春,2026-03-15,14790.0,14642.812
永春,2026-03-16,20473.0,20263.662
永春,2026-03-17,22180.0,21600.033
永春,2026-03-18,22474.0,21929.084
永春,2026-03-19,22393.0,22125.352
永春,2026-03-20,24692.0,24152.113
永春,2026-03-21,18607.0,17857.273
永春,2026-03-22,14761.0,14950.049
永春,2026-03-23,20696.0,20941.143
永春,2026-03-24,22216.0,22135.0
永春,2026-03-25,22248.0,22278.742
永春,2026-03-26,22203.0,22167.438
永春,2026-03-27,23172.0,24086.838
永春,2026-03-28,17723.0,17278.586
永春,2026-03-29,13709.0,14310.0
永春,2026-03-30,20942.0,20580.873
永春,2026-03-31,22417.0,22153.064
永春,2026-04-01,21908.0,22359.893
永春,2026-04-02,23122.0,22113.953
永春,2026-04-03,14875.0,16452.428
永春,2026-04-04,13555.0,14357.398
永春,2026-04-05,12395.0,12299.064
永春,2026-04-06,11533.0,11994.932
永春,2026-04-07,21627.0,21045.727
永春,2026-04-08,22271.0,21732.336
永春,2026-04-09,22632.0,22110.453
永春,2026-04-10,23619.0,24239.951
永春,2026-04-11,17487.0,17636.1
永春,2026-04-12,14567.0,14319.183
永春,2026-04-13,20449.0,20487.031
永春,2026-04-14,21897.0,21461.111
永春,2026-04-15,22049.0,21707.336
永春,2026-04-16,21927.0,21852.742
永春,2026-04-17,23201.0,23785.754
永春,2026-04-18,17430.0,17935.547
永春,2026-04-19,13933.0,14172.67
永春,2026-04-20,20497.0,20347.809
永春,2026-04-21,21607.0,21612.354
永春,2026-04-22,21809.0,21721.582
永春,2026-04-23,21647.0,21818.105
永春,2026-04-24,23585.0,23270.229
永春,2026-04-25,17328.0,17346.879
永春,2026-04-26,15407.0,14284.822
永春,2026-04-27,20723.0,20584.42
永春,2026-04-28,22364.0,21625.342
永春,2026-04-29,22398.0,21377.459
永春,2026-04-30,23479.0,21516.182
永春,2026-05-01,15757.0,15505.772
永春,2026-05-02,15851.0,14686.971
永春,2026-05-03,13326.0,12992.791
永春,2026-05-04,21204.0,20110.994
永春,2026-05-05,22702.0,22036.0
永春,2026-05-06,22434.0,22309.371
永春,2026-05-07,22390.0,22099.486
永春,2026-05-08,23538.0,23970.467
永春,2026-05-09,19975.0,17323.691
永春,2026-05-10,13529.0,15395.004
永春,2026-05-11,18794.0,20465.361
永春,2026-05-12,21424.0,21009.816
永春,2026-05-13,21011.0,21608.467
永春,2026-05-14,21247.0,21432.121
永春,2026-05-15,23246.0,23348.34
永春,2026-05-16,17227.0,17921.932
永春,2026-05-17,14568.0,14273.242
永春,2026-05-18,20293.0,20036.1
永春,2026-05-19,21494.0,21241.04
永春,2026-05-20,21892.0,21360.213
永春,2026-05-21,21629.0,21428.648
永春,2026-05-22,23098.0,23091.686
永春,2026-05-23,17392.0,17022.348
永春,2026-05-24,14384.0,14030.674
永春,2026-05-25,20228.0,20168.326
永春,2026-05-26,21561.0,21366.373
永春,2026-05-27,21831.0,20965.568
永春,2026-05-28,21652.0,21112.61
永春,2026-05-29,22862.0,23341.691
永春,2026-05-30,17231.0,16691.379
永春,2026-05-31,14132.0,13795.742
江子翠,2026-01-01,17467.0,20833.98
江子翠,2026-01-02,29092.0,30351.656
江子翠,2026-01-03,22753.0,23176.729
江子翠,2026-01-04,18925.0,18663.008
江子翠,2026-01-05,29028.0,29029.902
江子翠,2026-01-06,29738.0,29477.008
江子翠,2026-01-07,29986.0,29955.598
江子翠,2026-01-08,30076.0,29839.543
江子翠,2026-01-09,31865.0,31825.156
江子翠,2026-01-10,24944.0,25210.828
江子翠,2026-01-11,19736.0,19417.045
江子翠,2026-01-12,28494.0,28708.871
江子翠,2026-01-13,29581.0,29336.203
江子翠,2026-01-14,29910.0,29837.172
江子翠,2026-01-15,30034.0,29857.127
江子翠,2026-01-16,31665.0,31775.986
江子翠,2026-01-17,24734.0,24962.326
江子翠,2026-01-18,19525.0,19871.926
江子翠,2026-01-19,28647.0,28847.586
江子翠,2026-01-20,30299.0,29445.016
江子翠,2026-01-21,29667.0,29851.88
江子翠,2026-01-22,29829.0,29472.076
江子翠,2026-01-23,31485.0,31412.406
江子翠,2026-01-24,24745.0,24219.805
江子翠,2026-01-25,20565.0,19596.334
江子翠,2026-01-26,29186.0,28883.496
江子翠,2026-01-27,30023.0,29714.396
江子翠,2026-01-28,29805.0,30116.047
江子翠,2026-01-29,30633.0,29858.342
江子翠,2026-01-30,31706.0,32075.148
江子翠,2026-01-31,24774.0,24928.129
江子翠,2026-02-01,19491.0,19856.219
江子翠,2026-02-02,28811.0,28705.418
江子翠,2026-02-03,30745.0,29588.441
江子翠,2026-02-04,30908.0,30765.387
江子翠,2026-02-05,30711.0,30712.465
江子翠,2026-02-06,32472.0,32417.137
江子翠,2026-02-07,25592.0,25104.83
江子翠,2026-02-08,21263.0,20352.318
江子翠,2026-02-09,29559.0,29244.898
江子翠,2026-02-10,30851.0,30097.912
江子翠,2026-02-11,30885.0,30957.74
江子翠,2026-02-12,31062.0,30859.64
江子翠,2026-02-13,30900.0,32861.945
江子翠,2026-02-14,20903.0,24461.19
江子翠,2026-02-15,16135.0,17604.707
江子翠,2026-02-16,11007.0,8829.706
江子翠,2026-02-17,14524.0,8841.989
江子翠,2026-02-18,15043.0,18177.99
江子翠,2026-02-19,15709.0,17704.436
江子翠,2026-02-20,17133.0,17336.725
江子翠,2026-02-21,19716.0,18123.867
江子翠,2026-02-22,17622.0,16524.482
江子翠,2026-02-23,28023.0,26130.857
江子翠,2026-02-24,29023.0,28949.389
江子翠,2026-02-25,30078.0,29418.686
江子翠,2026-02-26,31277.0,29835.043
江子翠,2026-02-27,23101.0,23719.576
江子翠,2026-02-28,22024.0,22251.531
江子翠,2026-03-01,18471.0,19458.41
江子翠,2026-03-02,28801.0,27980.52
江子翠,2026-03-03,29551.0,29301.734
江子翠,2026-03-04,29824.0,29114.621
江子翠,2026-03-05,30329.0,29420.812
江子翠,2026-03-06,31664.0,31620.312
江子翠,2026-03-07,25273.0,25607.55
江子翠,2026-03-08,20059.0,19931.305
江子翠,2026-03-09,29057.0,28825.832
江子翠,2026-03-10,29882.0,29497.527
江子翠,2026-03-11,30896.0,29773.828
江子翠,2026-03-12,30517.0,29937.045
江子翠,2026-03-13,32067.0,32376.863
江子翠,2026-03-14,26426.0,26417.818
江子翠,2026-03-15,20996.0,20780.418
江子翠,2026-03-16,28852.0,28042.322
江子翠,2026-03-17,30045.0,28932.26
江子翠,2026-03-18,30316.0,29241.297
江子翠,2026-03-19,30185.0,29425.574
江子翠,2026-03-20,32196.0,31994.44
江子翠,2026-03-21,26708.0,25033.996
江子翠,2026-03-22,21269.0,21119.701
江子翠,2026-03-23,29017.0,29155.812
江子翠,2026-03-24,29722.0,29908.053
江子翠,2026-03-25,30386.0,30021.684
江子翠,2026-03-26,29915.0,29986.422
江子翠,2026-03-27,31093.0,32107.525
江子翠,2026-03-28,25089.0,24826.322
江子翠,2026-03-29,19193.0,20170.752
江子翠,2026-03-30,28798.0,28512.78
江子翠,2026-03-31,29660.0,29704.842
江子翠,2026-04-01,29938.0,30236.883
江子翠,2026-04-02,31141.0,30059.752
江子翠,2026-04-03,20488.0,23521.973
江子翠,2026-04-04,18286.0,20813.455
江子翠,2026-04-05,17466.0,17047.73
江子翠,2026-04-06,17129.0,17810.523
江子翠,2026-04-07,28674.0,28440.84
江子翠,2026-04-08,29871.0,28609.41
江子翠,2026-04-09,30232.0,29559.924
江子翠,2026-04-10,31824.0,32033.783
江子翠,2026-04-11,25647.0,25308.281
江子翠,2026-04-12,20057.0,20336.031
江子翠,2026-04-13,28501.0,28131.562
江子翠,2026-04-14,29427.0,28959.285
江子翠,2026-04-15,29831.0,29366.912
江子翠,2026-04-16,30108.0,29553.47
江子翠,2026-04-17,31048.0,32070.059
江子翠,2026-04-18,25113.0,25654.865
江子翠,2026-04-19,19933.0,19612.99
江子翠,2026-04-20,28737.0,28418.93
江子翠,2026-04-21,29471.0,29448.016
江子翠,2026-04-22,30116.0,29761.053
江子翠,2026-04-23,29727.0,29634.094
江子翠,2026-04-24,31547.0,31797.973
江子翠,2026-04-25,25150.0,24980.646
江子翠,2026-04-26,21294.0,20272.219
江子翠,2026-04-27,29152.0,28617.908
江子翠,2026-04-28,29983.0,29451.49
江子翠,2026-04-29,30294.0,28898.215
江子翠,2026-04-30,31267.0,28766.275
江子翠,2026-05-01,23280.0,22097.957
江子翠,2026-05-02,22628.0,22597.799
江子翠,2026-05-03,19202.0,18625.045
江子翠,2026-05-04,29212.0,27827.094
江子翠,2026-05-05,30018.0,29690.688
江子翠,2026-05-06,30955.0,30136.55
江子翠,2026-05-07,31025.0,30182.516
江子翠,2026-05-08,31883.0,32754.898
江子翠,2026-05-09,25565.0,25116.926
江子翠,2026-05-10,19807.0,20358.848
江子翠,2026-05-11,28951.0,28775.555
江子翠,2026-05-12,29900.0,29745.463
江子翠,2026-05-13,29897.0,30392.395
江子翠,2026-05-14,29855.0,30145.848
江子翠,2026-05-15,32185.0,32126.836
江子翠,2026-05-16,26225.0,25628.082
江子翠,2026-05-17,21394.0,20745.219
江子翠,2026-05-18,28937.0,28983.416
江子翠,2026-05-19,29438.0,29691.783
江子翠,2026-05-20,30205.0,29979.266
江子翠,2026-05-21,29576.0,29584.207
江子翠,2026-05-22,31087.0,31830.55
江子翠,2026-05-23,25604.0,24680.7
江子翠,2026-05-24,20592.0,20506.889
江子翠,2026-05-25,28721.0,28912.082
江子翠,2026-05-26,29390.0,29598.121
江子翠,2026-05-27,29832.0,29601.562
江子翠,2026-05-28,29438.0,29258.598
江子翠,2026-05-29,30689.0,31530.783
江子翠,2026-05-30,25002.0,24319.695
江子翠,2026-05-31,20104.0,20049.176
海山,2026-01-01,13649.0,16018.144
海山,2026-01-02,23872.0,24995.568
海山,2026-01-03,17768.0,17843.38
海山,2026-01-04,14981.0,14987.892
海山,2026-01-05,24446.0,24214.707
海山,2026-01-06,24693.0,24675.611
海山,2026-01-07,24752.0,24873.459
海山,2026-01-08,24704.0,24775.395
海山,2026-01-09,26257.0,25829.42
海山,2026-01-10,19846.0,19591.797
海山,2026-01-11,15455.0,15627.221
海山,2026-01-12,24048.0,23848.852
海山,2026-01-13,24814.0,24575.898
海山,2026-01-14,25051.0,24871.477
海山,2026-01-15,24905.0,24767.152
海山,2026-01-16,26283.0,25785.807
海山,2026-01-17,19530.0,19510.16
海山,2026-01-18,15743.0,15823.683
海山,2026-01-19,24007.0,24166.99
海山,2026-01-20,25141.0,24669.96
海山,2026-01-21,24540.0,24593.666
海山,2026-01-22,24396.0,24279.121
海山,2026-01-23,26276.0,25500.252
海山,2026-01-24,20100.0,19091.926
海山,2026-01-25,16857.0,15899.49
海山,2026-01-26,23555.0,24140.398
海山,2026-01-27,23986.0,24379.6
海山,2026-01-28,24216.0,24190.6
海山,2026-01-29,24809.0,24097.889
海山,2026-01-30,25823.0,25710.246
海山,2026-01-31,20231.0,19562.445
海山,2026-02-01,14929.0,16139.921
海山,2026-02-02,23281.0,23439.666
海山,2026-02-03,24586.0,24074.56
海山,2026-02-04,24846.0,24439.066
海山,2026-02-05,25333.0,24465.441
海山,2026-02-06,26108.0,26145.314
海山,2026-02-07,20339.0,19396.945
海山,2026-02-08,16538.0,16029.904
海山,2026-02-09,23936.0,23730.404
海山,2026-02-10,25012.0,24420.25
海山,2026-02-11,24690.0,24688.64
海山,2026-02-12,25339.0,24522.96
海山,2026-02-13,24786.0,26356.691
海山,2026-02-14,16869.0,18857.504
海山,2026-02-15,13763.0,14047.979
海山,2026-02-16,10005.0,7813.2266
海山,2026-02-17,13987.0,7672.659
海山,2026-02-18,13860.0,15597.172
海山,2026-02-19,14992.0,14857.398
海山,2026-02-20,15509.0,14959.356
海山,2026-02-21,16929.0,15329.416
海山,2026-02-22,14453.0,13630.896
海山,2026-02-23,23893.0,21363.727
海山,2026-02-24,24580.0,24637.975
海山,2026-02-25,25286.0,24682.348
海山,2026-02-26,26377.0,25065.982
海山,2026-02-27,18789.0,19727.232
海山,2026-02-28,18465.0,17984.682
海山,2026-03-01,15536.0,16354.021
海山,2026-03-02,24702.0,23642.475
海山,2026-03-03,24654.0,24754.16
海山,2026-03-04,24782.0,24388.195
海山,2026-03-05,25262.0,24379.115
海山,2026-03-06,26654.0,25921.016
海山,2026-03-07,20688.0,20797.865
海山,2026-03-08,16317.0,16526.84
海山,2026-03-09,24670.0,24164.582
海山,2026-03-10,24839.0,24692.02
海山,2026-03-11,26210.0,24609.184
海山,2026-03-12,25806.0,24903.94
海山,2026-03-13,26976.0,26477.758
海山,2026-03-14,20961.0,21245.895
海山,2026-03-15,16918.0,16919.373
海山,2026-03-16,24756.0,23916.662
海山,2026-03-17,25474.0,24689.824
海山,2026-03-18,25784.0,24463.012
海山,2026-03-19,25731.0,24580.494
海山,2026-03-20,27170.0,26498.111
海山,2026-03-21,20661.0,20135.033
海山,2026-03-22,16958.0,16627.146
海山,2026-03-23,24788.0,24603.863
海山,2026-03-24,25461.0,25353.443
海山,2026-03-25,25530.0,25253.871
海山,2026-03-26,25461.0,25048.23
海山,2026-03-27,25915.0,26488.414
海山,2026-03-28,19858.0,19455.75
海山,2026-03-29,15576.0,16185.467
海山,2026-03-30,24789.0,24126.236
海山,2026-03-31,25021.0,25214.94
海山,2026-04-01,24667.0,25229.184
海山,2026-04-02,25911.0,24795.61
海山,2026-04-03,17247.0,18635.846
海山,2026-04-04,14776.0,16741.684
海山,2026-04-05,15288.0,13949.9795
海山,2026-04-06,13959.0,15004.928
海山,2026-04-07,24228.0,24313.242
海山,2026-04-08,25191.0,24152.225
海山,2026-04-09,25728.0,24677.512
海山,2026-04-10,26665.0,26551.744
海山,2026-04-11,20193.0,19893.086
海山,2026-04-12,17003.0,16187.698
海山,2026-04-13,24366.0,24069.346
海山,2026-04-14,25161.0,24597.459
海山,2026-04-15,25037.0,24859.293
海山,2026-04-16,24974.0,24647.861
海山,2026-04-17,26391.0,26134.46
海山,2026-04-18,20370.0,20438.809
海山,2026-04-19,16362.0,16062.624
海山,2026-04-20,24386.0,24170.562
海山,2026-04-21,25124.0,24833.469
海山,2026-04-22,25350.0,24907.355
海山,2026-04-23,24816.0,24696.395
海山,2026-04-24,25626.0,25914.484
海山,2026-04-25,19492.0,19338.973
海山,2026-04-26,17305.0,16000.484
海山,2026-04-27,24671.0,24105.486
海山,2026-04-28,25277.0,24907.795
海山,2026-04-29,25162.0,24368.348
海山,2026-04-30,25740.0,24228.316
海山,2026-05-01,20427.0,17282.992
海山,2026-05-02,18653.0,18490.598
海山,2026-05-03,15921.0,15312.264
海山,2026-05-04,23524.0,23721.805
海山,2026-05-05,24784.0,24321.996
海山,2026-05-06,25670.0,24590.447
海山,2026-05-07,25777.0,24686.312
海山,2026-05-08,26622.0,26523.36
海山,2026-05-09,20263.0,20080.299
海山,2026-05-10,15895.0,16431.21
海山,2026-05-11,24556.0,24056.137
海山,2026-05-12,25144.0,24979.992
海山,2026-05-13,24802.0,25200.965
海山,2026-05-14,24568.0,24759.867
海山,2026-05-15,26946.0,25945.715
海山,2026-05-16,20768.0,20149.373
海山,2026-05-17,17111.0,16427.215
海山,2026-05-18,24661.0,24206.72
海山,2026-05-19,25084.0,24924.186
海山,2026-05-20,25311.0,24886.152
海山,2026-05-21,25080.0,24561.688
海山,2026-05-22,26338.0,25988.365
海山,2026-05-23,20582.0,19655.555
海山,2026-05-24,16878.0,16352.177
海山,2026-05-25,24518.0,24207.967
海山,2026-05-26,25117.0,24941.496
海山,2026-05-27,24738.0,24731.234
海山,2026-05-28,24853.0,24296.38
海山,2026-05-29,25933.0,25847.309
海山,2026-05-30,19988.0,19445.059
海山,2026-05-31,16170.0,16192.04
淡水,2026-01-01,27884.0,38573.23
淡水,2026-01-02,34107.0,37520.53
淡水,2026-01-03,33733.0,30646.824
淡水,2026-01-04,35074.0,30633.828
淡水,2026-01-05,31382.0,36355.742
淡水,2026-01-06,30390.0,34782.375
淡水,2026-01-07,31388.0,32863.805
淡水,2026-01-08,31956.0,32924.293
淡水,2026-01-09,35904.0,36017.637
淡水,2026-01-10,34960.0,31904.262
淡水,2026-01-11,30325.0,31866.145
淡水,2026-01-12,30204.0,32500.732
淡水,2026-01-13,32686.0,31962.201
淡水,2026-01-14,33016.0,32393.09
淡水,2026-01-15,33967.0,31783.523
淡水,2026-01-16,34656.0,35385.43
淡水,2026-01-17,36935.0,33869.504
淡水,2026-01-18,33382.0,34717.44
淡水,2026-01-19,30242.0,32047.521
淡水,2026-01-20,29803.0,30960.475
淡水,2026-01-21,28044.0,30501.525
淡水,2026-01-22,28489.0,30133.51
淡水,2026-01-23,33049.0,33100.56
淡水,2026-01-24,31452.0,30396.498
淡水,2026-01-25,35070.0,29140.344
淡水,2026-01-26,32157.0,31791.54
淡水,2026-01-27,29451.0,31321.305
淡水,2026-01-28,29561.0,30287.883
淡水,2026-01-29,34034.0,30619.785
淡水,2026-01-30,35215.0,35843.234
淡水,2026-01-31,27864.0,34573.89
淡水,2026-02-01,22986.0,27980.086
淡水,2026-02-02,27133.0,29270.383
淡水,2026-02-03,31572.0,29488.299
淡水,2026-02-04,34676.0,32047.402
淡水,2026-02-05,34487.0,34512.49
淡水,2026-02-06,33047.0,37269.188
淡水,2026-02-07,27116.0,30698.832
淡水,2026-02-08,25476.0,26700.492
淡水,2026-02-09,29979.0,30513.625
淡水,2026-02-10,33751.0,30924.283
淡水,2026-02-11,30449.0,33302.54
淡水,2026-02-12,32848.0,31987.572
淡水,2026-02-13,33123.0,35659.156
淡水,2026-02-14,31989.0,29831.703
淡水,2026-02-15,29892.0,29766.146
淡水,2026-02-16,18930.0,25255.469
淡水,2026-02-17,39418.0,17054.541
淡水,2026-02-18,45079.0,39082.02
淡水,2026-02-19,61463.0,46321.324
淡水,2026-02-20,51113.0,56003.625
淡水,2026-02-21,52191.0,35749.03
淡水,2026-02-22,37914.0,38770.773
淡水,2026-02-23,33899.0,31662.87
淡水,2026-02-24,33278.0,37813.23
淡水,2026-02-25,32851.0,34786.29
淡水,2026-02-26,39444.0,32532.123
淡水,2026-02-27,33867.0,34915.94
淡水,2026-02-28,37608.0,34219.176
淡水,2026-03-01,28262.0,31480.748
淡水,2026-03-02,32092.0,30759.885
淡水,2026-03-03,30121.0,33568.88
淡水,2026-03-04,30773.0,31283.494
淡水,2026-03-05,33375.0,31094.58
淡水,2026-03-06,37011.0,36137.566
淡水,2026-03-07,33961.0,37714.242
淡水,2026-03-08,31817.0,30964.418
淡水,2026-03-09,31423.0,31337.836
淡水,2026-03-10,30467.0,31808.574
淡水,2026-03-11,36169.0,31149.193
淡水,2026-03-12,36091.0,34947.94
淡水,2026-03-13,41034.0,38773.305
淡水,2026-03-14,42211.0,41851.977
淡水,2026-03-15,37694.0,35067.965
淡水,2026-03-16,34794.0,32817.516
淡水,2026-03-17,35188.0,33945.094
淡水,2026-03-18,36825.0,34402.99
淡水,2026-03-19,34515.0,36282.645
淡水,2026-03-20,40203.0,38953.492
淡水,2026-03-21,37542.0,38378.78
淡水,2026-03-22,39672.0,33492.945
淡水,2026-03-23,33806.0,33614.016
淡水,2026-03-24,34259.0,34580.04
淡水,2026-03-25,35713.0,34432.047
淡水,2026-03-26,36105.0,36092.66
淡水,2026-03-27,35841.0,39981.535
淡水,2026-03-28,36822.0,33644.094
淡水,2026-03-29,32285.0,34239.605
淡水,2026-03-30,36366.0,33067.184
淡水,2026-03-31,32829.0,36558.5
淡水,2026-04-01,30179.0,33913.117
淡水,2026-04-02,35448.0,33200.51
淡水,2026-04-03,31125.0,34286.242
淡水,2026-04-04,25713.0,31906.244
淡水,2026-04-05,36198.0,26472.654
淡水,2026-04-06,26331.0,35339.746
淡水,2026-04-07,28924.0,32946.332
淡水,2026-04-08,31902.0,30216.766
淡水,2026-04-09,35366.0,32974.07
淡水,2026-04-10,39503.0,38840.47
淡水,2026-04-11,38724.0,36967.66
淡水,2026-04-12,34548.0,35310.03
淡水,2026-04-13,32587.0,32979.14
淡水,2026-04-14,33528.0,33043.914
淡水,2026-04-15,32804.0,33036.59
淡水,2026-04-16,33172.0,33751.715
淡水,2026-04-17,38112.0,37153.01
淡水,2026-04-18,35812.0,37221.824
淡水,2026-04-19,36482.0,32849.12
淡水,2026-04-20,33286.0,32464.637
淡水,2026-04-21,34037.0,32928.082
淡水,2026-04-22,33879.0,33282.293
淡水,2026-04-23,31693.0,33927.688
淡水,2026-04-24,34483.0,35412.062
淡水,2026-04-25,32257.0,33242.457
淡水,2026-04-26,45143.0,30637.172
淡水,2026-04-27,34212.0,33909.15
淡水,2026-04-28,34690.0,32792.637
淡水,2026-04-29,33435.0,32725.057
淡水,2026-04-30,35758.0,33756.055
淡水,2026-05-01,43951.0,31950.615
淡水,2026-05-02,48120.0,42840.383
淡水,2026-05-03,37656.0,40928.3
淡水,2026-05-04,31541.0,32311.074
淡水,2026-05-05,29188.0,31507.447
淡水,2026-05-06,34858.0,29683.648
淡水,2026-05-07,35852.0,34039.508
淡水,2026-05-08,37281.0,38948.15
淡水,2026-05-09,33075.0,37067.023
淡水,2026-05-10,33758.0,31122.082
淡水,2026-05-11,34126.0,32299.11
淡水,2026-05-12,34876.0,34113.355
淡水,2026-05-13,32023.0,34696.344
淡水,2026-05-14,31199.0,33810.46
淡水,2026-05-15,39460.0,35651.297
淡水,2026-05-16,49583.0,37353.383
淡水,2026-05-17,46257.0,43755.395
淡水,2026-05-18,35184.0,35545.684
淡水,2026-05-19,35796.0,32829.516
淡水,2026-05-20,36465.0,33795.113
淡水,2026-05-21,35095.0,35638.184
淡水,2026-05-22,39193.0,38325.406
淡水,2026-05-23,43904.0,39629.21
淡水,2026-05-24,38819.0,38631.305
淡水,2026-05-25,32939.0,33494.934
淡水,2026-05-26,33164.0,33194.09
淡水,2026-05-27,33891.0,33275.695
淡水,2026-05-28,33503.0,33997.28
淡水,2026-05-29,36134.0,37352.055
淡水,2026-05-30,40627.0,35597.3
淡水,2026-05-31,37345.0,36329.94
港墘,2026-01-01,5190.0,5802.421
港墘,2026-01-02,18517.0,19821.217
港墘,2026-01-03,7027.0,7095.3413
港墘,2026-01-04,5637.0,5481.3164
港墘,2026-01-05,19962.0,19848.9
港墘,2026-01-06,20755.0,20339.898
港墘,2026-01-07,20952.0,20630.666
港墘,2026-01-08,20758.0,20622.912
港墘,2026-01-09,21119.0,20946.35
港墘,2026-01-10,7999.0,8015.324
港墘,2026-01-11,5651.0,5976.8164
港墘,2026-01-12,19700.0,19164.84
港墘,2026-01-13,20276.0,20274.34
港墘,2026-01-14,20561.0,20366.127
港墘,2026-01-15,20513.0,20184.268
港墘,2026-01-16,20481.0,20399.057
港墘,2026-01-17,7444.0,7515.086
港墘,2026-01-18,6557.0,5894.1816
港墘,2026-01-19,20100.0,19131.412
港墘,2026-01-20,21284.0,20301.227
港墘,2026-01-21,20525.0,20375.504
港墘,2026-01-22,20288.0,19988.504
港墘,2026-01-23,20776.0,20001.172
港墘,2026-01-24,7295.0,6914.884
港墘,2026-01-25,5775.0,5695.2793
港墘,2026-01-26,18013.0,19481.676
港墘,2026-01-27,19567.0,19655.406
港墘,2026-01-28,19206.0,19411.955
港墘,2026-01-29,18937.0,19271.191
港墘,2026-01-30,18934.0,19276.186
港墘,2026-01-31,7281.0,7023.499
港墘,2026-02-01,5909.0,5457.7783
港墘,2026-02-02,18127.0,18355.178
港墘,2026-02-03,18905.0,18728.975
港墘,2026-02-04,19116.0,18691.535
港墘,2026-02-05,18894.0,18808.83
港墘,2026-02-06,19108.0,18973.473
港墘,2026-02-07,7485.0,6669.014
港墘,2026-02-08,6076.0,5490.509
港墘,2026-02-09,18196.0,18107.111
港墘,2026-02-10,19283.0,18721.965
港墘,2026-02-11,18842.0,18625.297
港墘,2026-02-12,18690.0,18616.09
港墘,2026-02-13,17356.0,18809.805
港墘,2026-02-14,5833.0,6102.9414
港墘,2026-02-15,4367.0,4694.299
港墘,2026-02-16,2937.0,0.0
港墘,2026-02-17,3390.0,949.458
港墘,2026-02-18,3600.0,4182.7334
港墘,2026-02-19,4289.0,2991.4053
港墘,2026-02-20,4645.0,3283.1494
港墘,2026-02-21,5341.0,4842.5264
港墘,2026-02-22,4837.0,4237.38
港墘,2026-02-23,19379.0,15579.374
港墘,2026-02-24,20239.0,19522.098
港墘,2026-02-25,20343.0,20138.871
港墘,2026-02-26,20546.0,20074.059
港墘,2026-02-27,6388.0,5633.792
港墘,2026-02-28,6223.0,5058.881
港墘,2026-03-01,5624.0,6789.957
港墘,2026-03-02,20005.0,18811.695
港墘,2026-03-03,21114.0,19962.957
港墘,2026-03-04,21241.0,20277.658
港墘,2026-03-05,20840.0,20032.355
港墘,2026-03-06,21198.0,19825.535
港墘,2026-03-07,7525.0,7359.6426
港墘,2026-03-08,5579.0,6332.2715
港墘,2026-03-09,20260.0,20247.545
港墘,2026-03-10,20838.0,20605.088
港墘,2026-03-11,21076.0,20545.71
港墘,2026-03-12,20843.0,20064.957
港墘,2026-03-13,21342.0,20144.77
港墘,2026-03-14,8086.0,7997.7666
港墘,2026-03-15,7503.0,6216.623
港墘,2026-03-16,20140.0,19469.531
港墘,2026-03-17,20999.0,20422.326
港墘,2026-03-18,21096.0,20437.816
港墘,2026-03-19,20347.0,20096.684
港墘,2026-03-20,20561.0,20454.84
港墘,2026-03-21,7784.0,7333.9414
港墘,2026-03-22,6024.0,5998.871
港墘,2026-03-23,19873.0,19710.297
港墘,2026-03-24,20729.0,20420.469
港墘,2026-03-25,20847.0,20281.14
港墘,2026-03-26,20271.0,20190.438
港墘,2026-03-27,20571.0,20423.033
港墘,2026-03-28,7484.0,7170.826
港墘,2026-03-29,5849.0,5739.669
港墘,2026-03-30,19702.0,19666.83
港墘,2026-03-31,20778.0,20251.88
港墘,2026-04-01,20615.0,20340.93
港墘,2026-04-02,20412.0,20137.578
港墘,2026-04-03,6124.0,6364.797
港墘,2026-04-04,5456.0,5087.967
港墘,2026-04-05,4939.0,4852.841
港墘,2026-04-06,4845.0,5391.118
港墘,2026-04-07,20566.0,19949.668
港墘,2026-04-08,20816.0,20284.662
港墘,2026-04-09,20397.0,20375.479
港墘,2026-04-10,21061.0,20828.547
港墘,2026-04-11,7877.0,7763.9067
港墘,2026-04-12,6839.0,6421.492
港墘,2026-04-13,19822.0,19442.27
港墘,2026-04-14,20868.0,20050.5
港墘,2026-04-15,20683.0,20355.824
港墘,2026-04-16,20506.0,20118.992
港墘,2026-04-17,20303.0,20610.105
港墘,2026-04-18,9285.0,7826.4536
港墘,2026-04-19,6383.0,6636.934
港墘,2026-04-20,18633.0,19081.38
港墘,2026-04-21,20399.0,19701.031
港墘,2026-04-22,20615.0,20097.906
港墘,2026-04-23,20317.0,19941.145
港墘,2026-04-24,20804.0,20265.902
港墘,2026-04-25,8072.0,7747.5503
港墘,2026-04-26,7191.0,6274.6396
港墘,2026-04-27,19581.0,19118.33
港墘,2026-04-28,20317.0,20017.879
港墘,2026-04-29,20464.0,19774.516
港墘,2026-04-30,21181.0,19742.67
港墘,2026-05-01,7049.0,6091.6875
港墘,2026-05-02,6537.0,5523.335
港墘,2026-05-03,5778.0,5184.3047
港墘,2026-05-04,20032.0,19357.176
港墘,2026-05-05,21046.0,20134.398
港墘,2026-05-06,20993.0,20396.906
港墘,2026-05-07,20541.0,20233.535
港墘,2026-05-08,20779.0,21032.326
港墘,2026-05-09,7729.0,7982.69
港墘,2026-05-10,5638.0,6318.078
港墘,2026-05-11,19736.0,19525.91
港墘,2026-05-12,20332.0,20142.926
港墘,2026-05-13,20607.0,20427.797
港墘,2026-05-14,20293.0,20229.3
港墘,2026-05-15,20204.0,20681.885
港墘,2026-05-16,7880.0,8054.8345
港墘,2026-05-17,6888.0,6009.121
港墘,2026-05-18,19349.0,19160.707
港墘,2026-05-19,19829.0,19874.377
港墘,2026-05-20,19880.0,19902.08
港墘,2026-05-21,19699.0,19516.316
港墘,2026-05-22,19651.0,19871.041
港墘,2026-05-23,7811.0,7317.2793
港墘,2026-05-24,5731.0,5973.4365
港墘,2026-05-25,19540.0,18931.527
港墘,2026-05-26,20154.0,19778.732
港墘,2026-05-27,20225.0,19650.812
港墘,2026-05-28,20150.0,19412.557
港墘,2026-05-29,20468.0,19894.816
港墘,2026-05-30,7467.0,6986.4385
港墘,2026-05-31,5836.0,5774.4766
石牌,2026-01-01,15855.0,18215.441
石牌,2026-01-02,29272.0,32533.795
石牌,2026-01-03,21129.0,21313.035
石牌,2026-01-04,17082.0,17512.156
石牌,2026-01-05,30478.0,30647.238
石牌,2026-01-06,30857.0,31041.51
石牌,2026-01-07,31045.0,31368.13
石牌,2026-01-08,31602.0,31036.34
石牌,2026-01-09,32471.0,33292.508
石牌,2026-01-10,24177.0,23005.088
石牌,2026-01-11,17270.0,18306.992
石牌,2026-01-12,29698.0,29729.057
石牌,2026-01-13,30376.0,30571.576
石牌,2026-01-14,31068.0,30984.736
石牌,2026-01-15,30892.0,30971.791
石牌,2026-01-16,31818.0,32595.176
石牌,2026-01-17,22574.0,22392.441
石牌,2026-01-18,17832.0,17895.414
石牌,2026-01-19,29611.0,29647.637
石牌,2026-01-20,30784.0,30625.451
石牌,2026-01-21,30155.0,30328.295
石牌,2026-01-22,29240.0,30141.783
石牌,2026-01-23,31876.0,31371.648
石牌,2026-01-24,22527.0,21481.852
石牌,2026-01-25,18363.0,17540.352
石牌,2026-01-26,29932.0,29424.686
石牌,2026-01-27,29813.0,30562.098
石牌,2026-01-28,30018.0,29840.998
石牌,2026-01-29,30701.0,29936.875
石牌,2026-01-30,31420.0,32110.973
石牌,2026-01-31,21784.0,21760.777
石牌,2026-02-01,16098.0,17316.31
石牌,2026-02-02,29345.0,29045.535
石牌,2026-02-03,30182.0,30261.473
石牌,2026-02-04,31216.0,30216.764
石牌,2026-02-05,30618.0,30724.186
石牌,2026-02-06,31297.0,32397.81
石牌,2026-02-07,22460.0,21243.363
石牌,2026-02-08,17542.0,17432.621
石牌,2026-02-09,29496.0,29330.98
石牌,2026-02-10,30817.0,30337.145
石牌,2026-02-11,30187.0,30541.207
石牌,2026-02-12,30235.0,30232.895
石牌,2026-02-13,29300.0,32155.746
石牌,2026-02-14,18442.0,20423.578
石牌,2026-02-15,13709.0,15694.081
石牌,2026-02-16,9834.0,6414.8438
石牌,2026-02-17,12327.0,6483.9395
石牌,2026-02-18,13997.0,15788.615
石牌,2026-02-19,14619.0,15130.523
石牌,2026-02-20,16764.0,15372.686
石牌,2026-02-21,17977.0,17245.102
石牌,2026-02-22,16151.0,14879.344
石牌,2026-02-23,31146.0,25833.934
石牌,2026-02-24,32110.0,31980.16
石牌,2026-02-25,32633.0,32416.129
石牌,2026-02-26,34663.0,32247.377
石牌,2026-02-27,20915.0,23018.727
石牌,2026-02-28,20244.0,19059.188
石牌,2026-03-01,16645.0,18648.553
石牌,2026-03-02,31615.0,29917.486
石牌,2026-03-03,31101.0,31672.346
石牌,2026-03-04,32248.0,30921.395
石牌,2026-03-05,32243.0,31224.24
石牌,2026-03-06,35078.0,32799.996
石牌,2026-03-07,24355.0,24589.61
石牌,2026-03-08,18448.0,18708.674
石牌,2026-03-09,31514.0,31021.057
石牌,2026-03-10,31505.0,31745.137
石牌,2026-03-11,33748.0,31598.395
石牌,2026-03-12,32975.0,32201.895
石牌,2026-03-13,35545.0,34235.97
石牌,2026-03-14,26131.0,25816.62
石牌,2026-03-15,19056.0,19850.85
石牌,2026-03-16,32014.0,30514.438
石牌,2026-03-17,32304.0,32071.791
石牌,2026-03-18,33468.0,32317.201
石牌,2026-03-19,32378.0,32684.58
石牌,2026-03-20,34729.0,34714.473
石牌,2026-03-21,24432.0,23846.928
石牌,2026-03-22,20024.0,18758.588
石牌,2026-03-23,31564.0,31420.006
石牌,2026-03-24,32289.0,32497.762
石牌,2026-03-25,32653.0,32715.535
石牌,2026-03-26,32134.0,32448.377
石牌,2026-03-27,33425.0,34590.15
石牌,2026-03-28,24800.0,23546.576
石牌,2026-03-29,19152.0,19208.994
石牌,2026-03-30,32104.0,30907.31
石牌,2026-03-31,31862.0,32497.822
石牌,2026-04-01,32094.0,32526.84
石牌,2026-04-02,33438.0,32111.746
石牌,2026-04-03,20159.0,21973.441
石牌,2026-04-04,17388.0,19477.766
石牌,2026-04-05,16874.0,15915.931
石牌,2026-04-06,15661.0,17083.373
石牌,2026-04-07,30460.0,30680.69
石牌,2026-04-08,32360.0,31066.629
石牌,2026-04-09,32719.0,31833.723
石牌,2026-04-10,34389.0,34786.92
石牌,2026-04-11,24206.0,24709.418
石牌,2026-04-12,18565.0,19062.887
石牌,2026-04-13,31513.0,30166.512
石牌,2026-04-14,31609.0,31598.65
石牌,2026-04-15,31792.0,31714.732
石牌,2026-04-16,31424.0,31710.283
石牌,2026-04-17,33253.0,34055.074
石牌,2026-04-18,24725.0,24188.14
石牌,2026-04-19,19194.0,18866.994
石牌,2026-04-20,31019.0,30252.785
石牌,2026-04-21,31668.0,31453.404
石牌,2026-04-22,31529.0,32036.146
石牌,2026-04-23,31295.0,31630.133
石牌,2026-04-24,33107.0,33623.64
石牌,2026-04-25,22817.0,23613.9
石牌,2026-04-26,20935.0,18468.336
石牌,2026-04-27,31559.0,30488.568
石牌,2026-04-28,32112.0,31687.695
石牌,2026-04-29,32747.0,31507.387
石牌,2026-04-30,33981.0,31794.07
石牌,2026-05-01,21042.0,20624.264
石牌,2026-05-02,20832.0,19473.055
石牌,2026-05-03,17485.0,16761.207
石牌,2026-05-04,31428.0,29784.627
石牌,2026-05-05,31415.0,31738.795
石牌,2026-05-06,33317.0,31548.777
石牌,2026-05-07,32415.0,32212.895
石牌,2026-05-08,34240.0,34453.65
石牌,2026-05-09,23720.0,23854.363
石牌,2026-05-10,17896.0,18391.406
石牌,2026-05-11,30939.0,30446.742
石牌,2026-05-12,31638.0,31613.725
石牌,2026-05-13,31232.0,32220.238
石牌,2026-05-14,30308.0,31642.787
石牌,2026-05-15,34001.0,33221.54
石牌,2026-05-16,24852.0,24085.078
石牌,2026-05-17,20160.0,18908.469
石牌,2026-05-18,31045.0,30345.76
石牌,2026-05-19,31439.0,31368.953
石牌,2026-05-20,32199.0,31625.836
石牌,2026-05-21,31634.0,31529.975
石牌,2026-05-22,33316.0,33471.777
石牌,2026-05-23,24587.0,23249.754
石牌,2026-05-24,19820.0,18753.867
石牌,2026-05-25,30416.0,30432.398
石牌,2026-05-26,30962.0,31377.547
石牌,2026-05-27,31727.0,31192.96
石牌,2026-05-28,31027.0,31165.2
石牌,2026-05-29,32558.0,33397.438
石牌,2026-05-30,23445.0,22754.164
石牌,2026-05-31,18643.0,18142.582
秀朗橋,2026-01-01,993.0,1371.8026
秀朗橋,2026-01-02,1626.0,1543.23
秀朗橋,2026-01-03,1359.0,1363.4738
秀朗橋,2026-01-04,1097.0,1138.1952
秀朗橋,2026-01-05,1380.0,1492.8302
秀朗橋,2026-01-06,1449.0,1495.7899
秀朗橋,2026-01-07,1449.0,1484.384
秀朗橋,2026-01-08,1434.0,1444.9023
秀朗橋,2026-01-09,1568.0,1544.2257
秀朗橋,2026-01-10,1329.0,1342.6699
秀朗橋,2026-01-11,1076.0,1106.4941
秀朗橋,2026-01-12,1423.0,1336.6581
秀朗橋,2026-01-13,1460.0,1460.1578
秀朗橋,2026-01-14,1454.0,1456.0309
秀朗橋,2026-01-15,1463.0,1455.2928
秀朗橋,2026-01-16,1542.0,1536.9817
秀朗橋,2026-01-17,1359.0,1367.7727
秀朗橋,2026-01-18,1019.0,1150.8179
秀朗橋,2026-01-19,1447.0,1311.7092
秀朗橋,2026-01-20,1509.0,1463.1263
秀朗橋,2026-01-21,1491.0,1471.8102
秀朗橋,2026-01-22,1510.0,1470.9155
秀朗橋,2026-01-23,1579.0,1567.9875
秀朗橋,2026-01-24,1285.0,1317.2004
秀朗橋,2026-01-25,1133.0,1047.7705
秀朗橋,2026-01-26,1418.0,1385.6494
秀朗橋,2026-01-27,1443.0,1464.2559
秀朗橋,2026-01-28,1425.0,1453.5968
秀朗橋,2026-01-29,1506.0,1436.9274
秀朗橋,2026-01-30,1574.0,1555.1918
秀朗橋,2026-01-31,1328.0,1322.5288
秀朗橋,2026-02-01,1122.0,1095.7461
秀朗橋,2026-02-02,1421.0,1370.0067
秀朗橋,2026-02-03,1479.0,1461.6726
秀朗橋,2026-02-04,1491.0,1464.7375
秀朗橋,2026-02-05,1575.0,1476.1915
秀朗橋,2026-02-06,1635.0,1595.8177
秀朗橋,2026-02-07,1387.0,1364.4366
秀朗橋,2026-02-08,1130.0,1129.1483
秀朗橋,2026-02-09,1414.0,1397.7169
秀朗橋,2026-02-10,1587.0,1476.9515
秀朗橋,2026-02-11,1498.0,1529.1012
秀朗橋,2026-02-12,1512.0,1492.8016
秀朗橋,2026-02-13,1509.0,1581.1594
秀朗橋,2026-02-14,1125.0,1283.9304
秀朗橋,2026-02-15,836.0,991.1381
秀朗橋,2026-02-16,729.0,742.0377
秀朗橋,2026-02-17,1032.0,687.86444
秀朗橋,2026-02-18,1151.0,1147.9395
秀朗橋,2026-02-19,1091.0,1192.6309
秀朗橋,2026-02-20,1208.0,1072.5834
秀朗橋,2026-02-21,1252.0,1154.1561
秀朗橋,2026-02-22,1024.0,975.2825
秀朗橋,2026-02-23,1398.0,1266.3104
秀朗橋,2026-02-24,1475.0,1466.572
秀朗橋,2026-02-25,1591.0,1419.8914
秀朗橋,2026-02-26,1616.0,1486.71
秀朗橋,2026-02-27,1363.0,1324.5867
秀朗橋,2026-02-28,1456.0,1423.9966
秀朗橋,2026-03-01,1098.0,1187.4556
秀朗橋,2026-03-02,1458.0,1366.1482
秀朗橋,2026-03-03,1586.0,1558.9191
秀朗橋,2026-03-04,1578.0,1577.9714
秀朗橋,2026-03-05,1570.0,1496.9918
秀朗橋,2026-03-06,1711.0,1655.7927
秀朗橋,2026-03-07,1446.0,1735.9745
秀朗橋,2026-03-08,1172.0,1154.71
秀朗橋,2026-03-09,1475.0,1397.8115
秀朗橋,2026-03-10,1683.0,1535.2609
秀朗橋,2026-03-11,1500.0,1619.9069
秀朗橋,2026-03-12,1556.0,1492.14
秀朗橋,2026-03-13,1628.0,1686.7341
秀朗橋,2026-03-14,1394.0,1608.0553
秀朗橋,2026-03-15,1181.0,1126.2213
秀朗橋,2026-03-16,1686.0,1355.0084
秀朗橋,2026-03-17,1550.0,1610.9827
秀朗橋,2026-03-18,1522.0,1513.6818
秀朗橋,2026-03-19,1502.0,1518.4365
秀朗橋,2026-03-20,1711.0,1614.2261
秀朗橋,2026-03-21,1383.0,1440.3633
秀朗橋,2026-03-22,1162.0,1122.2328
秀朗橋,2026-03-23,1493.0,1413.2856
秀朗橋,2026-03-24,1491.0,1540.0902
秀朗橋,2026-03-25,1563.0,1483.7479
秀朗橋,2026-03-26,1567.0,1534.574
秀朗橋,2026-03-27,1713.0,1620.8093
秀朗橋,2026-03-28,1331.0,1425.4539
秀朗橋,2026-03-29,1061.0,1110.5137
秀朗橋,2026-03-30,1469.0,1408.8932
秀朗橋,2026-03-31,1478.0,1529.1079
秀朗橋,2026-04-01,1545.0,1480.0942
秀朗橋,2026-04-02,1469.0,1523.3065
秀朗橋,2026-04-03,1195.0,1243.5222
秀朗橋,2026-04-04,1140.0,1195.6681
秀朗橋,2026-04-05,1072.0,1015.7401
秀朗橋,2026-04-06,946.0,1088.6819
秀朗橋,2026-04-07,1543.0,1376.3828
秀朗橋,2026-04-08,1465.0,1451.3472
秀朗橋,2026-04-09,1508.0,1468.0789
秀朗橋,2026-04-10,1632.0,1571.1931
秀朗橋,2026-04-11,1291.0,1386.0466
秀朗橋,2026-04-12,1085.0,1070.0132
秀朗橋,2026-04-13,1387.0,1406.3247
秀朗橋,2026-04-14,1515.0,1469.735
秀朗橋,2026-04-15,1483.0,1500.3733
秀朗橋,2026-04-16,1501.0,1488.5106
秀朗橋,2026-04-17,1552.0,1575.3075
秀朗橋,2026-04-18,1371.0,1357.7788
秀朗橋,2026-04-19,1137.0,1111.7097
秀朗橋,2026-04-20,1432.0,1352.1785
秀朗橋,2026-04-21,1407.0,1474.1973
秀朗橋,2026-04-22,1487.0,1427.0497
秀朗橋,2026-04-23,1489.0,1469.9121
秀朗橋,2026-04-24,1757.0,1548.7186
秀朗橋,2026-04-25,1314.0,1502.7404
秀朗橋,2026-04-26,1218.0,1100.9224
秀朗橋,2026-04-27,1450.0,1364.3247
秀朗橋,2026-04-28,1516.0,1486.0055
秀朗橋,2026-04-29,1515.0,1456.6086
秀朗橋,2026-04-30,1746.0,1488.6364
秀朗橋,2026-05-01,1337.0,1288.7328
秀朗橋,2026-05-02,1330.0,1284.1174
秀朗橋,2026-05-03,1100.0,1052.3864
秀朗橋,2026-05-04,1521.0,1348.4312
秀朗橋,2026-05-05,1709.0,1520.2465
秀朗橋,2026-05-06,1537.0,1611.9971
秀朗橋,2026-05-07,1502.0,1534.2223
秀朗橋,2026-05-08,1627.0,1604.1027
秀朗橋,2026-05-09,1289.0,1383.8739
秀朗橋,2026-05-10,1090.0,1066.2247
秀朗橋,2026-05-11,1518.0,1412.7483
秀朗橋,2026-05-12,1568.0,1537.2432
秀朗橋,2026-05-13,1489.0,1537.9054
秀朗橋,2026-05-14,1604.0,1505.9552
秀朗橋,2026-05-15,1651.0,1621.7261
秀朗橋,2026-05-16,1322.0,1393.2329
秀朗橋,2026-05-17,1202.0,1094.8322
秀朗橋,2026-05-18,1462.0,1395.3359
秀朗橋,2026-05-19,1550.0,1509.8695
秀朗橋,2026-05-20,1522.0,1491.6667
秀朗橋,2026-05-21,1500.0,1502.4727
秀朗橋,2026-05-22,1597.0,1574.064
秀朗橋,2026-05-23,1436.0,1345.5214
秀朗橋,2026-05-24,1059.0,1110.3273
秀朗橋,2026-05-25,1444.0,1359.4308
秀朗橋,2026-05-26,1435.0,1489.8585
秀朗橋,2026-05-27,1460.0,1436.3949
秀朗橋,2026-05-28,1498.0,1466.2003
秀朗橋,2026-05-29,1745.0,1550.6792
秀朗橋,2026-05-30,1280.0,1436.2517
秀朗橋,2026-05-31,1099.0,1058.9442
科技大樓,2026-01-01,7629.0,8955.118
科技大樓,2026-01-02,14001.0,16106.756
科技大樓,2026-01-03,10557.0,10387.679
科技大樓,2026-01-04,8664.0,8864.955
科技大樓,2026-01-05,14385.0,15158.73
科技大樓,2026-01-06,15781.0,15309.162
科技大樓,2026-01-07,14851.0,15665.254
科技大樓,2026-01-08,14959.0,15273.694
科技大樓,2026-01-09,15240.0,16087.916
科技大樓,2026-01-10,10758.0,10893.01
科技大樓,2026-01-11,8937.0,8685.633
科技大樓,2026-01-12,13685.0,14178.168
科技大樓,2026-01-13,14274.0,14586.122
科技大樓,2026-01-14,14740.0,14527.295
科技大樓,2026-01-15,14572.0,14782.392
科技大樓,2026-01-16,14841.0,15232.509
科技大樓,2026-01-17,10246.0,10368.424
科技大樓,2026-01-18,8424.0,8583.83
科技大樓,2026-01-19,14113.0,13746.212
科技大樓,2026-01-20,14879.0,14706.304
科技大樓,2026-01-21,14646.0,14497.827
科技大樓,2026-01-22,14835.0,14582.348
科技大樓,2026-01-23,14579.0,15123.155
科技大樓,2026-01-24,11118.0,9316.006
科技大樓,2026-01-25,9247.0,8622.736
科技大樓,2026-01-26,14274.0,14149.546
科技大樓,2026-01-27,14856.0,14848.98
科技大樓,2026-01-28,14457.0,14592.063
科技大樓,2026-01-29,14641.0,14558.972
科技大樓,2026-01-30,14545.0,15141.27
科技大樓,2026-01-31,9769.0,9654.238
科技大樓,2026-02-01,8396.0,8224.305
科技大樓,2026-02-02,14103.0,14022.703
科技大樓,2026-02-03,14435.0,14783.356
科技大樓,2026-02-04,14639.0,14507.518
科技大樓,2026-02-05,14891.0,14738.951
科技大樓,2026-02-06,15380.0,15359.909
科技大樓,2026-02-07,10981.0,10006.277
科技大樓,2026-02-08,9132.0,8770.323
科技大樓,2026-02-09,13614.0,14219.209
科技大樓,2026-02-10,14426.0,14478.24
科技大樓,2026-02-11,14874.0,14337.951
科技大樓,2026-02-12,13834.0,14769.0625
科技大樓,2026-02-13,12885.0,14843.476
科技大樓,2026-02-14,7378.0,9169.901
科技大樓,2026-02-15,5769.0,7128.053
科技大樓,2026-02-16,3996.0,2892.7646
科技大樓,2026-02-17,4431.0,3642.9668
科技大樓,2026-02-18,5210.0,7202.624
科技大樓,2026-02-19,5768.0,6837.048
科技大樓,2026-02-20,6242.0,6452.033
科技大樓,2026-02-21,7632.0,7343.881
科技大樓,2026-02-22,7553.0,6757.085
科技大樓,2026-02-23,14685.0,11800.476
科技大樓,2026-02-24,15629.0,15249.551
科技大樓,2026-02-25,16235.0,15893.047
科技大樓,2026-02-26,17513.0,16059.417
科技大樓,2026-02-27,10514.0,10980.655
科技大樓,2026-02-28,10164.0,9234.963
科技大樓,2026-03-01,8978.0,9250.789
科技大樓,2026-03-02,15363.0,14490.769
科技大樓,2026-03-03,16380.0,15569.902
科技大樓,2026-03-04,16728.0,15852.526
科技大樓,2026-03-05,16917.0,16048.447
科技大樓,2026-03-06,16985.0,16640.422
科技大樓,2026-03-07,11286.0,11417.258
科技大樓,2026-03-08,8960.0,9099.773
科技大樓,2026-03-09,15685.0,15610.787
科技大樓,2026-03-10,16697.0,16204.936
科技大樓,2026-03-11,16636.0,16224.934
科技大樓,2026-03-12,17664.0,16163.545
科技大樓,2026-03-13,17356.0,17258.344
科技大樓,2026-03-14,12447.0,12188.754
科技大樓,2026-03-15,10311.0,9925.385
科技大樓,2026-03-16,15619.0,15149.298
科技大樓,2026-03-17,16074.0,16115.34
科技大樓,2026-03-18,16378.0,15885.777
科技大樓,2026-03-19,16495.0,16222.841
科技大樓,2026-03-20,16913.0,17396.766
科技大樓,2026-03-21,12092.0,11348.074
科技大樓,2026-03-22,9530.0,9515.625
科技大樓,2026-03-23,15306.0,15264.149
科技大樓,2026-03-24,16337.0,16161.679
科技大樓,2026-03-25,16168.0,16139.576
科技大樓,2026-03-26,16514.0,16176.965
科技大樓,2026-03-27,16939.0,17195.496
科技大樓,2026-03-28,11456.0,11373.173
科技大樓,2026-03-29,9232.0,9294.021
科技大樓,2026-03-30,15556.0,15220.895
科技大樓,2026-03-31,16398.0,16186.131
科技大樓,2026-04-01,16554.0,16126.406
科技大樓,2026-04-02,15529.0,16319.969
科技大樓,2026-04-03,8379.0,9687.123
科技大樓,2026-04-04,7515.0,8533.258
科技大樓,2026-04-05,7729.0,7505.2627
科技大樓,2026-04-06,7264.0,7835.1177
科技大樓,2026-04-07,16280.0,15309.585
科技大樓,2026-04-08,16238.0,16182.645
科技大樓,2026-04-09,16453.0,16314.932
科技大樓,2026-04-10,17016.0,17253.438
科技大樓,2026-04-11,10931.0,11807.758
科技大樓,2026-04-12,8967.0,9154.553
科技大樓,2026-04-13,15092.0,14963.662
科技大樓,2026-04-14,15705.0,15696.975
科技大樓,2026-04-15,16110.0,15574.215
科技大樓,2026-04-16,16433.0,15817.09
科技大樓,2026-04-17,16603.0,17106.46
科技大樓,2026-04-18,11199.0,11579.463
科技大樓,2026-04-19,9863.0,9091.436
科技大樓,2026-04-20,15234.0,14763.381
科技大樓,2026-04-21,15929.0,15803.512
科技大樓,2026-04-22,15931.0,15737.322
科技大樓,2026-04-23,16783.0,15900.366
科技大樓,2026-04-24,17585.0,17000.727
科技大樓,2026-04-25,12089.0,11661.88
科技大樓,2026-04-26,9813.0,9652.329
科技大樓,2026-04-27,15455.0,15044.787
科技大樓,2026-04-28,16248.0,15971.849
科技大樓,2026-04-29,16611.0,15592.999
科技大樓,2026-04-30,18237.0,16053.363
科技大樓,2026-05-01,9558.0,10402.287
科技大樓,2026-05-02,9160.0,9080.15
科技大樓,2026-05-03,8352.0,7918.2144
科技大樓,2026-05-04,16304.0,14909.521
科技大樓,2026-05-05,17281.0,16492.248
科技大樓,2026-05-06,16987.0,16855.162
科技大樓,2026-05-07,17029.0,16703.385
科技大樓,2026-05-08,17048.0,17730.88
科技大樓,2026-05-09,10691.0,11480.465
科技大樓,2026-05-10,8366.0,8835.85
科技大樓,2026-05-11,15445.0,15211.887
科技大樓,2026-05-12,16401.0,16101.26
科技大樓,2026-05-13,16751.0,16300.123
科技大樓,2026-05-14,16743.0,16499.27
科技大樓,2026-05-15,17415.0,17346.281
科技大樓,2026-05-16,11556.0,11714.093
科技大樓,2026-05-17,9658.0,9340.439
科技大樓,2026-05-18,15452.0,15240.973
科技大樓,2026-05-19,15989.0,16121.861
科技大樓,2026-05-20,16361.0,15993.821
科技大樓,2026-05-21,16584.0,16109.059
科技大樓,2026-05-22,17163.0,17078.822
科技大樓,2026-05-23,12648.0,11325.228
科技大樓,2026-05-24,9332.0,9682.782
科技大樓,2026-05-25,15184.0,15224.139
科技大樓,2026-05-26,15881.0,16004.391
科技大樓,2026-05-27,16155.0,15719.631
科技大樓,2026-05-28,16016.0,15857.697
科技大樓,2026-05-29,16905.0,16724.457
科技大樓,2026-05-30,12201.0,11154.672
科技大樓,2026-05-31,8886.0,9521.2
竹圍,2026-01-01,6273.0,7338.796
竹圍,2026-01-02,9223.0,10074.882
竹圍,2026-01-03,7965.0,7765.5522
竹圍,2026-01-04,7117.0,6947.4062
竹圍,2026-01-05,9453.0,9858.484
竹圍,2026-01-06,9613.0,9845.525
竹圍,2026-01-07,9836.0,9760.238
竹圍,2026-01-08,9673.0,9731.688
竹圍,2026-01-09,10438.0,10282.06
竹圍,2026-01-10,8633.0,8523.689
竹圍,2026-01-11,6828.0,7096.92
竹圍,2026-01-12,9313.0,9450.376
竹圍,2026-01-13,9711.0,9646.884
竹圍,2026-01-14,9900.0,9749.867
竹圍,2026-01-15,9832.0,9736.767
竹圍,2026-01-16,10114.0,10287.727
竹圍,2026-01-17,8542.0,8337.278
竹圍,2026-01-18,7083.0,6968.9077
竹圍,2026-01-19,9364.0,9488.291
竹圍,2026-01-20,9776.0,9651.174
竹圍,2026-01-21,9281.0,9659.974
竹圍,2026-01-22,9084.0,9438.325
竹圍,2026-01-23,10363.0,9907.334
竹圍,2026-01-24,8248.0,8248.657
竹圍,2026-01-25,7236.0,6670.68
竹圍,2026-01-26,9443.0,9396.71
竹圍,2026-01-27,9291.0,9701.871
竹圍,2026-01-28,9592.0,9500.479
竹圍,2026-01-29,9734.0,9541.422
竹圍,2026-01-30,10087.0,10226.056
竹圍,2026-01-31,8100.0,8395.685
竹圍,2026-02-01,6298.0,6722.086
竹圍,2026-02-02,8825.0,9201.488
竹圍,2026-02-03,9792.0,9407.096
竹圍,2026-02-04,9977.0,9675.461
竹圍,2026-02-05,9975.0,9747.635
竹圍,2026-02-06,10023.0,10401.619
竹圍,2026-02-07,8320.0,8180.7295
竹圍,2026-02-08,6529.0,6812.1245
竹圍,2026-02-09,9230.0,9277.503
竹圍,2026-02-10,9930.0,9628.025
竹圍,2026-02-11,9554.0,9816.557
竹圍,2026-02-12,9766.0,9622.143
竹圍,2026-02-13,9591.0,10317.575
竹圍,2026-02-14,7665.0,7969.653
竹圍,2026-02-15,5851.0,6472.708
竹圍,2026-02-16,4534.0,4223.756
竹圍,2026-02-17,5885.0,4027.8145
竹圍,2026-02-18,6313.0,6696.1543
竹圍,2026-02-19,6775.0,6736.071
竹圍,2026-02-20,7475.0,6800.6343
竹圍,2026-02-21,8000.0,7307.1704
竹圍,2026-02-22,6739.0,6650.64
竹圍,2026-02-23,9477.0,8635.736
竹圍,2026-02-24,9841.0,9922.16
竹圍,2026-02-25,10030.0,9823.844
竹圍,2026-02-26,10482.0,9739.835
竹圍,2026-02-27,7505.0,8501.859
竹圍,2026-02-28,7790.0,7613.671
竹圍,2026-03-01,6582.0,7224.4326
竹圍,2026-03-02,9671.0,9461.369
竹圍,2026-03-03,9473.0,9826.455
竹圍,2026-03-04,9652.0,9582.858
竹圍,2026-03-05,9826.0,9556.12
竹圍,2026-03-06,10497.0,10188.071
竹圍,2026-03-07,8757.0,8925.252
竹圍,2026-03-08,7059.0,7299.7417
竹圍,2026-03-09,9700.0,9455.12
竹圍,2026-03-10,9663.0,9816.736
竹圍,2026-03-11,10429.0,9659.891
竹圍,2026-03-12,10203.0,9766.719
竹圍,2026-03-13,10674.0,10602.941
竹圍,2026-03-14,9364.0,9118.262
竹圍,2026-03-15,7446.0,7329.9053
竹圍,2026-03-16,9852.0,9447.546
竹圍,2026-03-17,10295.0,9775.709
竹圍,2026-03-18,10347.0,9588.324
竹圍,2026-03-19,9939.0,9681.23
竹圍,2026-03-20,10716.0,10560.154
竹圍,2026-03-21,9238.0,8738.956
竹圍,2026-03-22,7563.0,7473.201
竹圍,2026-03-23,9703.0,9714.826
竹圍,2026-03-24,10125.0,10084.217
竹圍,2026-03-25,10254.0,10012.44
竹圍,2026-03-26,10122.0,9953.442
竹圍,2026-03-27,10084.0,10728.931
竹圍,2026-03-28,8766.0,8464.534
竹圍,2026-03-29,7123.0,7315.7046
竹圍,2026-03-30,9799.0,9585.704
竹圍,2026-03-31,9973.0,10094.185
竹圍,2026-04-01,9662.0,9984.281
竹圍,2026-04-02,10454.0,9809.078
竹圍,2026-04-03,7002.0,8251.482
竹圍,2026-04-04,6407.0,7311.2217
竹圍,2026-04-05,6695.0,6361.249
竹圍,2026-04-06,6067.0,6797.4707
竹圍,2026-04-07,9245.0,9663.487
竹圍,2026-04-08,9948.0,9365.24
竹圍,2026-04-09,10084.0,9676.287
竹圍,2026-04-10,10645.0,10427.304
竹圍,2026-04-11,8975.0,8777.625
竹圍,2026-04-12,7068.0,7444.3906
竹圍,2026-04-13,9580.0,9544.7
竹圍,2026-04-14,10028.0,9819.973
竹圍,2026-04-15,9870.0,9897.975
竹圍,2026-04-16,9974.0,9752.157
竹圍,2026-04-17,10590.0,10559.329
竹圍,2026-04-18,9090.0,8979.077
竹圍,2026-04-19,7321.0,7271.949
竹圍,2026-04-20,9614.0,9611.51
竹圍,2026-04-21,9870.0,9922.889
竹圍,2026-04-22,9967.0,9827.265
竹圍,2026-04-23,9462.0,9709.88
竹圍,2026-04-24,9879.0,10324.659
竹圍,2026-04-25,8445.0,8375.555
竹圍,2026-04-26,8370.0,7030.4214
竹圍,2026-04-27,9766.0,9440.122
竹圍,2026-04-28,10048.0,9798.098
竹圍,2026-04-29,10008.0,9404.415
竹圍,2026-04-30,10151.0,9450.975
竹圍,2026-05-01,8147.0,7680.2896
竹圍,2026-05-02,8178.0,7811.369
竹圍,2026-05-03,7201.0,6905.732
竹圍,2026-05-04,9693.0,9261.751
竹圍,2026-05-05,9565.0,9844.367
竹圍,2026-05-06,10528.0,9590.387
竹圍,2026-05-07,10227.0,9663.109
竹圍,2026-05-08,10527.0,10614.414
竹圍,2026-05-09,8752.0,8639.157
竹圍,2026-05-10,7243.0,7298.217
竹圍,2026-05-11,9650.0,9622.3125
竹圍,2026-05-12,9929.0,9959.669
竹圍,2026-05-13,9550.0,9978.345
竹圍,2026-05-14,9403.0,9745.812
竹圍,2026-05-15,10518.0,10236.657
竹圍,2026-05-16,9269.0,8732.556
竹圍,2026-05-17,7729.0,7401.389
竹圍,2026-05-18,9480.0,9561.722
竹圍,2026-05-19,9952.0,9787.531
竹圍,2026-05-20,9990.0,9700.867
竹圍,2026-05-21,9604.0,9584.185
竹圍,2026-05-22,10160.0,10250.891
竹圍,2026-05-23,9013.0,8437.35
竹圍,2026-05-24,7048.0,7260.7373
竹圍,2026-05-25,9394.0,9424.848
竹圍,2026-05-26,9695.0,9744.37
竹圍,2026-05-27,9659.0,9491.229
竹圍,2026-05-28,9457.0,9423.554
竹圍,2026-05-29,9901.0,10094.691
竹圍,2026-05-30,8502.0,8210.613
竹圍,2026-05-31,7008.0,6984.9663
紅樹林,2026-01-01,9380.0,11144.665
紅樹林,2026-01-02,14285.0,14364.18
紅樹林,2026-01-03,11060.0,10323.721
紅樹林,2026-01-04,10034.0,9131.266
紅樹林,2026-01-05,14132.0,13890.271
紅樹林,2026-01-06,14218.0,14190.197
紅樹林,2026-01-07,14425.0,14444.387
紅樹林,2026-01-08,14560.0,14438.668
紅樹林,2026-01-09,15568.0,15074.012
紅樹林,2026-01-10,11818.0,11414.791
紅樹林,2026-01-11,9577.0,9963.88
紅樹林,2026-01-12,13931.0,13649.191
紅樹林,2026-01-13,14496.0,14208.524
紅樹林,2026-01-14,14682.0,14570.744
紅樹林,2026-01-15,14732.0,14638.291
紅樹林,2026-01-16,15438.0,15292.925
紅樹林,2026-01-17,11951.0,11185.379
紅樹林,2026-01-18,10509.0,10146.948
紅樹林,2026-01-19,13763.0,14151.993
紅樹林,2026-01-20,14327.0,14276.736
紅樹林,2026-01-21,13816.0,14434.05
紅樹林,2026-01-22,13690.0,14085.842
紅樹林,2026-01-23,14929.0,14788.574
紅樹林,2026-01-24,10986.0,10957.421
紅樹林,2026-01-25,10362.0,9556.305
紅樹林,2026-01-26,14166.0,13908.98
紅樹林,2026-01-27,13771.0,14346.175
紅樹林,2026-01-28,13975.0,14073.577
紅樹林,2026-01-29,15091.0,14111.177
紅樹林,2026-01-30,15179.0,15428.129
紅樹林,2026-01-31,10877.0,11194.802
紅樹林,2026-02-01,9188.0,9625.039
紅樹林,2026-02-02,13396.0,13665.147
紅樹林,2026-02-03,14341.0,13870.412
紅樹林,2026-02-04,14956.0,14353.07
紅樹林,2026-02-05,14859.0,14765.579
紅樹林,2026-02-06,15087.0,15508.891
紅樹林,2026-02-07,11025.0,11014.237
紅樹林,2026-02-08,9638.0,9468.957
紅樹林,2026-02-09,13678.0,13635.845
紅樹林,2026-02-10,14749.0,14006.36
紅樹林,2026-02-11,14220.0,14748.241
紅樹林,2026-02-12,14856.0,14422.969
紅樹林,2026-02-13,14539.0,15467.078
紅樹林,2026-02-14,10662.0,10815.563
紅樹林,2026-02-15,9246.0,9243.137
紅樹林,2026-02-16,7116.0,6391.0117
紅樹林,2026-02-17,8565.0,5730.584
紅樹林,2026-02-18,9803.0,9637.912
紅樹林,2026-02-19,11990.0,10270.306
紅樹林,2026-02-20,11792.0,11222.764
紅樹林,2026-02-21,12570.0,10257.428
紅樹林,2026-02-22,10167.0,9873.155
紅樹林,2026-02-23,14073.0,13187.129
紅樹林,2026-02-24,14416.0,14425.947
紅樹林,2026-02-25,14778.0,14563.889
紅樹林,2026-02-26,15836.0,14756.885
紅樹林,2026-02-27,11644.0,12400.972
紅樹林,2026-02-28,11706.0,10590.397
紅樹林,2026-03-01,9414.0,10365.959
紅樹林,2026-03-02,14285.0,13685.529
紅樹林,2026-03-03,14145.0,14639.924
紅樹林,2026-03-04,14217.0,14500.237
紅樹林,2026-03-05,14871.0,14317.755
紅樹林,2026-03-06,16451.0,15412.625
紅樹林,2026-03-07,11864.0,12461.526
紅樹林,2026-03-08,10460.0,10530.328
紅樹林,2026-03-09,14273.0,13876.105
紅樹林,2026-03-10,14328.0,14277.114
紅樹林,2026-03-11,15336.0,14406.93
紅樹林,2026-03-12,15545.0,14794.238
紅樹林,2026-03-13,17045.0,15953.213
紅樹林,2026-03-14,14332.0,12606.871
紅樹林,2026-03-15,11633.0,11448.156
紅樹林,2026-03-16,14719.0,14038.987
紅樹林,2026-03-17,15109.0,14348.042
紅樹林,2026-03-18,15602.0,14524.6045
紅樹林,2026-03-19,15534.0,14649.614
紅樹林,2026-03-20,16752.0,16231.522
紅樹林,2026-03-21,14318.0,12962.932
紅樹林,2026-03-22,12605.0,12154.922
紅樹林,2026-03-23,15127.0,14734.758
紅樹林,2026-03-24,15196.0,14959.59
紅樹林,2026-03-25,15832.0,15323.815
紅樹林,2026-03-26,16140.0,15412.205
紅樹林,2026-03-27,16605.0,16821.352
紅樹林,2026-03-28,15219.0,12871.428
紅樹林,2026-03-29,12245.0,13103.227
紅樹林,2026-03-30,15512.0,14675.115
紅樹林,2026-03-31,15433.0,15079.122
紅樹林,2026-04-01,14805.0,15397.263
紅樹林,2026-04-02,16288.0,14722.701
紅樹林,2026-04-03,12029.0,13474.255
紅樹林,2026-04-04,10695.0,11547.513
紅樹林,2026-04-05,11892.0,9542.016
紅樹林,2026-04-06,9267.0,10447.412
紅樹林,2026-04-07,14164.0,13500.244
紅樹林,2026-04-08,14957.0,14406.774
紅樹林,2026-04-09,15350.0,15050.24
紅樹林,2026-04-10,16831.0,16145.842
紅樹林,2026-04-11,13190.0,12925.661
紅樹林,2026-04-12,10953.0,11475.567
紅樹林,2026-04-13,14600.0,14439.955
紅樹林,2026-04-14,14793.0,14633.729
紅樹林,2026-04-15,14763.0,14805.591
紅樹林,2026-04-16,15180.0,14672.179
紅樹林,2026-04-17,16442.0,16042.368
紅樹林,2026-04-18,16067.0,12623.511
紅樹林,2026-04-19,11713.0,12843.935
紅樹林,2026-04-20,14613.0,14197.138
紅樹林,2026-04-21,14970.0,14347.386
紅樹林,2026-04-22,15079.0,14730.602
紅樹林,2026-04-23,14686.0,14587.245
紅樹林,2026-04-24,15893.0,15811.119
紅樹林,2026-04-25,12502.0,12866.838
紅樹林,2026-04-26,15775.0,10878.638
紅樹林,2026-04-27,15098.0,14921.313
紅樹林,2026-04-28,15333.0,14991.404
紅樹林,2026-04-29,15174.0,15035.553
紅樹林,2026-04-30,16405.0,14678.941
紅樹林,2026-05-01,13288.0,13275.953
紅樹林,2026-05-02,16121.0,12736.154
紅樹林,2026-05-03,13277.0,13411.168
紅樹林,2026-05-04,14614.0,14448.633
紅樹林,2026-05-05,14578.0,14163.984
紅樹林,2026-05-06,15823.0,14580.918
紅樹林,2026-05-07,15852.0,14902.162
紅樹林,2026-05-08,16534.0,16184.924
紅樹林,2026-05-09,13519.0,13911.46
紅樹林,2026-05-10,11083.0,12455.873
紅樹林,2026-05-11,15120.0,13672.667
紅樹林,2026-05-12,15585.0,14660.466
紅樹林,2026-05-13,14701.0,15400.032
紅樹林,2026-05-14,14556.0,14648.006
紅樹林,2026-05-15,17070.0,15615.205
紅樹林,2026-05-16,15848.0,13236.421
紅樹林,2026-05-17,14193.0,13385.203
紅樹林,2026-05-18,15463.0,15313.107
紅樹林,2026-05-19,15525.0,14691.236
紅樹林,2026-05-20,15918.0,14824.14
紅樹林,2026-05-21,15217.0,14949.327
紅樹林,2026-05-22,16783.0,15997.634
紅樹林,2026-05-23,14721.0,13542.941
紅樹林,2026-05-24,12503.0,13116.773
紅樹林,2026-05-25,14786.0,14759.301
紅樹林,2026-05-26,15216.0,14533.5
紅樹林,2026-05-27,15173.0,15180.313
紅樹林,2026-05-28,15147.0,14952.311
紅樹林,2026-05-29,15923.0,16013.281
紅樹林,2026-05-30,14422.0,12960.743
紅樹林,2026-05-31,12001.0,12723.115
芝山,2026-01-01,16224.0,18625.68
芝山,2026-01-02,23647.0,25609.152
芝山,2026-01-03,19241.0,18937.281
芝山,2026-01-04,16436.0,16196.594
芝山,2026-01-05,23441.0,24006.414
芝山,2026-01-06,24097.0,24628.805
芝山,2026-01-07,24138.0,24511.764
芝山,2026-01-08,24293.0,24431.545
芝山,2026-01-09,26798.0,25961.762
芝山,2026-01-10,20599.0,20984.492
芝山,2026-01-11,17152.0,16957.945
芝山,2026-01-12,23232.0,23344.756
芝山,2026-01-13,24476.0,24083.2
芝山,2026-01-14,24865.0,24586.594
芝山,2026-01-15,24679.0,24830.445
芝山,2026-01-16,26549.0,25990.059
芝山,2026-01-17,20486.0,20550.791
芝山,2026-01-18,17195.0,17035.834
芝山,2026-01-19,22930.0,23490.809
芝山,2026-01-20,24429.0,24103.719
芝山,2026-01-21,23786.0,24423.04
芝山,2026-01-22,23701.0,24171.346
芝山,2026-01-23,26352.0,25557.77
芝山,2026-01-24,20870.0,20154.508
芝山,2026-01-25,17955.0,16902.773
芝山,2026-01-26,23253.0,23228.674
芝山,2026-01-27,24422.0,24128.328
芝山,2026-01-28,24459.0,24593.465
芝山,2026-01-29,25204.0,24697.996
芝山,2026-01-30,26360.0,26525.71
芝山,2026-01-31,20015.0,20785.111
芝山,2026-02-01,16138.0,16584.543
芝山,2026-02-02,22875.0,22986.422
芝山,2026-02-03,24289.0,24112.6
芝山,2026-02-04,25076.0,24622.66
芝山,2026-02-05,25251.0,25070.375
芝山,2026-02-06,26295.0,26761.17
芝山,2026-02-07,20501.0,20357.979
芝山,2026-02-08,16731.0,16721.455
芝山,2026-02-09,23699.0,23114.57
芝山,2026-02-10,24866.0,24534.83
芝山,2026-02-11,24983.0,25119.586
芝山,2026-02-12,25161.0,25155.742
芝山,2026-02-13,24871.0,26766.48
芝山,2026-02-14,17657.0,19513.492
芝山,2026-02-15,14986.0,15150.679
芝山,2026-02-16,9946.0,9245.175
芝山,2026-02-17,12445.0,7987.9766
芝山,2026-02-18,14377.0,14885.006
芝山,2026-02-19,15151.0,15082.083
芝山,2026-02-20,15486.0,15497.432
芝山,2026-02-21,17186.0,16074.714
芝山,2026-02-22,15939.0,14669.232
芝山,2026-02-23,22716.0,21167.207
芝山,2026-02-24,24119.0,23766.418
芝山,2026-02-25,24647.0,24565.6
芝山,2026-02-26,25954.0,24632.46
芝山,2026-02-27,19659.0,20359.125
芝山,2026-02-28,19377.0,19112.479
芝山,2026-03-01,16231.0,17562.648
芝山,2026-03-02,23284.0,23013.973
芝山,2026-03-03,23625.0,24066.877
芝山,2026-03-04,24203.0,23765.938
芝山,2026-03-05,24544.0,24032.52
芝山,2026-03-06,26199.0,25932.508
芝山,2026-03-07,21411.0,21614.33
芝山,2026-03-08,17731.0,17208.703
芝山,2026-03-09,23231.0,23076.012
芝山,2026-03-10,24139.0,23951.367
芝山,2026-03-11,25382.0,24246.031
芝山,2026-03-12,25229.0,24888.379
芝山,2026-03-13,26726.0,27005.5
芝山,2026-03-14,21806.0,22651.05
芝山,2026-03-15,17753.0,17655.598
芝山,2026-03-16,23830.0,22561.434
芝山,2026-03-17,24793.0,23983.873
芝山,2026-03-18,25115.0,24154.7
芝山,2026-03-19,24677.0,24529.852
芝山,2026-03-20,27075.0,26772.65
芝山,2026-03-21,22187.0,20950.572
芝山,2026-03-22,18294.0,17615.324
芝山,2026-03-23,23187.0,23458.812
芝山,2026-03-24,24441.0,24438.623
芝山,2026-03-25,25198.0,24936.904
芝山,2026-03-26,25586.0,25117.174
芝山,2026-03-27,25989.0,27494.281
芝山,2026-03-28,21146.0,20806.354
芝山,2026-03-29,18094.0,17242.707
芝山,2026-03-30,23528.0,23425.658
芝山,2026-03-31,24344.0,24637.025
芝山,2026-04-01,24035.0,24930.316
芝山,2026-04-02,25374.0,24571.736
芝山,2026-04-03,18283.0,19565.547
芝山,2026-04-04,16774.0,18100.361
芝山,2026-04-05,17483.0,15114.156
芝山,2026-04-06,14910.0,16078.134
芝山,2026-04-07,23038.0,23357.629
芝山,2026-04-08,24212.0,23505.988
芝山,2026-04-09,24669.0,24275.475
芝山,2026-04-10,26664.0,26481.654
芝山,2026-04-11,21354.0,21345.008
芝山,2026-04-12,17601.0,17500.385
芝山,2026-04-13,23397.0,22926.428
芝山,2026-04-14,24423.0,24101.855
芝山,2026-04-15,24482.0,24482.781
芝山,2026-04-16,24164.0,24597.326
芝山,2026-04-17,27078.0,26293.652
芝山,2026-04-18,21730.0,22142.229
芝山,2026-04-19,18509.0,17500.232
芝山,2026-04-20,23136.0,23265.45
芝山,2026-04-21,24001.0,24130.777
芝山,2026-04-22,24689.0,24446.244
芝山,2026-04-23,23827.0,24630.879
芝山,2026-04-24,26173.0,26238.559
芝山,2026-04-25,22175.0,21160.646
芝山,2026-04-26,19129.0,17847.668
芝山,2026-04-27,23508.0,23114.914
芝山,2026-04-28,25217.0,24136.19
芝山,2026-04-29,25621.0,24292.734
芝山,2026-04-30,25954.0,24471.457
芝山,2026-05-01,21055.0,19223.156
芝山,2026-05-02,21006.0,19810.945
芝山,2026-05-03,17822.0,16704.254
芝山,2026-05-04,23677.0,22456.148
芝山,2026-05-05,24044.0,24382.275
芝山,2026-05-06,25606.0,24444.504
芝山,2026-05-07,25116.0,24918.398
芝山,2026-05-08,26588.0,27092.082
芝山,2026-05-09,20808.0,21415.824
芝山,2026-05-10,17497.0,17065.934
芝山,2026-05-11,23189.0,23300.797
芝山,2026-05-12,24271.0,24343.701
芝山,2026-05-13,23823.0,24865.152
芝山,2026-05-14,23795.0,24457.992
芝山,2026-05-15,27111.0,26025.213
芝山,2026-05-16,22445.0,21760.707
芝山,2026-05-17,18777.0,18053.94
芝山,2026-05-18,23217.0,23273.89
芝山,2026-05-19,23950.0,24085.4
芝山,2026-05-20,24729.0,24234.008
芝山,2026-05-21,24529.0,24262.133
芝山,2026-05-22,26258.0,26462.213
芝山,2026-05-23,21184.0,20955.674
芝山,2026-05-24,17809.0,17043.82
芝山,2026-05-25,23081.0,23183.525
芝山,2026-05-26,24000.0,24125.27
芝山,2026-05-27,24320.0,24256.7
芝山,2026-05-28,24067.0,24082.992
芝山,2026-05-29,26088.0,26098.766
芝山,2026-05-30,21868.0,20722.834
芝山,2026-05-31,17734.0,17506.229
菜寮,2026-01-01,6151.0,6997.0796
菜寮,2026-01-02,11453.0,11533.131
菜寮,2026-01-03,7474.0,7968.387
菜寮,2026-01-04,6103.0,6239.167
菜寮,2026-01-05,10952.0,11214.868
菜寮,2026-01-06,11203.0,11301.822
菜寮,2026-01-07,11141.0,11451.556
菜寮,2026-01-08,11376.0,11289.149
菜寮,2026-01-09,11615.0,11907.891
菜寮,2026-01-10,8174.0,8430.981
菜寮,2026-01-11,6795.0,6342.051
菜寮,2026-01-12,10745.0,10745.141
菜寮,2026-01-13,11281.0,11018.837
菜寮,2026-01-14,11144.0,11278.118
菜寮,2026-01-15,11384.0,11085.512
菜寮,2026-01-16,11452.0,11550.395
菜寮,2026-01-17,8443.0,8299.412
菜寮,2026-01-18,6625.0,6592.891
菜寮,2026-01-19,10616.0,10643.291
菜寮,2026-01-20,11342.0,10874.809
菜寮,2026-01-21,11103.0,10935.231
菜寮,2026-01-22,11173.0,10827.634
菜寮,2026-01-23,11932.0,11414.652
菜寮,2026-01-24,8128.0,8218.671
菜寮,2026-01-25,6798.0,6263.6367
菜寮,2026-01-26,10413.0,10806.842
菜寮,2026-01-27,10549.0,10860.166
菜寮,2026-01-28,10621.0,10684.662
菜寮,2026-01-29,10648.0,10677.258
菜寮,2026-01-30,10978.0,11204.401
菜寮,2026-01-31,8150.0,7955.0596
菜寮,2026-02-01,6452.0,6288.0005
菜寮,2026-02-02,10124.0,10334.753
菜寮,2026-02-03,10582.0,10452.309
菜寮,2026-02-04,10815.0,10543.849
菜寮,2026-02-05,10836.0,10694.214
菜寮,2026-02-06,11356.0,11158.808
菜寮,2026-02-07,8575.0,8134.7773
菜寮,2026-02-08,7159.0,6491.779
菜寮,2026-02-09,10195.0,10308.829
菜寮,2026-02-10,10593.0,10390.477
菜寮,2026-02-11,10509.0,10438.342
菜寮,2026-02-12,10445.0,10492.9
菜寮,2026-02-13,10426.0,11082.711
菜寮,2026-02-14,6812.0,7620.715
菜寮,2026-02-15,5181.0,5541.665
菜寮,2026-02-16,3951.0,2896.8716
菜寮,2026-02-17,5375.0,3082.063
菜寮,2026-02-18,5502.0,6281.7705
菜寮,2026-02-19,5971.0,5916.006
菜寮,2026-02-20,6178.0,5769.3564
菜寮,2026-02-21,7002.0,6283.375
菜寮,2026-02-22,6124.0,5537.665
菜寮,2026-02-23,11011.0,9039.746
菜寮,2026-02-24,11248.0,11249.735
菜寮,2026-02-25,11824.0,11295.11
菜寮,2026-02-26,11913.0,11487.681
菜寮,2026-02-27,7994.0,8075.2207
菜寮,2026-02-28,9264.0,7767.7666
菜寮,2026-03-01,6790.0,7714.6973
菜寮,2026-03-02,11219.0,10460.133
菜寮,2026-03-03,11505.0,11248.984
菜寮,2026-03-04,11791.0,11268.604
菜寮,2026-03-05,11933.0,11330.968
菜寮,2026-03-06,12193.0,12030.668
菜寮,2026-03-07,9440.0,9620.444
菜寮,2026-03-08,7094.0,7205.0894
菜寮,2026-03-09,11197.0,11015.8545
菜寮,2026-03-10,11938.0,11355.696
菜寮,2026-03-11,11705.0,11522.388
菜寮,2026-03-12,11565.0,11457.053
菜寮,2026-03-13,11985.0,12208.488
菜寮,2026-03-14,9387.0,9398.299
菜寮,2026-03-15,7138.0,7222.3013
菜寮,2026-03-16,11198.0,10772.028
菜寮,2026-03-17,11512.0,11119.593
菜寮,2026-03-18,11564.0,11006.741
菜寮,2026-03-19,11463.0,11075.379
菜寮,2026-03-20,11938.0,11967.168
菜寮,2026-03-21,8635.0,8557.636
菜寮,2026-03-22,6885.0,6709.4556
菜寮,2026-03-23,10970.0,11056.786
菜寮,2026-03-24,11700.0,11316.861
菜寮,2026-03-25,11612.0,11409.999
菜寮,2026-03-26,11364.0,11351.597
菜寮,2026-03-27,11925.0,11949.404
菜寮,2026-03-28,8705.0,8533.144
菜寮,2026-03-29,6319.0,6693.545
菜寮,2026-03-30,11168.0,10971.454
菜寮,2026-03-31,11302.0,11390.719
菜寮,2026-04-01,11354.0,11402.861
菜寮,2026-04-02,11411.0,11318.177
菜寮,2026-04-03,6770.0,7432.898
菜寮,2026-04-04,6108.0,6828.0415
菜寮,2026-04-05,6151.0,5553.787
菜寮,2026-04-06,5671.0,6106.6504
菜寮,2026-04-07,11049.0,10883.545
菜寮,2026-04-08,11412.0,10888.647
菜寮,2026-04-09,11404.0,11171.013
菜寮,2026-04-10,11880.0,11882.542
菜寮,2026-04-11,8550.0,8623.322
菜寮,2026-04-12,6932.0,6707.3506
菜寮,2026-04-13,10962.0,10772.983
菜寮,2026-04-14,11242.0,11023.193
菜寮,2026-04-15,11374.0,11176.969
菜寮,2026-04-16,11118.0,11147.394
菜寮,2026-04-17,11737.0,11833.888
菜寮,2026-04-18,8623.0,8700.905
菜寮,2026-04-19,7044.0,6514.9717
菜寮,2026-04-20,10865.0,10770.08
菜寮,2026-04-21,11264.0,11088.586
菜寮,2026-04-22,11431.0,11146.9795
菜寮,2026-04-23,11456.0,11100.6455
菜寮,2026-04-24,12327.0,11723.703
菜寮,2026-04-25,8267.0,8743.687
菜寮,2026-04-26,6993.0,6590.0303
菜寮,2026-04-27,10988.0,10847.947
菜寮,2026-04-28,12041.0,11137.376
菜寮,2026-04-29,11511.0,10997.711
菜寮,2026-04-30,12468.0,10958.746
菜寮,2026-05-01,7614.0,7296.6196
菜寮,2026-05-02,7392.0,7272.9727
菜寮,2026-05-03,6421.0,5834.654
菜寮,2026-05-04,11182.0,10730.068
菜寮,2026-05-05,11935.0,11262.997
菜寮,2026-05-06,11580.0,11643.273
菜寮,2026-05-07,11603.0,11460.831
菜寮,2026-05-08,11880.0,12213.833
菜寮,2026-05-09,8327.0,8561.43
菜寮,2026-05-10,6383.0,6570.921
菜寮,2026-05-11,10914.0,10960.626
菜寮,2026-05-12,11358.0,11229.712
菜寮,2026-05-13,11090.0,11467.195
菜寮,2026-05-14,11438.0,11313.129
菜寮,2026-05-15,12026.0,11933.468
菜寮,2026-05-16,9293.0,8655.379
菜寮,2026-05-17,7224.0,6812.8164
菜寮,2026-05-18,10947.0,10829.065
菜寮,2026-05-19,11128.0,11135.098
菜寮,2026-05-20,11032.0,11101.271
菜寮,2026-05-21,11015.0,10918.291
菜寮,2026-05-22,11581.0,11549.414
菜寮,2026-05-23,9401.0,8278.381
菜寮,2026-05-24,6658.0,6776.653
菜寮,2026-05-25,10718.0,10753.076
菜寮,2026-05-26,11102.0,11028.699
菜寮,2026-05-27,11234.0,10863.967
菜寮,2026-05-28,11139.0,10780.202
菜寮,2026-05-29,11934.0,11516.381
菜寮,2026-05-30,8499.0,8467.108
菜寮,2026-05-31,6620.0,6528.8794
萬芳社區,2026-01-01,1498.0,1760.7101
萬芳社區,2026-01-02,2539.0,2829.4556
萬芳社區,2026-01-03,1997.0,1866.8356
萬芳社區,2026-01-04,1723.0,1663.6888
萬芳社區,2026-01-05,2764.0,2779.9229
萬芳社區,2026-01-06,2847.0,2837.5369
萬芳社區,2026-01-07,2801.0,2845.7485
萬芳社區,2026-01-08,2805.0,2817.0981
萬芳社區,2026-01-09,2965.0,2893.8328
萬芳社區,2026-01-10,2078.0,2017.7643
萬芳社區,2026-01-11,1672.0,1660.7811
萬芳社區,2026-01-12,2749.0,2676.9673
萬芳社區,2026-01-13,2921.0,2815.0828
萬芳社區,2026-01-14,2889.0,2860.587
萬芳社區,2026-01-15,2898.0,2822.258
萬芳社區,2026-01-16,2861.0,2897.0217
萬芳社區,2026-01-17,2065.0,1951.5334
萬芳社區,2026-01-18,1725.0,1663.844
萬芳社區,2026-01-19,2620.0,2710.1035
萬芳社區,2026-01-20,2785.0,2773.9949
萬芳社區,2026-01-21,2761.0,2753.1824
萬芳社區,2026-01-22,2901.0,2756.092
萬芳社區,2026-01-23,2871.0,2885.0857
萬芳社區,2026-01-24,1884.0,1910.365
萬芳社區,2026-01-25,1798.0,1594.8047
萬芳社區,2026-01-26,2638.0,2690.1895
萬芳社區,2026-01-27,2760.0,2745.0942
萬芳社區,2026-01-28,2693.0,2741.4521
萬芳社區,2026-01-29,2830.0,2724.8743
萬芳社區,2026-01-30,2947.0,2859.3093
萬芳社區,2026-01-31,2026.0,1996.2009
萬芳社區,2026-02-01,1417.0,1661.3845
萬芳社區,2026-02-02,2626.0,2638.1045
萬芳社區,2026-02-03,2841.0,2748.0146
萬芳社區,2026-02-04,2813.0,2794.2236
萬芳社區,2026-02-05,2736.0,2801.533
萬芳社區,2026-02-06,2860.0,2868.6177
萬芳社區,2026-02-07,1966.0,1895.4038
萬芳社區,2026-02-08,1616.0,1603.3293
萬芳社區,2026-02-09,2607.0,2666.6597
萬芳社區,2026-02-10,2830.0,2730.5337
萬芳社區,2026-02-11,2764.0,2782.4128
萬芳社區,2026-02-12,2797.0,2776.2188
萬芳社區,2026-02-13,2733.0,2883.9475
萬芳社區,2026-02-14,1792.0,1901.479
萬芳社區,2026-02-15,1521.0,1553.3738
萬芳社區,2026-02-16,1131.0,935.5315
萬芳社區,2026-02-17,1347.0,842.4459
萬芳社區,2026-02-18,1518.0,1536.138
萬芳社區,2026-02-19,1829.0,1529.8892
萬芳社區,2026-02-20,1598.0,1642.5776
萬芳社區,2026-02-21,1936.0,1579.6697
萬芳社區,2026-02-22,1640.0,1566.6685
萬芳社區,2026-02-23,2769.0,2420.143
萬芳社區,2026-02-24,2842.0,2864.186
萬芳社區,2026-02-25,2870.0,2825.4724
萬芳社區,2026-02-26,2987.0,2826.046
萬芳社區,2026-02-27,1948.0,1924.5981
萬芳社區,2026-02-28,1904.0,1860.8152
萬芳社區,2026-03-01,1643.0,1767.945
萬芳社區,2026-03-02,2777.0,2714.4922
萬芳社區,2026-03-03,2771.0,2810.5898
萬芳社區,2026-03-04,2804.0,2766.246
萬芳社區,2026-03-05,2869.0,2765.0884
萬芳社區,2026-03-06,2873.0,2871.9978
萬芳社區,2026-03-07,2126.0,2094.2102
萬芳社區,2026-03-08,1837.0,1724.7495
萬芳社區,2026-03-09,2799.0,2701.7686
萬芳社區,2026-03-10,2772.0,2788.817
萬芳社區,2026-03-11,2854.0,2765.0886
萬芳社區,2026-03-12,2958.0,2801.2805
萬芳社區,2026-03-13,3000.0,2959.2017
萬芳社區,2026-03-14,2225.0,2221.6216
萬芳社區,2026-03-15,1986.0,1745.7769
萬芳社區,2026-03-16,2799.0,2660.309
萬芳社區,2026-03-17,2984.0,2789.3591
萬芳社區,2026-03-18,2953.0,2800.3403
萬芳社區,2026-03-19,2872.0,2828.8887
萬芳社區,2026-03-20,2928.0,2972.2612
萬芳社區,2026-03-21,2110.0,1968.6458
萬芳社區,2026-03-22,1947.0,1684.5356
萬芳社區,2026-03-23,2764.0,2784.2307
萬芳社區,2026-03-24,2895.0,2853.4734
萬芳社區,2026-03-25,2987.0,2866.0398
萬芳社區,2026-03-26,2908.0,2908.3696
萬芳社區,2026-03-27,2851.0,3011.3232
萬芳社區,2026-03-28,2207.0,2001.2708
萬芳社區,2026-03-29,1775.0,1761.2194
萬芳社區,2026-03-30,2781.0,2752.979
萬芳社區,2026-03-31,2821.0,2848.8667
萬芳社區,2026-04-01,2828.0,2837.294
萬芳社區,2026-04-02,2991.0,2837.1118
萬芳社區,2026-04-03,1794.0,1904.395
萬芳社區,2026-04-04,1629.0,1749.0359
萬芳社區,2026-04-05,1600.0,1512.4846
萬芳社區,2026-04-06,1425.0,1625.8074
萬芳社區,2026-04-07,2748.0,2743.0576
萬芳社區,2026-04-08,2884.0,2760.6875
萬芳社區,2026-04-09,2896.0,2833.0398
萬芳社區,2026-04-10,2960.0,2982.1204
萬芳社區,2026-04-11,2229.0,2055.6167
萬芳社區,2026-04-12,1919.0,1793.1099
萬芳社區,2026-04-13,2756.0,2726.1023
萬芳社區,2026-04-14,2856.0,2791.4253
萬芳社區,2026-04-15,2792.0,2820.3044
萬芳社區,2026-04-16,2746.0,2801.0154
萬芳社區,2026-04-17,2904.0,2933.516
萬芳社區,2026-04-18,2078.0,2114.4326
萬芳社區,2026-04-19,1774.0,1693.3058
萬芳社區,2026-04-20,2716.0,2655.8623
萬芳社區,2026-04-21,2843.0,2769.1772
萬芳社區,2026-04-22,2884.0,2785.249
萬芳社區,2026-04-23,2763.0,2812.845
萬芳社區,2026-04-24,2886.0,2873.0776
萬芳社區,2026-04-25,1932.0,2017.4764
萬芳社區,2026-04-26,1859.0,1642.3909
萬芳社區,2026-04-27,2819.0,2672.4524
萬芳社區,2026-04-28,2905.0,2801.9326
萬芳社區,2026-04-29,2879.0,2768.8958
萬芳社區,2026-04-30,2913.0,2785.9524
萬芳社區,2026-05-01,1947.0,1690.0525
萬芳社區,2026-05-02,1989.0,1776.321
萬芳社區,2026-05-03,1682.0,1598.1315
萬芳社區,2026-05-04,2754.0,2681.3892
萬芳社區,2026-05-05,2714.0,2793.0835
萬芳社區,2026-05-06,2952.0,2751.1904
萬芳社區,2026-05-07,2896.0,2837.5952
萬芳社區,2026-05-08,2984.0,2972.2808
萬芳社區,2026-05-09,1950.0,2030.9521
萬芳社區,2026-05-10,1654.0,1645.907
萬芳社區,2026-05-11,2713.0,2731.8992
萬芳社區,2026-05-12,2882.0,2799.4597
萬芳社區,2026-05-13,2809.0,2857.6301
萬芳社區,2026-05-14,2710.0,2818.5854
萬芳社區,2026-05-15,2989.0,2872.99
萬芳社區,2026-05-16,2217.0,2026.9143
萬芳社區,2026-05-17,1809.0,1709.8369
萬芳社區,2026-05-18,2691.0,2674.3018
萬芳社區,2026-05-19,2823.0,2775.8977
萬芳社區,2026-05-20,2826.0,2777.9556
萬芳社區,2026-05-21,2922.0,2777.2632
萬芳社區,2026-05-22,2925.0,2924.3965
萬芳社區,2026-05-23,2160.0,1967.765
萬芳社區,2026-05-24,1733.0,1701.2988
萬芳社區,2026-05-25,2762.0,2679.939
萬芳社區,2026-05-26,2847.0,2805.5037
萬芳社區,2026-05-27,2825.0,2788.499
萬芳社區,2026-05-28,2790.0,2782.3027
萬芳社區,2026-05-29,2830.0,2906.776
萬芳社區,2026-05-30,1997.0,1930.7439
萬芳社區,2026-05-31,1665.0,1624.8433
萬芳醫院,2026-01-01,5785.0,6304.211
萬芳醫院,2026-01-02,13769.0,13875.812
萬芳醫院,2026-01-03,7692.0,8278.628
萬芳醫院,2026-01-04,5888.0,6179.5264
萬芳醫院,2026-01-05,12253.0,12991.373
萬芳醫院,2026-01-06,12391.0,13070.634
萬芳醫院,2026-01-07,12582.0,12995.651
萬芳醫院,2026-01-08,12566.0,12928.176
萬芳醫院,2026-01-09,14179.0,13973.035
萬芳醫院,2026-01-10,8207.0,8898.591
萬芳醫院,2026-01-11,5788.0,6216.7207
萬芳醫院,2026-01-12,11422.0,12094.224
萬芳醫院,2026-01-13,11632.0,12241.223
萬芳醫院,2026-01-14,11711.0,12379.335
萬芳醫院,2026-01-15,13161.0,12371.901
萬芳醫院,2026-01-16,14090.0,13664.846
萬芳醫院,2026-01-17,8299.0,8679.977
萬芳醫院,2026-01-18,6101.0,6412.6543
萬芳醫院,2026-01-19,11292.0,11800.148
萬芳醫院,2026-01-20,11980.0,12018.755
萬芳醫院,2026-01-21,11767.0,11897.52
萬芳醫院,2026-01-22,11733.0,11948.909
萬芳醫院,2026-01-23,12498.0,12961.678
萬芳醫院,2026-01-24,7562.0,7494.498
萬芳醫院,2026-01-25,5673.0,5459.224
萬芳醫院,2026-01-26,11162.0,11345.65
萬芳醫院,2026-01-27,11390.0,11660.893
萬芳醫院,2026-01-28,11295.0,11563.168
萬芳醫院,2026-01-29,11273.0,11647.428
萬芳醫院,2026-01-30,12035.0,12479.367
萬芳醫院,2026-01-31,7710.0,7520.068
萬芳醫院,2026-02-01,5553.0,5722.1577
萬芳醫院,2026-02-02,10903.0,11077.643
萬芳醫院,2026-02-03,11281.0,11341.408
萬芳醫院,2026-02-04,11385.0,11289.848
萬芳醫院,2026-02-05,11682.0,11522.957
萬芳醫院,2026-02-06,11901.0,12558.913
萬芳醫院,2026-02-07,7627.0,7223.437
萬芳醫院,2026-02-08,5785.0,5651.6123
萬芳醫院,2026-02-09,10900.0,10988.831
萬芳醫院,2026-02-10,11354.0,11280.508
萬芳醫院,2026-02-11,11267.0,11310.234
萬芳醫院,2026-02-12,11287.0,11425.2
萬芳醫院,2026-02-13,10940.0,12228.796
萬芳醫院,2026-02-14,6312.0,6822.59
萬芳醫院,2026-02-15,4557.0,4918.4805
萬芳醫院,2026-02-16,3401.0,875.8701
萬芳醫院,2026-02-17,3668.0,1080.1807
萬芳醫院,2026-02-18,4305.0,4331.7144
萬芳醫院,2026-02-19,5117.0,4407.4863
萬芳醫院,2026-02-20,5739.0,4896.3784
萬芳醫院,2026-02-21,6117.0,5985.5083
萬芳醫院,2026-02-22,5552.0,4843.084
萬芳醫院,2026-02-23,11831.0,9647.237
萬芳醫院,2026-02-24,12729.0,12131.807
萬芳醫院,2026-02-25,13038.0,12643.543
萬芳醫院,2026-02-26,15525.0,12666.304
萬芳醫院,2026-02-27,8490.0,8825.612
萬芳醫院,2026-02-28,6634.0,7096.946
萬芳醫院,2026-03-01,5462.0,5970.6235
萬芳醫院,2026-03-02,12672.0,11882.645
萬芳醫院,2026-03-03,12338.0,12817.963
萬芳醫院,2026-03-04,12536.0,12455.644
萬芳醫院,2026-03-05,13028.0,12470.459
萬芳醫院,2026-03-06,15062.0,13197.76
萬芳醫院,2026-03-07,8832.0,8963.689
萬芳醫院,2026-03-08,6505.0,6555.8276
萬芳醫院,2026-03-09,12546.0,12362.622
萬芳醫院,2026-03-10,12845.0,12896.379
萬芳醫院,2026-03-11,12970.0,12885.711
萬芳醫院,2026-03-12,12862.0,12862.15
萬芳醫院,2026-03-13,15357.0,13818.247
萬芳醫院,2026-03-14,8860.0,9640.77
萬芳醫院,2026-03-15,6276.0,6770.5703
萬芳醫院,2026-03-16,12299.0,11919.934
萬芳醫院,2026-03-17,12727.0,12594.792
萬芳醫院,2026-03-18,12772.0,12587.748
萬芳醫院,2026-03-19,12522.0,12735.935
萬芳醫院,2026-03-20,14951.0,14053.15
萬芳醫院,2026-03-21,9186.0,8768.174
萬芳醫院,2026-03-22,6693.0,6625.381
萬芳醫院,2026-03-23,12171.0,12350.412
萬芳醫院,2026-03-24,12579.0,12806.211
萬芳醫院,2026-03-25,12942.0,12681.134
萬芳醫院,2026-03-26,12848.0,12850.743
萬芳醫院,2026-03-27,14734.0,14084.506
萬芳醫院,2026-03-28,8861.0,8839.342
萬芳醫院,2026-03-29,6465.0,6555.9766
萬芳醫院,2026-03-30,12414.0,12280.127
萬芳醫院,2026-03-31,12614.0,12904.075
萬芳醫院,2026-04-01,14996.0,12769.518
萬芳醫院,2026-04-02,13210.0,13035.547
萬芳醫院,2026-04-03,7559.0,7504.6396
萬芳醫院,2026-04-04,5378.0,6848.6787
萬芳醫院,2026-04-05,5441.0,4867.5547
萬芳醫院,2026-04-06,5190.0,5243.858
萬芳醫院,2026-04-07,12650.0,12596.596
萬芳醫院,2026-04-08,12749.0,12675.428
萬芳醫院,2026-04-09,12712.0,12847.76
萬芳醫院,2026-04-10,15030.0,14131.088
萬芳醫院,2026-04-11,8603.0,9337.2295
萬芳醫院,2026-04-12,6095.0,6736.7363
萬芳醫院,2026-04-13,12184.0,12191.421
萬芳醫院,2026-04-14,12335.0,12657.452
萬芳醫院,2026-04-15,12708.0,12521.26
萬芳醫院,2026-04-16,12535.0,12671.45
萬芳醫院,2026-04-17,14290.0,13925.41
萬芳醫院,2026-04-18,8580.0,8978.776
萬芳醫院,2026-04-19,6181.0,6396.4785
萬芳醫院,2026-04-20,12106.0,11908.323
萬芳醫院,2026-04-21,12525.0,12511.959
萬芳醫院,2026-04-22,12635.0,12606.393
萬芳醫院,2026-04-23,12364.0,12726.667
萬芳醫院,2026-04-24,15116.0,13707.937
萬芳醫院,2026-04-25,8335.0,8864.054
萬芳醫院,2026-04-26,6526.0,6466.3174
萬芳醫院,2026-04-27,12279.0,12170.641
萬芳醫院,2026-04-28,12598.0,12667.295
萬芳醫院,2026-04-29,12892.0,12348.35
萬芳醫院,2026-04-30,15547.0,12389.359
萬芳醫院,2026-05-01,7156.0,7165.4365
萬芳醫院,2026-05-02,7105.0,6811.4336
萬芳醫院,2026-05-03,5691.0,5390.5967
萬芳醫院,2026-05-04,12321.0,12132.355
萬芳醫院,2026-05-05,12538.0,12775.043
萬芳醫院,2026-05-06,12785.0,12668.689
萬芳醫院,2026-05-07,12700.0,12731.515
萬芳醫院,2026-05-08,14921.0,14076.8955
萬芳醫院,2026-05-09,8347.0,9070.112
萬芳醫院,2026-05-10,5900.0,6431.811
萬芳醫院,2026-05-11,12113.0,12110.49
萬芳醫院,2026-05-12,12451.0,12597.53
萬芳醫院,2026-05-13,12538.0,12695.09
萬芳醫院,2026-05-14,12256.0,12736.649
萬芳醫院,2026-05-15,14907.0,13817.605
萬芳醫院,2026-05-16,9507.0,9042.836
萬芳醫院,2026-05-17,8646.0,6726.2705
萬芳醫院,2026-05-18,11959.0,11913.196
萬芳醫院,2026-05-19,12242.0,12419.174
萬芳醫院,2026-05-20,12476.0,12268.661
萬芳醫院,2026-05-21,12447.0,12202.155
萬芳醫院,2026-05-22,14104.0,13764.926
萬芳醫院,2026-05-23,8634.0,8707.636
萬芳醫院,2026-05-24,6208.0,6360.531
萬芳醫院,2026-05-25,11992.0,11843.7
萬芳醫院,2026-05-26,12184.0,12457.861
萬芳醫院,2026-05-27,12279.0,12218.145
萬芳醫院,2026-05-28,11946.0,12263.381
萬芳醫院,2026-05-29,14467.0,13522.994
萬芳醫院,2026-05-30,8469.0,8542.952
萬芳醫院,2026-05-31,6073.0,6266.3174
萬隆,2026-01-01,7325.0,7861.833
萬隆,2026-01-02,10577.0,10931.44
萬隆,2026-01-03,8515.0,8800.371
萬隆,2026-01-04,7575.0,7503.3037
萬隆,2026-01-05,9860.0,10411.79
萬隆,2026-01-06,10419.0,10392.0625
萬隆,2026-01-07,10575.0,10526.467
萬隆,2026-01-08,10598.0,10572.351
萬隆,2026-01-09,11268.0,11271.41
萬隆,2026-01-10,9294.0,9445.046
萬隆,2026-01-11,7624.0,7795.117
萬隆,2026-01-12,9966.0,10034.5
萬隆,2026-01-13,10412.0,10303.743
萬隆,2026-01-14,10601.0,10514.852
萬隆,2026-01-15,10631.0,10548.582
萬隆,2026-01-16,11101.0,11190.201
萬隆,2026-01-17,9261.0,9264.1875
萬隆,2026-01-18,7696.0,7695.693
萬隆,2026-01-19,10259.0,10030.42
萬隆,2026-01-20,10601.0,10419.595
萬隆,2026-01-21,10442.0,10432.756
萬隆,2026-01-22,10415.0,10347.591
萬隆,2026-01-23,11380.0,11122.019
萬隆,2026-01-24,8992.0,9158.239
萬隆,2026-01-25,7860.0,7481.8716
萬隆,2026-01-26,10291.0,10148.117
萬隆,2026-01-27,10520.0,10574.721
萬隆,2026-01-28,10688.0,10614.542
萬隆,2026-01-29,10775.0,10588.191
萬隆,2026-01-30,11189.0,11341.944
萬隆,2026-01-31,9260.0,9191.939
萬隆,2026-02-01,7805.0,7676.0225
萬隆,2026-02-02,10153.0,10150.447
萬隆,2026-02-03,10595.0,10519.7705
萬隆,2026-02-04,10825.0,10649.328
萬隆,2026-02-05,10947.0,10697.65
萬隆,2026-02-06,11711.0,11435.61
萬隆,2026-02-07,9559.0,9484.204
萬隆,2026-02-08,8015.0,7900.9634
萬隆,2026-02-09,10164.0,10300.148
萬隆,2026-02-10,10689.0,10599.113
萬隆,2026-02-11,10677.0,10711.096
萬隆,2026-02-12,10995.0,10677.939
萬隆,2026-02-13,11149.0,11506.561
萬隆,2026-02-14,8061.0,9225.198
萬隆,2026-02-15,6678.0,7077.8643
萬隆,2026-02-16,5236.0,4639.1797
萬隆,2026-02-17,5509.0,4670.7397
萬隆,2026-02-18,6034.0,6881.713
萬隆,2026-02-19,6349.0,6822.694
萬隆,2026-02-20,6653.0,6819.9297
萬隆,2026-02-21,7527.0,7068.6807
萬隆,2026-02-22,7049.0,6683.2
萬隆,2026-02-23,9988.0,9312.118
萬隆,2026-02-24,10430.0,10299.764
萬隆,2026-02-25,10860.0,10493.403
萬隆,2026-02-26,11141.0,10548.721
萬隆,2026-02-27,9063.0,8910.975
萬隆,2026-02-28,9098.0,8799.374
萬隆,2026-03-01,7618.0,7954.265
萬隆,2026-03-02,10352.0,10034.436
萬隆,2026-03-03,10541.0,10492.56
萬隆,2026-03-04,10588.0,10427.116
萬隆,2026-03-05,10910.0,10332.816
萬隆,2026-03-06,11508.0,11282.407
萬隆,2026-03-07,9716.0,9936.86
萬隆,2026-03-08,8310.0,7829.361
萬隆,2026-03-09,10280.0,10185.713
萬隆,2026-03-10,10521.0,10586.152
萬隆,2026-03-11,10988.0,10384.28
萬隆,2026-03-12,10925.0,10591.258
萬隆,2026-03-13,11620.0,11503.773
萬隆,2026-03-14,10132.0,10094.651
萬隆,2026-03-15,8632.0,8095.683
萬隆,2026-03-16,10137.0,9764.941
萬隆,2026-03-17,10630.0,10204.902
萬隆,2026-03-18,10753.0,10120.336
萬隆,2026-03-19,10741.0,10295.529
萬隆,2026-03-20,11677.0,11365.552
萬隆,2026-03-21,9892.0,9609.49
萬隆,2026-03-22,8473.0,8087.502
萬隆,2026-03-23,10173.0,10300.282
萬隆,2026-03-24,10356.0,10633.587
萬隆,2026-03-25,10741.0,10498.063
萬隆,2026-03-26,10685.0,10509.838
萬隆,2026-03-27,11440.0,11329.245
萬隆,2026-03-28,9584.0,9611.422
萬隆,2026-03-29,7693.0,8014.5464
萬隆,2026-03-30,10237.0,10085.243
萬隆,2026-03-31,10673.0,10593.088
萬隆,2026-04-01,10675.0,10529.769
萬隆,2026-04-02,11414.0,10542.836
萬隆,2026-04-03,8385.0,8856.814
萬隆,2026-04-04,7361.0,8313.308
萬隆,2026-04-05,7073.0,6858.837
萬隆,2026-04-06,6617.0,7026.073
萬隆,2026-04-07,10194.0,10096.383
萬隆,2026-04-08,10627.0,10275.796
萬隆,2026-04-09,10704.0,10567.289
萬隆,2026-04-10,11257.0,11292.727
萬隆,2026-04-11,9856.0,9430.709
萬隆,2026-04-12,8060.0,8186.2734
萬隆,2026-04-13,10070.0,10070.013
萬隆,2026-04-14,10454.0,10370.146
萬隆,2026-04-15,10641.0,10470.548
萬隆,2026-04-16,10668.0,10437.365
萬隆,2026-04-17,11453.0,11320.816
萬隆,2026-04-18,9597.0,9900.4795
萬隆,2026-04-19,8187.0,7822.0273
萬隆,2026-04-20,10121.0,10000.763
萬隆,2026-04-21,10561.0,10444.309
萬隆,2026-04-22,10763.0,10394.155
萬隆,2026-04-23,10549.0,10399.073
萬隆,2026-04-24,11494.0,11193.761
萬隆,2026-04-25,9588.0,9525.003
萬隆,2026-04-26,8593.0,7900.1987
萬隆,2026-04-27,10258.0,10074.053
萬隆,2026-04-28,10776.0,10444.33
萬隆,2026-04-29,10850.0,10102.348
萬隆,2026-04-30,11719.0,10199.297
萬隆,2026-05-01,9174.0,8654.995
萬隆,2026-05-02,8683.0,8830.482
萬隆,2026-05-03,7641.0,7332.271
萬隆,2026-05-04,10290.0,9908.634
萬隆,2026-05-05,10603.0,10604.123
萬隆,2026-05-06,10997.0,10571.687
萬隆,2026-05-07,10792.0,10611.319
萬隆,2026-05-08,11681.0,11395.063
萬隆,2026-05-09,9872.0,9618.606
萬隆,2026-05-10,7936.0,8171.288
萬隆,2026-05-11,10170.0,10271.034
萬隆,2026-05-12,10496.0,10614.596
萬隆,2026-05-13,10622.0,10644.535
萬隆,2026-05-14,10470.0,10581.654
萬隆,2026-05-15,11546.0,11279.881
萬隆,2026-05-16,9960.0,9670.495
萬隆,2026-05-17,8250.0,8008.6377
萬隆,2026-05-18,9983.0,10152.61
萬隆,2026-05-19,10397.0,10466.223
萬隆,2026-05-20,10663.0,10385.008
萬隆,2026-05-21,10690.0,10341.882
萬隆,2026-05-22,11441.0,11197.02
萬隆,2026-05-23,10203.0,9479.673
萬隆,2026-05-24,8308.0,8053.7354
萬隆,2026-05-25,10185.0,10116.949
萬隆,2026-05-26,10457.0,10483.6
萬隆,2026-05-27,10681.0,10200.445
萬隆,2026-05-28,10502.0,10199.335
萬隆,2026-05-29,11309.0,11122.981
萬隆,2026-05-30,9922.0,9413.041
萬隆,2026-05-31,8353.0,7970.3604
葫洲,2026-01-01,4795.0,5448.1953
葫洲,2026-01-02,9815.0,10001.023
葫洲,2026-01-03,6153.0,6362.907
葫洲,2026-01-04,5011.0,5151.6377
葫洲,2026-01-05,9399.0,9412.599
葫洲,2026-01-06,9368.0,9633.161
葫洲,2026-01-07,9706.0,9603.4
葫洲,2026-01-08,9498.0,9655.036
葫洲,2026-01-09,10334.0,10274.351
葫洲,2026-01-10,6568.0,6940.784
葫洲,2026-01-11,5146.0,5118.9683
葫洲,2026-01-12,9107.0,9028.758
葫洲,2026-01-13,9327.0,9336.863
葫洲,2026-01-14,9619.0,9443.876
葫洲,2026-01-15,9524.0,9509.827
葫洲,2026-01-16,10289.0,9990.529
葫洲,2026-01-17,6378.0,6655.389
葫洲,2026-01-18,5033.0,5172.563
葫洲,2026-01-19,8574.0,9034.957
葫洲,2026-01-20,9260.0,9158.068
葫洲,2026-01-21,8675.0,9081.577
葫洲,2026-01-22,8568.0,8852.698
葫洲,2026-01-23,9081.0,9406.666
葫洲,2026-01-24,6460.0,5877.7
葫洲,2026-01-25,5350.0,4877.5054
葫洲,2026-01-26,8400.0,8586.724
葫洲,2026-01-27,8623.0,8711.59
葫洲,2026-01-28,8729.0,8554.289
葫洲,2026-01-29,9007.0,8657.458
葫洲,2026-01-30,9321.0,9358.131
葫洲,2026-01-31,6488.0,6139.151
葫洲,2026-02-01,4984.0,5014.701
葫洲,2026-02-02,8244.0,8420.324
葫洲,2026-02-03,8489.0,8548.36
葫洲,2026-02-04,8771.0,8385.102
葫洲,2026-02-05,8886.0,8639.887
葫洲,2026-02-06,9172.0,9374.015
葫洲,2026-02-07,6487.0,5844.083
葫洲,2026-02-08,4908.0,4911.1323
葫洲,2026-02-09,8443.0,8339.009
葫洲,2026-02-10,8719.0,8610.812
葫洲,2026-02-11,8969.0,8605.598
葫洲,2026-02-12,8527.0,8841.059
葫洲,2026-02-13,8611.0,9263.087
葫洲,2026-02-14,5154.0,5727.2217
葫洲,2026-02-15,4112.0,4334.1484
葫洲,2026-02-16,3071.0,2153.6025
葫洲,2026-02-17,3555.0,2054.897
葫洲,2026-02-18,3833.0,4247.427
葫洲,2026-02-19,4433.0,4083.4985
葫洲,2026-02-20,4597.0,4239.283
葫洲,2026-02-21,5288.0,4777.89
葫洲,2026-02-22,4910.0,4165.549
葫洲,2026-02-23,8119.0,7465.327
葫洲,2026-02-24,8608.0,8440.568
葫洲,2026-02-25,9571.0,8635.648
葫洲,2026-02-26,10237.0,9144.406
葫洲,2026-02-27,6046.0,6526.6914
葫洲,2026-02-28,5807.0,5907.6357
葫洲,2026-03-01,4753.0,5391.948
葫洲,2026-03-02,9122.0,8411.602
葫洲,2026-03-03,9510.0,9184.143
葫洲,2026-03-04,9676.0,9267.715
葫洲,2026-03-05,9714.0,9335.212
葫洲,2026-03-06,10590.0,9889.8125
葫洲,2026-03-07,6509.0,7322.149
葫洲,2026-03-08,5053.0,5164.838
葫洲,2026-03-09,9289.0,9037.619
葫洲,2026-03-10,9525.0,9413.146
葫洲,2026-03-11,9857.0,9476.385
葫洲,2026-03-12,9744.0,9578.606
葫洲,2026-03-13,10499.0,10225.561
葫洲,2026-03-14,6730.0,7159.1147
葫洲,2026-03-15,5282.0,5396.709
葫洲,2026-03-16,9170.0,8764.24
葫洲,2026-03-17,9561.0,9256.786
葫洲,2026-03-18,9773.0,9376.825
葫洲,2026-03-19,9541.0,9497.693
葫洲,2026-03-20,10470.0,10201.258
葫洲,2026-03-21,6761.0,6631.7896
葫洲,2026-03-22,5389.0,5322.8975
葫洲,2026-03-23,9279.0,9084.013
葫洲,2026-03-24,9488.0,9470.777
葫洲,2026-03-25,9672.0,9443.959
葫洲,2026-03-26,9593.0,9474.527
葫洲,2026-03-27,10354.0,10176.868
葫洲,2026-03-28,6445.0,6577.369
葫洲,2026-03-29,5151.0,5136.159
葫洲,2026-03-30,9056.0,9134.623
葫洲,2026-03-31,9338.0,9389.122
葫洲,2026-04-01,9524.0,9433.377
葫洲,2026-04-02,10084.0,9459.881
葫洲,2026-04-03,5445.0,5949.698
葫洲,2026-04-04,4920.0,5355.4443
葫洲,2026-04-05,4713.0,4459.9004
葫洲,2026-04-06,4533.0,4603.388
葫洲,2026-04-07,8804.0,9169.623
葫洲,2026-04-08,8987.0,8869.439
葫洲,2026-04-09,9078.0,9011.138
葫洲,2026-04-10,9318.0,9852.012
葫洲,2026-04-11,6610.0,6284.798
葫洲,2026-04-12,5143.0,5277.041
葫洲,2026-04-13,9354.0,8624.39
葫洲,2026-04-14,9542.0,9191.1455
葫洲,2026-04-15,9745.0,9320.502
葫洲,2026-04-16,9572.0,9412.873
葫洲,2026-04-17,10397.0,10032.062
葫洲,2026-04-18,6787.0,6776.3027
葫洲,2026-04-19,5324.0,5131.8574
葫洲,2026-04-20,9236.0,9028.354
葫洲,2026-04-21,9445.0,9388.975
葫洲,2026-04-22,9709.0,9446.223
葫洲,2026-04-23,9471.0,9481.7
葫洲,2026-04-24,10489.0,10118.887
葫洲,2026-04-25,6441.0,6594.3926
葫洲,2026-04-26,5561.0,5096.143
葫洲,2026-04-27,9426.0,9135.508
葫洲,2026-04-28,9648.0,9515.769
葫洲,2026-04-29,9644.0,9535.252
葫洲,2026-04-30,10441.0,9450.82
葫洲,2026-05-01,6354.0,5645.313
葫洲,2026-05-02,6333.0,5757.2207
葫洲,2026-05-03,5167.0,4938.079
葫洲,2026-05-04,9309.0,9182.226
葫洲,2026-05-05,9603.0,9464.668
葫洲,2026-05-06,9903.0,9508.545
葫洲,2026-05-07,9847.0,9564.565
葫洲,2026-05-08,10208.0,10404.121
葫洲,2026-05-09,6382.0,6701.673
葫洲,2026-05-10,5297.0,5143.592
葫洲,2026-05-11,9190.0,9152.343
葫洲,2026-05-12,9362.0,9438.752
葫洲,2026-05-13,9407.0,9521.086
葫洲,2026-05-14,9262.0,9464.508
葫洲,2026-05-15,10556.0,10033.11
葫洲,2026-05-16,6547.0,6821.0527
葫洲,2026-05-17,5669.0,5203.3833
葫洲,2026-05-18,9144.0,9051.247
葫洲,2026-05-19,9371.0,9343.729
葫洲,2026-05-20,9684.0,9355.925
葫洲,2026-05-21,9534.0,9335.666
葫洲,2026-05-22,10263.0,10048.461
葫洲,2026-05-23,6918.0,6515.4165
葫洲,2026-05-24,5310.0,5261.74
葫洲,2026-05-25,9225.0,9107.023
葫洲,2026-05-26,9517.0,9361.206
葫洲,2026-05-27,9555.0,9345.411
葫洲,2026-05-28,9307.0,9288.765
葫洲,2026-05-29,10289.0,9986.816
葫洲,2026-05-30,6514.0,6545.6577
葫洲,2026-05-31,5216.0,5115.4277
蘆洲,2026-01-01,8059.0,10008.602
蘆洲,2026-01-02,15709.0,16701.113
蘆洲,2026-01-03,11099.0,11346.547
蘆洲,2026-01-04,8861.0,9341.691
蘆洲,2026-01-05,15892.0,16160.245
蘆洲,2026-01-06,16209.0,16315.378
蘆洲,2026-01-07,16360.0,16426.469
蘆洲,2026-01-08,15992.0,16379.833
蘆洲,2026-01-09,17029.0,17048.824
蘆洲,2026-01-10,12276.0,12179.61
蘆洲,2026-01-11,9201.0,9492.388
蘆洲,2026-01-12,15660.0,15655.41
蘆洲,2026-01-13,16047.0,16069.842
蘆洲,2026-01-14,16228.0,16220.569
蘆洲,2026-01-15,16297.0,16074.543
蘆洲,2026-01-16,17204.0,16761.777
蘆洲,2026-01-17,12274.0,12163.74
蘆洲,2026-01-18,9681.0,9722.9375
蘆洲,2026-01-19,15533.0,15643.639
蘆洲,2026-01-20,16440.0,16046.372
蘆洲,2026-01-21,16060.0,16163.744
蘆洲,2026-01-22,15984.0,15932.038
蘆洲,2026-01-23,17275.0,16629.363
蘆洲,2026-01-24,12329.0,11797.405
蘆洲,2026-01-25,9983.0,9536.101
蘆洲,2026-01-26,15899.0,15728.627
蘆洲,2026-01-27,16162.0,16218.084
蘆洲,2026-01-28,15995.0,16196.55
蘆洲,2026-01-29,16424.0,16057.758
蘆洲,2026-01-30,16939.0,17014.68
蘆洲,2026-01-31,12543.0,12054.125
蘆洲,2026-02-01,9744.0,9770.871
蘆洲,2026-02-02,15576.0,15672.6875
蘆洲,2026-02-03,16069.0,16065.303
蘆洲,2026-02-04,16501.0,16161.688
蘆洲,2026-02-05,16458.0,16272.644
蘆洲,2026-02-06,17282.0,17244.783
蘆洲,2026-02-07,12725.0,12301.948
蘆洲,2026-02-08,10012.0,9922.532
蘆洲,2026-02-09,15761.0,15677.613
蘆洲,2026-02-10,16421.0,16164.131
蘆洲,2026-02-11,16150.0,16436.271
蘆洲,2026-02-12,16451.0,16217.661
蘆洲,2026-02-13,16007.0,17331.314
蘆洲,2026-02-14,10282.0,11652.1
蘆洲,2026-02-15,7584.0,8598.631
蘆洲,2026-02-16,5021.0,3686.7617
蘆洲,2026-02-17,6735.0,3827.3047
蘆洲,2026-02-18,7431.0,8637.688
蘆洲,2026-02-19,8627.0,8330.745
蘆洲,2026-02-20,9111.0,8938.635
蘆洲,2026-02-21,10078.0,9590.107
蘆洲,2026-02-22,8585.0,8283.615
蘆洲,2026-02-23,15845.0,13867.768
蘆洲,2026-02-24,16257.0,16226.676
蘆洲,2026-02-25,16676.0,16201.695
蘆洲,2026-02-26,16901.0,16359.211
蘆洲,2026-02-27,11650.0,11731.835
蘆洲,2026-02-28,11369.0,11322.248
蘆洲,2026-03-01,8779.0,10301.941
蘆洲,2026-03-02,16302.0,15347.315
蘆洲,2026-03-03,16141.0,16277.541
蘆洲,2026-03-04,16601.0,15888.656
蘆洲,2026-03-05,16660.0,16121.246
蘆洲,2026-03-06,17185.0,17143.75
蘆洲,2026-03-07,12844.0,12762.581
蘆洲,2026-03-08,9886.0,10062.773
蘆洲,2026-03-09,16235.0,15875.134
蘆洲,2026-03-10,16590.0,16281.949
蘆洲,2026-03-11,16865.0,16371.257
蘆洲,2026-03-12,16931.0,16448.475
蘆洲,2026-03-13,17364.0,17505.71
蘆洲,2026-03-14,12825.0,13276.922
蘆洲,2026-03-15,11177.0,10213.596
蘆洲,2026-03-16,16168.0,15725.129
蘆洲,2026-03-17,16641.0,16241.844
蘆洲,2026-03-18,16826.0,16369.031
蘆洲,2026-03-19,16512.0,16274.034
蘆洲,2026-03-20,17268.0,17357.822
蘆洲,2026-03-21,14686.0,12325.597
蘆洲,2026-03-22,10561.0,10979.469
蘆洲,2026-03-23,16272.0,16112.426
蘆洲,2026-03-24,16485.0,16662.441
蘆洲,2026-03-25,16686.0,16602.238
蘆洲,2026-03-26,16642.0,16449.623
蘆洲,2026-03-27,17111.0,17653.547
蘆洲,2026-03-28,12973.0,12454.756
蘆洲,2026-03-29,9841.0,10222.543
蘆洲,2026-03-30,16411.0,15990.175
蘆洲,2026-03-31,16620.0,16746.39
蘆洲,2026-04-01,16419.0,16821.445
蘆洲,2026-04-02,16700.0,16505.547
蘆洲,2026-04-03,10900.0,11390.502
蘆洲,2026-04-04,9828.0,10626.203
蘆洲,2026-04-05,9472.0,8903.654
蘆洲,2026-04-06,8371.0,9359.8125
蘆洲,2026-04-07,16051.0,15788.977
蘆洲,2026-04-08,16589.0,15961.743
蘆洲,2026-04-09,16817.0,16356.572
蘆洲,2026-04-10,17057.0,17750.385
蘆洲,2026-04-11,12518.0,12567.743
蘆洲,2026-04-12,9924.0,10016.154
蘆洲,2026-04-13,15994.0,15628.19
蘆洲,2026-04-14,16536.0,16076.043
蘆洲,2026-04-15,16536.0,16372.43
蘆洲,2026-04-16,16497.0,16391.38
蘆洲,2026-04-17,17177.0,17535.945
蘆洲,2026-04-18,12528.0,12858.582
蘆洲,2026-04-19,10041.0,9785.791
蘆洲,2026-04-20,16156.0,15809.904
蘆洲,2026-04-21,16504.0,16393.697
蘆洲,2026-04-22,16435.0,16517.637
蘆洲,2026-04-23,16418.0,16364.291
蘆洲,2026-04-24,17042.0,17301.727
蘆洲,2026-04-25,11989.0,12344.725
蘆洲,2026-04-26,10538.0,9785.686
蘆洲,2026-04-27,16183.0,15943.092
蘆洲,2026-04-28,16724.0,16436.588
蘆洲,2026-04-29,16595.0,16371.701
蘆洲,2026-04-30,16933.0,16161.694
蘆洲,2026-05-01,11722.0,10486.99
蘆洲,2026-05-02,11491.0,10837.004
蘆洲,2026-05-03,9393.0,9319.781
蘆洲,2026-05-04,16364.0,15703.746
蘆洲,2026-05-05,16562.0,16424.365
蘆洲,2026-05-06,16801.0,16462.395
蘆洲,2026-05-07,16752.0,16414.768
蘆洲,2026-05-08,16993.0,17625.324
蘆洲,2026-05-09,12185.0,12184.798
蘆洲,2026-05-10,9561.0,9705.958
蘆洲,2026-05-11,15925.0,16038.926
蘆洲,2026-05-12,16437.0,16329.836
蘆洲,2026-05-13,16364.0,16496.693
蘆洲,2026-05-14,16207.0,16313.971
蘆洲,2026-05-15,17644.0,17190.115
蘆洲,2026-05-16,12677.0,12639.231
蘆洲,2026-05-17,11417.0,10006.948
蘆洲,2026-05-18,15954.0,15943.735
蘆洲,2026-05-19,16331.0,16290.969
蘆洲,2026-05-20,16571.0,16282.731
蘆洲,2026-05-21,16454.0,16107.664
蘆洲,2026-05-22,17108.0,17150.512
蘆洲,2026-05-23,12967.0,12274.466
蘆洲,2026-05-24,10114.0,10154.275
蘆洲,2026-05-25,15946.0,15967.1455
蘆洲,2026-05-26,16245.0,16403.992
蘆洲,2026-05-27,16268.0,16303.303
蘆洲,2026-05-28,16316.0,16032.36
蘆洲,2026-05-29,16946.0,17183.334
蘆洲,2026-05-30,13681.0,12128.73
蘆洲,2026-05-31,9633.0,10507.514
行天宮,2026-01-01,18024.0,16049.22
行天宮,2026-01-02,29879.0,31305.451
行天宮,2026-01-03,20568.0,18959.082
行天宮,2026-01-04,16036.0,15885.132
行天宮,2026-01-05,30575.0,30051.271
行天宮,2026-01-06,30743.0,30904.2
行天宮,2026-01-07,30702.0,30975.125
行天宮,2026-01-08,30403.0,30946.328
行天宮,2026-01-09,31918.0,32154.047
行天宮,2026-01-10,21123.0,21339.902
行天宮,2026-01-11,17375.0,16618.785
行天宮,2026-01-12,29142.0,29694.256
行天宮,2026-01-13,30608.0,30129.582
行天宮,2026-01-14,30552.0,30693.23
行天宮,2026-01-15,30268.0,30293.414
行天宮,2026-01-16,31547.0,31175.184
行天宮,2026-01-17,21712.0,20636.633
行天宮,2026-01-18,16117.0,17107.092
行天宮,2026-01-19,28872.0,29356.324
行天宮,2026-01-20,29596.0,29989.203
行天宮,2026-01-21,30109.0,29596.9
行天宮,2026-01-22,30013.0,29573.566
行天宮,2026-01-23,31113.0,30720.037
行天宮,2026-01-24,21006.0,19313.484
行天宮,2026-01-25,16324.0,16231.846
行天宮,2026-01-26,28753.0,29108.43
行天宮,2026-01-27,29785.0,29629.203
行天宮,2026-01-28,29655.0,29625.467
行天宮,2026-01-29,30298.0,29641.541
行天宮,2026-01-30,31142.0,31144.172
行天宮,2026-01-31,21408.0,20017.688
行天宮,2026-02-01,16135.0,16412.402
行天宮,2026-02-02,29468.0,28805.688
行天宮,2026-02-03,30029.0,29771.195
行天宮,2026-02-04,30164.0,29926.258
行天宮,2026-02-05,30290.0,29976.05
行天宮,2026-02-06,32109.0,31476.074
行天宮,2026-02-07,20893.0,20263.568
行天宮,2026-02-08,16920.0,16309.442
行天宮,2026-02-09,29212.0,29174.436
行天宮,2026-02-10,30508.0,29846.598
行天宮,2026-02-11,29941.0,30255.102
行天宮,2026-02-12,30586.0,30109.113
行天宮,2026-02-13,28996.0,31767.44
行天宮,2026-02-14,15678.0,19368.309
行天宮,2026-02-15,11755.0,13773.377
行天宮,2026-02-16,8253.0,5275.6016
行天宮,2026-02-17,31031.0,6365.1562
行天宮,2026-02-18,17248.0,23571.535
行天宮,2026-02-19,17473.0,16697.502
行天宮,2026-02-20,17796.0,15699.641
行天宮,2026-02-21,18979.0,16564.344
行天宮,2026-02-22,16752.0,14678.234
行天宮,2026-02-23,28942.0,27055.725
行天宮,2026-02-24,29616.0,29428.531
行天宮,2026-02-25,31896.0,29649.922
行天宮,2026-02-26,31361.0,30635.014
行天宮,2026-02-27,19693.0,18548.76
行天宮,2026-02-28,19308.0,18886.396
行天宮,2026-03-01,15645.0,17705.324
行天宮,2026-03-02,29109.0,29720.22
行天宮,2026-03-03,30210.0,29971.885
行天宮,2026-03-04,29993.0,30214.102
行天宮,2026-03-05,31076.0,29863.951
行天宮,2026-03-06,31571.0,31320.896
行天宮,2026-03-07,21997.0,21123.672
行天宮,2026-03-08,16654.0,17391.13
行天宮,2026-03-09,29454.0,29838.432
行天宮,2026-03-10,30184.0,30194.957
行天宮,2026-03-11,30628.0,30084.666
行天宮,2026-03-12,30463.0,30087.648
行天宮,2026-03-13,32182.0,31421.445
行天宮,2026-03-14,21469.0,22080.05
行天宮,2026-03-15,17444.0,16651.352
行天宮,2026-03-16,29641.0,29529.54
行天宮,2026-03-17,30287.0,29908.912
行天宮,2026-03-18,30391.0,29853.219
行天宮,2026-03-19,31122.0,29818.383
行天宮,2026-03-20,32016.0,31804.316
行天宮,2026-03-21,21154.0,20326.477
行天宮,2026-03-22,17641.0,16526.258
行天宮,2026-03-23,29698.0,29429.553
行天宮,2026-03-24,30170.0,30135.855
行天宮,2026-03-25,31027.0,29942.43
行天宮,2026-03-26,31000.0,30159.629
行天宮,2026-03-27,31412.0,32086.57
行天宮,2026-03-28,22166.0,20314.01
行天宮,2026-03-29,15435.0,16898.887
行天宮,2026-03-30,29239.0,29213.156
行天宮,2026-03-31,29935.0,30083.354
行天宮,2026-04-01,29442.0,30095.29
行天宮,2026-04-02,30617.0,29904.674
行天宮,2026-04-03,16160.0,18448.68
行天宮,2026-04-04,14238.0,16605.418
行天宮,2026-04-05,13729.0,13361.395
行天宮,2026-04-06,14023.0,14079.188
行天宮,2026-04-07,29070.0,28938.066
行天宮,2026-04-08,30390.0,28773.986
行天宮,2026-04-09,30086.0,29708.332
行天宮,2026-04-10,31091.0,31734.027
行天宮,2026-04-11,23451.0,20984.047
行天宮,2026-04-12,17781.0,17406.799
行天宮,2026-04-13,29318.0,28658.598
行天宮,2026-04-14,29984.0,29454.309
行天宮,2026-04-15,30015.0,29625.893
行天宮,2026-04-16,30615.0,29891.832
行天宮,2026-04-17,31708.0,32198.443
行天宮,2026-04-18,21318.0,21982.83
行天宮,2026-04-19,15899.0,16647.707
行天宮,2026-04-20,28755.0,28898.229
行天宮,2026-04-21,29343.0,29669.604
行天宮,2026-04-22,29903.0,29915.328
行天宮,2026-04-23,30409.0,30116.396
行天宮,2026-04-24,31080.0,31854.398
行天宮,2026-04-25,20267.0,20518.738
行天宮,2026-04-26,17041.0,16179.502
行天宮,2026-04-27,29504.0,28746.025
行天宮,2026-04-28,29841.0,29519.086
行天宮,2026-04-29,30334.0,29192.871
行天宮,2026-04-30,30962.0,29537.096
行天宮,2026-05-01,19227.0,17377.45
行天宮,2026-05-02,18387.0,17607.01
行天宮,2026-05-03,14662.0,14336.419
行天宮,2026-05-04,30629.0,28525.178
行天宮,2026-05-05,31150.0,29926.717
行天宮,2026-05-06,30430.0,30124.703
行天宮,2026-05-07,31005.0,29977.32
行天宮,2026-05-08,30692.0,32238.781
行天宮,2026-05-09,19276.0,20098.154
行天宮,2026-05-10,13952.0,15314.014
行天宮,2026-05-11,29185.0,29213.87
行天宮,2026-05-12,29955.0,29858.166
行天宮,2026-05-13,30423.0,30262.102
行天宮,2026-05-14,29566.0,30338.162
行天宮,2026-05-15,31027.0,31290.773
行天宮,2026-05-16,22180.0,20048.166
行天宮,2026-05-17,16983.0,16380.699
行天宮,2026-05-18,28452.0,29015.879
行天宮,2026-05-19,29081.0,29404.02
行天宮,2026-05-20,30098.0,29424.436
行天宮,2026-05-21,29644.0,29439.387
行天宮,2026-05-22,30133.0,30671.785
行天宮,2026-05-23,20432.0,19265.875
行天宮,2026-05-24,16265.0,15851.729
行天宮,2026-05-25,28296.0,28637.342
行天宮,2026-05-26,29058.0,29026.176
行天宮,2026-05-27,29246.0,28930.344
行天宮,2026-05-28,29832.0,28800.045
行天宮,2026-05-29,30237.0,30361.422
行天宮,2026-05-30,19443.0,18904.193
行天宮,2026-05-31,15993.0,15314.469
西湖,2026-01-01,3901.0,3427.54
西湖,2026-01-02,14066.0,16019.268
西湖,2026-01-03,4699.0,4721.602
西湖,2026-01-04,4023.0,3499.5352
西湖,2026-01-05,16421.0,16146.946
西湖,2026-01-06,16852.0,16697.133
西湖,2026-01-07,16670.0,16715.775
西湖,2026-01-08,16843.0,16677.043
西湖,2026-01-09,16845.0,16534.629
西湖,2026-01-10,5473.0,5400.7236
西湖,2026-01-11,4420.0,3797.8633
西湖,2026-01-12,15495.0,15609.132
西湖,2026-01-13,15755.0,16179.284
西湖,2026-01-14,15808.0,15932.615
西湖,2026-01-15,15798.0,15781.059
西湖,2026-01-16,15758.0,15479.727
西湖,2026-01-17,5458.0,5004.294
西湖,2026-01-18,4200.0,3891.838
西湖,2026-01-19,15593.0,14858.93
西湖,2026-01-20,16013.0,15667.534
西湖,2026-01-21,15843.0,15327.943
西湖,2026-01-22,16619.0,15346.936
西湖,2026-01-23,15726.0,15416.309
西湖,2026-01-24,5169.0,4532.6724
西湖,2026-01-25,4154.0,3825.6084
西湖,2026-01-26,15146.0,15235.5625
西湖,2026-01-27,15807.0,15594.506
西湖,2026-01-28,15533.0,15086.631
西湖,2026-01-29,15690.0,15163.49
西湖,2026-01-30,15617.0,15179.978
西湖,2026-01-31,5143.0,4706.9927
西湖,2026-02-01,4111.0,3677.4424
西湖,2026-02-02,15136.0,15097.203
西湖,2026-02-03,15650.0,15416.562
西湖,2026-02-04,15674.0,15012.623
西湖,2026-02-05,15759.0,15222.603
西湖,2026-02-06,15467.0,15379.008
西湖,2026-02-07,5173.0,4672.46
西湖,2026-02-08,4489.0,3699.997
西湖,2026-02-09,15106.0,15090.215
西湖,2026-02-10,15732.0,15389.375
西湖,2026-02-11,15598.0,14951.208
西湖,2026-02-12,15219.0,15054.691
西湖,2026-02-13,14032.0,15077.629
西湖,2026-02-14,4095.0,4476.427
西湖,2026-02-15,3134.0,3223.288
西湖,2026-02-16,2152.0,836.7754
西湖,2026-02-17,2327.0,1015.7295
西湖,2026-02-18,2676.0,3437.7314
西湖,2026-02-19,2846.0,2663.046
西湖,2026-02-20,3281.0,1829.581
西湖,2026-02-21,3844.0,3558.3975
西湖,2026-02-22,3510.0,2627.1465
西湖,2026-02-23,14278.0,12923.28
西湖,2026-02-24,15163.0,14505.951
西湖,2026-02-25,15571.0,15268.53
西湖,2026-02-26,15510.0,15470.107
西湖,2026-02-27,4868.0,2962.8125
西湖,2026-02-28,4533.0,4028.3125
西湖,2026-03-01,3739.0,4933.57
西湖,2026-03-02,15828.0,15012.817
西湖,2026-03-03,16885.0,15881.55
西湖,2026-03-04,16887.0,16299.311
西湖,2026-03-05,16996.0,16177.42
西湖,2026-03-06,16620.0,15840.52
西湖,2026-03-07,5720.0,5284.2744
西湖,2026-03-08,4641.0,4209.329
西湖,2026-03-09,16127.0,16803.691
西湖,2026-03-10,16594.0,16736.57
西湖,2026-03-11,16610.0,16391.797
西湖,2026-03-12,16599.0,16162.261
西湖,2026-03-13,16678.0,15794.439
西湖,2026-03-14,5574.0,5838.329
西湖,2026-03-15,4300.0,4004.8857
西湖,2026-03-16,15807.0,15418.177
西湖,2026-03-17,16693.0,16027.06
西湖,2026-03-18,16485.0,16115.645
西湖,2026-03-19,16423.0,16167.309
西湖,2026-03-20,16417.0,16084.727
西湖,2026-03-21,6352.0,5051.4053
西湖,2026-03-22,4394.0,4143.9277
西湖,2026-03-23,15981.0,15493.478
西湖,2026-03-24,16663.0,16224.412
西湖,2026-03-25,16458.0,15862.43
西湖,2026-03-26,16560.0,15928.251
西湖,2026-03-27,16422.0,16191.25
西湖,2026-03-28,5258.0,4974.9097
西湖,2026-03-29,4191.0,3795.8809
西湖,2026-03-30,15823.0,15773.492
西湖,2026-03-31,16555.0,16240.932
西湖,2026-04-01,16203.0,16015.296
西湖,2026-04-02,15480.0,16013.218
西湖,2026-04-03,4190.0,3783.8174
西湖,2026-04-04,3726.0,3528.996
西湖,2026-04-05,3538.0,3137.1904
西湖,2026-04-06,3416.0,3412.1865
西湖,2026-04-07,16405.0,15934.948
西湖,2026-04-08,16604.0,15984.805
西湖,2026-04-09,16501.0,16258.835
西湖,2026-04-10,16389.0,16704.77
西湖,2026-04-11,6623.0,5158.3027
西湖,2026-04-12,4246.0,4602.144
西湖,2026-04-13,15673.0,15491.523
西湖,2026-04-14,16602.0,15936.217
西湖,2026-04-15,16678.0,16170.622
西湖,2026-04-16,16443.0,16315.885
西湖,2026-04-17,16579.0,16183.758
西湖,2026-04-18,5678.0,5555.699
西湖,2026-04-19,4569.0,4112.908
西湖,2026-04-20,15513.0,15232.216
西湖,2026-04-21,16306.0,15982.125
西湖,2026-04-22,16379.0,16121.821
西湖,2026-04-23,16844.0,16264.896
西湖,2026-04-24,16753.0,16085.743
西湖,2026-04-25,5931.0,5388.874
西湖,2026-04-26,5021.0,4217.039
西湖,2026-04-27,15666.0,15356.276
西湖,2026-04-28,16499.0,16023.713
西湖,2026-04-29,16652.0,15852.02
西湖,2026-04-30,17052.0,16077.623
西湖,2026-05-01,4954.0,3899.1104
西湖,2026-05-02,4580.0,3896.9014
西湖,2026-05-03,3897.0,3420.622
西湖,2026-05-04,15721.0,15681.445
西湖,2026-05-05,16926.0,16017.552
西湖,2026-05-06,16415.0,16180.237
西湖,2026-05-07,16648.0,16108.176
西湖,2026-05-08,16445.0,16602.041
西湖,2026-05-09,5168.0,5579.417
西湖,2026-05-10,3956.0,4195.54
西湖,2026-05-11,15514.0,15429.76
西湖,2026-05-12,16320.0,15843.725
西湖,2026-05-13,16718.0,16178.896
西湖,2026-05-14,16040.0,16402.22
西湖,2026-05-15,16111.0,16053.249
西湖,2026-05-16,6199.0,5641.1934
西湖,2026-05-17,4373.0,4273.6562
西湖,2026-05-18,15382.0,14970.906
西湖,2026-05-19,16210.0,15728.479
西湖,2026-05-20,16139.0,15803.885
西湖,2026-05-21,16287.0,15860.643
西湖,2026-05-22,15852.0,15802.528
西湖,2026-05-23,6462.0,5146.46
西湖,2026-05-24,5145.0,4373.405
西湖,2026-05-25,15425.0,15203.4795
西湖,2026-05-26,16254.0,15709.181
西湖,2026-05-27,15978.0,15574.117
西湖,2026-05-28,15961.0,15509.852
西湖,2026-05-29,15906.0,15705.265
西湖,2026-05-30,5294.0,5088.497
西湖,2026-05-31,4518.0,4057.543
西門,2026-01-01,83260.0,86261.78
西門,2026-01-02,77870.0,78276.44
西門,2026-01-03,79035.0,72820.64
西門,2026-01-04,64916.0,72061.055
西門,2026-01-05,63091.0,68597.92
西門,2026-01-06,63440.0,64828.953
西門,2026-01-07,65356.0,64046.543
西門,2026-01-08,64227.0,66201.234
西門,2026-01-09,73002.0,72825.086
西門,2026-01-10,78583.0,75474.734
西門,2026-01-11,69634.0,70876.52
西門,2026-01-12,62736.0,64385.535
西門,2026-01-13,63919.0,63204.266
西門,2026-01-14,64682.0,64730.703
西門,2026-01-15,64678.0,65758.414
西門,2026-01-16,74570.0,73595.805
西門,2026-01-17,78471.0,79884.39
西門,2026-01-18,66955.0,69704.26
西門,2026-01-19,64290.0,64615.902
西門,2026-01-20,73206.0,64493.65
西門,2026-01-21,64271.0,71182.8
西門,2026-01-22,63495.0,66176.91
西門,2026-01-23,73705.0,73540.8
西門,2026-01-24,79931.0,76954.91
西門,2026-01-25,72176.0,68878.195
西門,2026-01-26,66566.0,65823.945
西門,2026-01-27,65929.0,65964.51
西門,2026-01-28,67095.0,67063.01
西門,2026-01-29,68274.0,67530.414
西門,2026-01-30,74585.0,77537.74
西門,2026-01-31,78782.0,81152.3
西門,2026-02-01,66866.0,68527.41
西門,2026-02-02,65205.0,64090.543
西門,2026-02-03,66503.0,65732.34
西門,2026-02-04,68002.0,68026.03
西門,2026-02-05,70140.0,68794.42
西門,2026-02-06,78408.0,78773.91
西門,2026-02-07,83799.0,83552.47
西門,2026-02-08,73031.0,72989.33
西門,2026-02-09,68500.0,66834.31
西門,2026-02-10,68042.0,68598.125
西門,2026-02-11,66273.0,69869.78
西門,2026-02-12,68077.0,67751.01
西門,2026-02-13,71820.0,77905.195
西門,2026-02-14,66837.0,76009.91
西門,2026-02-15,57136.0,60347.23
西門,2026-02-16,36759.0,49477.43
西門,2026-02-17,62983.0,39558.844
西門,2026-02-18,64325.0,65513.07
西門,2026-02-19,73372.0,66952.12
西門,2026-02-20,72954.0,73890.56
西門,2026-02-21,73145.0,65913.85
西門,2026-02-22,59475.0,59576.562
西門,2026-02-23,56722.0,58708.613
西門,2026-02-24,58274.0,60477.59
西門,2026-02-25,63380.0,60749.75
西門,2026-02-26,69873.0,63618.176
西門,2026-02-27,86044.0,72005.14
西門,2026-02-28,89930.0,89097.766
西門,2026-03-01,69110.0,70815.57
西門,2026-03-02,61808.0,61736.29
西門,2026-03-03,61538.0,63420.87
西門,2026-03-04,62709.0,63628.81
西門,2026-03-05,66641.0,64936.93
西門,2026-03-06,76347.0,76300.7
西門,2026-03-07,90685.0,86415.05
西門,2026-03-08,74584.0,66905.3
西門,2026-03-09,63927.0,62595.785
西門,2026-03-10,63622.0,62165.312
西門,2026-03-11,68913.0,64117.363
西門,2026-03-12,69418.0,68132.25
西門,2026-03-13,77107.0,77746.8
西門,2026-03-14,88570.0,89300.08
西門,2026-03-15,74516.0,71150.57
西門,2026-03-16,64367.0,64476.04
西門,2026-03-17,65371.0,63859.18
西門,2026-03-18,66385.0,66406.66
西門,2026-03-19,66308.0,66602.875
西門,2026-03-20,78892.0,76246.83
西門,2026-03-21,85968.0,88743.5
西門,2026-03-22,75336.0,73663.35
西門,2026-03-23,64057.0,65571.234
西門,2026-03-24,64456.0,64646.668
西門,2026-03-25,66360.0,65939.625
西門,2026-03-26,65967.0,66979.45
西門,2026-03-27,73169.0,76220.74
西門,2026-03-28,78017.0,80362.586
西門,2026-03-29,67148.0,67016.414
西門,2026-03-30,63608.0,62872.203
西門,2026-03-31,62988.0,63980.207
西門,2026-04-01,63224.0,64169.63
西門,2026-04-02,69728.0,64338.566
西門,2026-04-03,72989.0,73555.24
西門,2026-04-04,72373.0,76345.19
西門,2026-04-05,71638.0,62219.49
西門,2026-04-06,60102.0,60244.48
西門,2026-04-07,58884.0,61349.99
西門,2026-04-08,62352.0,59809.99
西門,2026-04-09,64442.0,63452.59
西門,2026-04-10,74907.0,73660.52
西門,2026-04-11,81225.0,77292.945
西門,2026-04-12,69935.0,69041.266
西門,2026-04-13,61878.0,63577.598
西門,2026-04-14,62641.0,62605.68
西門,2026-04-15,62634.0,63688.527
西門,2026-04-16,63055.0,64011.42
西門,2026-04-17,71903.0,74363.88
西門,2026-04-18,78994.0,79036.37
西門,2026-04-19,66649.0,66114.21
西門,2026-04-20,60315.0,61901.484
西門,2026-04-21,61083.0,60923.625
西門,2026-04-22,62275.0,62093.31
西門,2026-04-23,61065.0,62855.438
西門,2026-04-24,71410.0,71586.664
西門,2026-04-25,77790.0,77502.125
西門,2026-04-26,71443.0,65630.016
西門,2026-04-27,62902.0,62196.0
西門,2026-04-28,62088.0,60922.133
西門,2026-04-29,63337.0,61826.414
西門,2026-04-30,70443.0,63161.676
西門,2026-05-01,78282.0,71786.3
西門,2026-05-02,76842.0,82231.86
西門,2026-05-03,65080.0,64118.65
西門,2026-05-04,65003.0,60378.805
西門,2026-05-05,61849.0,63777.617
西門,2026-05-06,65313.0,62989.56
西門,2026-05-07,63981.0,65308.156
西門,2026-05-08,70745.0,73852.08
西門,2026-05-09,74602.0,74760.75
西門,2026-05-10,62168.0,63408.77
西門,2026-05-11,60629.0,61089.31
西門,2026-05-12,61294.0,61424.32
西門,2026-05-13,59965.0,62446.742
西門,2026-05-14,61915.0,62325.12
西門,2026-05-15,77665.0,72068.54
西門,2026-05-16,82199.0,82853.92
西門,2026-05-17,74212.0,69940.1
西門,2026-05-18,61816.0,63684.082
西門,2026-05-19,62083.0,60989.316
西門,2026-05-20,64535.0,62005.188
西門,2026-05-21,64078.0,64084.312
西門,2026-05-22,73902.0,73313.39
西門,2026-05-23,82939.0,80160.36
西門,2026-05-24,71072.0,69366.34
西門,2026-05-25,63313.0,62619.402
西門,2026-05-26,62139.0,62176.1
西門,2026-05-27,63190.0,62758.406
西門,2026-05-28,63897.0,63528.316
西門,2026-05-29,73375.0,73435.4
西門,2026-05-30,82077.0,79747.445
西門,2026-05-31,70917.0,69140.73
象山,2026-01-01,18259.0,13037.207
象山,2026-01-02,15333.0,17939.23
象山,2026-01-03,11234.0,10495.827
象山,2026-01-04,10354.0,8739.327
象山,2026-01-05,15467.0,15577.901
象山,2026-01-06,14966.0,15875.213
象山,2026-01-07,15814.0,15520.663
象山,2026-01-08,15663.0,15893.542
象山,2026-01-09,16567.0,16511.596
象山,2026-01-10,11449.0,12001.956
象山,2026-01-11,9251.0,9865.534
象山,2026-01-12,15286.0,14246.757
象山,2026-01-13,15872.0,15242.751
象山,2026-01-14,16118.0,15673.948
象山,2026-01-15,16062.0,15794.652
象山,2026-01-16,16690.0,16206.367
象山,2026-01-17,12150.0,11302.218
象山,2026-01-18,10166.0,9928.982
象山,2026-01-19,15134.0,15045.115
象山,2026-01-20,15713.0,15473.452
象山,2026-01-21,15089.0,15614.568
象山,2026-01-22,15003.0,15365.258
象山,2026-01-23,16045.0,15893.512
象山,2026-01-24,11118.0,11023.937
象山,2026-01-25,12679.0,9044.957
象山,2026-01-26,15134.0,15083.187
象山,2026-01-27,14872.0,15374.851
象山,2026-01-28,14749.0,15078.547
象山,2026-01-29,15742.0,15069.859
象山,2026-01-30,16254.0,16175.7
象山,2026-01-31,10049.0,11927.446
象山,2026-02-01,7597.0,9003.138
象山,2026-02-02,14674.0,14610.716
象山,2026-02-03,15445.0,15133.879
象山,2026-02-04,16348.0,15356.752
象山,2026-02-05,16638.0,15822.106
象山,2026-02-06,15934.0,16601.941
象山,2026-02-07,10564.0,10716.5
象山,2026-02-08,9125.0,8607.482
象山,2026-02-09,15033.0,14749.876
象山,2026-02-10,15870.0,15233.784
象山,2026-02-11,15473.0,15646.762
象山,2026-02-12,15539.0,15589.396
象山,2026-02-13,15224.0,16162.031
象山,2026-02-14,9820.0,10569.813
象山,2026-02-15,7794.0,8303.336
象山,2026-02-16,5215.0,4436.6646
象山,2026-02-17,7848.0,4265.0986
象山,2026-02-18,8577.0,8486.03
象山,2026-02-19,10385.0,8497.297
象山,2026-02-20,10329.0,9075.309
象山,2026-02-21,10985.0,9371.051
象山,2026-02-22,9478.0,8192.982
象山,2026-02-23,15299.0,13510.472
象山,2026-02-24,15451.0,15655.989
象山,2026-02-25,15873.0,15383.506
象山,2026-02-26,16037.0,15713.423
象山,2026-02-27,10126.0,10880.816
象山,2026-02-28,10564.0,10064.012
象山,2026-03-01,8962.0,10071.857
象山,2026-03-02,15217.0,14892.603
象山,2026-03-03,15077.0,15393.848
象山,2026-03-04,15465.0,15233.967
象山,2026-03-05,16071.0,15226.683
象山,2026-03-06,16513.0,16128.521
象山,2026-03-07,11738.0,12137.701
象山,2026-03-08,9897.0,9970.63
象山,2026-03-09,15203.0,14886.098
象山,2026-03-10,15314.0,15242.969
象山,2026-03-11,17107.0,15210.617
象山,2026-03-12,17034.0,15954.128
象山,2026-03-13,17572.0,17099.371
象山,2026-03-14,13110.0,13094.475
象山,2026-03-15,11198.0,10246.617
象山,2026-03-16,16128.0,15046.434
象山,2026-03-17,16063.0,15736.602
象山,2026-03-18,16667.0,15796.281
象山,2026-03-19,16466.0,15950.198
象山,2026-03-20,17689.0,17139.268
象山,2026-03-21,13168.0,12505.692
象山,2026-03-22,11459.0,10594.523
象山,2026-03-23,16745.0,15526.153
象山,2026-03-24,16000.0,16609.715
象山,2026-03-25,16572.0,16374.609
象山,2026-03-26,16469.0,16490.584
象山,2026-03-27,15905.0,17323.893
象山,2026-03-28,12783.0,11701.714
象山,2026-03-29,9961.0,10369.966
象山,2026-03-30,16094.0,15195.213
象山,2026-03-31,16003.0,16164.443
象山,2026-04-01,15593.0,16249.686
象山,2026-04-02,16595.0,15947.964
象山,2026-04-03,9634.0,11745.277
象山,2026-04-04,8193.0,10015.416
象山,2026-04-05,9549.0,8248.637
象山,2026-04-06,7541.0,8901.373
象山,2026-04-07,14762.0,15217.417
象山,2026-04-08,15864.0,14988.301
象山,2026-04-09,16050.0,15642.91
象山,2026-04-10,16941.0,16699.861
象山,2026-04-11,12579.0,12109.74
象山,2026-04-12,10394.0,10203.01
象山,2026-04-13,15877.0,14965.445
象山,2026-04-14,16020.0,15643.943
象山,2026-04-15,15716.0,15812.904
象山,2026-04-16,15847.0,15775.154
象山,2026-04-17,16825.0,16813.502
象山,2026-04-18,11811.0,12297.549
象山,2026-04-19,10901.0,9597.312
象山,2026-04-20,15603.0,15291.757
象山,2026-04-21,15838.0,15709.257
象山,2026-04-22,15836.0,15803.648
象山,2026-04-23,14936.0,15818.991
象山,2026-04-24,15514.0,16274.768
象山,2026-04-25,10519.0,11299.121
象山,2026-04-26,11777.0,9201.947
象山,2026-04-27,15843.0,15076.149
象山,2026-04-28,16375.0,15573.775
象山,2026-04-29,16302.0,15607.313
象山,2026-04-30,16015.0,15663.53
象山,2026-05-01,12228.0,10167.926
象山,2026-05-02,12433.0,10933.322
象山,2026-05-03,9476.0,9738.445
象山,2026-05-04,15343.0,14799.697
象山,2026-05-05,14823.0,15407.96
象山,2026-05-06,16532.0,15188.631
象山,2026-05-07,16543.0,15846.065
象山,2026-05-08,16414.0,17102.074
象山,2026-05-09,10454.0,11687.088
象山,2026-05-10,9175.0,9047.022
象山,2026-05-11,15552.0,15210.615
象山,2026-05-12,16193.0,15719.66
象山,2026-05-13,15169.0,16101.898
象山,2026-05-14,15406.0,15634.762
象山,2026-05-15,17004.0,16177.282
象山,2026-05-16,13138.0,11606.195
象山,2026-05-17,11166.0,10248.78
象山,2026-05-18,15926.0,15293.607
象山,2026-05-19,16054.0,15749.24
象山,2026-05-20,16827.0,15797.941
象山,2026-05-21,16087.0,15986.788
象山,2026-05-22,16809.0,16713.379
象山,2026-05-23,12587.0,11720.971
象山,2026-05-24,10379.0,10161.739
象山,2026-05-25,15639.0,15431.392
象山,2026-05-26,15896.0,15799.525
象山,2026-05-27,16029.0,15949.294
象山,2026-05-28,16093.0,15844.364
象山,2026-05-29,15551.0,16800.393
象山,2026-05-30,12139.0,11281.446
象山,2026-05-31,10006.0,9865.886
輔大,2026-01-01,4599.0,6622.2207
輔大,2026-01-02,12191.0,12244.326
輔大,2026-01-03,6302.0,7057.768
輔大,2026-01-04,4652.0,5095.019
輔大,2026-01-05,8237.0,11420.42
輔大,2026-01-06,8100.0,10714.441
輔大,2026-01-07,8267.0,9829.558
輔大,2026-01-08,8155.0,9458.914
輔大,2026-01-09,8574.0,10034.262
輔大,2026-01-10,6098.0,5844.897
輔大,2026-01-11,4648.0,4003.687
輔大,2026-01-12,7432.0,8319.314
輔大,2026-01-13,7643.0,7960.885
輔大,2026-01-14,7730.0,7813.6094
輔大,2026-01-15,7524.0,7635.9224
輔大,2026-01-16,7951.0,7692.1113
輔大,2026-01-17,5653.0,5611.5166
輔大,2026-01-18,4535.0,4013.6162
輔大,2026-01-19,6961.0,7255.417
輔大,2026-01-20,7620.0,7252.9346
輔大,2026-01-21,7336.0,7291.08
輔大,2026-01-22,7358.0,7252.619
輔大,2026-01-23,7450.0,7644.583
輔大,2026-01-24,5702.0,4799.913
輔大,2026-01-25,4699.0,4100.848
輔大,2026-01-26,7107.0,7724.345
輔大,2026-01-27,7244.0,7286.7437
輔大,2026-01-28,7448.0,7067.1807
輔大,2026-01-29,7737.0,7154.582
輔大,2026-01-30,7454.0,7798.4736
輔大,2026-01-31,5581.0,4919.4824
輔大,2026-02-01,4180.0,4095.6318
輔大,2026-02-02,6740.0,7332.289
輔大,2026-02-03,7182.0,6979.477
輔大,2026-02-04,7324.0,6877.8804
輔大,2026-02-05,7342.0,7001.4604
輔大,2026-02-06,7315.0,7455.5273
輔大,2026-02-07,5502.0,4722.923
輔大,2026-02-08,4505.0,4010.706
輔大,2026-02-09,6894.0,7292.6
輔大,2026-02-10,7116.0,6969.081
輔大,2026-02-11,7251.0,6784.0366
輔大,2026-02-12,7108.0,6913.3413
輔大,2026-02-13,6583.0,7310.8076
輔大,2026-02-14,3997.0,4536.6675
輔大,2026-02-15,3069.0,3107.1387
輔大,2026-02-16,2017.0,1064.959
輔大,2026-02-17,2516.0,1136.0405
輔大,2026-02-18,2869.0,3486.0815
輔大,2026-02-19,3165.0,3410.8726
輔大,2026-02-20,3528.0,2906.7505
輔大,2026-02-21,4130.0,3254.877
輔大,2026-02-22,3848.0,2511.2554
輔大,2026-02-23,7269.0,5970.2744
輔大,2026-02-24,7828.0,7265.686
輔大,2026-02-25,12590.0,7560.7563
輔大,2026-02-26,13272.0,12794.287
輔大,2026-02-27,6147.0,9339.517
輔大,2026-02-28,5730.0,5610.5596
輔大,2026-03-01,4782.0,4695.3286
輔大,2026-03-02,12063.0,8459.983
輔大,2026-03-03,12750.0,11959.811
輔大,2026-03-04,12399.0,12219.853
輔大,2026-03-05,12930.0,11774.31
輔大,2026-03-06,13322.0,12869.503
輔大,2026-03-07,8257.0,8437.625
輔大,2026-03-08,5539.0,5485.56
輔大,2026-03-09,12091.0,10549.689
輔大,2026-03-10,12784.0,12137.186
輔大,2026-03-11,12901.0,12265.863
輔大,2026-03-12,13027.0,12273.905
輔大,2026-03-13,13305.0,12984.99
輔大,2026-03-14,7130.0,8982.002
輔大,2026-03-15,5479.0,5813.511
輔大,2026-03-16,12039.0,10227.377
輔大,2026-03-17,12803.0,12034.867
輔大,2026-03-18,12719.0,12247.998
輔大,2026-03-19,12620.0,12535.35
輔大,2026-03-20,12928.0,13069.553
輔大,2026-03-21,7414.0,7414.771
輔大,2026-03-22,6036.0,5336.7686
輔大,2026-03-23,11854.0,11030.713
輔大,2026-03-24,12760.0,12232.316
輔大,2026-03-25,12503.0,12306.154
輔大,2026-03-26,12465.0,12334.066
輔大,2026-03-27,12572.0,12767.25
輔大,2026-03-28,6804.0,7120.2656
輔大,2026-03-29,4947.0,4970.341
輔大,2026-03-30,11736.0,11195.543
輔大,2026-03-31,12503.0,12155.658
輔大,2026-04-01,12085.0,12215.93
輔大,2026-04-02,7483.0,12092.858
輔大,2026-04-03,4894.0,4992.205
輔大,2026-04-04,4005.0,4918.4067
輔大,2026-04-05,4111.0,3787.166
輔大,2026-04-06,3986.0,4488.668
輔大,2026-04-07,6667.0,11152.805
輔大,2026-04-08,11813.0,9024.199
輔大,2026-04-09,12462.0,11128.109
輔大,2026-04-10,12591.0,12467.168
輔大,2026-04-11,7795.0,8007.889
輔大,2026-04-12,5299.0,5818.5713
輔大,2026-04-13,11595.0,10474.734
輔大,2026-04-14,12202.0,11382.073
輔大,2026-04-15,11957.0,11669.165
輔大,2026-04-16,12360.0,11718.002
輔大,2026-04-17,12384.0,12619.773
輔大,2026-04-18,6795.0,7600.025
輔大,2026-04-19,4770.0,4698.8794
輔大,2026-04-20,11667.0,10919.725
輔大,2026-04-21,12765.0,11912.428
輔大,2026-04-22,12338.0,12209.837
輔大,2026-04-23,12342.0,12141.176
輔大,2026-04-24,12441.0,12439.877
輔大,2026-04-25,7349.0,7228.899
輔大,2026-04-26,6496.0,5277.344
輔大,2026-04-27,11701.0,11117.416
輔大,2026-04-28,12623.0,11861.42
輔大,2026-04-29,12281.0,11962.685
輔大,2026-04-30,13160.0,12061.713
輔大,2026-05-01,6126.0,6552.5073
輔大,2026-05-02,5982.0,5569.9014
輔大,2026-05-03,4602.0,4513.531
輔大,2026-05-04,11489.0,10451.297
輔大,2026-05-05,12261.0,11830.014
輔大,2026-05-06,12349.0,11953.79
輔大,2026-05-07,12561.0,12087.3955
輔大,2026-05-08,12462.0,12680.752
輔大,2026-05-09,6736.0,7242.952
輔大,2026-05-10,4685.0,5021.5566
輔大,2026-05-11,11423.0,10851.492
輔大,2026-05-12,12506.0,11722.873
輔大,2026-05-13,11791.0,12042.055
輔大,2026-05-14,12361.0,11838.175
輔大,2026-05-15,13431.0,12351.168
輔大,2026-05-16,8186.0,7803.7256
輔大,2026-05-17,6007.0,5530.2715
輔大,2026-05-18,11875.0,10979.443
輔大,2026-05-19,12270.0,11991.279
輔大,2026-05-20,12292.0,11894.138
輔大,2026-05-21,12493.0,11997.422
輔大,2026-05-22,12566.0,12628.112
輔大,2026-05-23,7678.0,7157.4897
輔大,2026-05-24,5395.0,5241.134
輔大,2026-05-25,11646.0,11121.037
輔大,2026-05-26,12360.0,12025.655
輔大,2026-05-27,12039.0,12000.163
輔大,2026-05-28,12281.0,11945.131
輔大,2026-05-29,12418.0,12511.275
輔大,2026-05-30,7031.0,7059.5693
輔大,2026-05-31,5201.0,5063.5728
辛亥,2026-01-01,2084.0,2559.0605
辛亥,2026-01-02,3584.0,3869.7454
辛亥,2026-01-03,2672.0,2719.1943
辛亥,2026-01-04,2323.0,2315.438
辛亥,2026-01-05,3611.0,3681.661
辛亥,2026-01-06,3667.0,3712.459
辛亥,2026-01-07,3678.0,3702.8555
辛亥,2026-01-08,3778.0,3680.664
辛亥,2026-01-09,3985.0,3948.775
辛亥,2026-01-10,2988.0,2931.1433
辛亥,2026-01-11,2320.0,2393.4468
辛亥,2026-01-12,3526.0,3516.9312
辛亥,2026-01-13,3815.0,3601.9348
辛亥,2026-01-14,4197.0,3738.1375
辛亥,2026-01-15,4128.0,3931.302
辛亥,2026-01-16,4299.0,4109.0005
辛亥,2026-01-17,3077.0,3046.8523
辛亥,2026-01-18,2469.0,2483.5376
辛亥,2026-01-19,3685.0,3693.6028
辛亥,2026-01-20,3782.0,3807.859
辛亥,2026-01-21,3686.0,3801.4404
辛亥,2026-01-22,3710.0,3720.5916
辛亥,2026-01-23,3928.0,3985.1472
辛亥,2026-01-24,2779.0,2802.4736
辛亥,2026-01-25,2441.0,2247.9248
辛亥,2026-01-26,3684.0,3590.6755
辛亥,2026-01-27,3708.0,3730.0059
辛亥,2026-01-28,3736.0,3751.6577
辛亥,2026-01-29,3786.0,3743.7249
辛亥,2026-01-30,3995.0,3918.4067
辛亥,2026-01-31,2874.0,2868.938
辛亥,2026-02-01,2219.0,2394.7117
辛亥,2026-02-02,3688.0,3600.4712
辛亥,2026-02-03,3736.0,3734.7703
辛亥,2026-02-04,3816.0,3742.9946
辛亥,2026-02-05,3949.0,3758.8247
辛亥,2026-02-06,4052.0,4068.5388
辛亥,2026-02-07,2770.0,2868.841
辛亥,2026-02-08,2397.0,2265.2747
辛亥,2026-02-09,3660.0,3663.6846
辛亥,2026-02-10,3761.0,3758.686
辛亥,2026-02-11,3811.0,3787.8828
辛亥,2026-02-12,3976.0,3792.4944
辛亥,2026-02-13,3696.0,4099.7236
辛亥,2026-02-14,2324.0,2740.1663
辛亥,2026-02-15,1879.0,2074.1208
辛亥,2026-02-16,1540.0,1184.5822
辛亥,2026-02-17,1502.0,1333.2965
辛亥,2026-02-18,1727.0,2075.5215
辛亥,2026-02-19,1894.0,2003.0189
辛亥,2026-02-20,1972.0,2028.1152
辛亥,2026-02-21,2456.0,2162.0757
辛亥,2026-02-22,2192.0,2080.3242
辛亥,2026-02-23,3539.0,3321.5327
辛亥,2026-02-24,3684.0,3655.5083
辛亥,2026-02-25,3826.0,3699.2288
辛亥,2026-02-26,3930.0,3717.4534
辛亥,2026-02-27,2603.0,2709.14
辛亥,2026-02-28,2621.0,2565.829
辛亥,2026-03-01,2255.0,2451.1692
辛亥,2026-03-02,3749.0,3561.9583
辛亥,2026-03-03,3891.0,3725.062
辛亥,2026-03-04,3944.0,3751.7905
辛亥,2026-03-05,3848.0,3771.1665
辛亥,2026-03-06,3938.0,3937.3774
辛亥,2026-03-07,2973.0,2939.9136
辛亥,2026-03-08,2306.0,2359.4675
辛亥,2026-03-09,3903.0,3685.872
辛亥,2026-03-10,3863.0,3832.381
辛亥,2026-03-11,4123.0,3829.3428
辛亥,2026-03-12,3863.0,3912.6545
辛亥,2026-03-13,4235.0,4029.4502
辛亥,2026-03-14,3057.0,3112.878
辛亥,2026-03-15,2496.0,2462.3857
辛亥,2026-03-16,3895.0,3712.3965
辛亥,2026-03-17,4065.0,3870.8047
辛亥,2026-03-18,4230.0,3929.3403
辛亥,2026-03-19,3919.0,3948.9907
辛亥,2026-03-20,4116.0,4130.576
辛亥,2026-03-21,3453.0,2871.5774
辛亥,2026-03-22,2713.0,2652.4497
辛亥,2026-03-23,3823.0,3868.5015
辛亥,2026-03-24,3861.0,3944.7043
辛亥,2026-03-25,3953.0,3923.0674
辛亥,2026-03-26,3886.0,3909.81
辛亥,2026-03-27,4004.0,4127.257
辛亥,2026-03-28,2914.0,2936.3127
辛亥,2026-03-29,2257.0,2453.253
辛亥,2026-03-30,3642.0,3748.1104
辛亥,2026-03-31,3745.0,3804.5374
辛亥,2026-04-01,3796.0,3816.9497
辛亥,2026-04-02,3821.0,3808.1404
辛亥,2026-04-03,2380.0,2700.8752
辛亥,2026-04-04,2280.0,2412.0708
辛亥,2026-04-05,2351.0,2129.5522
辛亥,2026-04-06,1884.0,2301.923
辛亥,2026-04-07,3583.0,3668.7305
辛亥,2026-04-08,4145.0,3627.9663
辛亥,2026-04-09,4175.0,3828.3901
辛亥,2026-04-10,4324.0,4182.959
辛亥,2026-04-11,2966.0,3122.218
辛亥,2026-04-12,2445.0,2439.2288
辛亥,2026-04-13,3693.0,3721.0977
辛亥,2026-04-14,3739.0,3811.183
辛亥,2026-04-15,3841.0,3788.7593
辛亥,2026-04-16,3774.0,3802.8716
辛亥,2026-04-17,3937.0,4080.9424
辛亥,2026-04-18,2856.0,2998.816
辛亥,2026-04-19,2369.0,2348.499
辛亥,2026-04-20,3673.0,3594.0745
辛亥,2026-04-21,3753.0,3705.949
辛亥,2026-04-22,3765.0,3748.1895
辛亥,2026-04-23,3656.0,3752.9375
辛亥,2026-04-24,3899.0,3898.2578
辛亥,2026-04-25,2892.0,2824.3499
辛亥,2026-04-26,2547.0,2418.7256
辛亥,2026-04-27,3555.0,3567.519
辛亥,2026-04-28,3871.0,3648.9163
辛亥,2026-04-29,3759.0,3672.7544
辛亥,2026-04-30,3936.0,3656.771
辛亥,2026-05-01,2602.0,2458.3455
辛亥,2026-05-02,2693.0,2469.554
辛亥,2026-05-03,2264.0,2215.6958
辛亥,2026-05-04,3630.0,3541.214
辛亥,2026-05-05,3750.0,3680.3728
辛亥,2026-05-06,3929.0,3716.5225
辛亥,2026-05-07,3906.0,3769.9788
辛亥,2026-05-08,3998.0,4049.7778
辛亥,2026-05-09,2819.0,2850.4119
辛亥,2026-05-10,2207.0,2326.1306
辛亥,2026-05-11,3734.0,3633.2498
辛亥,2026-05-12,3782.0,3773.474
辛亥,2026-05-13,3771.0,3813.7188
辛亥,2026-05-14,3772.0,3780.753
辛亥,2026-05-15,4122.0,3977.2363
辛亥,2026-05-16,3138.0,2904.9182
辛亥,2026-05-17,2498.0,2447.0095
辛亥,2026-05-18,3709.0,3640.5735
辛亥,2026-05-19,3717.0,3768.881
辛亥,2026-05-20,3730.0,3759.2236
辛亥,2026-05-21,3777.0,3728.9016
辛亥,2026-05-22,3923.0,3972.7534
辛亥,2026-05-23,3020.0,2818.2378
辛亥,2026-05-24,2518.0,2415.2842
辛亥,2026-05-25,3600.0,3624.2446
辛亥,2026-05-26,3665.0,3719.6592
辛亥,2026-05-27,3787.0,3695.2285
辛亥,2026-05-28,3790.0,3698.8706
辛亥,2026-05-29,3913.0,3941.0693
辛亥,2026-05-30,3134.0,2824.837
辛亥,2026-05-31,2255.0,2489.5095
迴龍,2026-01-01,5868.0,7660.5703
迴龍,2026-01-02,12315.0,12870.094
迴龍,2026-01-03,7990.0,8453.532
迴龍,2026-01-04,6635.0,6982.944
迴龍,2026-01-05,12308.0,12479.962
迴龍,2026-01-06,12403.0,12725.986
迴龍,2026-01-07,12444.0,12691.666
迴龍,2026-01-08,12490.0,12652.784
迴龍,2026-01-09,13215.0,13174.361
迴龍,2026-01-10,9138.0,8992.666
迴龍,2026-01-11,7250.0,7159.25
迴龍,2026-01-12,12131.0,11943.906
迴龍,2026-01-13,12443.0,12368.807
迴龍,2026-01-14,12527.0,12441.385
迴龍,2026-01-15,12377.0,12460.482
迴龍,2026-01-16,13184.0,12907.195
迴龍,2026-01-17,9303.0,8961.065
迴龍,2026-01-18,7585.0,7474.851
迴龍,2026-01-19,11439.0,12040.586
迴龍,2026-01-20,11797.0,12192.468
迴龍,2026-01-21,11424.0,11984.582
迴龍,2026-01-22,11462.0,11831.247
迴龍,2026-01-23,12127.0,12364.258
迴龍,2026-01-24,8975.0,8219.33
迴龍,2026-01-25,7599.0,7000.4805
迴龍,2026-01-26,11213.0,11443.159
迴龍,2026-01-27,11323.0,11665.455
迴龍,2026-01-28,11254.0,11478.128
迴龍,2026-01-29,11687.0,11503.62
迴龍,2026-01-30,11890.0,12216.584
迴龍,2026-01-31,8728.0,8390.533
迴龍,2026-02-01,6837.0,6986.686
迴龍,2026-02-02,10570.0,10966.045
迴龍,2026-02-03,11367.0,11194.58
迴龍,2026-02-04,11663.0,11292.675
迴龍,2026-02-05,11817.0,11645.117
迴龍,2026-02-06,12049.0,12408.309
迴龍,2026-02-07,8716.0,8198.103
迴龍,2026-02-08,7344.0,6869.499
迴龍,2026-02-09,10842.0,10975.124
迴龍,2026-02-10,11307.0,11293.682
迴龍,2026-02-11,11298.0,11352.021
迴龍,2026-02-12,11134.0,11515.961
迴龍,2026-02-13,11083.0,12050.347
迴龍,2026-02-14,7350.0,7925.763
迴龍,2026-02-15,5781.0,6215.327
迴龍,2026-02-16,4165.0,2852.461
迴龍,2026-02-17,5180.0,2652.5127
迴龍,2026-02-18,5995.0,5920.8613
迴龍,2026-02-19,6666.0,6079.621
迴龍,2026-02-20,6866.0,6403.6055
迴龍,2026-02-21,7846.0,6977.535
迴龍,2026-02-22,6727.0,6356.709
迴龍,2026-02-23,11389.0,9592.617
迴龍,2026-02-24,11724.0,11844.497
迴龍,2026-02-25,12110.0,11777.148
迴龍,2026-02-26,12870.0,11901.7
迴龍,2026-02-27,8248.0,8924.023
迴龍,2026-02-28,8512.0,8362.817
迴龍,2026-03-01,7076.0,7724.7397
迴龍,2026-03-02,12026.0,11215.109
迴龍,2026-03-03,12084.0,12102.232
迴龍,2026-03-04,11985.0,11946.788
迴龍,2026-03-05,12910.0,11837.175
迴龍,2026-03-06,13659.0,12898.019
迴龍,2026-03-07,9812.0,10483.709
迴龍,2026-03-08,7610.0,7788.035
迴龍,2026-03-09,12491.0,11783.781
迴龍,2026-03-10,12680.0,12430.558
迴龍,2026-03-11,13301.0,12479.625
迴龍,2026-03-12,12964.0,12549.197
迴龍,2026-03-13,13763.0,13447.616
迴龍,2026-03-14,9593.0,10352.992
迴龍,2026-03-15,7787.0,7578.211
迴龍,2026-03-16,12628.0,11792.479
迴龍,2026-03-17,13005.0,12471.619
迴龍,2026-03-18,13199.0,12285.163
迴龍,2026-03-19,12854.0,12371.1875
迴龍,2026-03-20,13608.0,13612.809
迴龍,2026-03-21,9478.0,9379.088
迴龍,2026-03-22,8057.0,7644.0303
迴龍,2026-03-23,12597.0,12294.729
迴龍,2026-03-24,12938.0,12871.383
迴龍,2026-03-25,12872.0,12758.875
迴龍,2026-03-26,12929.0,12704.667
迴龍,2026-03-27,13591.0,13601.664
迴龍,2026-03-28,9104.0,9440.34
迴龍,2026-03-29,7300.0,7589.465
迴龍,2026-03-30,12507.0,12255.375
迴龍,2026-03-31,12685.0,12848.076
迴龍,2026-04-01,12938.0,12771.13
迴龍,2026-04-02,12960.0,12738.153
迴龍,2026-04-03,7655.0,8433.366
迴龍,2026-04-04,6683.0,7563.1323
迴龍,2026-04-05,7191.0,6424.6367
迴龍,2026-04-06,5994.0,6855.3584
迴龍,2026-04-07,11978.0,12305.487
迴龍,2026-04-08,12736.0,12074.338
迴龍,2026-04-09,13065.0,12551.657
迴龍,2026-04-10,13653.0,13537.176
迴龍,2026-04-11,9429.0,9396.085
迴龍,2026-04-12,7514.0,7662.3623
迴龍,2026-04-13,12485.0,12076.6045
迴龍,2026-04-14,12773.0,12548.984
迴龍,2026-04-15,12832.0,12638.525
迴龍,2026-04-16,12737.0,12614.723
迴龍,2026-04-17,13290.0,13459.461
迴龍,2026-04-18,9052.0,9430.973
迴龍,2026-04-19,7587.0,7246.854
迴龍,2026-04-20,12371.0,12199.995
迴龍,2026-04-21,12611.0,12618.221
迴龍,2026-04-22,12821.0,12606.189
迴龍,2026-04-23,12605.0,12557.408
迴龍,2026-04-24,13207.0,13271.295
迴龍,2026-04-25,8782.0,9143.645
迴龍,2026-04-26,7636.0,7361.884
迴龍,2026-04-27,12602.0,12152.153
迴龍,2026-04-28,12887.0,12666.184
迴龍,2026-04-29,12859.0,12341.166
迴龍,2026-04-30,13042.0,12206.985
迴龍,2026-05-01,8275.0,7645.4287
迴龍,2026-05-02,8199.0,7773.5273
迴龍,2026-05-03,7066.0,6761.119
迴龍,2026-05-04,12404.0,12003.96
迴龍,2026-05-05,12467.0,12542.42
迴龍,2026-05-06,12949.0,12473.157
迴龍,2026-05-07,12948.0,12542.044
迴龍,2026-05-08,13334.0,13520.559
迴龍,2026-05-09,8792.0,9168.867
迴龍,2026-05-10,7182.0,7303.704
迴龍,2026-05-11,12534.0,12173.389
迴龍,2026-05-12,12690.0,12619.139
迴龍,2026-05-13,12538.0,12664.161
迴龍,2026-05-14,12360.0,12589.26
迴龍,2026-05-15,13826.0,13171.641
迴龍,2026-05-16,9645.0,9280.954
迴龍,2026-05-17,8038.0,7605.2095
迴龍,2026-05-18,12366.0,12272.78
迴龍,2026-05-19,12670.0,12579.32
迴龍,2026-05-20,12811.0,12494.687
迴龍,2026-05-21,12808.0,12299.645
迴龍,2026-05-22,13371.0,13243.84
迴龍,2026-05-23,9922.0,9099.559
迴龍,2026-05-24,7902.0,7716.5137
迴龍,2026-05-25,12105.0,12301.637
迴龍,2026-05-26,12674.0,12519.476
迴龍,2026-05-27,12765.0,12236.972
迴龍,2026-05-28,12881.0,12119.252
迴龍,2026-05-29,13200.0,13307.534
迴龍,2026-05-30,9318.0,9187.036
迴龍,2026-05-31,7118.0,7562.409
關渡,2026-01-01,6464.0,8401.286
關渡,2026-01-02,12499.0,14727.709
關渡,2026-01-03,8397.0,8553.271
關渡,2026-01-04,7687.0,7346.2275
關渡,2026-01-05,14743.0,14174.805
關渡,2026-01-06,14737.0,14792.012
關渡,2026-01-07,14691.0,14876.264
關渡,2026-01-08,14845.0,14751.813
關渡,2026-01-09,15006.0,15197.375
關渡,2026-01-10,9088.0,9335.769
關渡,2026-01-11,7454.0,7350.8467
關渡,2026-01-12,12913.0,13759.379
關渡,2026-01-13,13516.0,13929.442
關渡,2026-01-14,13433.0,14011.945
關渡,2026-01-15,13676.0,13820.644
關渡,2026-01-16,14191.0,14118.174
關渡,2026-01-17,9716.0,8891.551
關渡,2026-01-18,8395.0,7538.7607
關渡,2026-01-19,13297.0,13149.083
關渡,2026-01-20,13026.0,13597.756
關渡,2026-01-21,12930.0,13031.729
關渡,2026-01-22,12713.0,12953.963
關渡,2026-01-23,12735.0,13157.342
關渡,2026-01-24,8687.0,8076.196
關渡,2026-01-25,8568.0,7003.883
關渡,2026-01-26,13409.0,12769.805
關渡,2026-01-27,12816.0,13402.055
關渡,2026-01-28,13081.0,12609.819
關渡,2026-01-29,13632.0,12824.985
關渡,2026-01-30,13656.0,13495.035
關渡,2026-01-31,8263.0,8345.72
關渡,2026-02-01,6243.0,6881.7944
關渡,2026-02-02,12535.0,12744.527
關渡,2026-02-03,13416.0,13036.808
關渡,2026-02-04,14003.0,13057.974
關渡,2026-02-05,13759.0,13622.965
關渡,2026-02-06,13678.0,14022.412
關渡,2026-02-07,7977.0,8076.882
關渡,2026-02-08,6659.0,6680.3765
關渡,2026-02-09,12782.0,12796.513
關渡,2026-02-10,13598.0,13216.59
關渡,2026-02-11,12994.0,13324.47
關渡,2026-02-12,13169.0,13197.398
關渡,2026-02-13,12618.0,13576.13
關渡,2026-02-14,7675.0,8000.907
關渡,2026-02-15,6620.0,6621.749
關渡,2026-02-16,4422.0,3390.7827
關渡,2026-02-17,17474.0,2969.2705
關渡,2026-02-18,13354.0,14287.415
關渡,2026-02-19,16115.0,11521.704
關渡,2026-02-20,14321.0,10446.113
關渡,2026-02-21,13261.0,9922.168
關渡,2026-02-22,10050.0,9326.843
關渡,2026-02-23,14756.0,11911.505
關渡,2026-02-24,14940.0,15343.754
關渡,2026-02-25,14912.0,14469.654
關渡,2026-02-26,15692.0,14341.408
關渡,2026-02-27,8807.0,10256.156
關渡,2026-02-28,9107.0,7495.164
關渡,2026-03-01,7305.0,7539.6885
關渡,2026-03-02,14842.0,13195.328
關渡,2026-03-03,14960.0,14923.989
關渡,2026-03-04,15262.0,14473.227
關渡,2026-03-05,15181.0,14684.007
關渡,2026-03-06,15763.0,14729.863
關渡,2026-03-07,9157.0,11323.168
關渡,2026-03-08,7742.0,8440.601
關渡,2026-03-09,14826.0,14596.893
關渡,2026-03-10,14923.0,14806.051
關渡,2026-03-11,15808.0,14630.618
關渡,2026-03-12,15540.0,14866.718
關渡,2026-03-13,16584.0,15359.447
關渡,2026-03-14,10082.0,10467.187
關渡,2026-03-15,8434.0,7717.382
關渡,2026-03-16,14987.0,14672.904
關渡,2026-03-17,15576.0,15250.701
關渡,2026-03-18,15815.0,15376.859
關渡,2026-03-19,15230.0,15346.706
關渡,2026-03-20,16021.0,15868.158
關渡,2026-03-21,10311.0,9911.241
關渡,2026-03-22,8963.0,8028.2695
關渡,2026-03-23,14544.0,14803.461
關渡,2026-03-24,15403.0,15084.785
關渡,2026-03-25,15178.0,15212.352
關渡,2026-03-26,15254.0,15075.392
關渡,2026-03-27,15111.0,15693.494
關渡,2026-03-28,9361.0,9459.098
關渡,2026-03-29,7848.0,7693.9966
關渡,2026-03-30,14947.0,14442.514
關渡,2026-03-31,15125.0,15079.264
關渡,2026-04-01,15115.0,15060.122
關渡,2026-04-02,15876.0,14973.492
關渡,2026-04-03,7515.0,8983.619
關渡,2026-04-04,6198.0,7480.739
關渡,2026-04-05,7124.0,6505.965
關渡,2026-04-06,6153.0,7228.45
關渡,2026-04-07,14341.0,14419.055
關渡,2026-04-08,15003.0,14370.113
關渡,2026-04-09,15426.0,14689.435
關渡,2026-04-10,15993.0,15717.441
關渡,2026-04-11,9738.0,10022.874
關渡,2026-04-12,7873.0,8064.6816
關渡,2026-04-13,14755.0,14078.883
關渡,2026-04-14,15301.0,14725.477
關渡,2026-04-15,15280.0,15022.271
關渡,2026-04-16,14967.0,15061.489
關渡,2026-04-17,16321.0,15664.615
關渡,2026-04-18,10436.0,10165.652
關渡,2026-04-19,8136.0,7905.5957
關渡,2026-04-20,14780.0,14350.84
關渡,2026-04-21,15374.0,15026.922
關渡,2026-04-22,15482.0,15252.41
關渡,2026-04-23,14803.0,15249.226
關渡,2026-04-24,14913.0,15506.663
關渡,2026-04-25,8749.0,9478.542
關渡,2026-04-26,9392.0,7497.5566
關渡,2026-04-27,14586.0,14448.409
關渡,2026-04-28,15337.0,14800.317
關渡,2026-04-29,15013.0,14843.936
關渡,2026-04-30,15574.0,14744.803
關渡,2026-05-01,9640.0,8425.476
關渡,2026-05-02,9239.0,8445.74
關渡,2026-05-03,7621.0,7482.6934
關渡,2026-05-04,14827.0,14210.326
關渡,2026-05-05,14987.0,14812.416
關渡,2026-05-06,16002.0,14760.417
關渡,2026-05-07,15565.0,15186.424
關渡,2026-05-08,15744.0,15932.441
關渡,2026-05-09,9761.0,9607.016
關渡,2026-05-10,7287.0,7751.541
關渡,2026-05-11,14887.0,14477.656
關渡,2026-05-12,15511.0,15071.311
關渡,2026-05-13,14855.0,15450.138
關渡,2026-05-14,14286.0,15058.241
關渡,2026-05-15,15618.0,15295.717
關渡,2026-05-16,10966.0,9574.249
關渡,2026-05-17,8943.0,8189.713
關渡,2026-05-18,14750.0,14417.546
關渡,2026-05-19,15390.0,14890.755
關渡,2026-05-20,15671.0,15033.305
關渡,2026-05-21,15033.0,15007.617
關渡,2026-05-22,15346.0,15324.635
關渡,2026-05-23,9666.0,9359.271
關渡,2026-05-24,7781.0,7760.782
關渡,2026-05-25,14228.0,14511.868
關渡,2026-05-26,15219.0,14760.537
關渡,2026-05-27,15157.0,14886.074
關渡,2026-05-28,14795.0,14753.758
關渡,2026-05-29,15238.0,15195.693
關渡,2026-05-30,9258.0,9167.764
關渡,2026-05-31,7766.0,7490.297
雙連,2026-01-01,15131.0,15946.439
雙連,2026-01-02,23280.0,24320.166
雙連,2026-01-03,18787.0,18307.52
雙連,2026-01-04,13478.0,14463.871
雙連,2026-01-05,22041.0,22620.234
雙連,2026-01-06,22856.0,22957.111
雙連,2026-01-07,22770.0,23227.564
雙連,2026-01-08,23075.0,22915.803
雙連,2026-01-09,24714.0,24793.74
雙連,2026-01-10,19917.0,20328.223
雙連,2026-01-11,15266.0,15119.027
雙連,2026-01-12,22272.0,22221.484
雙連,2026-01-13,23189.0,22813.014
雙連,2026-01-14,24210.0,23147.566
雙連,2026-01-15,24147.0,23540.23
雙連,2026-01-16,25713.0,25548.486
雙連,2026-01-17,19391.0,20620.832
雙連,2026-01-18,14587.0,15035.194
雙連,2026-01-19,22077.0,22462.346
雙連,2026-01-20,23161.0,22918.346
雙連,2026-01-21,22129.0,22783.31
雙連,2026-01-22,22566.0,22130.059
雙連,2026-01-23,24046.0,24400.857
雙連,2026-01-24,19412.0,19284.879
雙連,2026-01-25,15067.0,14504.395
雙連,2026-01-26,22743.0,21999.977
雙連,2026-01-27,23057.0,23044.33
雙連,2026-01-28,23366.0,23183.521
雙連,2026-01-29,22962.0,23161.906
雙連,2026-01-30,24749.0,24608.664
雙連,2026-01-31,19749.0,20000.559
雙連,2026-02-01,14255.0,14889.318
雙連,2026-02-02,22285.0,22108.734
雙連,2026-02-03,24181.0,22841.281
雙連,2026-02-04,24067.0,23423.285
雙連,2026-02-05,24314.0,23477.633
雙連,2026-02-06,25563.0,25688.482
雙連,2026-02-07,21148.0,20177.088
雙連,2026-02-08,16235.0,15452.637
雙連,2026-02-09,23374.0,22629.834
雙連,2026-02-10,24176.0,23652.277
雙連,2026-02-11,24010.0,23993.516
雙連,2026-02-12,23954.0,23885.21
雙連,2026-02-13,23908.0,25789.26
雙連,2026-02-14,18069.0,19482.328
雙連,2026-02-15,12442.0,14070.896
雙連,2026-02-16,6914.0,6715.705
雙連,2026-02-17,10823.0,5920.7773
雙連,2026-02-18,10541.0,13011.274
雙連,2026-02-19,12775.0,12638.197
雙連,2026-02-20,15639.0,13383.263
雙連,2026-02-21,15986.0,15553.9795
雙連,2026-02-22,12686.0,12700.521
雙連,2026-02-23,21362.0,19840.922
雙連,2026-02-24,21869.0,22545.71
雙連,2026-02-25,22748.0,22555.393
雙連,2026-02-26,23383.0,22563.2
雙連,2026-02-27,17249.0,17643.559
雙連,2026-02-28,17687.0,17467.15
雙連,2026-03-01,13471.0,15171.757
雙連,2026-03-02,22059.0,21374.912
雙連,2026-03-03,22158.0,22378.426
雙連,2026-03-04,22444.0,22120.906
雙連,2026-03-05,22951.0,22045.281
雙連,2026-03-06,24475.0,24654.51
雙連,2026-03-07,20648.0,20815.91
雙連,2026-03-08,14759.0,15273.242
雙連,2026-03-09,22301.0,21734.797
雙連,2026-03-10,22500.0,22481.371
雙連,2026-03-11,23649.0,22485.547
雙連,2026-03-12,23180.0,23226.098
雙連,2026-03-13,24847.0,25689.154
雙連,2026-03-14,20889.0,21309.979
雙連,2026-03-15,15531.0,15474.781
雙連,2026-03-16,22172.0,21195.588
雙連,2026-03-17,22724.0,22080.787
雙連,2026-03-18,23078.0,22214.87
雙連,2026-03-19,22589.0,22610.46
雙連,2026-03-20,25548.0,24715.857
雙連,2026-03-21,22750.0,20522.5
雙連,2026-03-22,15053.0,16325.924
雙連,2026-03-23,22206.0,21988.781
雙連,2026-03-24,22524.0,22880.785
雙連,2026-03-25,23176.0,22670.441
雙連,2026-03-26,22832.0,22914.742
雙連,2026-03-27,24005.0,24999.45
雙連,2026-03-28,19835.0,19781.072
雙連,2026-03-29,14242.0,14832.474
雙連,2026-03-30,22595.0,21642.998
雙連,2026-03-31,22890.0,23103.104
雙連,2026-04-01,22825.0,23177.56
雙連,2026-04-02,24226.0,23011.854
雙連,2026-04-03,16122.0,17718.412
雙連,2026-04-04,14806.0,16316.945
雙連,2026-04-05,14317.0,12618.75
雙連,2026-04-06,12616.0,13313.842
雙連,2026-04-07,21988.0,21659.867
雙連,2026-04-08,22779.0,21867.162
雙連,2026-04-09,22849.0,22533.264
雙連,2026-04-10,24982.0,24730.191
雙連,2026-04-11,21219.0,20493.383
雙連,2026-04-12,14682.0,15891.65
雙連,2026-04-13,22198.0,21473.932
雙連,2026-04-14,22289.0,22528.752
雙連,2026-04-15,22480.0,22502.617
雙連,2026-04-16,22288.0,22498.225
雙連,2026-04-17,24019.0,24794.197
雙連,2026-04-18,20236.0,20543.664
雙連,2026-04-19,14783.0,14968.109
雙連,2026-04-20,21714.0,21572.371
雙連,2026-04-21,22458.0,22297.969
雙連,2026-04-22,23066.0,22487.016
雙連,2026-04-23,22500.0,22724.8
雙連,2026-04-24,24579.0,24612.164
雙連,2026-04-25,19450.0,20080.729
雙連,2026-04-26,15657.0,14900.51
雙連,2026-04-27,22685.0,21567.963
雙連,2026-04-28,22986.0,22471.555
雙連,2026-04-29,23301.0,21996.883
雙連,2026-04-30,24290.0,22429.857
雙連,2026-05-01,18301.0,16723.195
雙連,2026-05-02,17906.0,17226.986
雙連,2026-05-03,14648.0,13430.14
雙連,2026-05-04,23387.0,21049.326
雙連,2026-05-05,23192.0,23265.275
雙連,2026-05-06,23292.0,23234.271
雙連,2026-05-07,22845.0,23155.83
雙連,2026-05-08,24233.0,24935.37
雙連,2026-05-09,19360.0,19670.545
雙連,2026-05-10,13730.0,14761.83
雙連,2026-05-11,22202.0,21977.246
雙連,2026-05-12,22615.0,22847.262
雙連,2026-05-13,23667.0,23085.88
雙連,2026-05-14,23030.0,23293.3
雙連,2026-05-15,25932.0,24872.018
雙連,2026-05-16,20988.0,20531.89
雙連,2026-05-17,15918.0,15395.079
雙連,2026-05-18,21884.0,22276.887
雙連,2026-05-19,22284.0,22751.617
雙連,2026-05-20,22967.0,22426.154
雙連,2026-05-21,22825.0,22463.016
雙連,2026-05-22,24079.0,24723.97
雙連,2026-05-23,20832.0,19450.78
雙連,2026-05-24,15292.0,15131.934
雙連,2026-05-25,22375.0,21981.809
雙連,2026-05-26,22746.0,22868.1
雙連,2026-05-27,23301.0,22688.89
雙連,2026-05-28,22751.0,22735.781
雙連,2026-05-29,24026.0,24597.926
雙連,2026-05-30,20572.0,19427.545
雙連,2026-05-31,15098.0,15215.279
頂埔,2026-01-01,5280.0,6813.648
頂埔,2026-01-02,10662.0,11410.589
頂埔,2026-01-03,6388.0,7178.67
頂埔,2026-01-04,5930.0,6075.2446
頂埔,2026-01-05,11177.0,11097.884
頂埔,2026-01-06,11461.0,11367.962
頂埔,2026-01-07,11225.0,11429.356
頂埔,2026-01-08,11353.0,11327.414
頂埔,2026-01-09,12203.0,11845.857
頂埔,2026-01-10,7101.0,7625.369
頂埔,2026-01-11,6008.0,6126.942
頂埔,2026-01-12,11169.0,10879.084
頂埔,2026-01-13,11390.0,11376.193
頂埔,2026-01-14,11220.0,11410.903
頂埔,2026-01-15,11354.0,11249.579
頂埔,2026-01-16,11923.0,11734.299
頂埔,2026-01-17,7184.0,7415.5195
頂埔,2026-01-18,6139.0,6343.6494
頂埔,2026-01-19,11116.0,11026.701
頂埔,2026-01-20,11710.0,11424.63
頂埔,2026-01-21,11338.0,11425.849
頂埔,2026-01-22,11277.0,11199.479
頂埔,2026-01-23,11961.0,11661.936
頂埔,2026-01-24,7216.0,7272.5015
頂埔,2026-01-25,6355.0,6332.0493
頂埔,2026-01-26,11077.0,11087.122
頂埔,2026-01-27,11276.0,11420.595
頂埔,2026-01-28,11096.0,11270.748
頂埔,2026-01-29,11659.0,11119.063
頂埔,2026-01-30,12078.0,11804.448
頂埔,2026-01-31,7124.0,7490.4565
頂埔,2026-02-01,5868.0,6355.3784
頂埔,2026-02-02,11058.0,11003.943
頂埔,2026-02-03,11971.0,11378.304
頂埔,2026-02-04,11709.0,11663.917
頂埔,2026-02-05,11800.0,11506.672
頂埔,2026-02-06,12136.0,12055.477
頂埔,2026-02-07,8794.0,7440.9087
頂埔,2026-02-08,6502.0,7105.4727
頂埔,2026-02-09,11527.0,11210.361
頂埔,2026-02-10,12093.0,11636.621
頂埔,2026-02-11,11760.0,11839.834
頂埔,2026-02-12,11026.0,11653.928
頂埔,2026-02-13,10260.0,11935.424
頂埔,2026-02-14,6687.0,7141.454
頂埔,2026-02-15,5781.0,5820.1875
頂埔,2026-02-16,4083.0,3192.6177
頂埔,2026-02-17,5151.0,3607.8604
頂埔,2026-02-18,5917.0,6338.567
頂埔,2026-02-19,6091.0,6450.439
頂埔,2026-02-20,5902.0,5995.5547
頂埔,2026-02-21,6504.0,5785.6895
頂埔,2026-02-22,6384.0,5404.5186
頂埔,2026-02-23,10991.0,10140.073
頂埔,2026-02-24,11468.0,11100.679
頂埔,2026-02-25,11528.0,11274.305
頂埔,2026-02-26,12079.0,11374.141
頂埔,2026-02-27,6878.0,7284.6255
頂埔,2026-02-28,6843.0,6381.337
頂埔,2026-03-01,5732.0,6633.2314
頂埔,2026-03-02,11340.0,10907.775
頂埔,2026-03-03,11302.0,11428.502
頂埔,2026-03-04,11320.0,11228.06
頂埔,2026-03-05,11670.0,11174.889
頂埔,2026-03-06,12045.0,11770.538
頂埔,2026-03-07,7727.0,7617.263
頂埔,2026-03-08,6438.0,6516.677
頂埔,2026-03-09,11358.0,11170.77
頂埔,2026-03-10,11452.0,11483.208
頂埔,2026-03-11,11819.0,11312.658
頂埔,2026-03-12,11880.0,11409.534
頂埔,2026-03-13,12427.0,12006.198
頂埔,2026-03-14,7944.0,8072.3213
頂埔,2026-03-15,6598.0,6738.949
頂埔,2026-03-16,11260.0,11144.674
頂埔,2026-03-17,11560.0,11470.899
頂埔,2026-03-18,11521.0,11428.712
頂埔,2026-03-19,11538.0,11265.039
頂埔,2026-03-20,12183.0,11941.382
頂埔,2026-03-21,7657.0,7677.8604
頂埔,2026-03-22,6751.0,6726.579
頂埔,2026-03-23,11270.0,11225.076
頂埔,2026-03-24,11629.0,11539.253
頂埔,2026-03-25,11560.0,11523.07
頂埔,2026-03-26,11545.0,11392.877
頂埔,2026-03-27,11947.0,11970.789
頂埔,2026-03-28,7157.0,7652.1675
頂埔,2026-03-29,6151.0,6479.634
頂埔,2026-03-30,11409.0,11107.94
頂埔,2026-03-31,11455.0,11568.997
頂埔,2026-04-01,11299.0,11522.7295
頂埔,2026-04-02,11887.0,11344.547
頂埔,2026-04-03,6315.0,7142.6816
頂埔,2026-04-04,5671.0,6433.6426
頂埔,2026-04-05,6221.0,5890.804
頂埔,2026-04-06,5351.0,6141.251
頂埔,2026-04-07,11233.0,10993.825
頂埔,2026-04-08,11553.0,11000.424
頂埔,2026-04-09,11740.0,11210.111
頂埔,2026-04-10,12360.0,12014.818
頂埔,2026-04-11,7552.0,7731.7275
頂埔,2026-04-12,6676.0,6586.065
頂埔,2026-04-13,11321.0,10983.858
頂埔,2026-04-14,11492.0,11401.641
頂埔,2026-04-15,11622.0,11399.328
頂埔,2026-04-16,11661.0,11387.832
頂埔,2026-04-17,12095.0,12155.4375
頂埔,2026-04-18,7365.0,7879.794
頂埔,2026-04-19,6417.0,6338.994
頂埔,2026-04-20,11487.0,11102.916
頂埔,2026-04-21,11661.0,11565.013
頂埔,2026-04-22,11671.0,11632.207
頂埔,2026-04-23,11513.0,11542.945
頂埔,2026-04-24,11761.0,11998.467
頂埔,2026-04-25,7200.0,7579.208
頂埔,2026-04-26,6546.0,6521.133
頂埔,2026-04-27,11497.0,11186.82
頂埔,2026-04-28,11819.0,11553.717
頂埔,2026-04-29,11548.0,11449.567
頂埔,2026-04-30,11955.0,11249.337
頂埔,2026-05-01,6902.0,6724.437
頂埔,2026-05-02,6731.0,6692.126
頂埔,2026-05-03,6327.0,6284.718
頂埔,2026-05-04,11188.0,11151.725
頂埔,2026-05-05,11492.0,11353.211
頂埔,2026-05-06,11960.0,11325.622
頂埔,2026-05-07,11867.0,11329.311
頂埔,2026-05-08,12230.0,12167.92
頂埔,2026-05-09,7325.0,7680.455
頂埔,2026-05-10,6430.0,6534.956
頂埔,2026-05-11,11712.0,11232.644
頂埔,2026-05-12,11815.0,11635.535
頂埔,2026-05-13,11483.0,11728.217
頂埔,2026-05-14,11497.0,11470.945
頂埔,2026-05-15,12501.0,12004.133
頂埔,2026-05-16,7899.0,7720.2085
頂埔,2026-05-17,6753.0,6747.016
頂埔,2026-05-18,11328.0,11361.944
頂埔,2026-05-19,11636.0,11561.153
頂埔,2026-05-20,11688.0,11559.99
頂埔,2026-05-21,11688.0,11397.442
頂埔,2026-05-22,12145.0,12027.915
頂埔,2026-05-23,7785.0,7592.942
頂埔,2026-05-24,6497.0,6778.1216
頂埔,2026-05-25,11432.0,11302.658
頂埔,2026-05-26,11582.0,11535.963
頂埔,2026-05-27,11592.0,11481.848
頂埔,2026-05-28,11604.0,11273.309
頂埔,2026-05-29,12227.0,11937.262
頂埔,2026-05-30,7494.0,7621.6997
頂埔,2026-05-31,6447.0,6677.5474
頂溪,2026-01-01,22351.0,24732.367
頂溪,2026-01-02,34384.0,36032.508
頂溪,2026-01-03,27557.0,27775.852
頂溪,2026-01-04,23672.0,23318.799
頂溪,2026-01-05,33281.0,34149.938
頂溪,2026-01-06,33783.0,34672.355
頂溪,2026-01-07,34370.0,34375.938
頂溪,2026-01-08,34504.0,34658.215
頂溪,2026-01-09,36575.0,36537.67
頂溪,2026-01-10,29917.0,29768.793
頂溪,2026-01-11,24179.0,24317.023
頂溪,2026-01-12,32603.0,32981.277
頂溪,2026-01-13,34383.0,33917.715
頂溪,2026-01-14,34468.0,34341.902
頂溪,2026-01-15,34305.0,34506.445
頂溪,2026-01-16,36304.0,35880.38
頂溪,2026-01-17,29961.0,29566.684
頂溪,2026-01-18,24921.0,24465.71
頂溪,2026-01-19,32730.0,32566.832
頂溪,2026-01-20,34819.0,33761.117
頂溪,2026-01-21,33829.0,33455.805
頂溪,2026-01-22,33949.0,33649.434
頂溪,2026-01-23,36613.0,35928.863
頂溪,2026-01-24,29515.0,28206.54
頂溪,2026-01-25,25383.0,23234.008
頂溪,2026-01-26,32784.0,32874.535
頂溪,2026-01-27,33427.0,33912.668
頂溪,2026-01-28,33848.0,33604.953
頂溪,2026-01-29,34501.0,34100.51
頂溪,2026-01-30,35659.0,36529.184
頂溪,2026-01-31,30135.0,28905.059
頂溪,2026-02-01,23420.0,24221.637
頂溪,2026-02-02,32787.0,32255.193
頂溪,2026-02-03,33973.0,33917.457
頂溪,2026-02-04,34626.0,34019.59
頂溪,2026-02-05,35196.0,34611.02
頂溪,2026-02-06,36329.0,36899.883
頂溪,2026-02-07,30409.0,28951.479
頂溪,2026-02-08,24956.0,24226.223
頂溪,2026-02-09,33105.0,32736.004
頂溪,2026-02-10,34873.0,34087.723
頂溪,2026-02-11,34506.0,34433.906
頂溪,2026-02-12,34651.0,34662.44
頂溪,2026-02-13,35030.0,36821.67
頂溪,2026-02-14,26268.0,28420.012
頂溪,2026-02-15,20755.0,21986.275
頂溪,2026-02-16,14945.0,13736.289
頂溪,2026-02-17,18217.0,11968.084
頂溪,2026-02-18,19682.0,22208.809
頂溪,2026-02-19,20997.0,22134.586
頂溪,2026-02-20,22010.0,22554.107
頂溪,2026-02-21,24673.0,23416.873
頂溪,2026-02-22,22346.0,21530.016
頂溪,2026-02-23,32247.0,29125.031
頂溪,2026-02-24,33580.0,33874.81
頂溪,2026-02-25,35124.0,34169.438
頂溪,2026-02-26,36199.0,34885.465
頂溪,2026-02-27,28317.0,29482.9
頂溪,2026-02-28,28059.0,28439.592
頂溪,2026-03-01,22868.0,25482.113
頂溪,2026-03-02,33648.0,32242.68
頂溪,2026-03-03,34026.0,34552.004
頂溪,2026-03-04,34369.0,33959.33
頂溪,2026-03-05,35366.0,34219.387
頂溪,2026-03-06,36917.0,36651.883
頂溪,2026-03-07,30872.0,31326.777
頂溪,2026-03-08,24959.0,24709.607
頂溪,2026-03-09,33664.0,33011.86
頂溪,2026-03-10,34765.0,34561.004
頂溪,2026-03-11,35966.0,34374.844
頂溪,2026-03-12,35499.0,34871.793
頂溪,2026-03-13,37104.0,37283.69
頂溪,2026-03-14,31419.0,32223.61
頂溪,2026-03-15,25609.0,25234.982
頂溪,2026-03-16,33324.0,31990.898
頂溪,2026-03-17,34951.0,34182.805
頂溪,2026-03-18,35440.0,33517.605
頂溪,2026-03-19,34883.0,34139.516
頂溪,2026-03-20,37607.0,37086.562
頂溪,2026-03-21,31472.0,29725.246
頂溪,2026-03-22,26192.0,24911.746
頂溪,2026-03-23,33223.0,33177.08
頂溪,2026-03-24,34652.0,34635.023
頂溪,2026-03-25,34737.0,34244.54
頂溪,2026-03-26,34912.0,34631.055
頂溪,2026-03-27,36524.0,37143.566
頂溪,2026-03-28,29885.0,29567.227
頂溪,2026-03-29,23569.0,24294.064
頂溪,2026-03-30,33255.0,32875.594
頂溪,2026-03-31,34391.0,34692.465
頂溪,2026-04-01,34462.0,34515.39
頂溪,2026-04-02,36089.0,34674.29
頂溪,2026-04-03,26417.0,27850.305
頂溪,2026-04-04,22812.0,25943.125
頂溪,2026-04-05,22934.0,20913.848
頂溪,2026-04-06,20727.0,22825.746
頂溪,2026-04-07,33301.0,33108.348
頂溪,2026-04-08,34960.0,33501.61
頂溪,2026-04-09,34612.0,34945.18
頂溪,2026-04-10,36376.0,37027.258
頂溪,2026-04-11,30095.0,29556.768
頂溪,2026-04-12,24317.0,24705.8
頂溪,2026-04-13,33008.0,32581.322
頂溪,2026-04-14,33957.0,33842.824
頂溪,2026-04-15,34308.0,34057.656
頂溪,2026-04-16,33977.0,34129.645
頂溪,2026-04-17,36430.0,36198.7
頂溪,2026-04-18,30100.0,30479.135
頂溪,2026-04-19,24921.0,24370.39
頂溪,2026-04-20,32545.0,32183.1
頂溪,2026-04-21,33935.0,33859.707
頂溪,2026-04-22,34396.0,33490.29
頂溪,2026-04-23,33900.0,33895.76
頂溪,2026-04-24,36509.0,35936.184
頂溪,2026-04-25,29425.0,29515.812
頂溪,2026-04-26,26221.0,24243.176
頂溪,2026-04-27,33558.0,31759.965
頂溪,2026-04-28,34633.0,33951.53
頂溪,2026-04-29,34695.0,32752.992
頂溪,2026-04-30,36583.0,33216.582
頂溪,2026-05-01,29337.0,25996.812
頂溪,2026-05-02,28078.0,27445.676
頂溪,2026-05-03,23108.0,22836.06
頂溪,2026-05-04,33527.0,31509.527
頂溪,2026-05-05,34851.0,34345.945
頂溪,2026-05-06,35673.0,34418.504
頂溪,2026-05-07,34934.0,34704.18
頂溪,2026-05-08,36794.0,37249.496
頂溪,2026-05-09,29315.0,29306.992
頂溪,2026-05-10,23638.0,24031.16
頂溪,2026-05-11,33040.0,32974.043
頂溪,2026-05-12,34416.0,34477.527
頂溪,2026-05-13,34176.0,34858.79
頂溪,2026-05-14,34003.0,34692.707
頂溪,2026-05-15,36843.0,36501.746
頂溪,2026-05-16,30700.0,29716.098
頂溪,2026-05-17,25787.0,24511.219
頂溪,2026-05-18,32952.0,32510.652
頂溪,2026-05-19,33923.0,34148.883
頂溪,2026-05-20,34398.0,33644.418
頂溪,2026-05-21,34033.0,33852.914
頂溪,2026-05-22,36107.0,36009.57
頂溪,2026-05-23,30520.0,28786.984
頂溪,2026-05-24,24511.0,24100.357
頂溪,2026-05-25,32882.0,32211.09
頂溪,2026-05-26,33875.0,33993.89
頂溪,2026-05-27,34261.0,33298.645
頂溪,2026-05-28,33962.0,33564.465
頂溪,2026-05-29,36666.0,35989.992
頂溪,2026-05-30,29860.0,28763.836
頂溪,2026-05-31,23962.0,23997.982
頭前庄,2026-01-01,3021.0,3549.082
頭前庄,2026-01-02,5905.0,6126.534
頭前庄,2026-01-03,3826.0,4113.166
頭前庄,2026-01-04,3100.0,3346.8892
頭前庄,2026-01-05,5755.0,5991.056
頭前庄,2026-01-06,5864.0,6009.2036
頭前庄,2026-01-07,5974.0,5952.443
頭前庄,2026-01-08,6036.0,5993.6323
頭前庄,2026-01-09,6367.0,6230.709
頭前庄,2026-01-10,4145.0,4285.5234
頭前庄,2026-01-11,3398.0,3370.0874
頭前庄,2026-01-12,5557.0,5672.9907
頭前庄,2026-01-13,5786.0,5749.441
頭前庄,2026-01-14,5836.0,5809.2656
頭前庄,2026-01-15,5779.0,5830.441
頭前庄,2026-01-16,6244.0,5980.1333
頭前庄,2026-01-17,4409.0,4193.294
頭前庄,2026-01-18,3264.0,3490.7246
頭前庄,2026-01-19,5683.0,5565.581
頭前庄,2026-01-20,6083.0,5761.547
頭前庄,2026-01-21,5741.0,5860.816
頭前庄,2026-01-22,5990.0,5791.4814
頭前庄,2026-01-23,6139.0,6109.092
頭前庄,2026-01-24,4303.0,3998.1702
頭前庄,2026-01-25,3509.0,3352.3848
頭前庄,2026-01-26,5504.0,5716.988
頭前庄,2026-01-27,5648.0,5742.482
頭前庄,2026-01-28,5712.0,5685.043
頭前庄,2026-01-29,5711.0,5742.0894
頭前庄,2026-01-30,6092.0,5975.9355
頭前庄,2026-01-31,4372.0,4117.8896
頭前庄,2026-02-01,3135.0,3471.5044
頭前庄,2026-02-02,5516.0,5514.2876
頭前庄,2026-02-03,5601.0,5642.86
頭前庄,2026-02-04,5627.0,5625.8203
頭前庄,2026-02-05,5836.0,5688.118
頭前庄,2026-02-06,5890.0,6028.1875
頭前庄,2026-02-07,4613.0,4002.0693
頭前庄,2026-02-08,3380.0,3508.9326
頭前庄,2026-02-09,5398.0,5517.5493
頭前庄,2026-02-10,5610.0,5559.6597
頭前庄,2026-02-11,5635.0,5577.371
頭前庄,2026-02-12,5673.0,5658.248
頭前庄,2026-02-13,5658.0,5960.228
頭前庄,2026-02-14,3339.0,3967.6929
頭前庄,2026-02-15,2436.0,2962.8218
頭前庄,2026-02-16,1696.0,1917.4597
頭前庄,2026-02-17,2689.0,1726.3984
頭前庄,2026-02-18,2655.0,3236.6055
頭前庄,2026-02-19,3015.0,2956.567
頭前庄,2026-02-20,3399.0,2855.499
頭前庄,2026-02-21,3647.0,3335.3594
頭前庄,2026-02-22,3236.0,2886.5574
頭前庄,2026-02-23,5542.0,4796.883
頭前庄,2026-02-24,5920.0,5731.464
頭前庄,2026-02-25,6216.0,5930.044
頭前庄,2026-02-26,6324.0,6059.2393
頭前庄,2026-02-27,4087.0,4181.2017
頭前庄,2026-02-28,4165.0,4064.6052
頭前庄,2026-03-01,3469.0,3768.892
頭前庄,2026-03-02,5946.0,5614.975
頭前庄,2026-03-03,5911.0,6011.1577
頭前庄,2026-03-04,5984.0,5885.7266
頭前庄,2026-03-05,6323.0,5880.4985
頭前庄,2026-03-06,6601.0,6314.911
頭前庄,2026-03-07,4613.0,4808.35
頭前庄,2026-03-08,3573.0,3693.0176
頭前庄,2026-03-09,5838.0,5877.683
頭前庄,2026-03-10,6086.0,5982.812
頭前庄,2026-03-11,6236.0,5990.865
頭前庄,2026-03-12,6197.0,6088.2725
頭前庄,2026-03-13,6345.0,6431.6655
頭前庄,2026-03-14,4692.0,4636.1123
頭前庄,2026-03-15,3504.0,3728.977
頭前庄,2026-03-16,6060.0,5667.7983
頭前庄,2026-03-17,6260.0,5954.9536
頭前庄,2026-03-18,6196.0,6025.8096
頭前庄,2026-03-19,6086.0,6090.1875
頭前庄,2026-03-20,6309.0,6429.775
頭前庄,2026-03-21,4541.0,4249.2056
頭前庄,2026-03-22,3562.0,3538.3345
頭前庄,2026-03-23,5899.0,5881.597
頭前庄,2026-03-24,6185.0,6057.6953
頭前庄,2026-03-25,6189.0,6065.951
頭前庄,2026-03-26,6235.0,6105.0527
頭前庄,2026-03-27,6122.0,6478.979
頭前庄,2026-03-28,4340.0,4235.7764
頭前庄,2026-03-29,3201.0,3475.2612
頭前庄,2026-03-30,5925.0,5794.939
頭前庄,2026-03-31,6026.0,6042.506
頭前庄,2026-04-01,5976.0,6018.452
頭前庄,2026-04-02,5592.0,6036.0947
頭前庄,2026-04-03,3462.0,3655.6594
頭前庄,2026-04-04,2841.0,3483.9814
頭前庄,2026-04-05,3032.0,2773.8684
頭前庄,2026-04-06,2813.0,3122.9014
頭前庄,2026-04-07,5696.0,5674.8745
頭前庄,2026-04-08,6106.0,5743.1494
頭前庄,2026-04-09,6009.0,5981.5537
頭前庄,2026-04-10,6244.0,6236.643
頭前庄,2026-04-11,4198.0,4286.196
頭前庄,2026-04-12,3304.0,3502.247
頭前庄,2026-04-13,5850.0,5741.4873
頭前庄,2026-04-14,5975.0,5886.5825
頭前庄,2026-04-15,6025.0,5884.0337
頭前庄,2026-04-16,5838.0,5937.146
頭前庄,2026-04-17,6152.0,6161.108
頭前庄,2026-04-18,4081.0,4216.586
頭前庄,2026-04-19,3482.0,3312.5613
頭前庄,2026-04-20,5782.0,5688.6772
頭前庄,2026-04-21,6019.0,5844.3203
頭前庄,2026-04-22,6163.0,5906.7573
頭前庄,2026-04-23,5872.0,5998.2046
頭前庄,2026-04-24,6273.0,6118.2085
頭前庄,2026-04-25,4104.0,4134.738
頭前庄,2026-04-26,3657.0,3351.1218
頭前庄,2026-04-27,5893.0,5783.145
頭前庄,2026-04-28,6262.0,5956.9326
頭前庄,2026-04-29,6161.0,5975.185
頭前庄,2026-04-30,6210.0,5994.8604
頭前庄,2026-05-01,3880.0,3478.261
頭前庄,2026-05-02,3909.0,3575.8997
頭前庄,2026-05-03,3149.0,3083.1855
頭前庄,2026-05-04,5959.0,5743.6865
頭前庄,2026-05-05,6135.0,6016.368
頭前庄,2026-05-06,6250.0,6018.2456
頭前庄,2026-05-07,6172.0,6085.5728
頭前庄,2026-05-08,6244.0,6364.5063
頭前庄,2026-05-09,3864.0,4165.0444
頭前庄,2026-05-10,3078.0,3264.1375
頭前庄,2026-05-11,5865.0,5834.287
頭前庄,2026-05-12,6052.0,5996.574
頭前庄,2026-05-13,5845.0,6022.199
頭前庄,2026-05-14,6027.0,5950.727
頭前庄,2026-05-15,6328.0,6203.071
頭前庄,2026-05-16,4496.0,4144.179
頭前庄,2026-05-17,3435.0,3412.734
頭前庄,2026-05-18,5785.0,5763.7207
頭前庄,2026-05-19,5910.0,5931.0625
頭前庄,2026-05-20,6095.0,5886.8027
頭前庄,2026-05-21,6026.0,5946.8643
頭前庄,2026-05-22,6254.0,6180.0303
頭前庄,2026-05-23,4447.0,4093.1785
頭前庄,2026-05-24,3336.0,3394.7761
頭前庄,2026-05-25,5636.0,5781.9243
頭前庄,2026-05-26,5968.0,5899.9185
頭前庄,2026-05-27,5933.0,5852.6963
頭前庄,2026-05-28,6004.0,5869.101
頭前庄,2026-05-29,6384.0,6185.1807
頭前庄,2026-05-30,4414.0,4142.1006
頭前庄,2026-05-31,3353.0,3425.1064
麟光,2026-01-01,3274.0,3841.35
麟光,2026-01-02,4616.0,4652.345
麟光,2026-01-03,3746.0,3817.8577
麟光,2026-01-04,3442.0,3323.0383
麟光,2026-01-05,4457.0,4543.488
麟光,2026-01-06,4453.0,4577.433
麟光,2026-01-07,4437.0,4524.5977
麟光,2026-01-08,4605.0,4502.4253
麟光,2026-01-09,4854.0,4813.7847
麟光,2026-01-10,4019.0,4066.8508
麟光,2026-01-11,3273.0,3448.978
麟光,2026-01-12,4264.0,4331.754
麟光,2026-01-13,4558.0,4402.7153
麟光,2026-01-14,4539.0,4532.894
麟光,2026-01-15,4575.0,4550.3745
麟光,2026-01-16,5025.0,4747.652
麟光,2026-01-17,4084.0,4172.018
麟光,2026-01-18,3313.0,3532.8975
麟光,2026-01-19,4523.0,4345.33
麟光,2026-01-20,4649.0,4579.298
麟光,2026-01-21,4522.0,4602.343
麟光,2026-01-22,4636.0,4536.073
麟光,2026-01-23,4868.0,4875.389
麟光,2026-01-24,4081.0,4028.78
麟光,2026-01-25,3450.0,3385.3945
麟光,2026-01-26,4584.0,4399.1455
麟光,2026-01-27,4588.0,4683.8057
麟光,2026-01-28,4631.0,4668.27
麟光,2026-01-29,4911.0,4647.244
麟光,2026-01-30,4972.0,5064.859
麟光,2026-01-31,4179.0,4229.8037
麟光,2026-02-01,3334.0,3570.8162
麟光,2026-02-02,4532.0,4434.8906
麟光,2026-02-03,4671.0,4657.6167
麟光,2026-02-04,4843.0,4713.702
麟光,2026-02-05,4769.0,4775.9673
麟光,2026-02-06,5071.0,5001.7246
麟光,2026-02-07,4354.0,4271.6772
麟光,2026-02-08,3689.0,3680.7917
麟光,2026-02-09,4617.0,4531.028
麟光,2026-02-10,4847.0,4746.688
麟光,2026-02-11,4909.0,4859.965
麟光,2026-02-12,4869.0,4857.6514
麟光,2026-02-13,5006.0,5116.7344
麟光,2026-02-14,4054.0,4275.4873
麟光,2026-02-15,3268.0,3519.423
麟光,2026-02-16,2628.0,2219.2578
麟光,2026-02-17,2714.0,1979.873
麟光,2026-02-18,2893.0,3185.6592
麟光,2026-02-19,3046.0,3258.154
麟光,2026-02-20,3096.0,3262.71
麟光,2026-02-21,3586.0,3245.8164
麟光,2026-02-22,3068.0,3148.168
麟光,2026-02-23,4268.0,4043.8726
麟光,2026-02-24,4409.0,4518.852
麟光,2026-02-25,4601.0,4494.753
麟光,2026-02-26,4817.0,4557.1147
麟光,2026-02-27,4062.0,4133.097
麟光,2026-02-28,4280.0,3912.3967
麟光,2026-03-01,3438.0,3721.0305
麟光,2026-03-02,4558.0,4362.6313
麟光,2026-03-03,4695.0,4666.9185
麟光,2026-03-04,4694.0,4629.013
麟光,2026-03-05,4781.0,4580.9316
麟光,2026-03-06,4890.0,4993.9536
麟光,2026-03-07,5043.0,4400.206
麟光,2026-03-08,3831.0,3809.5012
麟光,2026-03-09,4599.0,4429.7803
麟光,2026-03-10,4746.0,4721.6006
麟光,2026-03-11,4885.0,4667.8374
麟光,2026-03-12,4839.0,4677.998
麟光,2026-03-13,5175.0,5128.6274
麟光,2026-03-14,4784.0,4840.0923
麟光,2026-03-15,4061.0,3827.8252
麟光,2026-03-16,4648.0,4314.6587
麟光,2026-03-17,4688.0,4663.3125
麟光,2026-03-18,4955.0,4574.086
麟光,2026-03-19,4738.0,4727.164
麟光,2026-03-20,5098.0,5055.2666
麟光,2026-03-21,5164.0,4491.3955
麟光,2026-03-22,5540.0,4278.286
麟光,2026-03-23,5011.0,4802.3115
麟光,2026-03-24,4942.0,5008.387
麟光,2026-03-25,5182.0,4961.3613
麟光,2026-03-26,5269.0,5018.507
麟光,2026-03-27,5383.0,5525.1055
麟光,2026-03-28,6497.0,5037.6333
麟光,2026-03-29,5623.0,5385.175
麟光,2026-03-30,5123.0,5049.7573
麟光,2026-03-31,4873.0,5130.951
麟光,2026-04-01,4813.0,5008.637
麟光,2026-04-02,5249.0,4826.9023
麟光,2026-04-03,6034.0,4984.386
麟光,2026-04-04,4951.0,5711.0854
麟光,2026-04-05,5144.0,4359.465
麟光,2026-04-06,3401.0,4397.8745
麟光,2026-04-07,4503.0,4298.308
麟光,2026-04-08,4618.0,4570.76
麟光,2026-04-09,4713.0,4688.9243
麟光,2026-04-10,4925.0,5001.915
麟光,2026-04-11,4516.0,4368.139
麟光,2026-04-12,3748.0,4013.5613
麟光,2026-04-13,4484.0,4550.724
麟光,2026-04-14,4526.0,4622.9497
麟光,2026-04-15,4631.0,4633.2686
麟光,2026-04-16,4610.0,4654.913
麟光,2026-04-17,4855.0,4867.558
麟光,2026-04-18,4047.0,4276.537
麟光,2026-04-19,3504.0,3650.278
麟光,2026-04-20,4383.0,4370.985
麟光,2026-04-21,4501.0,4509.9033
麟光,2026-04-22,4562.0,4519.398
麟光,2026-04-23,4559.0,4556.026
麟光,2026-04-24,4864.0,4807.685
麟光,2026-04-25,3978.0,4172.7817
麟光,2026-04-26,3643.0,3457.2996
麟光,2026-04-27,4429.0,4375.634
麟光,2026-04-28,4661.0,4551.632
麟光,2026-04-29,4603.0,4542.3545
麟光,2026-04-30,4799.0,4537.8813
麟光,2026-05-01,4053.0,3771.0984
麟光,2026-05-02,3938.0,3810.3406
麟光,2026-05-03,3255.0,3326.558
麟光,2026-05-04,4435.0,4219.95
麟光,2026-05-05,4759.0,4558.505
麟光,2026-05-06,4674.0,4668.9106
麟光,2026-05-07,4638.0,4619.1797
麟光,2026-05-08,4797.0,4863.8555
麟光,2026-05-09,4050.0,4050.4094
麟光,2026-05-10,3296.0,3453.752
麟光,2026-05-11,4415.0,4373.609
麟光,2026-05-12,4550.0,4541.768
麟光,2026-05-13,4439.0,4603.6367
麟光,2026-05-14,4508.0,4557.173
麟光,2026-05-15,4815.0,4751.3374
麟光,2026-05-16,4123.0,4065.6492
麟光,2026-05-17,3631.0,3498.3699
麟光,2026-05-18,4382.0,4347.9517
麟光,2026-05-19,4507.0,4488.921
麟光,2026-05-20,4532.0,4484.2183
麟光,2026-05-21,4506.0,4510.969
麟光,2026-05-22,4818.0,4723.4077
麟光,2026-05-23,4011.0,4041.4812
麟光,2026-05-24,3526.0,3425.914
麟光,2026-05-25,4387.0,4340.0034
麟光,2026-05-26,4480.0,4508.4824
麟光,2026-05-27,4486.0,4468.0205
麟光,2026-05-28,4431.0,4469.5977
麟光,2026-05-29,4737.0,4674.1353
麟光,2026-05-30,4026.0,3944.3354
麟光,2026-05-31,3430.0,3403.0522
龍山寺,2026-01-01,28296.0,28089.652
龍山寺,2026-01-02,30338.0,32233.611
龍山寺,2026-01-03,30730.0,28317.477
龍山寺,2026-01-04,25970.0,26644.002
龍山寺,2026-01-05,28386.0,29248.102
龍山寺,2026-01-06,27850.0,29408.12
龍山寺,2026-01-07,28504.0,28831.502
龍山寺,2026-01-08,28570.0,29081.973
龍山寺,2026-01-09,31384.0,31361.736
龍山寺,2026-01-10,31736.0,31166.816
龍山寺,2026-01-11,26342.0,26876.928
龍山寺,2026-01-12,27906.0,27915.24
龍山寺,2026-01-13,28357.0,28508.303
龍山寺,2026-01-14,29124.0,28854.81
龍山寺,2026-01-15,29032.0,29208.78
龍山寺,2026-01-16,31431.0,31388.75
龍山寺,2026-01-17,31396.0,31222.256
龍山寺,2026-01-18,27016.0,26826.53
龍山寺,2026-01-19,28070.0,28538.287
龍山寺,2026-01-20,28353.0,28559.656
龍山寺,2026-01-21,27964.0,28826.502
龍山寺,2026-01-22,26818.0,28391.797
龍山寺,2026-01-23,31190.0,29881.572
龍山寺,2026-01-24,30311.0,30248.188
龍山寺,2026-01-25,27383.0,25910.53
龍山寺,2026-01-26,28213.0,27998.352
龍山寺,2026-01-27,27134.0,28550.266
龍山寺,2026-01-28,28054.0,28022.309
龍山寺,2026-01-29,28933.0,28418.143
龍山寺,2026-01-30,30812.0,31196.475
龍山寺,2026-01-31,30111.0,30611.828
龍山寺,2026-02-01,25061.0,25965.04
龍山寺,2026-02-02,28497.0,27410.93
龍山寺,2026-02-03,29160.0,28788.115
龍山寺,2026-02-04,29575.0,29275.914
龍山寺,2026-02-05,29843.0,29537.068
龍山寺,2026-02-06,31099.0,31828.256
龍山寺,2026-02-07,30319.0,30072.748
龍山寺,2026-02-08,25682.0,25925.66
龍山寺,2026-02-09,27509.0,28129.934
龍山寺,2026-02-10,28588.0,28395.555
龍山寺,2026-02-11,27964.0,29120.688
龍山寺,2026-02-12,29119.0,28622.354
龍山寺,2026-02-13,29596.0,31425.332
龍山寺,2026-02-14,25747.0,28626.885
龍山寺,2026-02-15,22729.0,23470.71
龍山寺,2026-02-16,17851.0,19374.744
龍山寺,2026-02-17,50876.0,17096.219
龍山寺,2026-02-18,35985.0,34080.86
龍山寺,2026-02-19,38166.0,35143.188
龍山寺,2026-02-20,35146.0,33181.188
龍山寺,2026-02-21,34814.0,27872.441
龍山寺,2026-02-22,28141.0,27730.459
龍山寺,2026-02-23,28093.0,26448.633
龍山寺,2026-02-24,28283.0,30748.588
龍山寺,2026-02-25,29834.0,28942.236
龍山寺,2026-02-26,30741.0,29582.979
龍山寺,2026-02-27,30083.0,28242.188
龍山寺,2026-02-28,31560.0,30634.256
龍山寺,2026-03-01,25940.0,25433.44
龍山寺,2026-03-02,28188.0,27474.07
龍山寺,2026-03-03,28523.0,29538.855
龍山寺,2026-03-04,27690.0,28844.822
龍山寺,2026-03-05,29112.0,28242.531
龍山寺,2026-03-06,32032.0,31413.977
龍山寺,2026-03-07,32505.0,32622.283
龍山寺,2026-03-08,27717.0,26520.734
龍山寺,2026-03-09,27808.0,27718.744
龍山寺,2026-03-10,27980.0,28307.922
龍山寺,2026-03-11,30418.0,28394.223
龍山寺,2026-03-12,30440.0,29955.807
龍山寺,2026-03-13,32253.0,32146.078
龍山寺,2026-03-14,33471.0,33158.492
龍山寺,2026-03-15,28745.0,27011.166
龍山寺,2026-03-16,28751.0,28240.36
龍山寺,2026-03-17,29296.0,29051.86
龍山寺,2026-03-18,29907.0,29237.41
龍山寺,2026-03-19,30439.0,29640.664
龍山寺,2026-03-20,33136.0,32158.387
龍山寺,2026-03-21,33985.0,33249.043
龍山寺,2026-03-22,28177.0,28982.057
龍山寺,2026-03-23,28525.0,28849.213
龍山寺,2026-03-24,28898.0,29476.38
龍山寺,2026-03-25,29906.0,29659.924
龍山寺,2026-03-26,29917.0,29995.262
龍山寺,2026-03-27,31827.0,32100.281
龍山寺,2026-03-28,31637.0,31667.102
龍山寺,2026-03-29,26138.0,27280.684
龍山寺,2026-03-30,28029.0,28121.234
龍山寺,2026-03-31,28748.0,29097.512
龍山寺,2026-04-01,28046.0,29247.832
龍山寺,2026-04-02,30260.0,28693.607
龍山寺,2026-04-03,26449.0,29252.299
龍山寺,2026-04-04,25162.0,27799.344
龍山寺,2026-04-05,25865.0,23227.285
龍山寺,2026-04-06,26704.0,23990.342
龍山寺,2026-04-07,26200.0,28379.082
龍山寺,2026-04-08,28161.0,26845.078
龍山寺,2026-04-09,29120.0,28162.256
龍山寺,2026-04-10,31528.0,31066.893
龍山寺,2026-04-11,31554.0,29933.256
龍山寺,2026-04-12,27287.0,26937.145
龍山寺,2026-04-13,28241.0,28510.31
龍山寺,2026-04-14,28335.0,29017.9
龍山寺,2026-04-15,28056.0,29035.14
龍山寺,2026-04-16,28063.0,28800.18
龍山寺,2026-04-17,30843.0,31050.94
龍山寺,2026-04-18,30261.0,31111.033
龍山寺,2026-04-19,25757.0,25839.695
龍山寺,2026-04-20,27317.0,27695.18
龍山寺,2026-04-21,27991.0,28206.91
龍山寺,2026-04-22,28337.0,28200.16
龍山寺,2026-04-23,27064.0,28240.055
龍山寺,2026-04-24,29357.0,30080.623
龍山寺,2026-04-25,30323.0,28586.836
龍山寺,2026-04-26,27372.0,25725.996
龍山寺,2026-04-27,27759.0,27310.28
龍山寺,2026-04-28,28318.0,27626.596
龍山寺,2026-04-29,28024.0,27591.518
龍山寺,2026-04-30,29391.0,27770.738
龍山寺,2026-05-01,31469.0,26305.559
龍山寺,2026-05-02,31625.0,31022.973
龍山寺,2026-05-03,26916.0,26396.652
龍山寺,2026-05-04,28662.0,27031.627
龍山寺,2026-05-05,27828.0,28653.297
龍山寺,2026-05-06,29880.0,28078.965
龍山寺,2026-05-07,28692.0,29346.078
龍山寺,2026-05-08,30563.0,31004.229
龍山寺,2026-05-09,29519.0,30076.105
龍山寺,2026-05-10,24378.0,25414.773
龍山寺,2026-05-11,27704.0,27397.436
龍山寺,2026-05-12,28017.0,28356.453
龍山寺,2026-05-13,26999.0,28563.346
龍山寺,2026-05-14,26966.0,28126.125
龍山寺,2026-05-15,30871.0,30100.498
龍山寺,2026-05-16,30403.0,29486.021
龍山寺,2026-05-17,27278.0,26200.662
龍山寺,2026-05-18,26896.0,27615.367
龍山寺,2026-05-19,27379.0,27571.96
龍山寺,2026-05-20,28803.0,27671.68
龍山寺,2026-05-21,27493.0,28158.557
龍山寺,2026-05-22,30461.0,30039.918
龍山寺,2026-05-23,30820.0,29771.78
龍山寺,2026-05-24,27671.0,25800.527
龍山寺,2026-05-25,27033.0,27287.543
龍山寺,2026-05-26,27115.0,27594.768
龍山寺,2026-05-27,27812.0,27414.826
龍山寺,2026-05-28,28097.0,27749.535
龍山寺,2026-05-29,29504.0,30051.768
龍山寺,2026-05-30,31125.0,29084.8
龍山寺,2026-05-31,27053.0,26058.697
