station,date,y,pred
BL板橋,2026-01-01,30413.0,40575.66947810049
BL板橋,2026-01-02,39782.0,43768.0108988552
BL板橋,2026-01-03,34202.0,38082.0874896419
BL板橋,2026-01-04,31379.0,35176.31617865104
BL板橋,2026-01-05,37526.0,38755.33869005774
BL板橋,2026-01-06,37337.0,41271.612933470446
BL板橋,2026-01-07,37613.0,45043.201407874534
BL板橋,2026-01-08,37917.0,39424.312541862266
BL板橋,2026-01-09,43065.0,41061.26747282473
BL板橋,2026-01-10,38689.0,38361.81585455596
BL板橋,2026-01-11,33583.0,34045.650687651134
BL板橋,2026-01-12,36973.0,37742.26466283207
BL板橋,2026-01-13,37160.0,38705.729205294934
BL板橋,2026-01-14,37588.0,38784.17096337176
BL板橋,2026-01-15,37829.0,37983.9586417376
BL板橋,2026-01-16,43010.0,41726.833060812845
BL板橋,2026-01-17,38297.0,37857.7390223318
BL板橋,2026-01-18,35204.0,33310.9737576312
BL板橋,2026-01-19,37644.0,38005.453216643844
BL板橋,2026-01-20,39581.0,38194.02073978162
BL板橋,2026-01-21,37250.0,38385.78127549621
BL板橋,2026-01-22,37968.0,37860.29234595531
BL板橋,2026-01-23,42961.0,43006.532283145134
BL板橋,2026-01-24,38721.0,37410.54511044674
BL板橋,2026-01-25,35000.0,34242.42592678859
BL板橋,2026-01-26,37913.0,37237.702304116654
BL板橋,2026-01-27,38336.0,38774.24691635542
BL板橋,2026-01-28,38330.0,38374.02746013359
BL板橋,2026-01-29,39624.0,38278.45137810751
BL板橋,2026-01-30,44043.0,43188.5569158308
BL板橋,2026-01-31,40258.0,37941.78707941945
BL板橋,2026-02-01,33550.0,35807.636098443065
BL板橋,2026-02-02,36777.0,37985.20374938667
BL板橋,2026-02-03,38439.0,38350.270397681
BL板橋,2026-02-04,39630.0,38340.22631443366
BL板橋,2026-02-05,40645.0,39401.434465296734
BL板橋,2026-02-06,44455.0,43921.836433717326
BL板橋,2026-02-07,39085.0,40649.679301267606
BL板橋,2026-02-08,34714.0,34971.417931685704
BL板橋,2026-02-09,38716.0,37825.23546179923
BL板橋,2026-02-10,39602.0,38542.05873826335
BL板橋,2026-02-11,39669.0,39528.373995682334
BL板橋,2026-02-12,40390.0,39703.299732215506
BL板橋,2026-02-13,40410.0,44399.26025008248
BL板橋,2026-02-14,30880.0,37423.8339777412
BL板橋,2026-02-15,25142.0,30231.95871217483
BL板橋,2026-02-16,17391.0,25214.3306649422
BL板橋,2026-02-17,26992.0,21376.354199303194
BL板橋,2026-02-18,31209.0,27726.778560168317
BL板橋,2026-02-19,35456.0,32262.170910278597
BL板橋,2026-02-20,36934.0,34110.98115398098
BL板橋,2026-02-21,37703.0,34719.54322090871
BL板橋,2026-02-22,32722.0,32528.87382432436
BL板橋,2026-02-23,37159.0,37289.126561731355
BL板橋,2026-02-24,36417.0,38684.241080260275
BL板橋,2026-02-25,37900.0,36751.95786736614
BL板橋,2026-02-26,41850.0,38873.69962796879
BL板橋,2026-02-27,36006.0,37036.99774813999
BL板橋,2026-02-28,36027.0,32481.558158537533
BL板橋,2026-03-01,31759.0,30203.35256405716
BL板橋,2026-03-02,36511.0,33902.88053865204
BL板橋,2026-03-03,36277.0,36525.284659750374
BL板橋,2026-03-04,37707.0,37226.09546729985
BL板橋,2026-03-05,38298.0,40325.561001433925
BL板橋,2026-03-06,43151.0,39080.285880711344
BL板橋,2026-03-07,39429.0,38051.806623513745
BL板橋,2026-03-08,34501.0,33425.42273186047
BL板橋,2026-03-09,37627.0,36730.01568013104
BL板橋,2026-03-10,37898.0,37938.582658138075
BL板橋,2026-03-11,38854.0,38242.05297410461
BL板橋,2026-03-12,39022.0,39348.14325322588
BL板橋,2026-03-13,44540.0,42605.62282231598
BL板橋,2026-03-14,40955.0,38884.43997840829
BL板橋,2026-03-15,35987.0,35329.56147789467
BL板橋,2026-03-16,37755.0,36755.678771537016
BL板橋,2026-03-17,37862.0,38177.74430167764
BL板橋,2026-03-18,38865.0,38623.84012239111
BL板橋,2026-03-19,38400.0,39206.92395378151
BL板橋,2026-03-20,44878.0,43854.84532501995
BL板橋,2026-03-21,43554.0,41035.793039987766
BL板橋,2026-03-22,38187.0,37037.00212937629
BL板橋,2026-03-23,37917.0,38232.057887568044
BL板橋,2026-03-24,37086.0,38253.97070271558
BL板橋,2026-03-25,38317.0,38807.157060525926
BL板橋,2026-03-26,38574.0,38775.8276887606
BL板橋,2026-03-27,42595.0,44506.410357841814
BL板橋,2026-03-28,39291.0,40044.29123927806
BL板橋,2026-03-29,34335.0,35539.89142367837
BL板橋,2026-03-30,37469.0,37960.27901799657
BL板橋,2026-03-31,36922.0,37846.8089311115
BL板橋,2026-04-01,37801.0,38339.27460149001
BL板橋,2026-04-02,41366.0,38499.86401819685
BL板橋,2026-04-03,33129.0,34393.285143464826
BL板橋,2026-04-04,31586.0,35296.945120391414
BL板橋,2026-04-05,34308.0,30425.751730044187
BL板橋,2026-04-06,33072.0,33225.628978519104
BL板橋,2026-04-07,38604.0,36601.60203184333
BL板橋,2026-04-08,38077.0,38563.64322021387
BL板橋,2026-04-09,38680.0,39019.9625458628
BL板橋,2026-04-10,43645.0,41391.41967178394
BL板橋,2026-04-11,38869.0,36941.41211969242
BL板橋,2026-04-12,34771.0,34888.92327301335
BL板橋,2026-04-13,37690.0,35973.99940164307
BL板橋,2026-04-14,37207.0,38230.28259180474
BL板橋,2026-04-15,37744.0,37822.10660048646
BL板橋,2026-04-16,38034.0,39051.6572816141
BL板橋,2026-04-17,42355.0,43017.03374410669
BL板橋,2026-04-18,38117.0,38286.08911311325
BL板橋,2026-04-19,35021.0,34512.53852948392
BL板橋,2026-04-20,37476.0,36878.51803054666
BL板橋,2026-04-21,36878.0,37940.57967512889
BL板橋,2026-04-22,37727.0,37717.7697826195
BL板橋,2026-04-23,38077.0,38591.64190755877
BL板橋,2026-04-24,43045.0,42850.598286153574
BL板橋,2026-04-25,38195.0,38156.14549430362
BL板橋,2026-04-26,36642.0,34545.35616567534
BL板橋,2026-04-27,37446.0,37534.856512230916
BL板橋,2026-04-28,37604.0,37711.896005619376
BL板橋,2026-04-29,38477.0,37952.09669814853
BL板橋,2026-04-30,43824.0,38270.57627939084
BL板橋,2026-05-01,37191.0,33731.23773822229
BL板橋,2026-05-02,37045.0,33294.48907348861
BL板橋,2026-05-03,35426.0,34003.46812017036
BL板橋,2026-05-04,38558.0,37577.18415301309
BL板橋,2026-05-05,38690.0,38322.58222218684
BL板橋,2026-05-06,38801.0,38307.42448737847
BL板橋,2026-05-07,39168.0,42287.6450746324
BL板橋,2026-05-08,43455.0,41422.641940403184
BL板橋,2026-05-09,38668.0,38427.09083320634
BL板橋,2026-05-10,34262.0,34447.67516246258
BL板橋,2026-05-11,37963.0,37858.20682476047
BL板橋,2026-05-12,37598.0,38424.256748581814
BL板橋,2026-05-13,37732.0,38629.984222153325
BL板橋,2026-05-14,37678.0,39631.13706007403
BL板橋,2026-05-15,44934.0,42059.57784254528
BL板橋,2026-05-16,39461.0,38760.84417285766
BL板橋,2026-05-17,37439.0,35466.741119126105
BL板橋,2026-05-18,37325.0,38295.378409064484
BL板橋,2026-05-19,37108.0,38169.79658988967
BL板橋,2026-05-20,38715.0,38299.45336086163
BL板橋,2026-05-21,38113.0,38795.90045776424
BL板橋,2026-05-22,43426.0,43659.802945552474
BL板橋,2026-05-23,39834.0,38240.60932296019
BL板橋,2026-05-24,35943.0,36517.09125782973
BL板橋,2026-05-25,37311.0,37823.62923921937
BL板橋,2026-05-26,37599.0,37780.79519310985
BL板橋,2026-05-27,38130.0,38333.17300178376
BL板橋,2026-05-28,38158.0,38304.47256632176
BL板橋,2026-05-29,43118.0,43342.47592256833
BL板橋,2026-05-30,38777.0,37866.036843231195
BL板橋,2026-05-31,35206.0,34001.14762509929
Y板橋,2026-01-01,2139.0,2856.213626664471
Y板橋,2026-01-02,2658.0,2894.6274156271274
Y板橋,2026-01-03,2177.0,2842.545981312532
Y板橋,2026-01-04,2468.0,2530.181230086434
Y板橋,2026-01-05,2264.0,2647.5075522564516
Y板橋,2026-01-06,2022.0,2453.1988138046436
Y板橋,2026-01-07,2065.0,2744.645964520773
Y板橋,2026-01-08,2084.0,2806.8051708892967
Y板橋,2026-01-09,2487.0,2666.4204598494894
Y板橋,2026-01-10,2368.0,2765.0785930218462
Y板橋,2026-01-11,2366.0,2690.4160289781025
Y板橋,2026-01-12,2041.0,2417.5864203625897
Y板橋,2026-01-13,2084.0,2082.0761059641677
Y板橋,2026-01-14,2097.0,2677.7854310648495
Y板橋,2026-01-15,2107.0,2110.842478617858
Y板橋,2026-01-16,2441.0,2376.252000415949
Y板橋,2026-01-17,2402.0,2302.830184590494
Y板橋,2026-01-18,2312.0,2259.1602564567224
Y板橋,2026-01-19,2114.0,2140.6414994256834
Y板橋,2026-01-20,2252.0,2071.9265395456514
Y板橋,2026-01-21,1986.0,2129.780121997571
Y板橋,2026-01-22,2075.0,2033.274177192634
Y板橋,2026-01-23,2486.0,2204.989639298067
Y板橋,2026-01-24,2589.0,2311.0212363131086
Y板橋,2026-01-25,2411.0,2258.094237538878
Y板橋,2026-01-26,2246.0,2147.5920072157373
Y板橋,2026-01-27,2163.0,2244.7316726065465
Y板橋,2026-01-28,2156.0,2102.475540021667
Y板橋,2026-01-29,2247.0,2085.1181235613503
Y板橋,2026-01-30,2618.0,2326.289653663044
Y板橋,2026-01-31,2366.0,2488.7143620176107
Y板橋,2026-02-01,2331.0,2320.1715315030833
Y板橋,2026-02-02,2151.0,2306.677653999638
Y板橋,2026-02-03,2079.0,2156.6932065793676
Y板橋,2026-02-04,2183.0,2088.2769533465907
Y板橋,2026-02-05,2207.0,2235.9410731075477
Y板橋,2026-02-06,2546.0,2412.101297731064
Y板橋,2026-02-07,2378.0,2509.8071869902683
Y板橋,2026-02-08,2223.0,2307.2552955530327
Y板橋,2026-02-09,2128.0,2153.2787683416796
Y板橋,2026-02-10,2229.0,2135.1017066862883
Y板橋,2026-02-11,2232.0,2210.575499733197
Y板橋,2026-02-12,2239.0,2230.9582313794444
Y板橋,2026-02-13,2259.0,2508.9227219965555
Y板橋,2026-02-14,1828.0,2291.0156174294702
Y板橋,2026-02-15,1603.0,2086.9995592626324
Y板橋,2026-02-16,1195.0,1986.8287767994525
Y板橋,2026-02-17,1842.0,1670.492644380129
Y板橋,2026-02-18,2293.0,1991.0138243785075
Y板橋,2026-02-19,2535.0,2041.800578210187
Y板橋,2026-02-20,2721.0,2179.196414048095
Y板橋,2026-02-21,2920.0,2263.1456299781676
Y板橋,2026-02-22,2909.0,2142.0650148584496
Y板橋,2026-02-23,2576.0,2570.5980013888607
Y板橋,2026-02-24,2830.0,2206.7502816144706
Y板橋,2026-02-25,2378.0,2332.400530794783
Y板橋,2026-02-26,2884.0,2404.473695667151
Y板橋,2026-02-27,2546.0,2444.818509245084
Y板橋,2026-02-28,2861.0,2689.5956305834693
Y板橋,2026-03-01,3124.0,2693.7958426660475
Y板橋,2026-03-02,2449.0,2796.218291679438
Y板橋,2026-03-03,2225.0,2727.8240720137687
Y板橋,2026-03-04,2244.0,2227.2372241562916
Y板橋,2026-03-05,2335.0,2679.02857923177
Y板橋,2026-03-06,2835.0,2586.262385145356
Y板橋,2026-03-07,2714.0,2732.74285930703
Y板橋,2026-03-08,2982.0,2857.7599533067696
Y板橋,2026-03-09,2423.0,2629.987569432589
Y板橋,2026-03-10,2334.0,2533.5115931144023
Y板橋,2026-03-11,2390.0,2308.3538871429137
Y板橋,2026-03-12,2364.0,2536.7038160815227
Y板橋,2026-03-13,2935.0,2703.15484641611
Y板橋,2026-03-14,2673.0,2703.9477599838665
Y板橋,2026-03-15,2863.0,2853.5323613026426
Y板橋,2026-03-16,2544.0,2437.2295983080085
Y板橋,2026-03-17,2199.0,2263.3880798682603
Y板橋,2026-03-18,2297.0,2183.448157250702
Y板橋,2026-03-19,2286.0,2242.190683180925
Y板橋,2026-03-20,2832.0,2749.3622140865527
Y板橋,2026-03-21,3066.0,2601.280056490952
Y板橋,2026-03-22,3134.0,2783.1967728544405
Y板橋,2026-03-23,2451.0,2688.054415412588
Y板橋,2026-03-24,2252.0,2238.018673759791
Y板橋,2026-03-25,2259.0,2288.4124532749674
Y板橋,2026-03-26,2218.0,2272.109208839121
Y板橋,2026-03-27,2620.0,2749.244750857517
Y板橋,2026-03-28,2523.0,2728.661473713106
Y板橋,2026-03-29,2695.0,2792.4609621875957
Y板橋,2026-03-30,2348.0,2538.962972085376
Y板橋,2026-03-31,2178.0,2252.427627829814
Y板橋,2026-04-01,2286.0,2205.381288836449
Y板橋,2026-04-02,2482.0,2261.6211089512353
Y板橋,2026-04-03,2248.0,2265.898014406937
Y板橋,2026-04-04,2204.0,2497.1069389348786
Y板橋,2026-04-05,2677.0,2594.4789526058003
Y板橋,2026-04-06,3004.0,2243.6073073487682
Y板橋,2026-04-07,3425.0,2279.3746106419517
Y板橋,2026-04-08,2575.0,2679.047317606526
Y板橋,2026-04-09,2301.0,2376.0431496810866
Y板橋,2026-04-10,2665.0,2467.726177943789
Y板橋,2026-04-11,2433.0,2336.652558653605
Y板橋,2026-04-12,2578.0,2589.2326561488617
Y板橋,2026-04-13,2313.0,2813.193248034488
Y板橋,2026-04-14,2319.0,3017.3545267196096
Y板橋,2026-04-15,2282.0,2326.6398609413473
Y板橋,2026-04-16,2320.0,2295.6216542992897
Y板橋,2026-04-17,2776.0,2495.6716475043704
Y板橋,2026-04-18,2533.0,2356.321256013824
Y板橋,2026-04-19,2767.0,2597.9110813443103
Y板橋,2026-04-20,2417.0,2710.3686216408446
Y板橋,2026-04-21,2179.0,2773.210742876075
Y板橋,2026-04-22,2196.0,2385.5756592266366
Y板橋,2026-04-23,2292.0,2199.027495026759
Y板橋,2026-04-24,2821.0,2719.073280677943
Y板橋,2026-04-25,2649.0,2583.751843007885
Y板橋,2026-04-26,3018.0,2644.4277299484293
Y板橋,2026-04-27,2449.0,2433.8759849953954
Y板橋,2026-04-28,2362.0,2241.0895939258116
Y板橋,2026-04-29,2333.0,2268.481413091264
Y板橋,2026-04-30,2884.0,2307.5938487114727
Y板橋,2026-05-01,2348.0,2389.6440071330167
Y板橋,2026-05-02,2331.0,2442.085481085633
Y板橋,2026-05-03,3182.0,2710.043029758497
Y板橋,2026-05-04,2777.0,2670.5206565924336
Y板橋,2026-05-05,2404.0,2346.695590838242
Y板橋,2026-05-06,2322.0,2271.4093523786873
Y板橋,2026-05-07,2307.0,2624.556718444408
Y板橋,2026-05-08,2746.0,2549.5353582182925
Y板橋,2026-05-09,2654.0,2442.5539049673384
Y板橋,2026-05-10,2967.0,2848.508709869108
Y板橋,2026-05-11,2578.0,2817.1598165039127
Y板橋,2026-05-12,2318.0,2316.9518950417914
Y板橋,2026-05-13,2340.0,2285.1374872861616
Y板橋,2026-05-14,2302.0,2559.9774973523076
Y板橋,2026-05-15,2995.0,2566.5487738453494
Y板橋,2026-05-16,2897.0,2725.2310720073397
Y板橋,2026-05-17,2892.0,2818.1354173964446
Y板橋,2026-05-18,2547.0,2695.23778591173
Y板橋,2026-05-19,2198.0,2308.3646469704177
Y板橋,2026-05-20,2367.0,2162.5361168823006
Y板橋,2026-05-21,2328.0,2314.7014416362504
Y板橋,2026-05-22,2712.0,2790.773753623828
Y板橋,2026-05-23,2512.0,2685.6108934690055
Y板橋,2026-05-24,2777.0,2789.3544366752253
Y板橋,2026-05-25,2418.0,2637.4593693893676
Y板橋,2026-05-26,2200.0,2274.1323199910107
Y板橋,2026-05-27,2344.0,2180.4112662481853
Y板橋,2026-05-28,2227.0,2310.42018608951
Y板橋,2026-05-29,2772.0,2723.1194443857225
Y板橋,2026-05-30,2337.0,2577.493913809276
Y板橋,2026-05-31,2788.0,2624.1701056330726
七張,2026-01-01,9401.0,11058.501699729833
七張,2026-01-02,15527.0,15634.153814026804
七張,2026-01-03,11673.0,12403.317317710775
七張,2026-01-04,10186.0,10164.625435409738
七張,2026-01-05,15255.0,15274.668501446315
七張,2026-01-06,15641.0,16063.736167503797
七張,2026-01-07,15851.0,16802.766163750526
七張,2026-01-08,15715.0,13980.275519803701
七張,2026-01-09,16315.0,15707.965018314964
七張,2026-01-10,12692.0,11812.669022876904
七張,2026-01-11,10260.0,10463.381623096402
七張,2026-01-12,15243.0,15198.123966614812
七張,2026-01-13,15706.0,15787.627209362347
七張,2026-01-14,15843.0,16143.522988105622
七張,2026-01-15,15808.0,15787.35346068561
七張,2026-01-16,16813.0,16093.722032477663
七張,2026-01-17,12922.0,12608.247589701094
七張,2026-01-18,10800.0,10231.779218337993
七張,2026-01-19,14850.0,15266.19007371022
七張,2026-01-20,16025.0,15463.620415633137
七張,2026-01-21,15350.0,15859.798785226902
七張,2026-01-22,15454.0,15617.371209357214
七張,2026-01-23,16249.0,16571.594566011616
七張,2026-01-24,12474.0,12810.77503042921
七張,2026-01-25,10747.0,10328.32206634808
七張,2026-01-26,14795.0,14949.121089537855
七張,2026-01-27,15082.0,15541.747511171847
七張,2026-01-28,15037.0,15382.480100543129
七張,2026-01-29,15499.0,15378.04630658443
七張,2026-01-30,16160.0,16339.708874812648
七張,2026-01-31,12536.0,12590.149638936373
七張,2026-02-01,10321.0,10402.067153718874
七張,2026-02-02,14482.0,14732.370489553427
七張,2026-02-03,15234.0,15160.273384297658
七張,2026-02-04,15437.0,15369.474824235642
七張,2026-02-05,15661.0,15440.625600529906
七張,2026-02-06,15965.0,16258.305451788958
七張,2026-02-07,12648.0,12191.10964152007
七張,2026-02-08,10594.0,10553.840533932438
七張,2026-02-09,14645.0,14586.954986627745
七張,2026-02-10,15566.0,15028.567482621098
七張,2026-02-11,15396.0,15481.737935757461
七張,2026-02-12,15490.0,15500.055602844588
七張,2026-02-13,15186.0,16142.948436942694
七張,2026-02-14,10939.0,12236.387496008572
七張,2026-02-15,8784.0,9537.987965004073
七張,2026-02-16,6178.0,8632.753933044032
七張,2026-02-17,7939.0,6249.440594029642
七張,2026-02-18,8374.0,8353.340423653734
七張,2026-02-19,9138.0,8663.04144868204
七張,2026-02-20,9592.0,9162.29059830853
七張,2026-02-21,10901.0,9561.387246189264
七張,2026-02-22,9942.0,9882.87448197799
七張,2026-02-23,15117.0,13738.185308689519
七張,2026-02-24,15590.0,15420.731509546345
七張,2026-02-25,15960.0,15782.893696130943
七張,2026-02-26,16968.0,15804.373027250518
七張,2026-02-27,12185.0,10903.12875557218
七張,2026-02-28,12065.0,10560.068396319322
七張,2026-03-01,10157.0,9806.587516694743
七張,2026-03-02,15433.0,15120.896134520974
七張,2026-03-03,15462.0,15883.657228805976
七張,2026-03-04,16058.0,15916.157766747332
七張,2026-03-05,16245.0,16700.56906273962
七張,2026-03-06,17062.0,14034.739619413807
七張,2026-03-07,13242.0,12133.85838859381
七張,2026-03-08,11071.0,10317.27578111594
七張,2026-03-09,15626.0,15298.373439028315
七張,2026-03-10,15986.0,15773.788484589057
七張,2026-03-11,16408.0,15984.184379334567
七張,2026-03-12,15992.0,16408.262483470895
七張,2026-03-13,17209.0,16981.61510261879
七張,2026-03-14,13408.0,13111.556153152951
七張,2026-03-15,11528.0,10869.117218513236
七張,2026-03-16,15582.0,15650.725866511002
七張,2026-03-17,16038.0,15877.712215540587
七張,2026-03-18,16321.0,16422.484654917836
七張,2026-03-19,15855.0,16235.22547956021
七張,2026-03-20,17246.0,16808.427601773503
七張,2026-03-21,13484.0,13352.4718223854
七張,2026-03-22,11654.0,11192.851805240456
七張,2026-03-23,15497.0,15575.911196830915
七張,2026-03-24,15751.0,15911.842759510972
七張,2026-03-25,15912.0,16356.139310044811
七張,2026-03-26,16021.0,15876.19425377435
七張,2026-03-27,16737.0,16994.436245891382
七張,2026-03-28,12683.0,13053.904695678511
七張,2026-03-29,10266.0,10892.803203604199
七張,2026-03-30,15367.0,15333.805744503048
七張,2026-03-31,15800.0,15683.838694658842
七張,2026-04-01,15778.0,16011.714364074767
七張,2026-04-02,16883.0,15778.816078918622
七張,2026-04-03,11333.0,11367.742575908942
七張,2026-04-04,10033.0,11150.536068266687
七張,2026-04-05,10023.0,9319.536620646784
七張,2026-04-06,9263.0,8943.715143016812
七張,2026-04-07,15406.0,15431.465192123747
七張,2026-04-08,16011.0,15593.694218650504
七張,2026-04-09,16355.0,16187.250727309454
七張,2026-04-10,17656.0,16733.88850719188
七張,2026-04-11,12959.0,12033.194579251907
七張,2026-04-12,10830.0,10205.023544047683
七張,2026-04-13,15213.0,15064.118999672452
七張,2026-04-14,15600.0,15617.458694125302
七張,2026-04-15,15843.0,15756.194059474838
七張,2026-04-16,15777.0,16441.059080816518
七張,2026-04-17,16730.0,16894.42070693346
七張,2026-04-18,12729.0,12851.055946827406
七張,2026-04-19,11104.0,10705.619754408714
七張,2026-04-20,15203.0,14911.702005759109
七張,2026-04-21,15648.0,15522.616617887219
七張,2026-04-22,15932.0,15738.280022444107
七張,2026-04-23,15768.0,16041.482076869219
七張,2026-04-24,16433.0,16739.6441963298
七張,2026-04-25,12925.0,12764.489133882054
七張,2026-04-26,11443.0,10889.841811979917
七張,2026-04-27,15577.0,15223.617865541202
七張,2026-04-28,15839.0,15814.762675415346
七張,2026-04-29,15913.0,15766.466141235996
七張,2026-04-30,16934.0,15749.153442005543
七張,2026-05-01,12379.0,11470.36096244958
七張,2026-05-02,12111.0,10955.86634774315
七張,2026-05-03,10414.0,10665.262040212365
七張,2026-05-04,15716.0,15322.539790344188
七張,2026-05-05,15930.0,15692.470308316675
七張,2026-05-06,16277.0,15854.918355384798
七張,2026-05-07,16383.0,16317.071572566541
七張,2026-05-08,17035.0,16675.66190225244
七張,2026-05-09,12784.0,12827.474085349668
七張,2026-05-10,10664.0,10527.793907330872
七張,2026-05-11,15508.0,15596.474088293025
七張,2026-05-12,15923.0,15799.787930589366
七張,2026-05-13,15389.0,16039.869165277685
七張,2026-05-14,15572.0,16290.22866612855
七張,2026-05-15,16924.0,16577.426225679283
七張,2026-05-16,13319.0,12578.898052945298
七張,2026-05-17,11555.0,10609.41862330235
七張,2026-05-18,15184.0,15490.47687642013
七張,2026-05-19,15389.0,15705.339222807239
七張,2026-05-20,15784.0,15758.342670816128
七張,2026-05-21,15759.0,15928.246184159523
七張,2026-05-22,16597.0,16856.009284151693
七張,2026-05-23,14428.0,12881.578361602107
七張,2026-05-24,11153.0,11586.326788355871
七張,2026-05-25,14692.0,15204.230354876601
七張,2026-05-26,15630.0,15400.96025928565
七張,2026-05-27,15884.0,15755.57311778369
七張,2026-05-28,15567.0,15718.63081614784
七張,2026-05-29,16584.0,16571.46445619308
七張,2026-05-30,13300.0,13784.805687296517
七張,2026-05-31,10961.0,10982.369885537222
三和國中,2026-01-01,7826.0,10621.31155953922
三和國中,2026-01-02,14014.0,14394.37062407647
三和國中,2026-01-03,10085.0,10419.648375209754
三和國中,2026-01-04,8438.0,8278.573319504021
三和國中,2026-01-05,13876.0,13666.963829099333
三和國中,2026-01-06,13972.0,14178.963913882893
三和國中,2026-01-07,14040.0,14833.822382738119
三和國中,2026-01-08,14086.0,11982.855138902922
三和國中,2026-01-09,14825.0,14377.722998213436
三和國中,2026-01-10,10833.0,10780.283422539876
三和國中,2026-01-11,8669.0,8498.03088123049
三和國中,2026-01-12,13653.0,13807.726611187287
三和國中,2026-01-13,14028.0,13936.56773073957
三和國中,2026-01-14,13938.0,14206.66223777834
三和國中,2026-01-15,13780.0,14034.115175932422
三和國中,2026-01-16,14704.0,14424.55879364353
三和國中,2026-01-17,10676.0,10591.989674378734
三和國中,2026-01-18,8796.0,8495.758568219364
三和國中,2026-01-19,13548.0,13656.675477855712
三和國中,2026-01-20,14471.0,13857.61930175535
三和國中,2026-01-21,13877.0,13751.076892904422
三和國中,2026-01-22,13880.0,13974.930650411467
三和國中,2026-01-23,14887.0,14525.467125779667
三和國中,2026-01-24,11127.0,10722.822708729353
三和國中,2026-01-25,9315.0,8550.325068556993
三和國中,2026-01-26,13288.0,13629.913605013253
三和國中,2026-01-27,13752.0,13966.324938354175
三和國中,2026-01-28,13711.0,13822.695820528925
三和國中,2026-01-29,13985.0,13764.79529919454
三和國中,2026-01-30,14405.0,14492.084189240588
三和國中,2026-01-31,11164.0,10808.265845384432
三和國中,2026-02-01,9033.0,8983.320778664416
三和國中,2026-02-02,13236.0,13470.693323801179
三和國中,2026-02-03,13587.0,13903.557820342423
三和國中,2026-02-04,13955.0,13691.560073135743
三和國中,2026-02-05,13945.0,14026.407347441344
三和國中,2026-02-06,14379.0,14508.241601996255
三和國中,2026-02-07,11421.0,10954.37201216299
三和國中,2026-02-08,9261.0,9354.773820929455
三和國中,2026-02-09,13352.0,13183.693911972552
三和國中,2026-02-10,13616.0,13633.078051681332
三和國中,2026-02-11,13285.0,13725.502995276784
三和國中,2026-02-12,13554.0,13619.075618311696
三和國中,2026-02-13,13710.0,14183.836683010077
三和國中,2026-02-14,9138.0,11229.038610663481
三和國中,2026-02-15,7203.0,8629.012763884763
三和國中,2026-02-16,5221.0,6362.881166000389
三和國中,2026-02-17,7431.0,5977.506173570635
三和國中,2026-02-18,7951.0,6517.613820264304
三和國中,2026-02-19,8302.0,8290.413294913962
三和國中,2026-02-20,8691.0,8558.532129041712
三和國中,2026-02-21,9160.0,8595.828688012996
三和國中,2026-02-22,8004.0,7847.803465405069
三和國中,2026-02-23,13414.0,12247.527337293435
三和國中,2026-02-24,13761.0,13565.260511212748
三和國中,2026-02-25,14372.0,13816.552282711564
三和國中,2026-02-26,14585.0,14357.648277582024
三和國中,2026-02-27,10219.0,10782.489680537894
三和國中,2026-02-28,10024.0,9155.777044144012
三和國中,2026-03-01,8445.0,7948.841266742316
三和國中,2026-03-02,13802.0,12948.075006966352
三和國中,2026-03-03,14040.0,13632.406804205102
三和國中,2026-03-04,14564.0,14135.129979177413
三和國中,2026-03-05,14582.0,14441.721206187063
三和國中,2026-03-06,14964.0,13051.864173984586
三和國中,2026-03-07,11241.0,9880.232075697764
三和國中,2026-03-08,8983.0,8676.58628026839
三和國中,2026-03-09,13920.0,13797.60384295049
三和國中,2026-03-10,14472.0,14177.34332531039
三和國中,2026-03-11,14441.0,14502.700963969079
三和國中,2026-03-12,14467.0,14551.661874371832
三和國中,2026-03-13,14937.0,14987.384761362538
三和國中,2026-03-14,11639.0,10995.091192851494
三和國中,2026-03-15,9320.0,9325.470521642004
三和國中,2026-03-16,13947.0,13887.471342802895
三和國中,2026-03-17,14261.0,14360.653634555852
三和國中,2026-03-18,14383.0,14449.170601679642
三和國中,2026-03-19,14438.0,14565.134823151508
三和國中,2026-03-20,15157.0,14809.43828828401
三和國中,2026-03-21,11491.0,11318.99645540081
三和國中,2026-03-22,9430.0,9324.184377064543
三和國中,2026-03-23,13955.0,13831.371042918143
三和國中,2026-03-24,14347.0,14389.220487280041
三和國中,2026-03-25,14480.0,14499.410320250217
三和國中,2026-03-26,14474.0,14545.585554967898
三和國中,2026-03-27,15135.0,14839.688581431676
三和國中,2026-03-28,10661.0,11272.13431897215
三和國中,2026-03-29,8571.0,9319.29735916032
三和國中,2026-03-30,13879.0,13837.660885214782
三和國中,2026-03-31,14180.0,14257.079371330192
三和國中,2026-04-01,14373.0,14441.696147886145
三和國中,2026-04-02,14544.0,14481.60362747329
三和國中,2026-04-03,9934.0,9413.464940762446
三和國中,2026-04-04,8705.0,9294.674312924337
三和國中,2026-04-05,8356.0,7567.571602636876
三和國中,2026-04-06,8047.0,7886.421087354878
三和國中,2026-04-07,14073.0,13775.90889499607
三和國中,2026-04-08,14383.0,14211.552626259323
三和國中,2026-04-09,14518.0,14427.195146058993
三和國中,2026-04-10,14897.0,14891.762213891087
三和國中,2026-04-11,11607.0,10792.282810428684
三和國中,2026-04-12,9220.0,8780.60242121556
三和國中,2026-04-13,13756.0,13264.728705703234
三和國中,2026-04-14,14103.0,14005.177192914656
三和國中,2026-04-15,14045.0,14357.324320760661
三和國中,2026-04-16,14210.0,14430.404717570547
三和國中,2026-04-17,14675.0,14712.061698230962
三和國中,2026-04-18,10895.0,10652.40530250333
三和國中,2026-04-19,8744.0,8766.246480612475
三和國中,2026-04-20,13719.0,13484.327464165444
三和國中,2026-04-21,13948.0,13949.42264764045
三和國中,2026-04-22,14200.0,14219.959651639785
三和國中,2026-04-23,14062.0,14427.967981752834
三和國中,2026-04-24,14881.0,14608.115084131772
三和國中,2026-04-25,10868.0,10963.098364441657
三和國中,2026-04-26,9299.0,8916.155955846241
三和國中,2026-04-27,13984.0,13717.767811394488
三和國中,2026-04-28,14140.0,14019.717603553978
三和國中,2026-04-29,14302.0,14204.377519750493
三和國中,2026-04-30,15103.0,14252.662260848843
三和國中,2026-05-01,10530.0,9156.271614216523
三和國中,2026-05-02,10262.0,10237.587894708628
三和國中,2026-05-03,8850.0,8799.448066990759
三和國中,2026-05-04,14125.0,13723.238155769386
三和國中,2026-05-05,14664.0,14137.491981042438
三和國中,2026-05-06,14484.0,14403.825631050055
三和國中,2026-05-07,14570.0,14692.350582042644
三和國中,2026-05-08,14693.0,14834.06527091604
三和國中,2026-05-09,11030.0,10798.541632890252
三和國中,2026-05-10,8843.0,9114.859716038218
三和國中,2026-05-11,13862.0,13853.353529180633
三和國中,2026-05-12,14177.0,14262.956401455445
三和國中,2026-05-13,14316.0,14426.029496580757
三和國中,2026-05-14,14437.0,14652.905098189054
三和國中,2026-05-15,14984.0,14541.929671295615
三和國中,2026-05-16,11198.0,10929.217308864587
三和國中,2026-05-17,9753.0,8884.454066374386
三和國中,2026-05-18,13764.0,14038.750810953265
三和國中,2026-05-19,13995.0,14344.640612279154
三和國中,2026-05-20,14111.0,14387.664315946713
三和國中,2026-05-21,14174.0,14355.237036658187
三和國中,2026-05-22,14545.0,14650.250136131654
三和國中,2026-05-23,11704.0,10991.17434479631
三和國中,2026-05-24,9406.0,9593.608460910475
三和國中,2026-05-25,13866.0,13705.012557764672
三和國中,2026-05-26,14017.0,13994.634388113358
三和國中,2026-05-27,14109.0,14140.255775196096
三和國中,2026-05-28,14019.0,14240.911822704968
三和國中,2026-05-29,15012.0,14704.761603033385
三和國中,2026-05-30,11047.0,11239.685700347312
三和國中,2026-05-31,9211.0,9469.763873911981
三民高中,2026-01-01,6999.0,8039.169803490083
三民高中,2026-01-02,12450.0,12998.887381966444
三民高中,2026-01-03,8928.0,9410.098944495896
三民高中,2026-01-04,7394.0,7471.775636792135
三民高中,2026-01-05,12577.0,12234.806153230082
三民高中,2026-01-06,12681.0,12918.31472198798
三民高中,2026-01-07,12880.0,13346.32138565206
三民高中,2026-01-08,12860.0,11658.217621192216
三民高中,2026-01-09,13379.0,12901.474838502523
三民高中,2026-01-10,10172.0,9339.12249010658
三民高中,2026-01-11,8037.0,7779.806488820178
三民高中,2026-01-12,12330.0,12394.96094834277
三民高中,2026-01-13,12624.0,12663.740922016477
三民高中,2026-01-14,12944.0,12976.914302119323
三民高中,2026-01-15,13024.0,12878.603202922764
三民高中,2026-01-16,13278.0,13314.076898474073
三民高中,2026-01-17,10653.0,9929.559344172982
三民高中,2026-01-18,8655.0,8312.578301581745
三民高中,2026-01-19,12284.0,12378.335446637684
三民高中,2026-01-20,12884.0,12602.296092681283
三民高中,2026-01-21,12850.0,12962.361060447867
三民高中,2026-01-22,12885.0,12991.1478225358
三民高中,2026-01-23,13622.0,13312.204776337927
三民高中,2026-01-24,10067.0,10264.81924194188
三民高中,2026-01-25,8437.0,8125.539788401418
三民高中,2026-01-26,11870.0,12323.034386118785
三民高中,2026-01-27,12261.0,12513.169992151908
三民高中,2026-01-28,12205.0,12677.930411416715
三民高中,2026-01-29,12566.0,12740.74256397181
三民高中,2026-01-30,12926.0,13171.274994156473
三民高中,2026-01-31,10199.0,10097.630609920547
三民高中,2026-02-01,7742.0,8327.922060901357
三民高中,2026-02-02,11628.0,12059.781573121823
三民高中,2026-02-03,12180.0,12330.144592408413
三民高中,2026-02-04,12407.0,12405.097397242289
三民高中,2026-02-05,12614.0,12558.517359576266
三民高中,2026-02-06,13235.0,13079.489192070185
三民高中,2026-02-07,10376.0,10036.597921402676
三民高中,2026-02-08,8301.0,8188.0562758377255
三民高中,2026-02-09,11924.0,11734.01594218131
三民高中,2026-02-10,12393.0,12087.847615458684
三民高中,2026-02-11,12295.0,12282.399360818836
三民高中,2026-02-12,12520.0,12425.227395217851
三民高中,2026-02-13,12322.0,13080.343556227821
三民高中,2026-02-14,8597.0,9955.516276642547
三民高中,2026-02-15,6666.0,7460.626529003953
三民高中,2026-02-16,4436.0,5965.499895739118
三民高中,2026-02-17,7988.0,7152.202361698122
三民高中,2026-02-18,7874.0,7969.270062688945
三民高中,2026-02-19,8088.0,7856.3116732428825
三民高中,2026-02-20,8536.0,8111.24698650945
三民高中,2026-02-21,8857.0,7985.4754930962945
三民高中,2026-02-22,7637.0,7339.828645628469
三民高中,2026-02-23,12441.0,11399.065041920097
三民高中,2026-02-24,12958.0,12511.681418860273
三民高中,2026-02-25,13086.0,13053.286775970766
三民高中,2026-02-26,13623.0,13142.292645567935
三民高中,2026-02-27,9448.0,8219.185869084073
三民高中,2026-02-28,9313.0,8234.869586476809
三民高中,2026-03-01,7484.0,7190.131810252115
三民高中,2026-03-02,12706.0,11956.84504243741
三民高中,2026-03-03,12708.0,12805.835306971376
三民高中,2026-03-04,13023.0,12850.979083628314
三民高中,2026-03-05,13049.0,13313.979325744791
三民高中,2026-03-06,13830.0,11839.108585487527
三民高中,2026-03-07,10672.0,9348.112536046205
三民高中,2026-03-08,8190.0,8080.328498004276
三民高中,2026-03-09,12725.0,12445.988109492957
三民高中,2026-03-10,12934.0,12814.773055648433
三民高中,2026-03-11,13316.0,13055.087326410243
三民高中,2026-03-12,13348.0,13201.752438209618
三民高中,2026-03-13,13837.0,13716.373039669204
三民高中,2026-03-14,10579.0,10368.668158912167
三民高中,2026-03-15,8444.0,8381.562942263072
三民高中,2026-03-16,12710.0,12613.280540222822
三民高中,2026-03-17,13080.0,12869.741147768893
三民高中,2026-03-18,13165.0,13116.188189989209
三民高中,2026-03-19,13135.0,13183.086428235165
三民高中,2026-03-20,13713.0,13658.810753170013
三民高中,2026-03-21,10422.0,10417.576128718152
三民高中,2026-03-22,8189.0,8236.080233830167
三民高中,2026-03-23,12549.0,12459.683458145855
三民高中,2026-03-24,13044.0,12912.12957844144
三民高中,2026-03-25,13069.0,13096.774273033421
三民高中,2026-03-26,13054.0,13094.302383297885
三民高中,2026-03-27,13320.0,13676.009737671104
三民高中,2026-03-28,10151.0,10395.460307979874
三民高中,2026-03-29,7618.0,8212.223671898908
三民高中,2026-03-30,12703.0,12499.40517429003
三民高中,2026-03-31,12979.0,12969.571822752081
三民高中,2026-04-01,12935.0,13066.934364068122
三民高中,2026-04-02,13520.0,13033.172560847312
三民高中,2026-04-03,8476.0,8759.255016747169
三民高中,2026-04-04,7730.0,8384.795582981911
三民高中,2026-04-05,7687.0,6823.393319629664
三民高中,2026-04-06,7289.0,6945.285954354084
三民高中,2026-04-07,12587.0,12765.556430454633
三民高中,2026-04-08,13155.0,12982.449156302857
三民高中,2026-04-09,13100.0,13186.832329920315
三民高中,2026-04-10,13770.0,13338.744166050565
三民高中,2026-04-11,10087.0,9959.645134353126
三民高中,2026-04-12,8092.0,7901.325263293225
三民高中,2026-04-13,12549.0,12339.940632602438
三民高中,2026-04-14,12866.0,12715.35152555115
三民高中,2026-04-15,13149.0,13068.364664378687
三民高中,2026-04-16,12860.0,13142.29580630426
三民高中,2026-04-17,13741.0,13540.650069076008
三民高中,2026-04-18,10092.0,10079.763696388685
三民高中,2026-04-19,8247.0,8036.012901139233
三民高中,2026-04-20,12427.0,12450.182678519459
三民高中,2026-04-21,12843.0,12787.628935453593
三民高中,2026-04-22,12941.0,13080.918552899251
三民高中,2026-04-23,12697.0,13024.260713729289
三民高中,2026-04-24,13465.0,13545.052825966848
三民高中,2026-04-25,9995.0,10013.254621332051
三民高中,2026-04-26,8631.0,8123.19836203258
三民高中,2026-04-27,12507.0,12401.801386719606
三民高中,2026-04-28,12974.0,12687.273296263884
三民高中,2026-04-29,12976.0,13027.31121154656
三民高中,2026-04-30,13521.0,12883.806532707766
三民高中,2026-05-01,9663.0,9195.736946844185
三民高中,2026-05-02,9288.0,9440.717754626916
三民高中,2026-05-03,7686.0,7866.39122836583
三民高中,2026-05-04,12618.0,12295.476611031976
三民高中,2026-05-05,12873.0,12844.43477525253
三民高中,2026-05-06,13372.0,12922.52089181447
三民高中,2026-05-07,13136.0,13297.974076784063
三民高中,2026-05-08,13770.0,13544.44897425184
三民高中,2026-05-09,9909.0,9798.9297910148
三民高中,2026-05-10,7822.0,8045.375984746978
三民高中,2026-05-11,12660.0,12363.395835133042
三民高中,2026-05-12,12892.0,12927.73084373027
三民高中,2026-05-13,12843.0,13121.659650200709
三民高中,2026-05-14,12595.0,13137.905057706957
三民高中,2026-05-15,13804.0,13310.370519571446
三民高中,2026-05-16,10487.0,9604.213582255705
三民高中,2026-05-17,8899.0,8122.5573365861455
三民高中,2026-05-18,12377.0,12534.479972089086
三民高中,2026-05-19,12695.0,12746.50994658586
三民高中,2026-05-20,13059.0,12899.53217296343
三民高中,2026-05-21,12582.0,12926.585688179443
三民高中,2026-05-22,13305.0,13481.752107599374
三民高中,2026-05-23,10556.0,10260.969965318482
三民高中,2026-05-24,8148.0,8633.452016590652
三民高中,2026-05-25,12366.0,12425.171303227275
三民高中,2026-05-26,12751.0,12642.524020530976
三民高中,2026-05-27,12775.0,12874.88838043329
三民高中,2026-05-28,12803.0,12554.449159634876
三民高中,2026-05-29,13289.0,13424.961616414896
三民高中,2026-05-30,10554.0,10359.576504393484
三民高中,2026-05-31,7851.0,8510.211286267262
三重,2026-01-01,7056.0,6734.097881000365
三重,2026-01-02,10047.0,10401.566411347618
三重,2026-01-03,10485.0,8546.42674714215
三重,2026-01-04,7772.0,8609.791922662604
三重,2026-01-05,9924.0,10103.567667286932
三重,2026-01-06,10009.0,10363.908985982158
三重,2026-01-07,10025.0,10660.066732542837
三重,2026-01-08,9740.0,9378.476724391161
三重,2026-01-09,10461.0,10024.566965616252
三重,2026-01-10,8912.0,9292.467206627074
三重,2026-01-11,7983.0,7585.554021899674
三重,2026-01-12,9702.0,9827.212097841426
三重,2026-01-13,9887.0,9973.382599870862
三重,2026-01-14,9932.0,9873.332476172114
三重,2026-01-15,9855.0,9840.913454975886
三重,2026-01-16,10476.0,10134.327924004376
三重,2026-01-17,8960.0,9247.70594768321
三重,2026-01-18,7896.0,7643.645101194431
三重,2026-01-19,9670.0,9723.449188729997
三重,2026-01-20,10103.0,9903.237669157035
三重,2026-01-21,9626.0,10113.59348825951
三重,2026-01-22,9683.0,9836.357698776115
三重,2026-01-23,10683.0,10252.726213588861
三重,2026-01-24,8870.0,8828.763645463205
三重,2026-01-25,7997.0,7603.3897115338395
三重,2026-01-26,9634.0,9731.341132095975
三重,2026-01-27,10019.0,9907.18049242996
三重,2026-01-28,9744.0,9891.661396704116
三重,2026-01-29,10072.0,9802.763564502631
三重,2026-01-30,10876.0,10520.096699269985
三重,2026-01-31,8268.0,8850.72499477593
三重,2026-02-01,6745.0,7461.32457244689
三重,2026-02-02,9429.0,9696.16174125778
三重,2026-02-03,10173.0,9891.50917685371
三重,2026-02-04,10433.0,10021.69843344941
三重,2026-02-05,10487.0,10283.392177037404
三重,2026-02-06,10647.0,10779.131467153833
三重,2026-02-07,8789.0,8489.543016071726
三重,2026-02-08,7044.0,7241.613850304453
三重,2026-02-09,9623.0,9523.598299228002
三重,2026-02-10,10331.0,9989.098113276186
三重,2026-02-11,10126.0,10188.283991658664
三重,2026-02-12,10209.0,10176.1113977489
三重,2026-02-13,10139.0,10696.597922664834
三重,2026-02-14,8092.0,8624.530453515981
三重,2026-02-15,6754.0,6684.505534424185
三重,2026-02-16,4564.0,6274.814795794205
三重,2026-02-17,6351.0,4074.5174471060536
三重,2026-02-18,6984.0,5887.812535351461
三重,2026-02-19,8751.0,6558.752222097621
三重,2026-02-20,11785.0,6776.926302890193
三重,2026-02-21,16085.0,8437.473332591153
三重,2026-02-22,14676.0,8435.563833403463
三重,2026-02-23,12987.0,9719.31264441443
三重,2026-02-24,14753.0,10814.207124235241
三重,2026-02-25,12391.0,10958.299739286314
三重,2026-02-26,14705.0,10962.931376287384
三重,2026-02-27,18131.0,8090.760538356925
三重,2026-02-28,22069.0,10654.060327875177
三重,2026-03-01,16021.0,11873.52824997062
三重,2026-03-02,12682.0,15931.323740283075
三重,2026-03-03,11628.0,13721.309053138304
三重,2026-03-04,11226.0,13088.399392852756
三重,2026-03-05,12234.0,13271.561640243197
三重,2026-03-06,13614.0,13863.43276482474
三重,2026-03-07,21360.0,14171.665080588833
三重,2026-03-08,16296.0,15483.625485129127
三重,2026-03-09,10115.0,13050.62411293036
三重,2026-03-10,10400.0,10559.475415591483
三重,2026-03-11,10652.0,10907.28067223179
三重,2026-03-12,10618.0,11306.898820050856
三重,2026-03-13,11073.0,10770.669350561098
三重,2026-03-14,9929.0,14791.836621048622
三重,2026-03-15,8497.0,12651.676998876015
三重,2026-03-16,10084.0,10119.899061174961
三重,2026-03-17,10401.0,10190.382115401566
三重,2026-03-18,10500.0,10692.65416396714
三重,2026-03-19,10655.0,10911.726099309457
三重,2026-03-20,11260.0,10685.349674736473
三重,2026-03-21,11688.0,10970.421756482234
三重,2026-03-22,11707.0,9604.805133478181
三重,2026-03-23,10187.0,10722.315760487856
三重,2026-03-24,10306.0,10463.151653166218
三重,2026-03-25,10414.0,10751.734794833908
三重,2026-03-26,10385.0,10789.485462685561
三重,2026-03-27,10857.0,10962.913926948926
三重,2026-03-28,10962.0,10902.523991330561
三重,2026-03-29,7497.0,9585.815071161996
三重,2026-03-30,10057.0,9679.580689289673
三重,2026-03-31,10257.0,10303.37798913706
三重,2026-04-01,10176.0,10325.92974575771
三重,2026-04-02,10348.0,10231.059763068799
三重,2026-04-03,7459.0,7706.4581652356355
三重,2026-04-04,6746.0,8343.253894594824
三重,2026-04-05,7490.0,7267.285268522072
三重,2026-04-06,6156.0,6661.902864542579
三重,2026-04-07,9711.0,9876.071613102964
三重,2026-04-08,10118.0,9894.468055077552
三重,2026-04-09,10440.0,10193.67836989222
三重,2026-04-10,10966.0,10412.622047872615
三重,2026-04-11,8954.0,7535.5898253071
三重,2026-04-12,8175.0,7423.02778923725
三重,2026-04-13,10076.0,9576.004215992887
三重,2026-04-14,10084.0,10191.48748712166
三重,2026-04-15,10401.0,10175.996222867336
三重,2026-04-16,10261.0,10385.702312422027
三重,2026-04-17,10762.0,10811.539337448346
三重,2026-04-18,8647.0,8438.866813352763
三重,2026-04-19,8445.0,7331.609814171392
三重,2026-04-20,9673.0,9851.602552938848
三重,2026-04-21,10138.0,9874.660302006547
三重,2026-04-22,10513.0,10215.953911151972
三重,2026-04-23,10197.0,10476.927751587711
三重,2026-04-24,10747.0,10749.032078065758
三重,2026-04-25,8030.0,8756.145495600007
三重,2026-04-26,8996.0,7149.879355969338
三重,2026-04-27,10157.0,9800.735627642753
三重,2026-04-28,10528.0,10173.692178129602
三重,2026-04-29,10343.0,10566.908235018009
三重,2026-04-30,10723.0,10297.747208571349
三重,2026-05-01,8765.0,6935.416246603344
三重,2026-05-02,8883.0,7619.538546921218
三重,2026-05-03,7378.0,8207.388984700265
三重,2026-05-04,10292.0,9759.788105721345
三重,2026-05-05,10188.0,10448.463695982844
三重,2026-05-06,10536.0,10311.661601848318
三重,2026-05-07,10605.0,10535.234985222733
三重,2026-05-08,10569.0,10585.500049462285
三重,2026-05-09,10306.0,8543.744069471108
三重,2026-05-10,7398.0,8111.586809519481
三重,2026-05-11,10104.0,10092.724387847395
三重,2026-05-12,10269.0,10302.132276114136
三重,2026-05-13,10118.0,10401.462011833117
三重,2026-05-14,10195.0,10488.883665531957
三重,2026-05-15,11388.0,10381.857943153354
三重,2026-05-16,10799.0,9489.443438210925
三重,2026-05-17,8499.0,8538.844517280382
三重,2026-05-18,9989.0,10013.194308541804
三重,2026-05-19,10199.0,10227.277561682533
三重,2026-05-20,10392.0,10252.148700264064
三重,2026-05-21,10186.0,10246.514155887398
三重,2026-05-22,10726.0,11000.112785721
三重,2026-05-23,9755.0,10298.111200115427
三重,2026-05-24,7702.0,7714.266548299228
三重,2026-05-25,9897.0,9870.613717676802
三重,2026-05-26,10199.0,10225.936445755078
三重,2026-05-27,10065.0,10265.904638767332
三重,2026-05-28,10064.0,10195.552078750969
三重,2026-05-29,10811.0,10520.363975174892
三重,2026-05-30,8951.0,9955.62799691404
三重,2026-05-31,7568.0,7498.2607009975345
三重國小,2026-01-01,8128.0,8156.689658422184
三重國小,2026-01-02,12452.0,13014.224802186749
三重國小,2026-01-03,10105.0,10373.730370764213
三重國小,2026-01-04,8397.0,8229.141411641154
三重國小,2026-01-05,12100.0,12207.309539167363
三重國小,2026-01-06,12445.0,12560.872095684552
三重國小,2026-01-07,12618.0,13193.741952496277
三重國小,2026-01-08,12474.0,11572.09444472319
三重國小,2026-01-09,13364.0,12827.435929675277
三重國小,2026-01-10,11059.0,10338.279186996115
三重國小,2026-01-11,8771.0,8528.012402312525
三重國小,2026-01-12,12124.0,12270.583898630164
三重國小,2026-01-13,12577.0,12470.605977949523
三重國小,2026-01-14,12599.0,13039.38124853063
三重國小,2026-01-15,12631.0,12620.442023558682
三重國小,2026-01-16,13191.0,13157.561990722183
三重國小,2026-01-17,11172.0,10373.997743334203
三重國小,2026-01-18,8826.0,8549.477536856666
三重國小,2026-01-19,12049.0,12165.37360266089
三重國小,2026-01-20,12611.0,12449.767982803902
三重國小,2026-01-21,12522.0,12722.313525997424
三重國小,2026-01-22,12351.0,12637.430843894004
三重國小,2026-01-23,13645.0,13037.084349018576
三重國小,2026-01-24,11372.0,10667.818105474411
三重國小,2026-01-25,9359.0,8728.950520370277
三重國小,2026-01-26,12265.0,12137.131904095566
三重國小,2026-01-27,12623.0,12501.160058082398
三重國小,2026-01-28,12643.0,12652.752983869213
三重國小,2026-01-29,12873.0,12647.730062113567
三重國小,2026-01-30,13565.0,13443.950136823903
三重國小,2026-01-31,11107.0,10951.286743345867
三重國小,2026-02-01,8899.0,8914.083387672208
三重國小,2026-02-02,12075.0,12165.348882185168
三重國小,2026-02-03,12457.0,12460.883057617593
三重國小,2026-02-04,13003.0,12691.837863624605
三重國小,2026-02-05,12963.0,12919.83601896228
三重國小,2026-02-06,13676.0,13659.29307124765
三重國小,2026-02-07,11573.0,10818.24680327887
三重國小,2026-02-08,9466.0,9102.224945764961
三重國小,2026-02-09,12169.0,12148.709949389808
三重國小,2026-02-10,12976.0,12463.26752695945
三重國小,2026-02-11,12695.0,12968.528923058411
三重國小,2026-02-12,12926.0,12788.043947820423
三重國小,2026-02-13,13029.0,13665.55498973793
三重國小,2026-02-14,9688.0,11384.974510456863
三重國小,2026-02-15,7626.0,8790.63817263629
三重國小,2026-02-16,5733.0,6640.215394206082
三重國小,2026-02-17,7546.0,5534.622612919611
三重國小,2026-02-18,8340.0,6421.6520065794175
三重國小,2026-02-19,8375.0,8148.677996257559
三重國小,2026-02-20,8842.0,8295.769201096937
三重國小,2026-02-21,9475.0,8567.660493215342
三重國小,2026-02-22,8391.0,8368.25102136072
三重國小,2026-02-23,11998.0,11605.603380468734
三重國小,2026-02-24,12271.0,12384.908167278583
三重國小,2026-02-25,13277.0,12345.733054255033
三重國小,2026-02-26,13322.0,13223.681855964673
三重國小,2026-02-27,10439.0,8464.477509005425
三重國小,2026-02-28,10126.0,8974.25959631197
三重國小,2026-03-01,8441.0,8132.423035514818
三重國小,2026-03-02,12448.0,11890.332241836346
三重國小,2026-03-03,12519.0,12497.457451844613
三重國小,2026-03-04,12810.0,12867.372614069625
三重國小,2026-03-05,13130.0,13035.045058861819
三重國小,2026-03-06,13587.0,12103.299084653692
三重國小,2026-03-07,11206.0,9910.280146414187
三重國小,2026-03-08,8936.0,8583.784828773187
三重國小,2026-03-09,12253.0,12299.79787539742
三重國小,2026-03-10,13164.0,12452.693480390211
三重國小,2026-03-11,13073.0,12935.81422784496
三重國小,2026-03-12,12910.0,13091.273172868909
三重國小,2026-03-13,13616.0,13525.714316243068
三重國小,2026-03-14,11366.0,10777.886934116574
三重國小,2026-03-15,9584.0,8847.624214986123
三重國小,2026-03-16,12495.0,12407.06204362465
三重國小,2026-03-17,12872.0,12851.738451554713
三重國小,2026-03-18,12989.0,12988.90727779399
三重國小,2026-03-19,12877.0,12996.800463987547
三重國小,2026-03-20,13707.0,13647.529728812864
三重國小,2026-03-21,11637.0,11153.780807976935
三重國小,2026-03-22,9616.0,9529.91487711026
三重國小,2026-03-23,12382.0,12375.159869170197
三重國小,2026-03-24,12719.0,12859.784394731932
三重國小,2026-03-25,12889.0,12940.169967478296
三重國小,2026-03-26,12762.0,12877.950598387391
三重國小,2026-03-27,13700.0,13549.663993646385
三重國小,2026-03-28,11131.0,11536.016831744699
三重國小,2026-03-29,8747.0,9768.687089588515
三重國小,2026-03-30,12258.0,12402.68353677315
三重國小,2026-03-31,12497.0,12674.860411288197
三重國小,2026-04-01,12787.0,12792.435614640855
三重國小,2026-04-02,13067.0,12890.498761123075
三重國小,2026-04-03,9825.0,8928.080623729857
三重國小,2026-04-04,8877.0,9809.039030693759
三重國小,2026-04-05,8577.0,8289.970419224564
三重國小,2026-04-06,7915.0,7763.741344875718
三重國小,2026-04-07,12245.0,12328.574243913217
三重國小,2026-04-08,12782.0,12645.874074456311
三重國小,2026-04-09,12771.0,12864.668128529323
三重國小,2026-04-10,13619.0,13408.536907391088
三重國小,2026-04-11,10855.0,10277.428599732513
三重國小,2026-04-12,9042.0,8818.595093510086
三重國小,2026-04-13,12234.0,11919.128421529911
三重國小,2026-04-14,12467.0,12444.678523448269
三重國小,2026-04-15,12601.0,12664.820846410898
三重國小,2026-04-16,12566.0,12881.344530618702
三重國小,2026-04-17,13248.0,13357.088654372099
三重國小,2026-04-18,10813.0,10407.366534652654
三重國小,2026-04-19,8883.0,8815.85202690062
三重國小,2026-04-20,12160.0,12197.866894463661
三重國小,2026-04-21,12483.0,12348.228122717832
三重國小,2026-04-22,12684.0,12663.382066635875
三重國小,2026-04-23,12593.0,12675.63284587991
三重國小,2026-04-24,13548.0,13250.198073980739
三重國小,2026-04-25,10654.0,10484.966593231002
三重國小,2026-04-26,9331.0,8757.57610877389
三重國小,2026-04-27,12497.0,12205.759411829733
三重國小,2026-04-28,12703.0,12589.418493213512
三重國小,2026-04-29,12756.0,12753.798318968886
三重國小,2026-04-30,13609.0,12669.533156296598
三重國小,2026-05-01,10554.0,9478.791755618646
三重國小,2026-05-02,10184.0,10313.33598727808
三重國小,2026-05-03,8545.0,8736.780822322688
三重國小,2026-05-04,12469.0,12237.148423659944
三重國小,2026-05-05,12912.0,12695.460054205016
三重國小,2026-05-06,13079.0,12927.370623542063
三重國小,2026-05-07,12862.0,13158.911875772787
三重國小,2026-05-08,13400.0,13344.619834749943
三重國小,2026-05-09,10827.0,10382.050707123586
三重國小,2026-05-10,8915.0,9107.070809959503
三重國小,2026-05-11,12168.0,12492.414850098925
三重國小,2026-05-12,12369.0,12596.644628476362
三重國小,2026-05-13,12467.0,12685.607800915976
三重國小,2026-05-14,12787.0,12897.774724009148
三重國小,2026-05-15,13391.0,13190.99951449449
三重國小,2026-05-16,11111.0,10720.879162647094
三重國小,2026-05-17,9372.0,8785.676978387895
三重國小,2026-05-18,12186.0,12250.484241139482
三重國小,2026-05-19,12437.0,12481.133126860614
三重國小,2026-05-20,12609.0,12548.669565758348
三重國小,2026-05-21,12485.0,12899.37946646045
三重國小,2026-05-22,13307.0,13244.947969553596
三重國小,2026-05-23,11063.0,10740.49157516007
三重國小,2026-05-24,9000.0,9174.137763030587
三重國小,2026-05-25,12101.0,12157.936316806332
三重國小,2026-05-26,12519.0,12374.576853378407
三重國小,2026-05-27,12652.0,12678.424578278058
三重國小,2026-05-28,12646.0,12598.087400865013
三重國小,2026-05-29,13388.0,13194.878401189502
三重國小,2026-05-30,11156.0,10628.903594857757
三重國小,2026-05-31,8735.0,9179.897156054962
中原,2026-01-01,591.0,1379.6379367843494
中原,2026-01-02,1793.0,1880.5898709948167
中原,2026-01-03,718.0,796.2315035171943
中原,2026-01-04,567.0,608.7048594545857
中原,2026-01-05,2014.0,1869.5382576011966
中原,2026-01-06,1964.0,1976.9718186845832
中原,2026-01-07,2007.0,1877.1861237572348
中原,2026-01-08,1916.0,1040.4707473427989
中原,2026-01-09,2096.0,1900.871220022367
中原,2026-01-10,785.0,806.7896587119595
中原,2026-01-11,610.0,634.4064904613356
中原,2026-01-12,1925.0,1937.6809608681065
中原,2026-01-13,1981.0,1974.2239197351935
中原,2026-01-14,2001.0,1970.994656655708
中原,2026-01-15,1975.0,1980.2562034995738
中原,2026-01-16,2116.0,1967.4816516851179
中原,2026-01-17,733.0,835.972656795289
中原,2026-01-18,623.0,638.8329386789394
中原,2026-01-19,2048.0,1926.4213678187698
中原,2026-01-20,2050.0,2028.1468532262231
中原,2026-01-21,2045.0,2001.5427631655568
中原,2026-01-22,2070.0,2022.7566261398563
中原,2026-01-23,2110.0,2060.788993353023
中原,2026-01-24,765.0,801.1217142726556
中原,2026-01-25,724.0,637.164663428634
中原,2026-01-26,1963.0,1931.3860686304424
中原,2026-01-27,2069.0,2029.3475483004838
中原,2026-01-28,2030.0,2042.4793258040265
中原,2026-01-29,1973.0,2026.845040743499
中原,2026-01-30,2162.0,2040.573173918201
中原,2026-01-31,821.0,831.2626847431042
中原,2026-02-01,658.0,712.8701297463435
中原,2026-02-02,2020.0,1935.3588556384132
中原,2026-02-03,1977.0,2022.542165482192
中原,2026-02-04,2038.0,1995.9222800953783
中原,2026-02-05,2037.0,2015.4594704660801
中原,2026-02-06,2094.0,2050.645673406659
中原,2026-02-07,803.0,893.0655074008238
中原,2026-02-08,609.0,641.0877098650259
中原,2026-02-09,1926.0,1937.944257377969
中原,2026-02-10,1966.0,1973.0072550170435
中原,2026-02-11,1956.0,2014.835116463703
中原,2026-02-12,1998.0,2005.7395033572095
中原,2026-02-13,1819.0,2009.3547750537498
中原,2026-02-14,579.0,798.1382033054095
中原,2026-02-15,431.0,512.8294077919984
中原,2026-02-16,293.0,311.23572555521855
中原,2026-02-17,467.0,229.22316599976386
中原,2026-02-18,431.0,415.3236687592596
中原,2026-02-19,496.0,294.8700044133
中原,2026-02-20,569.0,486.95689902591124
中原,2026-02-21,634.0,600.395380545939
中原,2026-02-22,626.0,550.6199156647156
中原,2026-02-23,1879.0,1446.0712716156393
中原,2026-02-24,1975.0,1945.0607237845143
中原,2026-02-25,2048.0,1967.4632183011634
中原,2026-02-26,1996.0,2000.6393221411372
中原,2026-02-27,727.0,1284.7310748469945
中原,2026-02-28,739.0,636.3475022665672
中原,2026-03-01,602.0,630.1640698246115
中原,2026-03-02,1943.0,1747.9695236201708
中原,2026-03-03,1969.0,1974.8402556958574
中原,2026-03-04,2014.0,2009.8136472585154
中原,2026-03-05,2066.0,2021.055095021451
中原,2026-03-06,2093.0,951.8282229572259
中原,2026-03-07,897.0,740.8561092645316
中原,2026-03-08,766.0,663.6994501021852
中原,2026-03-09,1970.0,1904.2425558739078
中原,2026-03-10,2098.0,1997.8620681244147
中原,2026-03-11,2053.0,2040.0589709955786
中原,2026-03-12,2028.0,2033.145570429227
中原,2026-03-13,1962.0,2127.271070109086
中原,2026-03-14,911.0,884.7856387204846
中原,2026-03-15,696.0,706.7662630123145
中原,2026-03-16,1976.0,1933.150197029049
中原,2026-03-17,2045.0,1972.7129469369927
中原,2026-03-18,1985.0,2002.5969002848003
中原,2026-03-19,1997.0,2009.4166157088669
中原,2026-03-20,1997.0,2010.804404179269
中原,2026-03-21,883.0,956.2507356273901
中原,2026-03-22,731.0,737.5103674921561
中原,2026-03-23,1977.0,1947.5258024470504
中原,2026-03-24,2002.0,2001.1361772170173
中原,2026-03-25,2027.0,2010.9206232639895
中原,2026-03-26,2055.0,2046.8059273613078
中原,2026-03-27,2063.0,2041.9040305077478
中原,2026-03-28,794.0,889.204893384393
中原,2026-03-29,656.0,719.4823153976943
中原,2026-03-30,1911.0,1944.0804570976832
中原,2026-03-31,2049.0,1942.9028091284788
中原,2026-04-01,2071.0,2013.639843489601
中原,2026-04-02,1967.0,2029.5465111170795
中原,2026-04-03,657.0,1013.3898811064664
中原,2026-04-04,585.0,692.203453641946
中原,2026-04-05,584.0,522.6769463903685
中原,2026-04-06,516.0,542.066794315334
中原,2026-04-07,2017.0,1677.0023386146388
中原,2026-04-08,2075.0,1895.2983032790362
中原,2026-04-09,2031.0,1830.3958178246053
中原,2026-04-10,2093.0,1989.4634431294103
中原,2026-04-11,811.0,749.3912385941944
中原,2026-04-12,681.0,631.7259407279593
中原,2026-04-13,1961.0,1641.9126457198633
中原,2026-04-14,2059.0,1991.9455245688398
中原,2026-04-15,2037.0,2042.2977953578497
中原,2026-04-16,2083.0,2019.2736951656732
中原,2026-04-17,2027.0,2219.666314872221
中原,2026-04-18,766.0,830.3363780912358
中原,2026-04-19,694.0,638.2183807223192
中原,2026-04-20,1958.0,1892.8009316850294
中原,2026-04-21,2038.0,1994.9315902293586
中原,2026-04-22,2018.0,2009.3817714172078
中原,2026-04-23,2179.0,2008.6440300938173
中原,2026-04-24,2142.0,2103.9057278615355
中原,2026-04-25,826.0,807.5677414353079
中原,2026-04-26,684.0,690.961977696796
中原,2026-04-27,1980.0,1945.6195225444917
中原,2026-04-28,1947.0,2015.4370427727163
中原,2026-04-29,1979.0,1987.0660534996045
中原,2026-04-30,2064.0,2002.9131772843182
中原,2026-05-01,710.0,1222.2657365986404
中原,2026-05-02,742.0,717.7823543394026
中原,2026-05-03,643.0,626.8946621138289
中原,2026-05-04,2061.0,1866.6032038113044
中原,2026-05-05,2186.0,1974.94334365063
中原,2026-05-06,2046.0,2035.2462602539513
中原,2026-05-07,2055.0,1973.3279765177626
中原,2026-05-08,2069.0,2068.000949808605
中原,2026-05-09,801.0,793.7696740250492
中原,2026-05-10,641.0,627.8117362678167
中原,2026-05-11,1952.0,1888.3026279809505
中原,2026-05-12,2100.0,1982.9383726644612
中原,2026-05-13,2149.0,2046.497133185987
中原,2026-05-14,2039.0,2059.801923233628
中原,2026-05-15,2078.0,2111.782255951021
中原,2026-05-16,836.0,848.9768901459595
中原,2026-05-17,696.0,671.7240868510576
中原,2026-05-18,1930.0,1928.5886283694956
中原,2026-05-19,1973.0,1997.0530667555265
中原,2026-05-20,2006.0,1998.4605707794692
中原,2026-05-21,1998.0,2010.9530993805668
中原,2026-05-22,1971.0,2029.6974005634888
中原,2026-05-23,781.0,832.1054141283553
中原,2026-05-24,618.0,669.4841194096584
中原,2026-05-25,1888.0,1926.1655611423314
中原,2026-05-26,1957.0,1956.0968554408564
中原,2026-05-27,1994.0,1975.767629265242
中原,2026-05-28,1955.0,2002.555304486906
中原,2026-05-29,2104.0,1942.3481334422959
中原,2026-05-30,802.0,789.460547025415
中原,2026-05-31,650.0,629.0135952699256
中和,2026-01-01,1802.0,2219.9844084705846
中和,2026-01-02,2741.0,2672.0069112137858
中和,2026-01-03,2107.0,2214.6480077465676
中和,2026-01-04,1765.0,1710.8727252943413
中和,2026-01-05,2477.0,2596.7852478866143
中和,2026-01-06,2499.0,2623.0811282843956
中和,2026-01-07,2575.0,3358.3698845968847
中和,2026-01-08,2509.0,2007.453647142889
中和,2026-01-09,2629.0,2686.025464719075
中和,2026-01-10,2373.0,2099.546652721877
中和,2026-01-11,1775.0,1867.5523361118728
中和,2026-01-12,2419.0,2384.337595939649
中和,2026-01-13,2468.0,2510.6164355181436
中和,2026-01-14,2515.0,2818.8986500174674
中和,2026-01-15,2590.0,2439.897104906461
中和,2026-01-16,2696.0,2644.7437727069546
中和,2026-01-17,2265.0,2255.902631868045
中和,2026-01-18,1876.0,1751.385651294769
中和,2026-01-19,2621.0,2278.2190162006314
中和,2026-01-20,2646.0,2449.128799507396
中和,2026-01-21,2485.0,2627.156396949998
中和,2026-01-22,2617.0,2535.1582144170043
中和,2026-01-23,2811.0,2693.1935165665545
中和,2026-01-24,2399.0,2301.884977513226
中和,2026-01-25,1852.0,1849.0819573338304
中和,2026-01-26,2501.0,2519.811526880969
中和,2026-01-27,2593.0,2527.5173974311565
中和,2026-01-28,2511.0,2468.13079516589
中和,2026-01-29,2672.0,2593.286060339957
中和,2026-01-30,2666.0,2746.082763112376
中和,2026-01-31,2341.0,2306.340319626509
中和,2026-02-01,1915.0,1890.8264852878895
中和,2026-02-02,2495.0,2495.920885850718
中和,2026-02-03,2495.0,2569.6390742320104
中和,2026-02-04,2586.0,2506.2858832920474
中和,2026-02-05,2688.0,2654.1962896794466
中和,2026-02-06,2768.0,2742.64714753205
中和,2026-02-07,2463.0,2288.8233324177395
中和,2026-02-08,1923.0,1881.0824958278165
中和,2026-02-09,2589.0,2366.295862795214
中和,2026-02-10,2623.0,2610.346288817432
中和,2026-02-11,2710.0,2560.00742964035
中和,2026-02-12,2686.0,2671.4228357660286
中和,2026-02-13,2534.0,2790.628273913938
中和,2026-02-14,1902.0,2371.069920317713
中和,2026-02-15,1507.0,1702.7696643521172
中和,2026-02-16,1222.0,1592.3797890193307
中和,2026-02-17,1441.0,1354.3642656026173
中和,2026-02-18,1665.0,1331.815793376171
中和,2026-02-19,1762.0,1602.4890794344974
中和,2026-02-20,1712.0,1697.4791629378258
中和,2026-02-21,2036.0,2070.0126394714966
中和,2026-02-22,1788.0,1739.600965030092
中和,2026-02-23,2507.0,2458.706137582418
中和,2026-02-24,2537.0,2597.294312526483
中和,2026-02-25,2701.0,2545.9012532160104
中和,2026-02-26,2795.0,2633.893867230784
中和,2026-02-27,2189.0,1618.8116674651606
中和,2026-02-28,2228.0,2003.3960523540077
中和,2026-03-01,1777.0,1704.3327901156583
中和,2026-03-02,2569.0,2466.595407053731
中和,2026-03-03,2617.0,2522.361707527695
中和,2026-03-04,2675.0,2637.511884500904
中和,2026-03-05,2801.0,2707.9227251241477
中和,2026-03-06,2909.0,2216.6905526942824
中和,2026-03-07,2376.0,2184.6554462306703
中和,2026-03-08,1910.0,1796.24012317782
中和,2026-03-09,2621.0,2487.1408308927184
中和,2026-03-10,2725.0,2629.962740438423
中和,2026-03-11,2751.0,2662.2495109627503
中和,2026-03-12,2739.0,2756.7564424890984
中和,2026-03-13,2834.0,2740.833919427637
中和,2026-03-14,2481.0,2377.741046747555
中和,2026-03-15,1940.0,1841.6777193152702
中和,2026-03-16,2596.0,2598.510997841324
中和,2026-03-17,2615.0,2681.060820963166
中和,2026-03-18,2686.0,2686.3259635431205
中和,2026-03-19,2670.0,2770.9765259915957
中和,2026-03-20,2775.0,2733.6738127773206
中和,2026-03-21,2494.0,2408.69846970025
中和,2026-03-22,2016.0,1995.7848883317113
中和,2026-03-23,2600.0,2564.3797434873054
中和,2026-03-24,2661.0,2621.384244451699
中和,2026-03-25,2699.0,2676.3161197129593
中和,2026-03-26,2664.0,2663.351630287411
中和,2026-03-27,2925.0,2776.3347151892654
中和,2026-03-28,2362.0,2509.8292496100535
中和,2026-03-29,1924.0,1982.6874520225508
中和,2026-03-30,2582.0,2572.6137582889505
中和,2026-03-31,2734.0,2631.0912209049698
中和,2026-04-01,2631.0,2652.04376768805
中和,2026-04-02,2723.0,2661.3626334981673
中和,2026-04-03,2033.0,1972.7247344194473
中和,2026-04-04,1979.0,2094.5741887721856
中和,2026-04-05,1838.0,1793.3311092059253
中和,2026-04-06,1642.0,1763.5460242444171
中和,2026-04-07,2641.0,2538.3697635453336
中和,2026-04-08,2681.0,2609.836564257366
中和,2026-04-09,2729.0,2718.1560077253916
中和,2026-04-10,2803.0,2743.9465532378413
中和,2026-04-11,2435.0,2174.836435965379
中和,2026-04-12,1930.0,1906.9845143358816
中和,2026-04-13,2650.0,2498.6589659809865
中和,2026-04-14,2631.0,2639.5592370733266
中和,2026-04-15,2607.0,2653.5160144725583
中和,2026-04-16,2669.0,2666.495052037974
中和,2026-04-17,2833.0,2715.3363002289675
中和,2026-04-18,2363.0,2322.821670283077
中和,2026-04-19,1886.0,1929.440737286793
中和,2026-04-20,2601.0,2542.466367865679
中和,2026-04-21,2619.0,2648.9037450562437
中和,2026-04-22,2666.0,2628.222223177149
中和,2026-04-23,2665.0,2654.422081261819
中和,2026-04-24,2948.0,2729.6464968288506
中和,2026-04-25,2388.0,2375.300446106825
中和,2026-04-26,1915.0,1908.6267716641805
中和,2026-04-27,2573.0,2584.069515577702
中和,2026-04-28,2695.0,2611.9463485416804
中和,2026-04-29,2691.0,2664.540890286401
中和,2026-04-30,2911.0,2655.9312626158685
中和,2026-05-01,2090.0,2147.277522015109
中和,2026-05-02,2091.0,2075.768605401681
中和,2026-05-03,1702.0,1788.8317448040004
中和,2026-05-04,2729.0,2533.816643763642
中和,2026-05-05,2914.0,2658.651252468936
中和,2026-05-06,2848.0,2752.038791664876
中和,2026-05-07,2777.0,2822.409034742491
中和,2026-05-08,2818.0,2765.8175038683667
中和,2026-05-09,2316.0,2258.9269953562234
中和,2026-05-10,1808.0,1831.2295853666174
中和,2026-05-11,2656.0,2649.457950503072
中和,2026-05-12,2668.0,2745.2023188399285
中和,2026-05-13,2726.0,2719.4074792401525
中和,2026-05-14,2766.0,2764.6061825720567
中和,2026-05-15,2881.0,2750.8375892409117
中和,2026-05-16,2353.0,2175.841451518682
中和,2026-05-17,1894.0,1781.0879283455615
中和,2026-05-18,2643.0,2627.5154094298364
中和,2026-05-19,2694.0,2710.04334494884
中和,2026-05-20,2718.0,2761.4264962020548
中和,2026-05-21,2647.0,2770.9734992741032
中和,2026-05-22,2822.0,2764.7793439044053
中和,2026-05-23,2359.0,2321.039241612217
中和,2026-05-24,1962.0,1854.9882987941855
中和,2026-05-25,2553.0,2609.948610258877
中和,2026-05-26,2664.0,2655.309060495087
中和,2026-05-27,2651.0,2700.8012872857566
中和,2026-05-28,2659.0,2659.637533895297
中和,2026-05-29,2921.0,2766.4912382793805
中和,2026-05-30,2252.0,2336.7953999805227
中和,2026-05-31,1879.0,1974.254600047799
中山,2026-01-01,47260.0,53124.861768190465
中山,2026-01-02,55810.0,54347.92345768832
中山,2026-01-03,55058.0,54691.39917986287
中山,2026-01-04,44591.0,45329.20358671229
中山,2026-01-05,44783.0,46983.74175995492
中山,2026-01-06,46000.0,50936.35773520242
中山,2026-01-07,47567.0,54990.76203155751
中山,2026-01-08,48912.0,50171.50287395929
中山,2026-01-09,57705.0,55732.142406024825
中山,2026-01-10,58568.0,55006.51581374435
中山,2026-01-11,49125.0,46463.778480277724
中山,2026-01-12,45294.0,47018.38422003688
中山,2026-01-13,46296.0,48163.54106062658
中山,2026-01-14,47770.0,49876.239742823156
中山,2026-01-15,48701.0,49405.09934592331
中山,2026-01-16,56737.0,56253.897694135274
中山,2026-01-17,57977.0,57358.39677389147
中山,2026-01-18,47533.0,47783.671937464846
中山,2026-01-19,46119.0,45712.30321673208
中山,2026-01-20,53623.0,47443.806488419395
中山,2026-01-21,47074.0,49756.11903167044
中山,2026-01-22,48579.0,48571.46067583708
中山,2026-01-23,57372.0,56220.832010750695
中山,2026-01-24,61381.0,57983.38474320578
中山,2026-01-25,52192.0,49515.068943766724
中山,2026-01-26,48338.0,47702.00125738054
中山,2026-01-27,49929.0,52523.99064719419
中山,2026-01-28,50808.0,48993.60233400837
中山,2026-01-29,52739.0,49420.5972332643
中山,2026-01-30,59268.0,56944.671337167434
中山,2026-01-31,61499.0,58996.63406081586
中山,2026-02-01,48643.0,50825.39043877886
中山,2026-02-02,47676.0,48022.32768123569
中山,2026-02-03,51020.0,51049.135858957925
中山,2026-02-04,52570.0,50515.475712557105
中山,2026-02-05,53795.0,51879.48289965785
中山,2026-02-06,61029.0,57032.91011802604
中山,2026-02-07,63078.0,59686.406493765164
中山,2026-02-08,53148.0,51207.63582795685
中山,2026-02-09,50019.0,50148.416700724745
中山,2026-02-10,54522.0,50781.13122752995
中山,2026-02-11,55622.0,54640.30095140433
中山,2026-02-12,56986.0,55903.548999236045
中山,2026-02-13,61166.0,60196.963698948064
中山,2026-02-14,53448.0,58297.70557157652
中山,2026-02-15,40337.0,45525.84351380788
中山,2026-02-16,17540.0,33579.43167937166
中山,2026-02-17,29873.0,29339.8235568326
中山,2026-02-18,33042.0,32685.6127081407
中山,2026-02-19,41543.0,34545.41254965972
中山,2026-02-20,46733.0,45666.28506590195
中山,2026-02-21,50037.0,48829.42222759299
中山,2026-02-22,42225.0,42874.0522900078
中山,2026-02-23,42640.0,48127.62377274886
中山,2026-02-24,44888.0,46330.963004647805
中山,2026-02-25,47846.0,49881.79520339543
中山,2026-02-26,52457.0,48527.914498092934
中山,2026-02-27,59781.0,44261.78652634687
中山,2026-02-28,58112.0,55447.543576760145
中山,2026-03-01,46666.0,46747.66127492852
中山,2026-03-02,43061.0,44587.206973214525
中山,2026-03-03,44053.0,44304.53155911327
中山,2026-03-04,47331.0,45788.87807157133
中山,2026-03-05,49504.0,49291.729611705894
中山,2026-03-06,57778.0,57047.042727539665
中山,2026-03-07,64789.0,59346.236892639485
中山,2026-03-08,52370.0,51938.203879947265
中山,2026-03-09,45413.0,47032.85674430772
中山,2026-03-10,46981.0,47219.85140455274
中山,2026-03-11,50841.0,48338.851348378135
中山,2026-03-12,51117.0,51354.713011112784
中山,2026-03-13,58786.0,57318.7698067548
中山,2026-03-14,66832.0,60293.947619508406
中山,2026-03-15,53306.0,54215.50665114345
中山,2026-03-16,46308.0,48142.806305515835
中山,2026-03-17,47995.0,47445.58756640225
中山,2026-03-18,51120.0,50207.12419018596
中山,2026-03-19,50953.0,50365.17385608489
中山,2026-03-20,60935.0,58012.28347889341
中山,2026-03-21,66780.0,64385.12111022897
中山,2026-03-22,54002.0,54271.33316156489
中山,2026-03-23,46504.0,48277.570664815576
中山,2026-03-24,47558.0,48305.958364963175
中山,2026-03-25,50465.0,50198.32828458829
中山,2026-03-26,50716.0,50707.943476368164
中山,2026-03-27,57192.0,59412.967406974574
中山,2026-03-28,60617.0,62812.67948264029
中山,2026-03-29,49376.0,53259.37177738215
中山,2026-03-30,45742.0,47637.83580140037
中山,2026-03-31,47432.0,47549.82494263617
中山,2026-04-01,48761.0,50443.80070574034
中山,2026-04-02,54135.0,50669.04084164751
中山,2026-04-03,55084.0,51389.824191845735
中山,2026-04-04,52714.0,57901.35872663496
中山,2026-04-05,51323.0,44262.55865062678
中山,2026-04-06,43993.0,42366.806881196164
中山,2026-04-07,43512.0,46530.08856700384
中山,2026-04-08,46217.0,47742.603798649725
中山,2026-04-09,48440.0,52163.84797540799
中山,2026-04-10,57983.0,55447.46074806349
中山,2026-04-11,65166.0,54808.714161957614
中山,2026-04-12,51896.0,53638.81666045518
中山,2026-04-13,44524.0,47200.884516010134
中山,2026-04-14,46111.0,46463.24852401719
中山,2026-04-15,47406.0,47518.83332279483
中山,2026-04-16,48475.0,50611.53341305688
中山,2026-04-17,56975.0,56247.950547064145
中山,2026-04-18,62610.0,59782.189396707254
中山,2026-04-19,50789.0,52001.636440994436
中山,2026-04-20,43686.0,45798.68946288609
中山,2026-04-21,45782.0,44937.03903544497
中山,2026-04-22,47375.0,46864.36206874739
中山,2026-04-23,46779.0,48285.74494942993
中山,2026-04-24,56058.0,55120.527759180084
中山,2026-04-25,61623.0,59364.211106492614
中山,2026-04-26,54309.0,51465.60748109568
中山,2026-04-27,45381.0,46594.53144127687
中山,2026-04-28,47031.0,46364.942008630416
中山,2026-04-29,48574.0,48360.26394435015
中山,2026-04-30,54338.0,48668.18504819858
中山,2026-05-01,61000.0,52115.5017382064
中山,2026-05-02,58481.0,60278.42523740607
中山,2026-05-03,48420.0,53600.918830900286
中山,2026-05-04,46068.0,45902.954072427696
中山,2026-05-05,46293.0,47046.218117423545
中山,2026-05-06,49237.0,48107.592275069685
中山,2026-05-07,49890.0,54289.14275821524
中山,2026-05-08,56879.0,58078.682075655575
中山,2026-05-09,59418.0,57728.889037367655
中山,2026-05-10,46876.0,50308.53274217955
中山,2026-05-11,44559.0,45637.858191267835
中山,2026-05-12,46563.0,46332.74860980114
中山,2026-05-13,46202.0,48386.8413849438
中山,2026-05-14,47662.0,51542.61773766287
中山,2026-05-15,61388.0,56094.725646801155
中山,2026-05-16,65923.0,58605.93114321712
中山,2026-05-17,54028.0,52825.55190916164
中山,2026-05-18,44744.0,47861.87563470649
中山,2026-05-19,45967.0,46310.52675078615
中山,2026-05-20,48672.0,47663.103190855654
中山,2026-05-21,48283.0,49382.999142800465
中山,2026-05-22,57517.0,57112.64126688446
中山,2026-05-23,66533.0,61138.17395197655
中山,2026-05-24,53330.0,54747.90256178765
中山,2026-05-25,45319.0,47483.52901431044
中山,2026-05-26,47322.0,46509.44832017457
中山,2026-05-27,48781.0,47873.8950126172
中山,2026-05-28,49219.0,48803.321227775195
中山,2026-05-29,55307.0,57599.37889185648
中山,2026-05-30,63307.0,61246.519915693636
中山,2026-05-31,52108.0,53087.04213048076
中山國中,2026-01-01,7173.0,8791.372659968034
中山國中,2026-01-02,13610.0,14639.542827628738
中山國中,2026-01-03,8838.0,9820.205294875705
中山國中,2026-01-04,7400.0,7079.807152472254
中山國中,2026-01-05,14052.0,13810.811200743346
中山國中,2026-01-06,14420.0,14389.012398211153
中山國中,2026-01-07,14416.0,15339.449292199351
中山國中,2026-01-08,14611.0,12321.351384430707
中山國中,2026-01-09,15002.0,14600.77799856624
中山國中,2026-01-10,9821.0,9609.884298442317
中山國中,2026-01-11,7924.0,7774.072945681284
中山國中,2026-01-12,13784.0,14014.445396917556
中山國中,2026-01-13,14510.0,14358.675644127243
中山國中,2026-01-14,14655.0,14748.697336011603
中山國中,2026-01-15,14636.0,14961.302281360247
中山國中,2026-01-16,14801.0,14945.4627401894
中山國中,2026-01-17,9554.0,9538.824630897974
中山國中,2026-01-18,8002.0,7724.862065101021
中山國中,2026-01-19,13810.0,13857.345517734371
中山國中,2026-01-20,14560.0,14270.670819833238
中山國中,2026-01-21,14268.0,14500.642912277359
中山國中,2026-01-22,14573.0,14464.573825388676
中山國中,2026-01-23,15179.0,14777.505316589171
中山國中,2026-01-24,9499.0,9570.177740645091
中山國中,2026-01-25,8107.0,7731.408008672769
中山國中,2026-01-26,13848.0,13812.221408016818
中山國中,2026-01-27,14497.0,14296.605555219865
中山國中,2026-01-28,14345.0,14603.78610974484
中山國中,2026-01-29,14489.0,14543.962798242997
中山國中,2026-01-30,14985.0,14955.336260644859
中山國中,2026-01-31,9561.0,9440.410312056378
中山國中,2026-02-01,7339.0,7679.168357297789
中山國中,2026-02-02,13790.0,13807.38174900372
中山國中,2026-02-03,14525.0,14332.844959539647
中山國中,2026-02-04,14538.0,14579.366205015958
中山國中,2026-02-05,14910.0,14640.090328043523
中山國中,2026-02-06,15167.0,15084.42716886018
中山國中,2026-02-07,9552.0,9542.480783918998
中山國中,2026-02-08,7668.0,7611.7680135289
中山國中,2026-02-09,14124.0,13835.077528227766
中山國中,2026-02-10,15140.0,14496.029988533743
中山國中,2026-02-11,15416.0,14946.138772924203
中山國中,2026-02-12,14451.0,15171.437782732208
中山國中,2026-02-13,13925.0,14965.752926187646
中山國中,2026-02-14,7790.0,9454.965527183665
中山國中,2026-02-15,6138.0,6616.814575028347
中山國中,2026-02-16,4102.0,5690.037044635057
中山國中,2026-02-17,5232.0,6295.511529350548
中山國中,2026-02-18,5415.0,6163.2985430835515
中山國中,2026-02-19,6261.0,5490.955228036392
中山國中,2026-02-20,6717.0,6255.816285109501
中山國中,2026-02-21,7287.0,6961.565897125107
中山國中,2026-02-22,6644.0,6546.3792089765775
中山國中,2026-02-23,13537.0,12993.019579405189
中山國中,2026-02-24,14162.0,14140.306591397717
中山國中,2026-02-25,14886.0,14458.697872538954
中山國中,2026-02-26,14949.0,14760.506132782666
中山國中,2026-02-27,8694.0,10847.832010514705
中山國中,2026-02-28,8529.0,7308.95336732521
中山國中,2026-03-01,6821.0,6884.1639210106305
中山國中,2026-03-02,14117.0,12762.976199243356
中山國中,2026-03-03,14367.0,14081.512027479603
中山國中,2026-03-04,14926.0,14472.74436924244
中山國中,2026-03-05,14773.0,14970.637388010444
中山國中,2026-03-06,15290.0,13614.190163999205
中山國中,2026-03-07,9891.0,8573.514858115886
中山國中,2026-03-08,7634.0,7431.270153362434
中山國中,2026-03-09,14234.0,13933.569992042192
中山國中,2026-03-10,14875.0,14402.092099413716
中山國中,2026-03-11,15197.0,14877.494081063714
中山國中,2026-03-12,15290.0,14983.007472738049
中山國中,2026-03-13,15264.0,15636.111118274192
中山國中,2026-03-14,10340.0,9753.465431629313
中山國中,2026-03-15,8424.0,7996.23795495327
中山國中,2026-03-16,14013.0,14158.34721792965
中山國中,2026-03-17,14633.0,14578.505711325171
中山國中,2026-03-18,15024.0,14965.400399603632
中山國中,2026-03-19,15003.0,15069.891469349755
中山國中,2026-03-20,15486.0,15234.658613626001
中山國中,2026-03-21,10551.0,10235.51614577566
中山國中,2026-03-22,8500.0,8385.046014190264
中山國中,2026-03-23,13919.0,14154.44394310537
中山國中,2026-03-24,14467.0,14531.643276888806
中山國中,2026-03-25,14986.0,14963.058829112273
中山國中,2026-03-26,14810.0,15082.710023718535
中山國中,2026-03-27,15054.0,15210.623099459006
中山國中,2026-03-28,10244.0,10092.682148018424
中山國中,2026-03-29,7887.0,8366.74750874726
中山國中,2026-03-30,14042.0,13970.003375726395
中山國中,2026-03-31,14606.0,14484.213838443377
中山國中,2026-04-01,14321.0,14644.945233393246
中山國中,2026-04-02,14689.0,14536.462641044805
中山國中,2026-04-03,8086.0,8035.105499278231
中山國中,2026-04-04,7259.0,8563.944956427544
中山國中,2026-04-05,6843.0,6940.858538715012
中山國中,2026-04-06,6491.0,6331.331813118508
中山國中,2026-04-07,14155.0,14014.48268523137
中山國中,2026-04-08,14859.0,14370.981363414357
中山國中,2026-04-09,14679.0,14763.828669420087
中山國中,2026-04-10,15097.0,14820.42073714948
中山國中,2026-04-11,10410.0,9499.51105045309
中山國中,2026-04-12,8053.0,7921.226918638563
中山國中,2026-04-13,13876.0,13650.572227392211
中山國中,2026-04-14,14293.0,14366.477989906609
中山國中,2026-04-15,14385.0,14521.496776343754
中山國中,2026-04-16,14620.0,14580.293683284328
中山國中,2026-04-17,14792.0,14979.699957560086
中山國中,2026-04-18,9508.0,10587.763941293719
中山國中,2026-04-19,7687.0,7296.373903563485
中山國中,2026-04-20,13629.0,13626.52561946402
中山國中,2026-04-21,14206.0,14100.189957923452
中山國中,2026-04-22,14364.0,14381.567753108538
中山國中,2026-04-23,14600.0,14554.500703385966
中山國中,2026-04-24,15232.0,14882.588805980775
中山國中,2026-04-25,9637.0,10099.143307517566
中山國中,2026-04-26,8418.0,7810.075202794769
中山國中,2026-04-27,13817.0,13730.62898210976
中山國中,2026-04-28,14636.0,14217.355796390604
中山國中,2026-04-29,14641.0,14577.510713104417
中山國中,2026-04-30,15574.0,14726.365405702247
中山國中,2026-05-01,8921.0,8057.298787442323
中山國中,2026-05-02,8955.0,8251.04918541074
中山國中,2026-05-03,7053.0,7163.569261601058
中山國中,2026-05-04,14325.0,13595.676000509719
中山國中,2026-05-05,14791.0,14341.431699014287
中山國中,2026-05-06,14951.0,14656.250486966235
中山國中,2026-05-07,14694.0,15040.285933754358
中山國中,2026-05-08,14886.0,14976.016384644417
中山國中,2026-05-09,9644.0,9587.827597504234
中山國中,2026-05-10,7172.0,7686.699317500712
中山國中,2026-05-11,13723.0,14013.72316564686
中山國中,2026-05-12,14216.0,14457.823041138863
中山國中,2026-05-13,14650.0,14510.068686636627
中山國中,2026-05-14,14432.0,14805.143440148258
中山國中,2026-05-15,15040.0,14765.152389223485
中山國中,2026-05-16,9770.0,9574.49641988023
中山國中,2026-05-17,8012.0,7512.984067845283
中山國中,2026-05-18,13743.0,13934.232512465102
中山國中,2026-05-19,14180.0,14397.862048291468
中山國中,2026-05-20,14330.0,14494.987564605231
中山國中,2026-05-21,14363.0,14543.409167176816
中山國中,2026-05-22,14599.0,14748.377882952405
中山國中,2026-05-23,9770.0,9677.824136730474
中山國中,2026-05-24,7778.0,7776.209083696194
中山國中,2026-05-25,13911.0,13722.94244646868
中山國中,2026-05-26,14217.0,14178.480437330041
中山國中,2026-05-27,14419.0,14375.121814519822
中山國中,2026-05-28,14193.0,14541.183440656016
中山國中,2026-05-29,14742.0,14602.308350572732
中山國中,2026-05-30,9311.0,9529.501473388313
中山國中,2026-05-31,7563.0,7574.069757160394
中山國小,2026-01-01,12143.0,13412.89049218033
中山國小,2026-01-02,19318.0,19668.741465874773
中山國小,2026-01-03,13708.0,14360.907002542112
中山國小,2026-01-04,10945.0,11373.411311153443
中山國小,2026-01-05,17950.0,17927.509555557448
中山國小,2026-01-06,18238.0,19136.385461675123
中山國小,2026-01-07,18400.0,19569.03950059476
中山國小,2026-01-08,18662.0,14225.028489108316
中山國小,2026-01-09,19390.0,19708.85079181431
中山國小,2026-01-10,14627.0,14250.448630902318
中山國小,2026-01-11,11927.0,11513.596344993712
中山國小,2026-01-12,17805.0,17904.901414605312
中山國小,2026-01-13,18202.0,18877.603556561084
中山國小,2026-01-14,18329.0,19968.995127573133
中山國小,2026-01-15,18345.0,19004.876320828695
中山國小,2026-01-16,18956.0,19170.71484729622
中山國小,2026-01-17,14465.0,14648.417644705425
中山國小,2026-01-18,11487.0,11793.914096220506
中山國小,2026-01-19,17544.0,17639.606231519454
中山國小,2026-01-20,18319.0,17972.817443612683
中山國小,2026-01-21,18362.0,18437.4777466065
中山國小,2026-01-22,18396.0,18466.496931663958
中山國小,2026-01-23,19351.0,18918.784486668406
中山國小,2026-01-24,14391.0,14390.998687923451
中山國小,2026-01-25,11505.0,11443.751187821961
中山國小,2026-01-26,17217.0,17221.897202542885
中山國小,2026-01-27,17264.0,17928.01794617023
中山國小,2026-01-28,17664.0,17991.246252871064
中山國小,2026-01-29,17810.0,18079.768463229484
中山國小,2026-01-30,18186.0,18708.796662094708
中山國小,2026-01-31,14551.0,13976.856261699288
中山國小,2026-02-01,11654.0,11510.395300239254
中山國小,2026-02-02,17068.0,17090.411254891118
中山國小,2026-02-03,17732.0,17529.528900304198
中山國小,2026-02-04,18717.0,17910.662193309166
中山國小,2026-02-05,18185.0,18430.929166783913
中山國小,2026-02-06,19493.0,18622.86762142972
中山國小,2026-02-07,15042.0,14373.674932444179
中山國小,2026-02-08,12385.0,11774.231629710168
中山國小,2026-02-09,17394.0,17028.004279381526
中山國小,2026-02-10,18189.0,17700.42230880479
中山國小,2026-02-11,17735.0,18452.24731330211
中山國小,2026-02-12,17873.0,17908.43350234748
中山國小,2026-02-13,17683.0,18981.472623981124
中山國小,2026-02-14,11941.0,14059.978165409708
中山國小,2026-02-15,8774.0,10413.84346633516
中山國小,2026-02-16,6490.0,7696.966595497096
中山國小,2026-02-17,7301.0,7165.238050685425
中山國小,2026-02-18,7739.0,7719.220762584636
中山國小,2026-02-19,9310.0,8539.53454462342
中山國小,2026-02-20,9668.0,9435.82904637182
中山國小,2026-02-21,11038.0,9467.840916639643
中山國小,2026-02-22,10075.0,9965.379045179192
中山國小,2026-02-23,17013.0,16115.758752336182
中山國小,2026-02-24,17625.0,17560.19049722363
中山國小,2026-02-25,18880.0,17990.88520280256
中山國小,2026-02-26,18876.0,19035.77435604007
中山國小,2026-02-27,13940.0,11386.27353691869
中山國小,2026-02-28,13404.0,11222.623968278729
中山國小,2026-03-01,11199.0,10132.826780087744
中山國小,2026-03-02,17769.0,17130.921668094943
中山國小,2026-03-03,18243.0,17862.292650957625
中山國小,2026-03-04,18969.0,18897.625877371498
中山國小,2026-03-05,19052.0,18711.32390622464
中山國小,2026-03-06,20086.0,16315.218143198832
中山國小,2026-03-07,15173.0,13870.459962727458
中山國小,2026-03-08,12603.0,11496.876873245159
中山國小,2026-03-09,18313.0,17594.194591520103
中山國小,2026-03-10,19266.0,18417.29126063497
中山國小,2026-03-11,19456.0,19017.435731918962
中山國小,2026-03-12,19260.0,19181.735689790872
中山國小,2026-03-13,20250.0,19979.5284920096
中山國小,2026-03-14,15993.0,14658.46214054415
中山國小,2026-03-15,13121.0,12197.87654148249
中山國小,2026-03-16,18570.0,18204.84180317447
中山國小,2026-03-17,19171.0,19172.895154196467
中山國小,2026-03-18,19776.0,19302.87221817418
中山國小,2026-03-19,19349.0,19614.8490916918
中山國小,2026-03-20,21010.0,20139.376153705107
中山國小,2026-03-21,16408.0,15633.450826950291
中山國小,2026-03-22,13374.0,13274.349728059387
中山國小,2026-03-23,18601.0,18212.018286630035
中山國小,2026-03-24,19286.0,19208.6782965583
中山國小,2026-03-25,19780.0,19548.111795794124
中山國小,2026-03-26,19617.0,19654.38846115842
中山國小,2026-03-27,20653.0,20743.16077727614
中山國小,2026-03-28,14776.0,15740.250487715437
中山國小,2026-03-29,12284.0,12351.566590445269
中山國小,2026-03-30,18477.0,18510.382597480137
中山國小,2026-03-31,18768.0,19104.74754926725
中山國小,2026-04-01,18810.0,19283.688604033694
中山國小,2026-04-02,19423.0,19091.532933869225
中山國小,2026-04-03,12390.0,12011.960180425594
中山國小,2026-04-04,11724.0,12100.546036995405
中山國小,2026-04-05,11086.0,10614.461391173363
中山國小,2026-04-06,9866.0,10009.248069321371
中山國小,2026-04-07,18407.0,18285.339748839666
中山國小,2026-04-08,18842.0,18878.499343543426
中山國小,2026-04-09,18665.0,19295.215390414985
中山國小,2026-04-10,20335.0,20075.448827877717
中山國小,2026-04-11,16767.0,14530.028311575674
中山國小,2026-04-12,13743.0,12221.66863949803
中山國小,2026-04-13,17741.0,17878.882429724228
中山國小,2026-04-14,18509.0,18527.671430313432
中山國小,2026-04-15,18638.0,18682.072972170685
中山國小,2026-04-16,18417.0,18872.912217490004
中山國小,2026-04-17,19558.0,19862.187183562506
中山國小,2026-04-18,14453.0,15295.11155016961
中山國小,2026-04-19,11786.0,12040.229208551524
中山國小,2026-04-20,17819.0,17265.97202299496
中山國小,2026-04-21,18361.0,18383.619406522128
中山國小,2026-04-22,18630.0,18620.951069132494
中山國小,2026-04-23,18673.0,18687.88994802633
中山國小,2026-04-24,20378.0,19384.765740098686
中山國小,2026-04-25,14720.0,15538.19925865376
中山國小,2026-04-26,12660.0,12097.944288941453
中山國小,2026-04-27,18000.0,17775.429050742914
中山國小,2026-04-28,18548.0,18425.96468665665
中山國小,2026-04-29,18926.0,18709.778079864194
中山國小,2026-04-30,19912.0,18810.325126148033
中山國小,2026-05-01,13314.0,11932.290029425176
中山國小,2026-05-02,13818.0,11959.873391768086
中山國小,2026-05-03,11940.0,11421.850167981727
中山國小,2026-05-04,18849.0,17857.6547737623
中山國小,2026-05-05,19501.0,18825.450689605565
中山國小,2026-05-06,19172.0,19270.96738635302
中山國小,2026-05-07,18895.0,19581.782295243425
中山國小,2026-05-08,19660.0,19881.77636710137
中山國小,2026-05-09,14372.0,14426.639345788568
中山國小,2026-05-10,10947.0,11718.668554139222
中山國小,2026-05-11,17887.0,18253.09953983706
中山國小,2026-05-12,18273.0,18916.444840466713
中山國小,2026-05-13,18680.0,18662.01033550271
中山國小,2026-05-14,18322.0,19139.301719313295
中山國小,2026-05-15,19577.0,19342.85272464499
中山國小,2026-05-16,15082.0,14213.690032925833
中山國小,2026-05-17,12416.0,11640.69439796447
中山國小,2026-05-18,17797.0,18040.248635413092
中山國小,2026-05-19,18128.0,18594.46383110398
中山國小,2026-05-20,18748.0,18606.417655251425
中山國小,2026-05-21,18681.0,18644.50667761014
中山國小,2026-05-22,19846.0,19254.60281684314
中山國小,2026-05-23,15110.0,14691.50561650079
中山國小,2026-05-24,12347.0,12222.832080169152
中山國小,2026-05-25,17624.0,17898.912998030686
中山國小,2026-05-26,18577.0,18050.34721723257
中山國小,2026-05-27,18311.0,18689.10773178981
中山國小,2026-05-28,18443.0,18493.817703302724
中山國小,2026-05-29,19699.0,19500.21832496726
中山國小,2026-05-30,14426.0,14653.277637437926
中山國小,2026-05-31,11669.0,11788.559885540728
中正紀念堂,2026-01-01,18607.0,24547.31640544366
中正紀念堂,2026-01-02,31353.0,31040.991435343112
中正紀念堂,2026-01-03,22814.0,25198.289804387587
中正紀念堂,2026-01-04,19389.0,20579.795456577176
中正紀念堂,2026-01-05,26656.0,28211.66727052302
中正紀念堂,2026-01-06,29138.0,29920.512430652678
中正紀念堂,2026-01-07,29299.0,31248.45996306364
中正紀念堂,2026-01-08,29381.0,19791.322292057714
中正紀念堂,2026-01-09,31766.0,31155.618889562793
中正紀念堂,2026-01-10,22850.0,23981.3279118825
中正紀念堂,2026-01-11,19176.0,19184.386516145147
中正紀念堂,2026-01-12,26227.0,26797.830862626033
中正紀念堂,2026-01-13,30043.0,28620.290487956783
中正紀念堂,2026-01-14,29440.0,30406.492897963883
中正紀念堂,2026-01-15,29993.0,29390.8635374601
中正紀念堂,2026-01-16,32446.0,31159.294826095782
中正紀念堂,2026-01-17,23401.0,23592.52298807088
中正紀念堂,2026-01-18,19601.0,18530.52980082278
中正紀念堂,2026-01-19,26174.0,26522.502421655267
中正紀念堂,2026-01-20,29225.0,28773.891896005076
中正紀念堂,2026-01-21,28674.0,29468.97979597946
中正紀念堂,2026-01-22,28026.0,29210.06495022923
中正紀念堂,2026-01-23,31356.0,30592.811408705533
中正紀念堂,2026-01-24,22259.0,23507.490747619937
中正紀念堂,2026-01-25,20161.0,18499.405564377616
中正紀念堂,2026-01-26,25836.0,26173.88304564431
中正紀念堂,2026-01-27,29276.0,28627.969256649787
中正紀念堂,2026-01-28,28794.0,29381.87868387269
中正紀念堂,2026-01-29,30297.0,29023.729391452645
中正紀念堂,2026-01-30,30971.0,32030.389105927043
中正紀念堂,2026-01-31,23690.0,22763.074442918783
中正紀念堂,2026-02-01,19446.0,19076.195757523787
中正紀念堂,2026-02-02,25059.0,26003.995706721213
中正紀念堂,2026-02-03,30518.0,28586.60541624387
中正紀念堂,2026-02-04,30791.0,30280.691034427924
中正紀念堂,2026-02-05,31465.0,30447.127757829967
中正紀念堂,2026-02-06,32157.0,32191.160758358612
中正紀念堂,2026-02-07,24025.0,23960.646540379308
中正紀念堂,2026-02-08,20623.0,19245.8733405361
中正紀念堂,2026-02-09,25626.0,25284.205928466377
中正紀念堂,2026-02-10,32242.0,29450.930412729533
中正紀念堂,2026-02-11,30824.0,32455.350396101705
中正紀念堂,2026-02-12,32323.0,30836.285123002093
中正紀念堂,2026-02-13,31060.0,33146.644244385876
中正紀念堂,2026-02-14,22290.0,23717.41035723578
中正紀念堂,2026-02-15,20410.0,18330.334341621903
中正紀念堂,2026-02-16,12812.0,18177.176621983785
中正紀念堂,2026-02-17,11782.0,12831.108034414352
中正紀念堂,2026-02-18,15277.0,11853.387617584467
中正紀念堂,2026-02-19,16758.0,15668.19871853701
中正紀念堂,2026-02-20,16467.0,17210.830266402387
中正紀念堂,2026-02-21,18014.0,16324.536203669139
中正紀念堂,2026-02-22,16589.0,17561.10382865348
中正紀念堂,2026-02-23,26073.0,23700.14531442315
中正紀念堂,2026-02-24,29563.0,28049.39646471528
中正紀念堂,2026-02-25,29931.0,29910.60892773208
中正紀念堂,2026-02-26,34069.0,30421.389574513443
中正紀念堂,2026-02-27,25674.0,23555.4054657652
中正紀念堂,2026-02-28,30219.0,20932.750820411264
中正紀念堂,2026-03-01,22002.0,22180.90971216423
中正紀念堂,2026-03-02,28954.0,26252.072553111386
中正紀念堂,2026-03-03,29146.0,29623.0673435304
中正紀念堂,2026-03-04,30372.0,29795.808311531917
中正紀念堂,2026-03-05,31820.0,31721.61661116821
中正紀念堂,2026-03-06,34097.0,30519.45990101564
中正紀念堂,2026-03-07,27078.0,28030.50950819812
中正紀念堂,2026-03-08,23325.0,22030.388462271654
中正紀念堂,2026-03-09,28857.0,27532.04935392146
中正紀念堂,2026-03-10,30558.0,29566.380421044087
中正紀念堂,2026-03-11,33007.0,30844.75066302699
中正紀念堂,2026-03-12,32087.0,32738.484478248345
中正紀念堂,2026-03-13,33721.0,33589.87828826787
中正紀念堂,2026-03-14,26987.0,28277.89768267026
中正紀念堂,2026-03-15,22134.0,22475.974121740528
中正紀念堂,2026-03-16,29292.0,28772.06251563935
中正紀念堂,2026-03-17,31976.0,30124.140071730097
中正紀念堂,2026-03-18,31272.0,32568.170609447006
中正紀念堂,2026-03-19,31910.0,31749.574440174303
中正紀念堂,2026-03-20,34318.0,33935.943450809915
中正紀念堂,2026-03-21,26515.0,26935.36444709676
中正紀念堂,2026-03-22,25226.0,21680.7323639506
中正紀念堂,2026-03-23,28077.0,29044.442040205082
中正紀念堂,2026-03-24,31234.0,30584.167421959963
中正紀念堂,2026-03-25,31340.0,31935.639563375506
中正紀念堂,2026-03-26,31297.0,31869.358650125625
中正紀念堂,2026-03-27,31282.0,33582.974938599014
中正紀念堂,2026-03-28,22814.0,25838.748783045918
中正紀念堂,2026-03-29,22531.0,23003.465452781427
中正紀念堂,2026-03-30,29336.0,28752.18735043352
中正紀念堂,2026-03-31,30186.0,31226.871205598574
中正紀念堂,2026-04-01,29901.0,30927.6625794912
中正紀念堂,2026-04-02,30578.0,31276.587474033713
中正紀念堂,2026-04-03,18527.0,21162.185753116715
中正紀念堂,2026-04-04,17328.0,18588.217006633662
中正紀念堂,2026-04-05,17033.0,16976.801174837492
中正紀念堂,2026-04-06,13294.0,17684.73796620139
中正紀念堂,2026-04-07,28017.0,29497.378113995208
中正紀念堂,2026-04-08,29318.0,29391.166742041794
中正紀念堂,2026-04-09,30228.0,30213.125455674126
中正紀念堂,2026-04-10,32400.0,31293.12986909934
中正紀念堂,2026-04-11,23652.0,23035.25854785646
中正紀念堂,2026-04-12,20026.0,20425.40788902488
中正紀念堂,2026-04-13,27001.0,27292.209519190492
中正紀念堂,2026-04-14,29242.0,28716.62929390233
中正紀念堂,2026-04-15,30059.0,29526.615037131476
中正紀念堂,2026-04-16,29970.0,30159.709958904168
中正紀念堂,2026-04-17,31454.0,32478.805033706874
中正紀念堂,2026-04-18,24122.0,24291.49681180144
中正紀念堂,2026-04-19,20655.0,19274.80262869856
中正紀念堂,2026-04-20,27970.0,26298.0737406308
中正紀念堂,2026-04-21,29872.0,28942.03828938126
中正紀念堂,2026-04-22,30107.0,29876.298998074024
中正紀念堂,2026-04-23,30284.0,30297.551263077607
中正紀念堂,2026-04-24,31232.0,32042.268996399845
中正紀念堂,2026-04-25,23019.0,24164.40915869713
中正紀念堂,2026-04-26,21551.0,19990.029236066504
中正紀念堂,2026-04-27,27786.0,27376.632463596903
中正紀念堂,2026-04-28,30171.0,29760.62979550009
中正紀念堂,2026-04-29,30060.0,30283.78775885282
中正紀念堂,2026-04-30,32379.0,30209.77991900984
中正紀念堂,2026-05-01,21332.0,22593.207592964543
中正紀念堂,2026-05-02,22813.0,19862.27658555065
中正紀念堂,2026-05-03,24274.0,20600.387593021405
中正紀念堂,2026-05-04,28730.0,27567.038348881746
中正紀念堂,2026-05-05,29825.0,29707.198901391577
中正紀念堂,2026-05-06,31403.0,30047.302753384192
中正紀念堂,2026-05-07,30384.0,31709.22040985782
中正紀念堂,2026-05-08,31963.0,31972.16806959121
中正紀念堂,2026-05-09,21840.0,23814.1334711869
中正紀念堂,2026-05-10,26637.0,20334.330193355014
中正紀念堂,2026-05-11,28003.0,27947.773595465416
中正紀念堂,2026-05-12,29787.0,30014.021297635907
中正紀念堂,2026-05-13,28614.0,30614.338217167853
中正紀念堂,2026-05-14,29129.0,30674.12269944853
中正紀念堂,2026-05-15,33103.0,31569.774985473043
中正紀念堂,2026-05-16,23522.0,22725.989595333034
中正紀念堂,2026-05-17,20853.0,21226.623991896467
中正紀念堂,2026-05-18,27537.0,28413.332537541508
中正紀念堂,2026-05-19,29474.0,29883.25312005082
中正紀念堂,2026-05-20,30026.0,29613.80352176717
中正紀念堂,2026-05-21,30136.0,29936.098829830436
中正紀念堂,2026-05-22,34287.0,32328.272720603993
中正紀念堂,2026-05-23,28407.0,25105.383597805005
中正紀念堂,2026-05-24,22227.0,23537.59330948572
中正紀念堂,2026-05-25,27433.0,27225.06374054952
中正紀念堂,2026-05-26,29889.0,29930.3736424879
中正紀念堂,2026-05-27,29617.0,29968.397982153117
中正紀念堂,2026-05-28,30579.0,30003.18917155991
中正紀念堂,2026-05-29,32035.0,33186.245422611704
中正紀念堂,2026-05-30,24268.0,27820.14722363179
中正紀念堂,2026-05-31,18504.0,20351.439180284706
丹鳳,2026-01-01,5338.0,6325.655159471979
丹鳳,2026-01-02,9712.0,10058.707937746822
丹鳳,2026-01-03,6806.0,7580.129819195955
丹鳳,2026-01-04,5792.0,5761.256787125997
丹鳳,2026-01-05,9695.0,9681.598285417507
丹鳳,2026-01-06,9932.0,9974.6912702175
丹鳳,2026-01-07,9940.0,10246.117828255532
丹鳳,2026-01-08,9928.0,9635.915940434485
丹鳳,2026-01-09,10609.0,10108.263113467647
丹鳳,2026-01-10,7798.0,7486.2478289140745
丹鳳,2026-01-11,6083.0,6078.647341957848
丹鳳,2026-01-12,9603.0,9727.083316958633
丹鳳,2026-01-13,10009.0,9951.685197753553
丹鳳,2026-01-14,10053.0,10152.770024354553
丹鳳,2026-01-15,10128.0,10127.466045433586
丹鳳,2026-01-16,10666.0,10251.02191065234
丹鳳,2026-01-17,7979.0,7743.111085892568
丹鳳,2026-01-18,6344.0,6162.033103835708
丹鳳,2026-01-19,9652.0,9658.055288318159
丹鳳,2026-01-20,10041.0,9870.920411926187
丹鳳,2026-01-21,9825.0,10106.38614638108
丹鳳,2026-01-22,9664.0,9959.84032498032
丹鳳,2026-01-23,10569.0,10402.695014880814
丹鳳,2026-01-24,8013.0,7792.609533235153
丹鳳,2026-01-25,6617.0,6203.532231265197
丹鳳,2026-01-26,9409.0,9609.753307652374
丹鳳,2026-01-27,9597.0,9912.608594881482
丹鳳,2026-01-28,9642.0,9768.340304783009
丹鳳,2026-01-29,9976.0,9774.529767352129
丹鳳,2026-01-30,10313.0,10565.649043146072
丹鳳,2026-01-31,7779.0,7909.450837387008
丹鳳,2026-02-01,5861.0,6178.604597193157
丹鳳,2026-02-02,9185.0,9469.454961925805
丹鳳,2026-02-03,9875.0,9597.328747732046
丹鳳,2026-02-04,9847.0,9779.169008770017
丹鳳,2026-02-05,10057.0,9898.753577273788
丹鳳,2026-02-06,10456.0,10465.97507689195
丹鳳,2026-02-07,7815.0,7727.169591441515
丹鳳,2026-02-08,6382.0,6268.693292493212
丹鳳,2026-02-09,9184.0,9191.965042497093
丹鳳,2026-02-10,9876.0,9492.345487718765
丹鳳,2026-02-11,9645.0,9900.283247886175
丹鳳,2026-02-12,9752.0,9957.454309355504
丹鳳,2026-02-13,9676.0,10263.245749520825
丹鳳,2026-02-14,6437.0,7634.002059704986
丹鳳,2026-02-15,4907.0,5597.041501664498
丹鳳,2026-02-16,3419.0,4623.540415874565
丹鳳,2026-02-17,4805.0,4148.429944368397
丹鳳,2026-02-18,5130.0,4650.015177716118
丹鳳,2026-02-19,5577.0,5370.506759963762
丹鳳,2026-02-20,6036.0,5918.781437771978
丹鳳,2026-02-21,6834.0,6388.6280042121625
丹鳳,2026-02-22,5845.0,5858.518935066924
丹鳳,2026-02-23,9535.0,8777.507228092985
丹鳳,2026-02-24,10135.0,9585.346657908287
丹鳳,2026-02-25,10198.0,9944.75333305121
丹鳳,2026-02-26,10830.0,10037.885676989408
丹鳳,2026-02-27,7588.0,6186.407296457353
丹鳳,2026-02-28,7912.0,6475.642967698423
丹鳳,2026-03-01,6199.0,6057.2826656691095
丹鳳,2026-03-02,9928.0,9479.911107477496
丹鳳,2026-03-03,9940.0,10123.295811581975
丹鳳,2026-03-04,9912.0,10138.029503035987
丹鳳,2026-03-05,10221.0,10534.805116657764
丹鳳,2026-03-06,10778.0,9948.11420414945
丹鳳,2026-03-07,8479.0,7718.0765116639905
丹鳳,2026-03-08,6580.0,6405.678800931095
丹鳳,2026-03-09,9786.0,9684.605399496255
丹鳳,2026-03-10,10040.0,9936.810800270889
丹鳳,2026-03-11,10239.0,10030.98977386283
丹鳳,2026-03-12,10374.0,10400.300166790908
丹鳳,2026-03-13,10868.0,10839.747224907353
丹鳳,2026-03-14,8080.0,7881.086461914282
丹鳳,2026-03-15,6548.0,6282.091339160385
丹鳳,2026-03-16,9770.0,9777.568515550285
丹鳳,2026-03-17,10067.0,10007.787621292799
丹鳳,2026-03-18,10213.0,10164.68817476464
丹鳳,2026-03-19,10268.0,10303.59645634672
丹鳳,2026-03-20,10848.0,10745.564057649433
丹鳳,2026-03-21,8204.0,8173.231971956144
丹鳳,2026-03-22,6995.0,6591.167960381937
丹鳳,2026-03-23,9683.0,9701.627649008755
丹鳳,2026-03-24,10141.0,9993.139359606454
丹鳳,2026-03-25,10181.0,10199.513958012169
丹鳳,2026-03-26,10233.0,10256.421133503009
丹鳳,2026-03-27,10543.0,10794.199763084354
丹鳳,2026-03-28,7853.0,8157.551749592436
丹鳳,2026-03-29,6209.0,6362.418828678366
丹鳳,2026-03-30,9745.0,9713.228602224628
丹鳳,2026-03-31,10080.0,9978.499215323596
丹鳳,2026-04-01,9895.0,10141.982053508138
丹鳳,2026-04-02,10496.0,10020.111591726984
丹鳳,2026-04-03,6605.0,6599.774941654753
丹鳳,2026-04-04,5894.0,6607.860684622939
丹鳳,2026-04-05,6237.0,5581.77080829715
丹鳳,2026-04-06,5112.0,5479.727881253523
丹鳳,2026-04-07,9708.0,9786.590465875901
丹鳳,2026-04-08,9995.0,9911.409161144133
丹鳳,2026-04-09,10328.0,10122.482633124366
丹鳳,2026-04-10,10626.0,10581.279328079054
丹鳳,2026-04-11,8091.0,7720.9919788688685
丹鳳,2026-04-12,6421.0,6255.088734030391
丹鳳,2026-04-13,9608.0,9580.831107388805
丹鳳,2026-04-14,10011.0,9819.23732746854
丹鳳,2026-04-15,9823.0,10001.622660693407
丹鳳,2026-04-16,10087.0,10175.658388363147
丹鳳,2026-04-17,10484.0,10519.532655039135
丹鳳,2026-04-18,7769.0,7830.736359009594
丹鳳,2026-04-19,6339.0,6084.501970719711
丹鳳,2026-04-20,9728.0,9473.849850039394
丹鳳,2026-04-21,10118.0,9906.173345760535
丹鳳,2026-04-22,10017.0,10120.500496174585
丹鳳,2026-04-23,10006.0,10090.629062944681
丹鳳,2026-04-24,10295.0,10513.91383729146
丹鳳,2026-04-25,7457.0,7844.070045800335
丹鳳,2026-04-26,6820.0,6200.931809772629
丹鳳,2026-04-27,9664.0,9522.131392928752
丹鳳,2026-04-28,10081.0,10008.613833867217
丹鳳,2026-04-29,10116.0,10110.732641846278
丹鳳,2026-04-30,10444.0,9903.650143529008
丹鳳,2026-05-01,7222.0,6536.416605064057
丹鳳,2026-05-02,7152.0,6837.834478711781
丹鳳,2026-05-03,6023.0,6083.933503471346
丹鳳,2026-05-04,9711.0,9628.021574002523
丹鳳,2026-05-05,10092.0,10014.07514434753
丹鳳,2026-05-06,10193.0,10047.854088965109
丹鳳,2026-05-07,10234.0,10153.646740115535
丹鳳,2026-05-08,10566.0,10297.26568840817
丹鳳,2026-05-09,7560.0,7268.0995127078395
丹鳳,2026-05-10,6141.0,6299.680260196758
丹鳳,2026-05-11,9699.0,9610.490575293037
丹鳳,2026-05-12,9961.0,10007.661468230652
丹鳳,2026-05-13,9890.0,10062.628086690669
丹鳳,2026-05-14,9897.0,10125.238373503176
丹鳳,2026-05-15,10825.0,10374.631365514906
丹鳳,2026-05-16,8146.0,7666.4371250846125
丹鳳,2026-05-17,6703.0,6332.166539092974
丹鳳,2026-05-18,9668.0,9674.540113467378
丹鳳,2026-05-19,9908.0,9884.197769370923
丹鳳,2026-05-20,10253.0,10008.414330216503
丹鳳,2026-05-21,10128.0,10024.375055162638
丹鳳,2026-05-22,10420.0,10635.436358071665
丹鳳,2026-05-23,8328.0,7881.710830525332
丹鳳,2026-05-24,6323.0,6626.557715351098
丹鳳,2026-05-25,9636.0,9706.702698548059
丹鳳,2026-05-26,10016.0,9799.076929898374
丹鳳,2026-05-27,10024.0,10112.488002987768
丹鳳,2026-05-28,10122.0,10094.139214150297
丹鳳,2026-05-29,10234.0,10649.110257935421
丹鳳,2026-05-30,7829.0,8153.80019553116
丹鳳,2026-05-31,6103.0,6351.8361835242995
亞東醫院,2026-01-01,12044.0,20889.650060738553
亞東醫院,2026-01-02,25632.0,27926.11602062137
亞東醫院,2026-01-03,16813.0,17884.51807749844
亞東醫院,2026-01-04,13056.0,13346.238283549514
亞東醫院,2026-01-05,28021.0,27225.680720710112
亞東醫院,2026-01-06,28754.0,28646.57731762426
亞東醫院,2026-01-07,28543.0,29452.622255600647
亞東醫院,2026-01-08,28334.0,15150.871265170019
亞東醫院,2026-01-09,29509.0,28474.267526057356
亞東醫院,2026-01-10,19188.0,18209.823720827808
亞東醫院,2026-01-11,14219.0,14255.48237397613
亞東醫院,2026-01-12,26746.0,27304.263415710102
亞東醫院,2026-01-13,28016.0,28089.044452888724
亞東醫院,2026-01-14,28192.0,28237.031702228578
亞東醫院,2026-01-15,27751.0,28252.470854263127
亞東醫院,2026-01-16,27910.0,28919.48614683761
亞東醫院,2026-01-17,18970.0,18612.013841664477
亞東醫院,2026-01-18,14246.0,14111.382731980746
亞東醫院,2026-01-19,26444.0,26842.364672970023
亞東醫院,2026-01-20,28397.0,27886.86031057225
亞東醫院,2026-01-21,27356.0,28220.802414888945
亞東醫院,2026-01-22,26849.0,27620.74951679864
亞東醫院,2026-01-23,28223.0,28266.49364984741
亞東醫院,2026-01-24,18691.0,18091.783504045525
亞東醫院,2026-01-25,14546.0,14326.789531364497
亞東醫院,2026-01-26,27056.0,26597.727377421583
亞東醫院,2026-01-27,27487.0,27827.593660211143
亞東醫院,2026-01-28,27486.0,27314.56223249883
亞東醫院,2026-01-29,27634.0,27284.042528911556
亞東醫院,2026-01-30,27987.0,28346.460616885553
亞東醫院,2026-01-31,18885.0,18085.096368061128
亞東醫院,2026-02-01,13425.0,14876.66539394099
亞東醫院,2026-02-02,26555.0,26721.5944555625
亞東醫院,2026-02-03,28279.0,27328.357746340003
亞東醫院,2026-02-04,28144.0,27787.853318840436
亞東醫院,2026-02-05,28379.0,27874.39436670844
亞東醫院,2026-02-06,28712.0,28873.969945992096
亞東醫院,2026-02-07,18933.0,18268.910193595708
亞東醫院,2026-02-08,14056.0,14625.231727344692
亞東醫院,2026-02-09,27106.0,26815.804164033187
亞東醫院,2026-02-10,28173.0,27738.485326537037
亞東醫院,2026-02-11,27534.0,28103.67035961804
亞東醫院,2026-02-12,27617.0,27790.405563580054
亞東醫院,2026-02-13,26045.0,28483.727889566373
亞東醫院,2026-02-14,15647.0,18085.951732810303
亞東醫院,2026-02-15,11082.0,12865.53179164334
亞東醫院,2026-02-16,7556.0,11018.126329292472
亞東醫院,2026-02-17,10096.0,13716.719038606325
亞東醫院,2026-02-18,10717.0,11922.380632082026
亞東醫院,2026-02-19,12200.0,12224.182312790525
亞東醫院,2026-02-20,14160.0,12435.338567406729
亞東醫院,2026-02-21,14827.0,13198.8166089881
亞東醫院,2026-02-22,13040.0,11668.791296044299
亞東醫院,2026-02-23,26783.0,23524.346496118007
亞東醫院,2026-02-24,28494.0,26548.05677940985
亞東醫院,2026-02-25,28465.0,28092.084516106992
亞東醫院,2026-02-26,29294.0,28037.108783280444
亞東醫院,2026-02-27,19031.0,16989.91400429783
亞東醫院,2026-02-28,15831.0,15634.527817963868
亞東醫院,2026-03-01,13205.0,12681.51818334224
亞東醫院,2026-03-02,28050.0,26218.787731908276
亞東醫院,2026-03-03,28041.0,28430.699278678843
亞東醫院,2026-03-04,27915.0,28199.92639294394
亞東醫院,2026-03-05,28845.0,28268.24838121956
亞東醫院,2026-03-06,29334.0,21787.778348675547
亞東醫院,2026-03-07,19428.0,18469.71807850311
亞東醫院,2026-03-08,14260.0,14019.06420467794
亞東醫院,2026-03-09,27857.0,27297.97616685058
亞東醫院,2026-03-10,28701.0,27906.19533365272
亞東醫院,2026-03-11,29319.0,28254.528447954264
亞東醫院,2026-03-12,28935.0,28936.90568637543
亞東醫院,2026-03-13,29484.0,29728.23474682192
亞東醫院,2026-03-14,19589.0,18893.35355451562
亞東醫院,2026-03-15,14975.0,14305.5937781162
亞東醫院,2026-03-16,27495.0,27516.30460037946
亞東醫院,2026-03-17,28864.0,28270.60561748356
亞東醫院,2026-03-18,28846.0,28968.574795711822
亞東醫院,2026-03-19,28453.0,28699.116340369612
亞東醫院,2026-03-20,29421.0,29523.95939345541
亞東醫院,2026-03-21,19197.0,19196.051458250637
亞東醫院,2026-03-22,15024.0,15229.984137740486
亞東醫院,2026-03-23,27817.0,27260.867459604113
亞東醫院,2026-03-24,29132.0,28476.898757820087
亞東醫院,2026-03-25,28923.0,28905.94915132252
亞東醫院,2026-03-26,28275.0,28690.89142107403
亞東醫院,2026-03-27,29374.0,29531.03878700809
亞東醫院,2026-03-28,19058.0,18667.10998080215
亞東醫院,2026-03-29,14074.0,15189.507743310864
亞東醫院,2026-03-30,28069.0,27397.656940115998
亞東醫院,2026-03-31,28586.0,28645.970583721013
亞東醫院,2026-04-01,28412.0,28746.160359416474
亞東醫院,2026-04-02,27822.0,28288.73338735528
亞東醫院,2026-04-03,14972.0,15005.042352039349
亞東醫院,2026-04-04,13122.0,14753.141213576178
亞東醫院,2026-04-05,12727.0,12361.485636092939
亞東醫院,2026-04-06,12435.0,12244.827859731438
亞東醫院,2026-04-07,28772.0,28123.40236324923
亞東醫院,2026-04-08,28737.0,28678.5523501977
亞東醫院,2026-04-09,28869.0,28308.2931050342
亞東醫院,2026-04-10,29636.0,29286.25966777476
亞東醫院,2026-04-11,19482.0,18221.89572549096
亞東醫院,2026-04-12,14696.0,14592.724932269803
亞東醫院,2026-04-13,27849.0,26173.29416237843
亞東醫院,2026-04-14,28931.0,28496.50472103204
亞東醫院,2026-04-15,28348.0,28591.068912770308
亞東醫院,2026-04-16,28320.0,28356.88291092297
亞東醫院,2026-04-17,29180.0,29509.710180604266
亞東醫院,2026-04-18,19176.0,20212.025206229362
亞東醫院,2026-04-19,14348.0,15091.4727615503
亞東醫院,2026-04-20,27832.0,27008.317142995867
亞東醫院,2026-04-21,28961.0,28502.524495065907
亞東醫院,2026-04-22,28858.0,28604.544444858686
亞東醫院,2026-04-23,28322.0,28551.749133616
亞東醫院,2026-04-24,28973.0,29294.304458404753
亞東醫院,2026-04-25,19065.0,18675.780701231233
亞東醫院,2026-04-26,15679.0,14913.539453740099
亞東醫院,2026-04-27,28329.0,27438.49712534602
亞東醫院,2026-04-28,28984.0,28855.997404219434
亞東醫院,2026-04-29,29013.0,28656.593267828066
亞東醫院,2026-04-30,29642.0,28549.199292033252
亞東醫院,2026-05-01,16378.0,15100.224237749231
亞東醫院,2026-05-02,16459.0,15724.912184878634
亞東醫院,2026-05-03,13606.0,13863.50832138138
亞東醫院,2026-05-04,28523.0,27373.313892516
亞東醫院,2026-05-05,29199.0,28956.515273283254
亞東醫院,2026-05-06,29424.0,29116.951447271505
亞東醫院,2026-05-07,29241.0,29397.004414798685
亞東醫院,2026-05-08,29512.0,29705.48409336198
亞東醫院,2026-05-09,19056.0,18164.594618595722
亞東醫院,2026-05-10,14198.0,15427.763205118303
亞東醫院,2026-05-11,27872.0,27604.67130136994
亞東醫院,2026-05-12,29044.0,28675.444952937254
亞東醫院,2026-05-13,28285.0,29034.984119576544
亞東醫院,2026-05-14,28345.0,28844.17694062731
亞東醫院,2026-05-15,29561.0,29507.783623856827
亞東醫院,2026-05-16,19088.0,18423.884434062096
亞東醫院,2026-05-17,14976.0,14243.54643005276
亞東醫院,2026-05-18,27730.0,27683.878568170665
亞東醫院,2026-05-19,28848.0,28581.324245653526
亞東醫院,2026-05-20,28724.0,28527.249814935512
亞東醫院,2026-05-21,28448.0,28716.04046646526
亞東醫院,2026-05-22,29205.0,29618.313652540688
亞東醫院,2026-05-23,19407.0,18465.91011251439
亞東醫院,2026-05-24,14846.0,15256.152716600212
亞東醫院,2026-05-25,28020.0,27351.239702195093
亞東醫院,2026-05-26,29069.0,28567.837344077994
亞東醫院,2026-05-27,28714.0,28580.833523711302
亞東醫院,2026-05-28,28592.0,28493.69340433015
亞東醫院,2026-05-29,28819.0,29494.061523969067
亞東醫院,2026-05-30,19155.0,18923.081133097297
亞東醫院,2026-05-31,14138.0,15202.901807210948
信義安和,2026-01-01,15693.0,13778.393560352899
信義安和,2026-01-02,21359.0,21536.099263865486
信義安和,2026-01-03,14675.0,15363.013148976086
信義安和,2026-01-04,11028.0,11616.775126235369
信義安和,2026-01-05,20261.0,20656.33061153578
信義安和,2026-01-06,21450.0,21713.741922789766
信義安和,2026-01-07,21372.0,22192.68980572575
信義安和,2026-01-08,21186.0,18972.93739330442
信義安和,2026-01-09,22724.0,21630.991478828462
信義安和,2026-01-10,15261.0,15185.566519869022
信義安和,2026-01-11,11396.0,11353.063988383805
信義安和,2026-01-12,20083.0,20056.875400128953
信義安和,2026-01-13,20980.0,21521.810186952574
信義安和,2026-01-14,21061.0,21941.73863693184
信義安和,2026-01-15,21086.0,21209.40768894994
信義安和,2026-01-16,22789.0,21885.8681306602
信義安和,2026-01-17,15940.0,14990.730950843024
信義安和,2026-01-18,11625.0,11438.23500356831
信義安和,2026-01-19,19885.0,19560.757760074455
信義安和,2026-01-20,21245.0,20974.31169110749
信義安和,2026-01-21,20763.0,21270.13124397867
信義安和,2026-01-22,21111.0,21146.022808597285
信義安和,2026-01-23,22524.0,22327.714955957166
信義安和,2026-01-24,15707.0,16135.622038054267
信義安和,2026-01-25,12150.0,11614.308251340448
信義安和,2026-01-26,19919.0,19662.11668883274
信義安和,2026-01-27,21108.0,20846.821612949152
信義安和,2026-01-28,20846.0,20834.794861549948
信義安和,2026-01-29,21393.0,21073.39910974909
信義安和,2026-01-30,22121.0,22531.624834800554
信義安和,2026-01-31,15143.0,15884.380867908494
信義安和,2026-02-01,11182.0,12086.744556381482
信義安和,2026-02-02,19965.0,19568.621655513933
信義安和,2026-02-03,21460.0,20870.280652450176
信義安和,2026-02-04,21816.0,21068.382408413367
信義安和,2026-02-05,22181.0,21803.98730455665
信義安和,2026-02-06,23494.0,22621.39409934538
信義安和,2026-02-07,16008.0,16096.244448223328
信義安和,2026-02-08,12181.0,11826.078457622716
信義安和,2026-02-09,20063.0,19929.98820896341
信義安和,2026-02-10,21904.0,21185.00382013768
信義安和,2026-02-11,21368.0,22062.406154046686
信義安和,2026-02-12,21447.0,21906.433830922222
信義安和,2026-02-13,20654.0,22187.203298426422
信義安和,2026-02-14,13346.0,15819.466727960147
信義安和,2026-02-15,9490.0,11315.302178005544
信義安和,2026-02-16,6607.0,8059.55648918438
信義安和,2026-02-17,7121.0,7760.613059204626
信義安和,2026-02-18,8350.0,8037.516843279512
信義安和,2026-02-19,9030.0,8341.714369335916
信義安和,2026-02-20,10247.0,9550.11214411143
信義安和,2026-02-21,11555.0,10415.743078450872
信義安和,2026-02-22,9982.0,10218.678956709233
信義安和,2026-02-23,19137.0,18132.50334059824
信義安和,2026-02-24,19891.0,19582.518725281825
信義安和,2026-02-25,20894.0,19849.64464153285
信義安和,2026-02-26,21580.0,20958.717403113893
信義安和,2026-02-27,14310.0,12094.440984478884
信義安和,2026-02-28,13654.0,11796.57650224612
信義安和,2026-03-01,10921.0,9861.239288055938
信義安和,2026-03-02,19793.0,19056.20564257414
信義安和,2026-03-03,21013.0,20001.721479959622
信義安和,2026-03-04,21275.0,20761.33868947665
信義安和,2026-03-05,21043.0,21485.659062080907
信義安和,2026-03-06,22625.0,17091.408472159896
信義安和,2026-03-07,15676.0,14356.72697414378
信義安和,2026-03-08,11779.0,11345.569390855515
信義安和,2026-03-09,20032.0,19638.408805855368
信義安和,2026-03-10,21026.0,20745.312469779947
信義安和,2026-03-11,21283.0,21247.9661112972
信義安和,2026-03-12,21306.0,21400.525290561993
信義安和,2026-03-13,22891.0,22024.044251783063
信義安和,2026-03-14,17109.0,15947.144213103158
信義安和,2026-03-15,12457.0,12337.7577878962
信義安和,2026-03-16,19821.0,20102.421959501018
信義安和,2026-03-17,20431.0,20878.136474638108
信義安和,2026-03-18,20955.0,21172.720795296624
信義安和,2026-03-19,20793.0,21374.161922836458
信義安和,2026-03-20,22856.0,22267.963353777785
信義安和,2026-03-21,16654.0,16978.132916187817
信義安和,2026-03-22,12658.0,12546.576995419884
信義安和,2026-03-23,20032.0,19678.59912774283
信義安和,2026-03-24,20567.0,20621.124748084992
信義安和,2026-03-25,21324.0,21030.837411170258
信義安和,2026-03-26,21139.0,21045.634643855094
信義安和,2026-03-27,22524.0,22499.45324585792
信義安和,2026-03-28,16043.0,16491.794925826634
信義安和,2026-03-29,11905.0,12451.492100660316
信義安和,2026-03-30,19751.0,19648.026333129346
信義安和,2026-03-31,20710.0,20318.83727909399
信義安和,2026-04-01,20836.0,21149.050527931773
信義安和,2026-04-02,21451.0,20971.819294152214
信義安和,2026-04-03,13131.0,11739.045507631106
信義安和,2026-04-04,11436.0,13249.011098656514
信義安和,2026-04-05,10565.0,10297.713586178868
信義安和,2026-04-06,9677.0,10331.08373657714
信義安和,2026-04-07,20421.0,19792.094765455407
信義安和,2026-04-08,20906.0,20927.479826728573
信義安和,2026-04-09,20828.0,21297.885415976365
信義安和,2026-04-10,22400.0,21411.017719077252
信義安和,2026-04-11,15801.0,15774.706863394675
信義安和,2026-04-12,11633.0,11638.790988512323
信義安和,2026-04-13,19610.0,19318.037171245203
信義安和,2026-04-14,20243.0,20268.732324335528
信義安和,2026-04-15,20950.0,20581.918985261804
信義安和,2026-04-16,21148.0,21100.05868047121
信義安和,2026-04-17,22194.0,21999.787499565067
信義安和,2026-04-18,15871.0,15819.853105315355
信義安和,2026-04-19,12046.0,12275.743868532303
信義安和,2026-04-20,19570.0,19545.21059387015
信義安和,2026-04-21,20222.0,20176.577379725946
信義安和,2026-04-22,20292.0,20536.006113644802
信義安和,2026-04-23,20750.0,20801.843569121032
信義安和,2026-04-24,22471.0,22092.024206839204
信義安和,2026-04-25,15507.0,16079.950051010614
信義安和,2026-04-26,12279.0,12258.251986282768
信義安和,2026-04-27,19949.0,19312.788772323
信義安和,2026-04-28,20623.0,20388.08678034429
信義安和,2026-04-29,21127.0,20739.261323096667
信義安和,2026-04-30,22581.0,20853.819056214485
信義安和,2026-05-01,14231.0,12536.945124513122
信義安和,2026-05-02,14191.0,13033.926307074784
信義安和,2026-05-03,11100.0,11659.822394270255
信義安和,2026-05-04,20582.0,19370.87469811153
信義安和,2026-05-05,21475.0,20781.56247848261
信義安和,2026-05-06,21333.0,21216.046198510907
信義安和,2026-05-07,21502.0,22054.10041753359
信義安和,2026-05-08,22515.0,21800.65505077553
信義安和,2026-05-09,15406.0,15591.233188675862
信義安和,2026-05-10,10756.0,12012.862266419583
信義安和,2026-05-11,19605.0,19783.495527522322
信義安和,2026-05-12,20658.0,20873.023779665597
信義安和,2026-05-13,21007.0,21297.058191278957
信義安和,2026-05-14,20783.0,21661.52151974674
信義安和,2026-05-15,22443.0,21982.786361824445
信義安和,2026-05-16,15928.0,15267.935827962383
信義安和,2026-05-17,12176.0,11237.95633598038
信義安和,2026-05-18,19658.0,19822.52255286487
信義安和,2026-05-19,20584.0,20736.42599176064
信義安和,2026-05-20,21132.0,21152.366658013827
信義安和,2026-05-21,21154.0,21089.75405173452
信義安和,2026-05-22,22043.0,22166.040143667222
信義安和,2026-05-23,15921.0,16099.449681528826
信義安和,2026-05-24,11606.0,11987.002294948901
信義安和,2026-05-25,19869.0,19351.473463930135
信義安和,2026-05-26,20373.0,20446.092668929916
信義安和,2026-05-27,21144.0,20931.81583121671
信義安和,2026-05-28,20868.0,21139.13885708843
信義安和,2026-05-29,22341.0,22032.138584793225
信義安和,2026-05-30,16059.0,16291.250732461705
信義安和,2026-05-31,11505.0,12043.532530738126
先嗇宮,2026-01-01,1983.0,4244.419451220064
先嗇宮,2026-01-02,5669.0,5399.713007660367
先嗇宮,2026-01-03,2584.0,2863.4325447348197
先嗇宮,2026-01-04,2258.0,2303.919250997526
先嗇宮,2026-01-05,5875.0,5630.14145007846
先嗇宮,2026-01-06,5944.0,5930.162171149757
先嗇宮,2026-01-07,6062.0,6194.126105341564
先嗇宮,2026-01-08,5911.0,4186.093192557857
先嗇宮,2026-01-09,6288.0,5830.0782935980105
先嗇宮,2026-01-10,2898.0,2819.3848423141476
先嗇宮,2026-01-11,2278.0,2352.914020331605
先嗇宮,2026-01-12,5800.0,5725.088327099043
先嗇宮,2026-01-13,6040.0,5862.269296239162
先嗇宮,2026-01-14,5961.0,6093.468886158633
先嗇宮,2026-01-15,6024.0,5866.794638982633
先嗇宮,2026-01-16,6014.0,6124.627930838272
先嗇宮,2026-01-17,2994.0,2837.6068184979804
先嗇宮,2026-01-18,2401.0,2339.6912847919766
先嗇宮,2026-01-19,5838.0,5736.979795437078
先嗇宮,2026-01-20,6154.0,5916.095073707382
先嗇宮,2026-01-21,6071.0,5967.346303960411
先嗇宮,2026-01-22,5993.0,5994.223183831323
先嗇宮,2026-01-23,6053.0,6057.15200236511
先嗇宮,2026-01-24,3006.0,2881.402154114131
先嗇宮,2026-01-25,2470.0,2367.0933305920676
先嗇宮,2026-01-26,5657.0,5727.275282629625
先嗇宮,2026-01-27,5967.0,5893.164879993211
先嗇宮,2026-01-28,5879.0,6005.437164121758
先嗇宮,2026-01-29,6002.0,5905.896216280957
先嗇宮,2026-01-30,5946.0,6038.908984392158
先嗇宮,2026-01-31,3123.0,2919.8483195452122
先嗇宮,2026-02-01,2515.0,2639.77271112469
先嗇宮,2026-02-02,5699.0,5662.275888725065
先嗇宮,2026-02-03,5917.0,5841.349651668589
先嗇宮,2026-02-04,6135.0,5857.091420944839
先嗇宮,2026-02-05,5925.0,6024.873771028035
先嗇宮,2026-02-06,6113.0,5944.1581918878055
先嗇宮,2026-02-07,3036.0,3040.4540411894036
先嗇宮,2026-02-08,2527.0,2544.6181907392584
先嗇宮,2026-02-09,5735.0,5636.772956417808
先嗇宮,2026-02-10,5914.0,5852.735973483359
先嗇宮,2026-02-11,5858.0,5985.8607811945685
先嗇宮,2026-02-12,5740.0,5865.1251105028605
先嗇宮,2026-02-13,5466.0,5995.68630358068
先嗇宮,2026-02-14,2351.0,3021.902609397683
先嗇宮,2026-02-15,1875.0,2239.5478295625926
先嗇宮,2026-02-16,1263.0,1976.0495703240124
先嗇宮,2026-02-17,1922.0,1862.671349089093
先嗇宮,2026-02-18,1895.0,2157.6463927452983
先嗇宮,2026-02-19,2020.0,1851.8102109382705
先嗇宮,2026-02-20,2099.0,2105.937126277117
先嗇宮,2026-02-21,2480.0,2165.3484761028453
先嗇宮,2026-02-22,2105.0,2500.739568390216
先嗇宮,2026-02-23,5694.0,3730.8558192511646
先嗇宮,2026-02-24,5916.0,5679.755452231016
先嗇宮,2026-02-25,6191.0,5794.076200666063
先嗇宮,2026-02-26,6194.0,6108.551173105516
先嗇宮,2026-02-27,2821.0,4157.381103847964
先嗇宮,2026-02-28,3059.0,2398.8145944541793
先嗇宮,2026-03-01,2317.0,2141.2172133118006
先嗇宮,2026-03-02,5852.0,5429.502265896642
先嗇宮,2026-03-03,5816.0,5623.856156483909
先嗇宮,2026-03-04,6203.0,5949.071298950592
先嗇宮,2026-03-05,6093.0,6090.901114718359
先嗇宮,2026-03-06,6278.0,3981.7494129340157
先嗇宮,2026-03-07,3363.0,2833.538600699496
先嗇宮,2026-03-08,2781.0,2402.8311063668443
先嗇宮,2026-03-09,5841.0,5645.535484093821
先嗇宮,2026-03-10,6080.0,5817.686429161736
先嗇宮,2026-03-11,6256.0,6093.642302443072
先嗇宮,2026-03-12,6108.0,6179.159097421371
先嗇宮,2026-03-13,6349.0,6176.263294131335
先嗇宮,2026-03-14,3120.0,3401.0480244494092
先嗇宮,2026-03-15,2581.0,2613.0062872962667
先嗇宮,2026-03-16,5837.0,5711.186895398922
先嗇宮,2026-03-17,5961.0,5947.210376811599
先嗇宮,2026-03-18,6033.0,6014.33231029281
先嗇宮,2026-03-19,6026.0,6062.153491339114
先嗇宮,2026-03-20,6113.0,6122.6272023828315
先嗇宮,2026-03-21,3019.0,3247.913442094167
先嗇宮,2026-03-22,2699.0,2657.9441625527593
先嗇宮,2026-03-23,5889.0,5708.547141446734
先嗇宮,2026-03-24,5956.0,5881.089187477971
先嗇宮,2026-03-25,6098.0,6054.810387363527
先嗇宮,2026-03-26,5905.0,5991.198040537955
先嗇宮,2026-03-27,5948.0,6107.865306541326
先嗇宮,2026-03-28,2813.0,2970.2126695199845
先嗇宮,2026-03-29,2471.0,2515.2292769614287
先嗇宮,2026-03-30,5698.0,5706.3420673293995
先嗇宮,2026-03-31,5926.0,5834.216259655248
先嗇宮,2026-04-01,5953.0,5996.834285624233
先嗇宮,2026-04-02,5721.0,5949.905339162645
先嗇宮,2026-04-03,2396.0,2899.923068273775
先嗇宮,2026-04-04,2157.0,2362.7064237732516
先嗇宮,2026-04-05,2027.0,2199.0122719515034
先嗇宮,2026-04-06,2033.0,1965.5440099292703
先嗇宮,2026-04-07,5869.0,5544.622968645189
先嗇宮,2026-04-08,6032.0,5847.623564541664
先嗇宮,2026-04-09,5975.0,5961.981962404699
先嗇宮,2026-04-10,6021.0,5881.951539245699
先嗇宮,2026-04-11,3041.0,2613.519354528642
先嗇宮,2026-04-12,2361.0,2389.4478323440967
先嗇宮,2026-04-13,5743.0,5446.312056119692
先嗇宮,2026-04-14,5851.0,5826.581760645275
先嗇宮,2026-04-15,5981.0,5932.615876808723
先嗇宮,2026-04-16,5933.0,5969.324935538921
先嗇宮,2026-04-17,5991.0,5873.201545066345
先嗇宮,2026-04-18,2984.0,2767.0347869745774
先嗇宮,2026-04-19,2386.0,2267.0657095188394
先嗇宮,2026-04-20,5716.0,5639.412091720397
先嗇宮,2026-04-21,5827.0,5790.841780511429
先嗇宮,2026-04-22,6023.0,5886.2002452086845
先嗇宮,2026-04-23,6070.0,6005.81908974223
先嗇宮,2026-04-24,6014.0,5983.13182679737
先嗇宮,2026-04-25,2794.0,2939.02350732176
先嗇宮,2026-04-26,2561.0,2297.0687917632777
先嗇宮,2026-04-27,5770.0,5707.7253485490855
先嗇宮,2026-04-28,5907.0,5822.251638097612
先嗇宮,2026-04-29,5953.0,5953.2559160396195
先嗇宮,2026-04-30,6115.0,6005.4970008969085
先嗇宮,2026-05-01,2886.0,2648.0142004803492
先嗇宮,2026-05-02,2735.0,2584.5960794726543
先嗇宮,2026-05-03,2350.0,2387.894722576658
先嗇宮,2026-05-04,5832.0,5616.5845941224225
先嗇宮,2026-05-05,5952.0,5875.827616314258
先嗇宮,2026-05-06,6098.0,5947.169883735676
先嗇宮,2026-05-07,5948.0,6099.056528376551
先嗇宮,2026-05-08,6030.0,5961.096329554345
先嗇宮,2026-05-09,2918.0,2771.2023362388677
先嗇宮,2026-05-10,2265.0,2472.0854417017144
先嗇宮,2026-05-11,5856.0,5676.898734446652
先嗇宮,2026-05-12,5892.0,5930.939018834894
先嗇宮,2026-05-13,5962.0,5944.307894547176
先嗇宮,2026-05-14,5941.0,5910.980687400447
先嗇宮,2026-05-15,6021.0,5911.131386233592
先嗇宮,2026-05-16,2860.0,2855.3662881584655
先嗇宮,2026-05-17,2418.0,2367.493341836798
先嗇宮,2026-05-18,5677.0,5712.661286946658
先嗇宮,2026-05-19,5811.0,5792.941452111999
先嗇宮,2026-05-20,5990.0,5861.659236542465
先嗇宮,2026-05-21,5800.0,5979.940272902824
先嗇宮,2026-05-22,5865.0,5951.529105421685
先嗇宮,2026-05-23,2901.0,2877.227792245207
先嗇宮,2026-05-24,2535.0,2379.715556775986
先嗇宮,2026-05-25,5738.0,5668.126633545503
先嗇宮,2026-05-26,5760.0,5836.854501418931
先嗇宮,2026-05-27,5841.0,5895.565735386376
先嗇宮,2026-05-28,5816.0,5873.845112202497
先嗇宮,2026-05-29,5980.0,5898.18660012217
先嗇宮,2026-05-30,2961.0,2898.8141377024385
先嗇宮,2026-05-31,2358.0,2465.795980333436
內湖,2026-01-01,6955.0,7767.004454309678
內湖,2026-01-02,10471.0,10990.266929186075
內湖,2026-01-03,8980.0,8794.632178391514
內湖,2026-01-04,7764.0,7438.896130033365
內湖,2026-01-05,10244.0,10270.513599372245
內湖,2026-01-06,10432.0,10819.715920672581
內湖,2026-01-07,10547.0,10989.014859462466
內湖,2026-01-08,10670.0,9931.293714237529
內湖,2026-01-09,11530.0,11015.848975621106
內湖,2026-01-10,9600.0,9177.12609023769
內湖,2026-01-11,7753.0,7984.770269991057
內湖,2026-01-12,10015.0,10262.248347545257
內湖,2026-01-13,10496.0,10470.069624780748
內湖,2026-01-14,10715.0,10904.525024444538
內湖,2026-01-15,10717.0,10800.750911674499
內湖,2026-01-16,11490.0,10959.825565929357
內湖,2026-01-17,9992.0,9279.746305293971
內湖,2026-01-18,8031.0,7965.126508268908
內湖,2026-01-19,10165.0,10090.124855558384
內湖,2026-01-20,11230.0,10495.648746573603
內湖,2026-01-21,10587.0,10982.199032012364
內湖,2026-01-22,10546.0,10813.828690736013
內湖,2026-01-23,11446.0,11127.318102681576
內湖,2026-01-24,9260.0,9683.338007746208
內湖,2026-01-25,8310.0,7647.4280220312885
內湖,2026-01-26,10255.0,10241.48970122654
內湖,2026-01-27,10717.0,10669.215602019987
內湖,2026-01-28,10704.0,10696.02429674193
內湖,2026-01-29,11041.0,10621.829319568033
內湖,2026-01-30,11601.0,11660.765878721908
內湖,2026-01-31,9616.0,9195.053104164284
內湖,2026-02-01,7562.0,8038.810020310314
內湖,2026-02-02,10020.0,10270.489373550274
內湖,2026-02-03,10516.0,10659.00795698817
內湖,2026-02-04,10758.0,10762.36066668083
內湖,2026-02-05,11078.0,10883.367255646035
內湖,2026-02-06,11409.0,11545.21609396523
內湖,2026-02-07,9524.0,9396.68992398207
內湖,2026-02-08,7714.0,7862.161711354762
內湖,2026-02-09,10010.0,10182.795798304625
內湖,2026-02-10,10901.0,10539.921978583629
內湖,2026-02-11,10767.0,10928.591250464939
內湖,2026-02-12,10906.0,10965.504017691926
內湖,2026-02-13,10976.0,11388.33645372543
內湖,2026-02-14,8117.0,9209.460782743963
內湖,2026-02-15,6364.0,7080.215316647133
內湖,2026-02-16,4697.0,5957.6916110806405
內湖,2026-02-17,5935.0,4570.363851981625
內湖,2026-02-18,6374.0,5382.978492337943
內湖,2026-02-19,7002.0,5998.749083687109
內湖,2026-02-20,7251.0,6997.37327502192
內湖,2026-02-21,8248.0,6971.077776769585
內湖,2026-02-22,7287.0,7018.2552304308765
內湖,2026-02-23,10070.0,9288.0331304401
內湖,2026-02-24,10614.0,10426.247476930606
內湖,2026-02-25,10892.0,10697.003078175097
內湖,2026-02-26,11506.0,10885.190683843832
內湖,2026-02-27,9678.0,7859.242223690348
內湖,2026-02-28,9079.0,8035.292803922115
內湖,2026-03-01,7536.0,7040.537616444168
內湖,2026-03-02,10559.0,10064.714748531596
內湖,2026-03-03,11470.0,10798.490079615125
內湖,2026-03-04,10933.0,11102.197627390771
內湖,2026-03-05,10965.0,11365.269507057877
內湖,2026-03-06,11388.0,10808.38137805502
內湖,2026-03-07,9975.0,9069.172162312363
內湖,2026-03-08,8194.0,7704.510135027572
內湖,2026-03-09,10357.0,10264.641737443648
內湖,2026-03-10,10690.0,10972.145455326265
內湖,2026-03-11,11301.0,10898.325834661984
內湖,2026-03-12,11154.0,11012.488093949654
內湖,2026-03-13,11846.0,11373.90471068595
內湖,2026-03-14,10356.0,9323.223751521627
內湖,2026-03-15,8527.0,8286.029866460853
內湖,2026-03-16,10443.0,10086.289009754195
內湖,2026-03-17,10738.0,10829.8219869325
內湖,2026-03-18,11142.0,11046.47701724199
內湖,2026-03-19,10891.0,11175.9262076976
內湖,2026-03-20,11694.0,11293.8706861723
內湖,2026-03-21,10187.0,10096.376831626487
內湖,2026-03-22,8200.0,8376.536471271918
內湖,2026-03-23,10259.0,10255.610964581876
內湖,2026-03-24,10847.0,10770.970647782837
內湖,2026-03-25,10991.0,11060.039659787308
內湖,2026-03-26,11036.0,10996.186945930916
內湖,2026-03-27,11333.0,11519.485545257992
內湖,2026-03-28,9498.0,9981.253299538861
內湖,2026-03-29,7888.0,7902.90741679345
內湖,2026-03-30,10278.0,10280.258212495568
內湖,2026-03-31,10580.0,10781.077564921457
內湖,2026-04-01,10678.0,10924.681132344625
內湖,2026-04-02,11701.0,10902.145250627127
內湖,2026-04-03,8392.0,8558.795872414732
內湖,2026-04-04,7574.0,7992.286961047451
內湖,2026-04-05,7333.0,6915.198804478562
內湖,2026-04-06,6804.0,6983.1793318587
內湖,2026-04-07,10376.0,10536.33682371208
內湖,2026-04-08,10942.0,10692.380402228873
內湖,2026-04-09,10915.0,11219.975731149181
內湖,2026-04-10,11453.0,11362.624862153587
內湖,2026-04-11,9685.0,9074.068755751332
內湖,2026-04-12,8033.0,7851.4617981301235
內湖,2026-04-13,10165.0,9916.474263657099
內湖,2026-04-14,10519.0,10386.08505449285
內湖,2026-04-15,10635.0,10753.886683858216
內湖,2026-04-16,10602.0,10916.770598677891
內湖,2026-04-17,11229.0,11187.922492255224
內湖,2026-04-18,11112.0,9709.607581458089
內湖,2026-04-19,8892.0,8446.617342192121
內湖,2026-04-20,9984.0,10086.650743467158
內湖,2026-04-21,10634.0,10413.4715236515
內湖,2026-04-22,10650.0,10854.95091742413
內湖,2026-04-23,10753.0,10765.991137109902
內湖,2026-04-24,11581.0,11277.59324862754
內湖,2026-04-25,9364.0,10050.305511127815
內湖,2026-04-26,8282.0,8104.597118093039
內湖,2026-04-27,10288.0,9998.42751657898
內湖,2026-04-28,10664.0,10559.702684487762
內湖,2026-04-29,10900.0,10627.12176658935
內湖,2026-04-30,11634.0,10841.44275553116
內湖,2026-05-01,9165.0,8270.828561105387
內湖,2026-05-02,8923.0,8528.978256623737
內湖,2026-05-03,7368.0,7609.429212349199
內湖,2026-05-04,10417.0,10132.070390513427
內湖,2026-05-05,10824.0,10672.179709235666
內湖,2026-05-06,11189.0,10865.74115003976
內湖,2026-05-07,11173.0,11234.360935497842
內湖,2026-05-08,11548.0,11236.932893180368
內湖,2026-05-09,9502.0,9368.888058558705
內湖,2026-05-10,7632.0,7889.2975275308945
內湖,2026-05-11,10116.0,10255.327389893522
內湖,2026-05-12,10642.0,10682.43867812824
內湖,2026-05-13,10688.0,10868.81740754923
內湖,2026-05-14,10665.0,10829.035687348707
內湖,2026-05-15,11488.0,11076.28894647929
內湖,2026-05-16,9664.0,9238.025064140911
內湖,2026-05-17,8217.0,7681.285505273234
內湖,2026-05-18,10262.0,10208.611722730238
內湖,2026-05-19,10617.0,10650.926254251839
內湖,2026-05-20,10833.0,10890.0541772262
內湖,2026-05-21,10723.0,10876.097205731998
內湖,2026-05-22,11389.0,11269.59691264193
內湖,2026-05-23,9850.0,9529.600751085638
內湖,2026-05-24,7706.0,7682.806215236447
內湖,2026-05-25,10045.0,10168.699917223648
內湖,2026-05-26,10584.0,10542.669105397848
內湖,2026-05-27,10987.0,10809.718481741025
內湖,2026-05-28,10538.0,10912.858843475804
內湖,2026-05-29,11212.0,11170.727861365425
內湖,2026-05-30,9481.0,9626.859298133242
內湖,2026-05-31,8003.0,7866.600345767524
公館,2026-01-01,17329.0,20613.05538426965
公館,2026-01-02,24167.0,27998.175045555763
公館,2026-01-03,23362.0,23475.77881081221
公館,2026-01-04,19770.0,20697.91619133046
公館,2026-01-05,22842.0,24651.025571951286
公館,2026-01-06,23718.0,24643.33318256344
公館,2026-01-07,24622.0,27626.718549381763
公館,2026-01-08,24546.0,26130.68118039325
公館,2026-01-09,26887.0,26142.898228930506
公館,2026-01-10,23427.0,23388.493704412693
公館,2026-01-11,19972.0,19311.399415771128
公館,2026-01-12,22856.0,23651.87172634481
公館,2026-01-13,24436.0,24426.070190952934
公館,2026-01-14,24544.0,25534.200333587956
公館,2026-01-15,24338.0,24958.937222319593
公館,2026-01-16,26742.0,26027.3197381077
公館,2026-01-17,22828.0,23052.266468071342
公館,2026-01-18,19684.0,18717.843321304266
公館,2026-01-19,23151.0,22951.578117973062
公館,2026-01-20,24636.0,24192.10848215291
公館,2026-01-21,24310.0,25048.809867403088
公館,2026-01-22,24109.0,24929.91226839585
公館,2026-01-23,26656.0,26422.123201837654
公館,2026-01-24,24282.0,22578.172583119624
公館,2026-01-25,22678.0,19213.268931947678
公館,2026-01-26,24229.0,23210.282890085295
公館,2026-01-27,25638.0,24965.058604805527
公館,2026-01-28,25759.0,25645.19135797481
公館,2026-01-29,25723.0,26209.52719862544
公館,2026-01-30,26803.0,27390.676557856557
公館,2026-01-31,23379.0,22556.36084172249
公館,2026-02-01,23404.0,19868.803896807305
公館,2026-02-02,24951.0,24073.911571407865
公館,2026-02-03,27732.0,25476.167714990912
公館,2026-02-04,26027.0,27888.09578682673
公館,2026-02-05,25462.0,26427.122973906713
公館,2026-02-06,29653.0,27033.235539241872
公館,2026-02-07,25934.0,23679.29360044773
公館,2026-02-08,20494.0,22576.99452437654
公館,2026-02-09,23043.0,24727.65360368029
公館,2026-02-10,24402.0,26015.791835228807
公館,2026-02-11,24467.0,25374.028027990185
公館,2026-02-12,22653.0,25011.329427095236
公館,2026-02-13,22149.0,26837.23569004933
公館,2026-02-14,16981.0,20938.76519791618
公館,2026-02-15,13240.0,16570.986990405145
公館,2026-02-16,7228.0,12708.583434601898
公館,2026-02-17,9231.0,10012.235726184763
公館,2026-02-18,10761.0,10301.412407944466
公館,2026-02-19,13226.0,11783.033127770754
公館,2026-02-20,14515.0,14375.683284316758
公館,2026-02-21,24253.0,14636.699989502833
公館,2026-02-22,22571.0,18542.05226961497
公館,2026-02-23,26839.0,22843.54005537106
公館,2026-02-24,28580.0,26730.02343291363
公館,2026-02-25,30015.0,28138.29973683573
公館,2026-02-26,32917.0,28152.363479374373
公館,2026-02-27,25509.0,17223.908267468476
公館,2026-02-28,22950.0,21647.637847715872
公館,2026-03-01,20320.0,19116.72803468628
公館,2026-03-02,27200.0,26957.33599371134
公館,2026-03-03,28770.0,28273.65656933554
公館,2026-03-04,29549.0,29408.037210016373
公館,2026-03-05,30578.0,30662.58168145958
公館,2026-03-06,34227.0,30225.50171897519
公館,2026-03-07,35029.0,27732.218624958634
公館,2026-03-08,24367.0,24141.55066958313
公館,2026-03-09,27236.0,26886.96321689449
公館,2026-03-10,28788.0,28397.11194073612
公館,2026-03-11,30878.0,29794.14240181721
公館,2026-03-12,30210.0,31140.91623329669
公館,2026-03-13,34277.0,33046.6545666116
公館,2026-03-14,37882.0,30032.824842416612
公館,2026-03-15,30346.0,27850.049442661373
公館,2026-03-16,27118.0,29377.522178938445
公館,2026-03-17,29131.0,28589.196163452714
公館,2026-03-18,29925.0,30313.098448540575
公館,2026-03-19,29870.0,30546.651924876354
公館,2026-03-20,34336.0,33281.82033342138
公館,2026-03-21,28120.0,32885.6734659166
公館,2026-03-22,24617.0,24281.33541391217
公館,2026-03-23,26258.0,27025.366931855013
公館,2026-03-24,28706.0,28447.693705055914
公館,2026-03-25,29885.0,29997.359877986695
公館,2026-03-26,29535.0,30201.25647881395
公館,2026-03-27,33452.0,32932.85093614572
公館,2026-03-28,26920.0,30831.630694094525
公館,2026-03-29,23374.0,24248.121510654037
公館,2026-03-30,27127.0,26313.88364379828
公館,2026-03-31,29384.0,28588.80983876025
公館,2026-04-01,29545.0,30259.904230434367
公館,2026-04-02,34343.0,29728.25137330783
公館,2026-04-03,21421.0,22937.638342481878
公館,2026-04-04,17420.0,21467.147059515573
公館,2026-04-05,18740.0,17370.838867225713
公館,2026-04-06,15202.0,16607.14480393759
公館,2026-04-07,27299.0,28090.94077940199
公館,2026-04-08,28515.0,28384.36472097908
公館,2026-04-09,28889.0,29151.863368604725
公館,2026-04-10,32442.0,31191.54401760994
公館,2026-04-11,27791.0,24077.908309481645
公館,2026-04-12,24971.0,22940.93198945703
公館,2026-04-13,25452.0,26501.578506401867
公館,2026-04-14,27377.0,27156.277766537332
公館,2026-04-15,27889.0,28802.838544742026
公館,2026-04-16,29057.0,29489.501592003926
公館,2026-04-17,32303.0,31482.00585490426
公館,2026-04-18,29023.0,27670.262637622327
公館,2026-04-19,25119.0,22322.037232323877
公館,2026-04-20,25730.0,26242.719803836597
公館,2026-04-21,27802.0,26911.914472290184
公館,2026-04-22,28931.0,27747.96861263232
公館,2026-04-23,28965.0,29298.95509141173
公館,2026-04-24,33605.0,31767.100836132522
公館,2026-04-25,28282.0,28790.931449952062
公館,2026-04-26,26199.0,24027.084049268233
公館,2026-04-27,26469.0,26214.1243966717
公館,2026-04-28,28454.0,27614.629808163198
公館,2026-04-29,29617.0,28890.995329871617
公館,2026-04-30,33137.0,29524.821295469217
公館,2026-05-01,24402.0,23289.012098381245
公館,2026-05-02,22888.0,24302.094307591065
公館,2026-05-03,19579.0,20081.77194944188
公館,2026-05-04,26780.0,25671.227443929354
公館,2026-05-05,28293.0,27876.685495925114
公館,2026-05-06,29632.0,28758.139349060537
公館,2026-05-07,29327.0,30570.98049150113
公館,2026-05-08,33202.0,31745.786559686418
公館,2026-05-09,26527.0,27820.82937417858
公館,2026-05-10,19348.0,22185.598085191137
公館,2026-05-11,26167.0,26162.49685491687
公館,2026-05-12,28347.0,28194.31030813326
公館,2026-05-13,28626.0,28978.568548930903
公館,2026-05-14,28498.0,29519.005354017238
公館,2026-05-15,33568.0,31031.547060505392
公館,2026-05-16,28891.0,27740.29506440635
公館,2026-05-17,24565.0,19678.278297361816
公館,2026-05-18,26278.0,26159.40097809554
公館,2026-05-19,28413.0,28179.563412954918
公館,2026-05-20,29325.0,29261.78997656175
公館,2026-05-21,29490.0,29521.47687143068
公館,2026-05-22,32791.0,32947.60568556307
公館,2026-05-23,30339.0,28614.720969144528
公館,2026-05-24,23410.0,23389.754545700293
公館,2026-05-25,26158.0,26056.31841298904
公館,2026-05-26,28101.0,28283.37186250755
公館,2026-05-27,29016.0,28782.923401892836
公館,2026-05-28,29158.0,29246.900078459767
公館,2026-05-29,32325.0,32877.114478511074
公館,2026-05-30,31705.0,29125.786460684463
公館,2026-05-31,23842.0,24083.81439857432
六張犁,2026-01-01,7117.0,7393.454037887492
六張犁,2026-01-02,11552.0,11831.604854703512
六張犁,2026-01-03,7624.0,7990.37098684023
六張犁,2026-01-04,6256.0,6388.438371448738
六張犁,2026-01-05,11426.0,11503.248849340254
六張犁,2026-01-06,11729.0,11914.063491247289
六張犁,2026-01-07,11680.0,11798.278988425787
六張犁,2026-01-08,11863.0,10194.184062156291
六張犁,2026-01-09,12393.0,11795.254825542333
六張犁,2026-01-10,8456.0,8138.857617323858
六張犁,2026-01-11,6581.0,6514.337439682104
六張犁,2026-01-12,11156.0,11340.740003008843
六張犁,2026-01-13,11839.0,11506.20770795981
六張犁,2026-01-14,11828.0,11310.880729739665
六張犁,2026-01-15,11840.0,11985.414161936957
六張犁,2026-01-16,12888.0,12197.004995931457
六張犁,2026-01-17,8817.0,8411.91357215805
六張犁,2026-01-18,7118.0,6775.402784139061
六張犁,2026-01-19,11633.0,11231.76717641492
六張犁,2026-01-20,11978.0,11862.570274767028
六張犁,2026-01-21,12014.0,12085.314180722957
六張犁,2026-01-22,12110.0,12088.973792623245
六張犁,2026-01-23,12687.0,12781.48897980163
六張犁,2026-01-24,7946.0,8316.70745721191
六張犁,2026-01-25,6827.0,6470.853346728839
六張犁,2026-01-26,10839.0,11439.430903472621
六張犁,2026-01-27,11374.0,11445.282871043533
六張犁,2026-01-28,11468.0,11572.285988123811
六張犁,2026-01-29,11577.0,11665.3328824247
六張犁,2026-01-30,12173.0,12045.367008541838
六張犁,2026-01-31,8053.0,8303.563841740239
六張犁,2026-02-01,6572.0,6760.130153167181
六張犁,2026-02-02,11097.0,11024.019204711094
六張犁,2026-02-03,11572.0,11390.024311643216
六張犁,2026-02-04,11734.0,11574.76237413854
六張犁,2026-02-05,11736.0,11615.740598743116
六張犁,2026-02-06,12181.0,12185.660204548918
六張犁,2026-02-07,8532.0,8055.131745687861
六張犁,2026-02-08,6677.0,6715.842113653558
六張犁,2026-02-09,11023.0,10940.43663362428
六張犁,2026-02-10,11741.0,11436.804289165475
六張犁,2026-02-11,11429.0,11741.384631052491
六張犁,2026-02-12,11626.0,11646.632038436788
六張犁,2026-02-13,10834.0,12122.118249837911
六張犁,2026-02-14,6749.0,8385.016303445062
六張犁,2026-02-15,5256.0,6065.2646709291585
六張犁,2026-02-16,4024.0,4550.087684542123
六張犁,2026-02-17,4296.0,4256.79590128364
六張犁,2026-02-18,4643.0,4641.571325272404
六張犁,2026-02-19,5155.0,4851.480165122669
六張犁,2026-02-20,5322.0,5207.880919412367
六張犁,2026-02-21,6069.0,5716.247337096299
六張犁,2026-02-22,5597.0,5655.570358878318
六張犁,2026-02-23,10711.0,9904.226205794303
六張犁,2026-02-24,11414.0,10943.979600187411
六張犁,2026-02-25,11994.0,11561.456825017034
六張犁,2026-02-26,12277.0,12009.650779748023
六張犁,2026-02-27,7599.0,6631.24190403542
六張犁,2026-02-28,7342.0,6259.35848993032
六張犁,2026-03-01,5992.0,5527.716164462615
六張犁,2026-03-02,11605.0,10410.21171025749
六張犁,2026-03-03,11791.0,11754.743989753697
六張犁,2026-03-04,11981.0,11963.34237544603
六張犁,2026-03-05,12093.0,12194.22818782636
六張犁,2026-03-06,12548.0,10906.089579905201
六張犁,2026-03-07,8356.0,7337.148575841353
六張犁,2026-03-08,6588.0,6064.6342010252665
六張犁,2026-03-09,11548.0,11546.802677848678
六張犁,2026-03-10,12072.0,11930.610446435674
六張犁,2026-03-11,12434.0,12020.058007893136
六張犁,2026-03-12,12260.0,12252.716737182993
六張犁,2026-03-13,12752.0,12673.64117151957
六張犁,2026-03-14,8927.0,8223.295810704803
六張犁,2026-03-15,6816.0,6714.819821978545
六張犁,2026-03-16,11388.0,11597.713207344857
六張犁,2026-03-17,11932.0,11824.851988107448
六張犁,2026-03-18,12092.0,12202.12047506045
六張犁,2026-03-19,12052.0,12137.434070197785
六張犁,2026-03-20,12576.0,12715.075547243056
六張犁,2026-03-21,8679.0,8469.24405606964
六張犁,2026-03-22,6878.0,6877.118631527238
六張犁,2026-03-23,11201.0,11380.637688259298
六張犁,2026-03-24,11946.0,11714.935967343503
六張犁,2026-03-25,12244.0,12157.713232084941
六張犁,2026-03-26,12143.0,12143.076638610419
六張犁,2026-03-27,12684.0,12671.532097994848
六張犁,2026-03-28,8819.0,8444.267303616869
六張犁,2026-03-29,6762.0,6962.795491545762
六張犁,2026-03-30,11581.0,11252.886352603053
六張犁,2026-03-31,11834.0,11723.44092113851
六張犁,2026-04-01,11759.0,12027.30970700759
六張犁,2026-04-02,12106.0,11942.274980933387
六張犁,2026-04-03,7118.0,7190.975785251145
六張犁,2026-04-04,6236.0,7306.816297200162
六張犁,2026-04-05,6115.0,5761.761917976276
六張犁,2026-04-06,5497.0,5763.979319050691
六張犁,2026-04-07,11674.0,11134.778291269504
六張犁,2026-04-08,11978.0,11651.802366922888
六張犁,2026-04-09,11912.0,11907.055671526346
六張犁,2026-04-10,12286.0,12456.34459384162
六張犁,2026-04-11,8353.0,8347.856638613679
六張犁,2026-04-12,6438.0,6615.393088615388
六張犁,2026-04-13,11032.0,11085.251309087653
六張犁,2026-04-14,11657.0,11539.535371231468
六張犁,2026-04-15,11590.0,11642.25648923886
六張犁,2026-04-16,11712.0,11571.039750118924
六張犁,2026-04-17,12199.0,12070.946662825789
六張犁,2026-04-18,8149.0,8141.896911346626
六張犁,2026-04-19,6275.0,6372.3109946318355
六張犁,2026-04-20,11084.0,10849.731604967084
六張犁,2026-04-21,11496.0,11506.793172525278
六張犁,2026-04-22,11703.0,11531.40627612389
六張犁,2026-04-23,11763.0,11587.586170837385
六張犁,2026-04-24,12521.0,12145.327172966967
六張犁,2026-04-25,8022.0,8094.798120884337
六張犁,2026-04-26,6865.0,6381.640863159175
六張犁,2026-04-27,11314.0,10906.278814293004
六張犁,2026-04-28,12076.0,11545.477289428549
六張犁,2026-04-29,11890.0,12004.06905614157
六張犁,2026-04-30,12623.0,11924.336831385488
六張犁,2026-05-01,7306.0,7023.659638636865
六張犁,2026-05-02,7279.0,6837.242594929024
六張犁,2026-05-03,6057.0,6122.72209870447
六張犁,2026-05-04,11466.0,11061.387713693717
六張犁,2026-05-05,12123.0,11775.031995100493
六張犁,2026-05-06,11949.0,11906.061433227149
六張犁,2026-05-07,11839.0,12171.635996567553
六張犁,2026-05-08,12124.0,12336.997488748513
六張犁,2026-05-09,7909.0,7841.482061217379
六張犁,2026-05-10,6060.0,6427.611874724649
六張犁,2026-05-11,11212.0,11326.182272577687
六張犁,2026-05-12,11709.0,11887.03701864989
六張犁,2026-05-13,11987.0,11704.021566655178
六張犁,2026-05-14,11807.0,11988.662312089049
六張犁,2026-05-15,12323.0,12045.715363569765
六張犁,2026-05-16,8775.0,7897.4288734138745
六張犁,2026-05-17,6949.0,6496.340475817185
六張犁,2026-05-18,11122.0,11279.941216597816
六張犁,2026-05-19,11342.0,11517.021558306633
六張犁,2026-05-20,11722.0,11608.33332502927
六張犁,2026-05-21,11741.0,11781.851649593775
六張犁,2026-05-22,12000.0,12184.692094034797
六張犁,2026-05-23,8285.0,8298.006771315175
六張犁,2026-05-24,6445.0,6719.334879607684
六張犁,2026-05-25,10888.0,11103.08652648192
六張犁,2026-05-26,11275.0,11264.210446374824
六張犁,2026-05-27,11588.0,11407.986523644933
六張犁,2026-05-28,11307.0,11592.06947835244
六張犁,2026-05-29,11956.0,11835.436912930532
六張犁,2026-05-30,7900.0,8315.685716642276
六張犁,2026-05-31,6214.0,6375.75474080463
劍南路,2026-01-01,10421.0,10044.157385882436
劍南路,2026-01-02,11668.0,13844.811246129146
劍南路,2026-01-03,10260.0,10689.534093573027
劍南路,2026-01-04,8929.0,9870.352645332381
劍南路,2026-01-05,11041.0,11752.395822845509
劍南路,2026-01-06,11741.0,11969.555891766133
劍南路,2026-01-07,11255.0,13505.950425409643
劍南路,2026-01-08,11589.0,11477.552707621113
劍南路,2026-01-09,13669.0,12405.086748738016
劍南路,2026-01-10,12312.0,10678.333000585879
劍南路,2026-01-11,8850.0,10717.159696819946
劍南路,2026-01-12,11039.0,11205.84557443809
劍南路,2026-01-13,12063.0,11681.34666432886
劍南路,2026-01-14,11986.0,13331.330453677108
劍南路,2026-01-15,13064.0,11744.54014183238
劍南路,2026-01-16,13782.0,13659.499881086782
劍南路,2026-01-17,11969.0,11477.055298407364
劍南路,2026-01-18,9004.0,9132.800214011872
劍南路,2026-01-19,11491.0,10621.746776749933
劍南路,2026-01-20,12638.0,11962.066033229798
劍南路,2026-01-21,12092.0,12767.246814323213
劍南路,2026-01-22,12892.0,12674.566129896106
劍南路,2026-01-23,14550.0,13616.357488451908
劍南路,2026-01-24,11791.0,12043.013284196548
劍南路,2026-01-25,9789.0,9494.459684913396
劍南路,2026-01-26,11928.0,11359.669199244112
劍南路,2026-01-27,12126.0,12311.441169947344
劍南路,2026-01-28,12454.0,12294.297918678072
劍南路,2026-01-29,12939.0,12844.906209124996
劍南路,2026-01-30,14431.0,14040.448184974553
劍南路,2026-01-31,13205.0,11066.605150994434
劍南路,2026-02-01,10009.0,9547.886946081422
劍南路,2026-02-02,11816.0,11809.649228637112
劍南路,2026-02-03,13353.0,12242.047865409251
劍南路,2026-02-04,13292.0,13185.349486926416
劍南路,2026-02-05,12641.0,13306.198363067735
劍南路,2026-02-06,14942.0,14137.264859525005
劍南路,2026-02-07,11329.0,12577.405136262429
劍南路,2026-02-08,9502.0,9775.249187238884
劍南路,2026-02-09,11784.0,11671.093422026845
劍南路,2026-02-10,13075.0,12686.33899712815
劍南路,2026-02-11,12921.0,13133.232230561556
劍南路,2026-02-12,12930.0,12894.097954017661
劍南路,2026-02-13,12163.0,14367.906966924518
劍南路,2026-02-14,8557.0,10878.287895672715
劍南路,2026-02-15,6848.0,8058.4266019294455
劍南路,2026-02-16,5185.0,7297.985911821991
劍南路,2026-02-17,7101.0,6147.36168884475
劍南路,2026-02-18,7277.0,6861.6384230929
劍南路,2026-02-19,8337.0,7087.901814061624
劍南路,2026-02-20,8522.0,8604.505878349826
劍南路,2026-02-21,8811.0,8318.535385340023
劍南路,2026-02-22,8027.0,7677.307890816967
劍南路,2026-02-23,11138.0,11176.106323107448
劍南路,2026-02-24,11811.0,11507.752524058058
劍南路,2026-02-25,11285.0,12005.105661133546
劍南路,2026-02-26,12714.0,11715.854609125341
劍南路,2026-02-27,9289.0,9769.74123908125
劍南路,2026-02-28,10493.0,8149.849471690364
劍南路,2026-03-01,8509.0,8352.395296643674
劍南路,2026-03-02,11404.0,11206.130397575034
劍南路,2026-03-03,11661.0,11533.690475669498
劍南路,2026-03-04,11643.0,11606.082831016096
劍南路,2026-03-05,12019.0,12161.166525197288
劍南路,2026-03-06,13318.0,12006.43316828134
劍南路,2026-03-07,10890.0,10485.22804758864
劍南路,2026-03-08,8851.0,8608.2222816222
劍南路,2026-03-09,10989.0,11142.869948904856
劍南路,2026-03-10,11793.0,11419.686317656879
劍南路,2026-03-11,12431.0,11800.985926063411
劍南路,2026-03-12,12226.0,12486.01021243889
劍南路,2026-03-13,13687.0,13069.49367150669
劍南路,2026-03-14,12155.0,10861.655967851482
劍南路,2026-03-15,10624.0,9071.526742259955
劍南路,2026-03-16,11145.0,11089.220555519049
劍南路,2026-03-17,11680.0,11456.806681426786
劍南路,2026-03-18,11980.0,12063.741173008862
劍南路,2026-03-19,11936.0,12088.041554718278
劍南路,2026-03-20,14046.0,13365.445810142424
劍南路,2026-03-21,16629.0,12194.975977112857
劍南路,2026-03-22,10032.0,11228.12542053392
劍南路,2026-03-23,11314.0,11065.871797813294
劍南路,2026-03-24,11966.0,11413.764623197629
劍南路,2026-03-25,11787.0,12299.555066026891
劍南路,2026-03-26,12287.0,12087.971304627934
劍南路,2026-03-27,13059.0,13595.514704024652
劍南路,2026-03-28,12529.0,12469.849713022977
劍南路,2026-03-29,9649.0,10880.199591439376
劍南路,2026-03-30,11697.0,11330.142857694633
劍南路,2026-03-31,12021.0,11990.878771538799
劍南路,2026-04-01,11115.0,12123.616058309051
劍南路,2026-04-02,12087.0,11761.757781706538
劍南路,2026-04-03,8694.0,8815.546591421135
劍南路,2026-04-04,8750.0,10011.972264421926
劍南路,2026-04-05,8433.0,8172.764380704673
劍南路,2026-04-06,7561.0,8812.07050095477
劍南路,2026-04-07,10669.0,11513.478983751542
劍南路,2026-04-08,11216.0,11070.797816067005
劍南路,2026-04-09,11584.0,11651.012208003054
劍南路,2026-04-10,12973.0,12737.062384782444
劍南路,2026-04-11,14977.0,10219.057083569192
劍南路,2026-04-12,9559.0,9959.44674525237
劍南路,2026-04-13,11201.0,11260.639244903487
劍南路,2026-04-14,11197.0,11562.544747169806
劍南路,2026-04-15,11384.0,11545.610618789586
劍南路,2026-04-16,11778.0,11635.04260383132
劍南路,2026-04-17,12419.0,12585.765764868303
劍南路,2026-04-18,11392.0,10080.428928596451
劍南路,2026-04-19,10706.0,9589.034552999285
劍南路,2026-04-20,10530.0,11248.28536515112
劍南路,2026-04-21,11184.0,11058.198914988765
劍南路,2026-04-22,11376.0,11354.762454351758
劍南路,2026-04-23,11362.0,11629.813345723373
劍南路,2026-04-24,12827.0,12493.39035491904
劍南路,2026-04-25,10972.0,11790.506283747927
劍南路,2026-04-26,10224.0,9634.555801625864
劍南路,2026-04-27,10856.0,10807.560107345096
劍南路,2026-04-28,11405.0,11331.428809706957
劍南路,2026-04-29,11233.0,11509.75764525833
劍南路,2026-04-30,12745.0,11332.233267237409
劍南路,2026-05-01,9871.0,9203.149202914505
劍南路,2026-05-02,10351.0,9335.753676964645
劍南路,2026-05-03,9066.0,9591.07361065477
劍南路,2026-05-04,10605.0,10728.771608155617
劍南路,2026-05-05,11215.0,11053.79367025606
劍南路,2026-05-06,11689.0,11406.453546799714
劍南路,2026-05-07,11808.0,12311.393511212616
劍南路,2026-05-08,12836.0,12736.757444858242
劍南路,2026-05-09,10609.0,10587.475974751687
劍南路,2026-05-10,8648.0,9464.263686655275
劍南路,2026-05-11,10577.0,10660.191631680958
劍南路,2026-05-12,10895.0,11198.710458824256
劍南路,2026-05-13,11216.0,11302.404698053584
劍南路,2026-05-14,11580.0,11819.700958093907
劍南路,2026-05-15,12977.0,12623.724333206712
劍南路,2026-05-16,11789.0,10771.892873454879
劍南路,2026-05-17,9966.0,9321.105053528987
劍南路,2026-05-18,11077.0,10716.89156212611
劍南路,2026-05-19,11212.0,11481.051400948178
劍南路,2026-05-20,11506.0,11345.237674275815
劍南路,2026-05-21,11032.0,11625.079516436264
劍南路,2026-05-22,12655.0,12713.709916164442
劍南路,2026-05-23,10957.0,11265.987170260067
劍南路,2026-05-24,9794.0,9365.106219649708
劍南路,2026-05-25,10484.0,10786.327669848513
劍南路,2026-05-26,11274.0,11030.821630778366
劍南路,2026-05-27,11335.0,11390.755396059
劍南路,2026-05-28,11549.0,11417.931857892625
劍南路,2026-05-29,12164.0,12590.079625146893
劍南路,2026-05-30,11709.0,10542.049060805508
劍南路,2026-05-31,8964.0,10022.60048078779
劍潭,2026-01-01,22716.0,34039.54581670724
劍潭,2026-01-02,29085.0,29938.05542596375
劍潭,2026-01-03,28528.0,26250.428809801022
劍潭,2026-01-04,24217.0,23240.45306118018
劍潭,2026-01-05,24388.0,27007.158179120666
劍潭,2026-01-06,25650.0,29215.151688246955
劍潭,2026-01-07,25799.0,30893.25699359965
劍潭,2026-01-08,26451.0,25581.846919142146
劍潭,2026-01-09,28752.0,27803.215317914062
劍潭,2026-01-10,28314.0,25959.200621561307
劍潭,2026-01-11,23326.0,23531.46240742535
劍潭,2026-01-12,23401.0,25344.858225590426
劍潭,2026-01-13,24818.0,25428.311124470576
劍潭,2026-01-14,25816.0,26783.773923598175
劍潭,2026-01-15,25154.0,26235.311385026158
劍潭,2026-01-16,29712.0,27058.06121881048
劍潭,2026-01-17,30652.0,26436.925340197082
劍潭,2026-01-18,25736.0,23560.53918743123
劍潭,2026-01-19,23370.0,25278.733750263007
劍潭,2026-01-20,25408.0,25244.293147824592
劍潭,2026-01-21,23743.0,25525.516076910826
劍潭,2026-01-22,23029.0,25162.39301526062
劍潭,2026-01-23,26760.0,27392.404160526065
劍潭,2026-01-24,27208.0,26609.99570117743
劍潭,2026-01-25,26044.0,23527.767217228906
劍潭,2026-01-26,24103.0,25111.40378631543
劍潭,2026-01-27,23756.0,25020.95975695044
劍潭,2026-01-28,25345.0,25021.36188236797
劍潭,2026-01-29,27079.0,25344.43697594195
劍潭,2026-01-30,28282.0,28999.654868754336
劍潭,2026-01-31,24864.0,26769.47739916775
劍潭,2026-02-01,19899.0,22346.3048359821
劍潭,2026-02-02,22763.0,23159.957966794635
劍潭,2026-02-03,25517.0,24381.237400302412
劍潭,2026-02-04,26558.0,25406.671033387083
劍潭,2026-02-05,26611.0,27513.41331309166
劍潭,2026-02-06,27218.0,27641.703698460136
劍潭,2026-02-07,24772.0,26405.37329369924
劍潭,2026-02-08,21197.0,21839.162721699566
劍潭,2026-02-09,22997.0,23736.274533601114
劍潭,2026-02-10,25317.0,24179.553667928463
劍潭,2026-02-11,23818.0,25653.74306832248
劍潭,2026-02-12,24779.0,26101.173303127838
劍潭,2026-02-13,25274.0,26626.771753076267
劍潭,2026-02-14,22008.0,23739.33928304757
劍潭,2026-02-15,18604.0,18640.98767292701
劍潭,2026-02-16,11992.0,17837.987374098535
劍潭,2026-02-17,19944.0,15022.032030883334
劍潭,2026-02-18,22722.0,20634.541936010704
劍潭,2026-02-19,27419.0,22266.121325415144
劍潭,2026-02-20,26001.0,24248.39507805564
劍潭,2026-02-21,26430.0,22934.83784579745
劍潭,2026-02-22,21092.0,21096.165525146473
劍潭,2026-02-23,23677.0,23027.719909353422
劍潭,2026-02-24,26418.0,24938.27911874636
劍潭,2026-02-25,26874.0,26072.18114544037
劍潭,2026-02-26,31695.0,27319.317175596458
劍潭,2026-02-27,26418.0,30427.848483094807
劍潭,2026-02-28,28596.0,23776.131170862205
劍潭,2026-03-01,21766.0,21926.4339230901
劍潭,2026-03-02,26434.0,23806.65927238753
劍潭,2026-03-03,26762.0,27006.852901128997
劍潭,2026-03-04,27500.0,27278.50289557997
劍潭,2026-03-05,29033.0,28895.73512425655
劍潭,2026-03-06,34245.0,28388.54215966293
劍潭,2026-03-07,34003.0,28961.77163296437
劍潭,2026-03-08,28941.0,23898.822525129555
劍潭,2026-03-09,26335.0,26909.821355817377
劍潭,2026-03-10,27591.0,26974.067475452077
劍潭,2026-03-11,30564.0,27819.427471622028
劍潭,2026-03-12,30384.0,30939.56242021458
劍潭,2026-03-13,32678.0,32857.43676930805
劍潭,2026-03-14,32295.0,29879.759402517273
劍潭,2026-03-15,27240.0,27853.6288380707
劍潭,2026-03-16,27737.0,27041.471997651126
劍潭,2026-03-17,29953.0,28013.115597055705
劍潭,2026-03-18,30402.0,30370.827529435523
劍潭,2026-03-19,29762.0,30661.90553630393
劍潭,2026-03-20,32918.0,32340.94941198781
劍潭,2026-03-21,32268.0,31179.604014416363
劍潭,2026-03-22,26276.0,28231.359198252172
劍潭,2026-03-23,27452.0,27652.145980545352
劍潭,2026-03-24,28909.0,28575.12576490543
劍潭,2026-03-25,29560.0,29966.083974987174
劍潭,2026-03-26,29952.0,29797.13031277574
劍潭,2026-03-27,32043.0,32394.450365316345
劍潭,2026-03-28,30190.0,30251.55601002184
劍潭,2026-03-29,24896.0,25291.023692274095
劍潭,2026-03-30,27320.0,26703.65188234815
劍潭,2026-03-31,28641.0,28895.7346596581
劍潭,2026-04-01,26681.0,29445.273228882445
劍潭,2026-04-02,28053.0,28211.905436372912
劍潭,2026-04-03,25787.0,25597.474372398847
劍潭,2026-04-04,24610.0,25457.659100829493
劍潭,2026-04-05,26087.0,21340.028100477404
劍潭,2026-04-06,17550.0,24083.85445706705
劍潭,2026-04-07,22283.0,27524.771169115593
劍潭,2026-04-08,25872.0,25869.760911972404
劍潭,2026-04-09,28671.0,27304.173665342332
劍潭,2026-04-10,31422.0,30818.93763487627
劍潭,2026-04-11,29285.0,29068.372358433506
劍潭,2026-04-12,23902.0,24711.263605104097
劍潭,2026-04-13,26298.0,26685.74338330509
劍潭,2026-04-14,27747.0,27428.02438884654
劍潭,2026-04-15,27544.0,27441.02304032868
劍潭,2026-04-16,27587.0,27808.811694221873
劍潭,2026-04-17,30006.0,30724.270691582107
劍潭,2026-04-18,27105.0,26522.385248621067
劍潭,2026-04-19,24910.0,23008.313851825063
劍潭,2026-04-20,25943.0,26159.829323116504
劍潭,2026-04-21,28468.0,27240.421037572716
劍潭,2026-04-22,28998.0,28027.159106689454
劍潭,2026-04-23,27693.0,29050.933179746095
劍潭,2026-04-24,29686.0,30604.27592107034
劍潭,2026-04-25,27880.0,28428.798794775605
劍潭,2026-04-26,26833.0,22571.36121582692
劍潭,2026-04-27,26506.0,26695.84062978984
劍潭,2026-04-28,28801.0,27835.785356958702
劍潭,2026-04-29,28266.0,29171.603322207575
劍潭,2026-04-30,30703.0,28138.116086679966
劍潭,2026-05-01,29649.0,25467.148259070946
劍潭,2026-05-02,30112.0,26646.520108107445
劍潭,2026-05-03,24191.0,26168.63635830205
劍潭,2026-05-04,25713.0,26377.5538668599
劍潭,2026-05-05,26478.0,27757.307454718208
劍潭,2026-05-06,29636.0,27682.758879857076
劍潭,2026-05-07,28946.0,29951.678881865515
劍潭,2026-05-08,30852.0,30549.689357901723
劍潭,2026-05-09,26229.0,28571.851049466983
劍潭,2026-05-10,21890.0,22673.439485577324
劍潭,2026-05-11,25583.0,26082.18680581481
劍潭,2026-05-12,28200.0,26958.7467332447
劍潭,2026-05-13,26419.0,28723.12321703353
劍潭,2026-05-14,27638.0,28589.21262659809
劍潭,2026-05-15,32211.0,29882.731347251058
劍潭,2026-05-16,33178.0,29407.454947956267
劍潭,2026-05-17,28337.0,25311.73194808919
劍潭,2026-05-18,25119.0,26421.67182535158
劍潭,2026-05-19,27505.0,26906.591041232194
劍潭,2026-05-20,27794.0,27915.104183349747
劍潭,2026-05-21,27748.0,28209.860639467042
劍潭,2026-05-22,31512.0,30882.57814139029
劍潭,2026-05-23,34233.0,29401.67667144966
劍潭,2026-05-24,29027.0,28561.600739395562
劍潭,2026-05-25,25674.0,26033.41567701409
劍潭,2026-05-26,27330.0,27283.018146549548
劍潭,2026-05-27,27320.0,27568.9768085656
劍潭,2026-05-28,27727.0,27626.91255246169
劍潭,2026-05-29,30047.0,31604.101508365653
劍潭,2026-05-30,29739.0,29439.380262420185
劍潭,2026-05-31,24650.0,25497.54147193271
動物園,2026-01-01,6079.0,6506.60287887344
動物園,2026-01-02,6004.0,6867.650194434464
動物園,2026-01-03,8022.0,6497.1543846259565
動物園,2026-01-04,8453.0,6735.093042520634
動物園,2026-01-05,4833.0,6210.776234810222
動物園,2026-01-06,5145.0,6598.962633286865
動物園,2026-01-07,5302.0,6306.258382430751
動物園,2026-01-08,5067.0,5694.976595914863
動物園,2026-01-09,5881.0,5841.784737890825
動物園,2026-01-10,7383.0,6546.47122355636
動物園,2026-01-11,6874.0,6621.345833739676
動物園,2026-01-12,4262.0,5844.694216294471
動物園,2026-01-13,6473.0,5511.926244748646
動物園,2026-01-14,6094.0,6467.029320734033
動物園,2026-01-15,6474.0,5879.879965736307
動物園,2026-01-16,6658.0,6171.380680900928
動物園,2026-01-17,8116.0,6892.31413266499
動物園,2026-01-18,7600.0,7427.42233766095
動物園,2026-01-19,4861.0,5854.583063170831
動物園,2026-01-20,5114.0,5864.818423622291
動物園,2026-01-21,5022.0,5416.935913338493
動物園,2026-01-22,5175.0,5690.917678509834
動物園,2026-01-23,6108.0,5922.648139274256
動物園,2026-01-24,5584.0,6594.217197222406
動物園,2026-01-25,7811.0,6459.043783737335
動物園,2026-01-26,5834.0,5368.843355835302
動物園,2026-01-27,5886.0,5853.987960752095
動物園,2026-01-28,5638.0,5840.662976605237
動物園,2026-01-29,7310.0,5755.039152032629
動物園,2026-01-30,7792.0,6849.488741296557
動物園,2026-01-31,5480.0,7243.976954591979
動物園,2026-02-01,4246.0,6403.9847950117355
動物園,2026-02-02,4447.0,5629.995557510228
動物園,2026-02-03,6558.0,5235.0110435723145
動物園,2026-02-04,6978.0,5838.164386931926
動物園,2026-02-05,8014.0,6809.684886411204
動物園,2026-02-06,6447.0,7549.613905350098
動物園,2026-02-07,5266.0,5861.236682174437
動物園,2026-02-08,5093.0,6327.182430596277
動物園,2026-02-09,5025.0,5408.893771707863
動物園,2026-02-10,7163.0,5862.33801186885
動物園,2026-02-11,6849.0,6966.981343301545
動物園,2026-02-12,6338.0,6932.984642554887
動物園,2026-02-13,6161.0,6662.358143833677
動物園,2026-02-14,7463.0,5204.433161153973
動物園,2026-02-15,7978.0,5879.482642590521
動物園,2026-02-16,1880.0,8123.66514477334
動物園,2026-02-17,10845.0,4151.650505989394
動物園,2026-02-18,12876.0,9351.725534723675
動物園,2026-02-19,17723.0,11823.986908118986
動物園,2026-02-20,13800.0,11576.124858618934
動物園,2026-02-21,11951.0,7557.513026526764
動物園,2026-02-22,7611.0,8605.283971134802
動物園,2026-02-23,5210.0,6172.886964119998
動物園,2026-02-24,6554.0,8163.067343745611
動物園,2026-02-25,5972.0,8158.304756239621
動物園,2026-02-26,7756.0,7179.352302677859
動物園,2026-02-27,11581.0,6698.736550334891
動物園,2026-02-28,9356.0,9847.640314652048
動物園,2026-03-01,5926.0,7499.912412357635
動物園,2026-03-02,4937.0,5835.283763771901
動物園,2026-03-03,7554.0,7196.351075407295
動物園,2026-03-04,5530.0,8732.44292589248
動物園,2026-03-05,6225.0,9113.916738020851
動物園,2026-03-06,6518.0,9290.416172759793
動物園,2026-03-07,7781.0,7874.691509725972
動物園,2026-03-08,7276.0,6988.317480617449
動物園,2026-03-09,4795.0,5617.322428418158
動物園,2026-03-10,5456.0,6271.470773847885
動物園,2026-03-11,7603.0,5944.522133317191
動物園,2026-03-12,7645.0,7580.397174914143
動物園,2026-03-13,7514.0,7247.524103379053
動物園,2026-03-14,11631.0,8227.276738088363
動物園,2026-03-15,10339.0,8545.779525234202
動物園,2026-03-16,5815.0,6377.527000006771
動物園,2026-03-17,7620.0,6432.877940442873
動物園,2026-03-18,7612.0,7286.897531436743
動物園,2026-03-19,7307.0,7336.660635021612
動物園,2026-03-20,8503.0,7242.683560942096
動物園,2026-03-21,10762.0,7566.068894892995
動物園,2026-03-22,11163.0,10024.193578554066
動物園,2026-03-23,5566.0,6497.673392432186
動物園,2026-03-24,7517.0,6794.184871200424
動物園,2026-03-25,7238.0,7515.279126006007
動物園,2026-03-26,7354.0,7296.82385344514
動物園,2026-03-27,6640.0,7277.9224259415205
動物園,2026-03-28,10298.0,8237.028217379988
動物園,2026-03-29,10390.0,10864.963801195805
動物園,2026-03-30,5757.0,6282.920247907511
動物園,2026-03-31,7371.0,7128.425157891756
動物園,2026-04-01,6483.0,7464.333829174837
動物園,2026-04-02,7418.0,6908.5113218146225
動物園,2026-04-03,9777.0,6909.1105517087435
動物園,2026-04-04,7192.0,9528.574693775254
動物園,2026-04-05,11553.0,7727.65737720851
動物園,2026-04-06,5666.0,9179.900191990822
動物園,2026-04-07,5036.0,6907.90515957934
動物園,2026-04-08,6102.0,6603.441090008578
動物園,2026-04-09,7271.0,6742.960857337921
動物園,2026-04-10,7484.0,7785.4538140326595
動物園,2026-04-11,8897.0,7979.489493552746
動物園,2026-04-12,8073.0,11172.0568868249
動物園,2026-04-13,5110.0,5939.006616367034
動物園,2026-04-14,6375.0,6080.797496795636
動物園,2026-04-15,6168.0,6385.219673552399
動物園,2026-04-16,6081.0,6848.796604516124
動物園,2026-04-17,7212.0,7361.800838324201
動物園,2026-04-18,7420.0,7107.371728884834
動物園,2026-04-19,8551.0,7565.367297132664
動物園,2026-04-20,5019.0,5813.359323112687
動物園,2026-04-21,6262.0,5765.539918416169
動物園,2026-04-22,5830.0,6331.891209500677
動物園,2026-04-23,5536.0,6474.785763956101
動物園,2026-04-24,5607.0,6739.369714167787
動物園,2026-04-25,6382.0,6620.977689870587
動物園,2026-04-26,9124.0,6734.11989206744
動物園,2026-04-27,5455.0,5769.852166253778
動物園,2026-04-28,7322.0,6130.462109823904
動物園,2026-04-29,6166.0,6348.069604491277
動物園,2026-04-30,6516.0,5886.20111067201
動物園,2026-05-01,11983.0,6387.654782967654
動物園,2026-05-02,11148.0,9164.403930676193
動物園,2026-05-03,6939.0,9091.709928987135
動物園,2026-05-04,4972.0,5749.791776916708
動物園,2026-05-05,5324.0,6835.739813518727
動物園,2026-05-06,6286.0,5630.9296489166
動物園,2026-05-07,7012.0,6422.1571323835105
動物園,2026-05-08,6122.0,6719.3726423452
動物園,2026-05-09,5835.0,7020.029017485194
動物園,2026-05-10,5868.0,6747.255750022582
動物園,2026-05-11,4989.0,5167.238435062486
動物園,2026-05-12,6754.0,5914.991163283685
動物園,2026-05-13,5720.0,6444.961750626978
動物園,2026-05-14,5115.0,6243.58694865688
動物園,2026-05-15,6594.0,7098.042338306435
動物園,2026-05-16,8782.0,6824.965955643072
動物園,2026-05-17,7926.0,7660.7665083974
動物園,2026-05-18,5123.0,5538.798434538225
動物園,2026-05-19,6731.0,6082.088139937678
動物園,2026-05-20,6028.0,6295.500661456207
動物園,2026-05-21,5833.0,6541.572671746169
動物園,2026-05-22,6705.0,6240.373861687599
動物園,2026-05-23,8165.0,6720.858452396344
動物園,2026-05-24,6680.0,6993.227157425247
動物園,2026-05-25,5420.0,5433.6557656270725
動物園,2026-05-26,6461.0,6321.854144665759
動物園,2026-05-27,5951.0,6106.2925309209795
動物園,2026-05-28,6170.0,5918.63116520979
動物園,2026-05-29,5998.0,6572.525163442865
動物園,2026-05-30,8348.0,6816.827334412715
動物園,2026-05-31,6461.0,7362.219231191163
北投,2026-01-01,13531.0,14066.918059461183
北投,2026-01-02,19688.0,21015.945209926387
北投,2026-01-03,18048.0,16271.512808261992
北投,2026-01-04,15359.0,14233.136621713797
北投,2026-01-05,18208.0,18623.942969177897
北投,2026-01-06,18888.0,19325.214159246738
北投,2026-01-07,18972.0,20981.568220005556
北投,2026-01-08,18933.0,16663.788526691285
北投,2026-01-09,21218.0,20185.589361008377
北投,2026-01-10,18606.0,16232.187833556127
北投,2026-01-11,14983.0,14571.127333886707
北投,2026-01-12,17691.0,18786.489177801508
北投,2026-01-13,18793.0,18893.55485555281
北投,2026-01-14,19179.0,20897.66033949901
北投,2026-01-15,19253.0,19336.64681034806
北投,2026-01-16,21174.0,20602.49353440052
北投,2026-01-17,17781.0,17392.558184636462
北投,2026-01-18,14879.0,14463.167916641183
北投,2026-01-19,17585.0,17664.959035955053
北投,2026-01-20,18964.0,18526.64785872492
北投,2026-01-21,18218.0,19190.105143825407
北投,2026-01-22,18064.0,18505.051006059155
北投,2026-01-23,21160.0,20728.020748008537
北投,2026-01-24,17052.0,17145.686277414607
北投,2026-01-25,15791.0,14218.601396388107
北投,2026-01-26,17752.0,17523.88714886224
北投,2026-01-27,17976.0,18593.227758834637
北投,2026-01-28,17967.0,18517.254113183946
北投,2026-01-29,18648.0,18546.13512275505
北投,2026-01-30,20023.0,20694.866001587478
北投,2026-01-31,16891.0,16772.507742633898
北投,2026-02-01,13433.0,14474.091738745738
北投,2026-02-02,16588.0,17506.48022196676
北投,2026-02-03,18373.0,18096.418834060554
北投,2026-02-04,18735.0,18338.045809403022
北投,2026-02-05,18156.0,18746.00468437576
北投,2026-02-06,20214.0,20180.273255362106
北投,2026-02-07,16554.0,16098.838515717765
北投,2026-02-08,14106.0,13990.86278740643
北投,2026-02-09,17107.0,17147.145702263973
北投,2026-02-10,18406.0,17760.650356217906
北投,2026-02-11,17786.0,18569.181653175037
北投,2026-02-12,18404.0,18215.621763331845
北投,2026-02-13,18716.0,19781.60664157132
北投,2026-02-14,15270.0,15710.257025970215
北投,2026-02-15,12420.0,12659.982941843873
北投,2026-02-16,8447.0,11459.967161336348
北投,2026-02-17,11176.0,8403.827927947525
北投,2026-02-18,12391.0,11554.863812723495
北投,2026-02-19,14367.0,12247.987624661282
北投,2026-02-20,14664.0,13531.718037653882
北投,2026-02-21,16169.0,13790.646152789965
北投,2026-02-22,14317.0,12804.353378118036
北投,2026-02-23,18383.0,16721.76518704469
北投,2026-02-24,19712.0,18639.35908530984
北投,2026-02-25,19396.0,19282.982434896054
北投,2026-02-26,21960.0,19028.736339147767
北投,2026-02-27,17502.0,13834.506597945165
北投,2026-02-28,16940.0,15091.271469978547
北投,2026-03-01,13626.0,13665.944050300615
北投,2026-03-02,18676.0,19102.171114577366
北投,2026-03-03,18413.0,19702.534473999924
北投,2026-03-04,19113.0,19152.74585871343
北投,2026-03-05,19594.0,20336.13698227173
北投,2026-03-06,21759.0,18708.68696683729
北投,2026-03-07,18428.0,16596.35044631308
北投,2026-03-08,15747.0,14522.169002797573
北投,2026-03-09,18363.0,18037.5128193876
北投,2026-03-10,18454.0,18907.332437850124
北投,2026-03-11,20941.0,18986.010354649785
北投,2026-03-12,20376.0,20876.25901670247
北投,2026-03-13,22468.0,21265.520834198167
北投,2026-03-14,19535.0,17588.92110261502
北投,2026-03-15,15750.0,15393.206764986624
北投,2026-03-16,18993.0,18130.470693791696
北投,2026-03-17,20034.0,19099.974644291346
北投,2026-03-18,20714.0,20774.831527561815
北投,2026-03-19,19802.0,20706.004763779107
北投,2026-03-20,21976.0,21206.660244737228
北投,2026-03-21,19005.0,17861.410035722984
北投,2026-03-22,15637.0,15369.559598925067
北投,2026-03-23,18352.0,18841.060022494607
北投,2026-03-24,19734.0,19483.901635810165
北投,2026-03-25,20007.0,20544.65207056734
北投,2026-03-26,20103.0,20312.406581448322
北投,2026-03-27,20625.0,21528.958784415732
北投,2026-03-28,17793.0,17647.25139604815
北投,2026-03-29,14752.0,14911.285643378536
北投,2026-03-30,18778.0,18705.089762157782
北投,2026-03-31,20069.0,19379.643773909374
北投,2026-04-01,18611.0,20474.788020221065
北投,2026-04-02,21172.0,19176.804625782155
北投,2026-04-03,13780.0,14928.94814243651
北投,2026-04-04,13401.0,14347.067850732456
北投,2026-04-05,13612.0,12894.02625929787
北投,2026-04-06,11949.0,12597.076284564166
北投,2026-04-07,17323.0,19172.055578157295
北投,2026-04-08,19094.0,18870.19457080814
北投,2026-04-09,19824.0,20011.932211422754
北投,2026-04-10,21609.0,20640.754574841816
北投,2026-04-11,18286.0,16369.01392416087
北投,2026-04-12,14908.0,14470.957871559638
北投,2026-04-13,18455.0,18276.804995300263
北投,2026-04-14,19098.0,19292.677098375207
北投,2026-04-15,19310.0,19220.491860540023
北投,2026-04-16,19119.0,20260.78262820253
北投,2026-04-17,21123.0,20738.498146168655
北投,2026-04-18,17573.0,17704.374581670018
北投,2026-04-19,14585.0,14100.409537655969
北投,2026-04-20,18165.0,18156.623684078168
北投,2026-04-21,19150.0,19077.008064810238
北投,2026-04-22,19588.0,19291.989041425353
北投,2026-04-23,18541.0,19532.492788017265
北投,2026-04-24,19692.0,20795.284116960036
北投,2026-04-25,16341.0,16824.361927142087
北投,2026-04-26,16403.0,14009.352098720732
北投,2026-04-27,18807.0,17915.34323642997
北投,2026-04-28,19380.0,19209.362903566278
北投,2026-04-29,19595.0,19225.832114253924
北投,2026-04-30,20547.0,19340.450109102752
北投,2026-05-01,16753.0,14335.30971453685
北投,2026-05-02,17174.0,15156.826651446323
北投,2026-05-03,13880.0,14367.52263950717
北投,2026-05-04,18393.0,18225.12465960417
北投,2026-05-05,17897.0,18928.341475741523
北投,2026-05-06,19971.0,18665.985918296024
北投,2026-05-07,19693.0,20048.345937045826
北投,2026-05-08,21039.0,19274.058856703712
北投,2026-05-09,16646.0,16414.98668989834
北投,2026-05-10,14097.0,14078.165587307156
北投,2026-05-11,18378.0,18449.4771320634
北投,2026-05-12,19352.0,18885.5543435289
北投,2026-05-13,18489.0,19326.18275731921
北投,2026-05-14,17861.0,19664.206166577493
北投,2026-05-15,21273.0,20038.8807076317
北投,2026-05-16,18288.0,16566.700668000274
北投,2026-05-17,15579.0,14083.670159309093
北投,2026-05-18,18263.0,18172.364383550816
北投,2026-05-19,19164.0,19008.165959565496
北投,2026-05-20,19560.0,19511.75820990989
北投,2026-05-21,19094.0,19440.067270412575
北投,2026-05-22,21183.0,20964.34898857817
北投,2026-05-23,18512.0,16205.79865656001
北投,2026-05-24,14625.0,14495.727732493982
北投,2026-05-25,17642.0,18238.638551317974
北投,2026-05-26,18882.0,18934.772806213496
北投,2026-05-27,18977.0,19044.50982733387
北投,2026-05-28,18737.0,19115.028473163526
北投,2026-05-29,19852.0,20856.415583217113
北投,2026-05-30,17206.0,17365.078623333655
北投,2026-05-31,14923.0,14352.405132871481
北門,2026-01-01,13607.0,14123.00488115949
北門,2026-01-02,18842.0,19516.73048347352
北門,2026-01-03,15775.0,15598.77245676181
北門,2026-01-04,13063.0,13499.491890416224
北門,2026-01-05,17598.0,17867.657580805622
北門,2026-01-06,17741.0,18688.251702455764
北門,2026-01-07,17704.0,18846.16599117028
北門,2026-01-08,17706.0,15846.409884648985
北門,2026-01-09,18968.0,18639.135404232795
北門,2026-01-10,16693.0,15748.780916557058
北門,2026-01-11,13737.0,13496.032521627452
北門,2026-01-12,17191.0,17355.649944768913
北門,2026-01-13,17991.0,18080.148095442608
北門,2026-01-14,18288.0,19023.284873091812
北門,2026-01-15,18104.0,18428.561015391824
北門,2026-01-16,18904.0,18607.119985698664
北門,2026-01-17,16122.0,15709.042651998667
北門,2026-01-18,13783.0,13398.852982176586
北門,2026-01-19,17387.0,16905.302568220497
北門,2026-01-20,18118.0,17699.388918609526
北門,2026-01-21,17809.0,18218.183858679196
北門,2026-01-22,17888.0,17962.133284956315
北門,2026-01-23,19229.0,18503.243709843806
北門,2026-01-24,16447.0,16524.119610375747
北門,2026-01-25,14965.0,13529.565263512086
北門,2026-01-26,17727.0,17224.95403469233
北門,2026-01-27,18367.0,18029.08355078473
北門,2026-01-28,18317.0,18136.007416934634
北門,2026-01-29,18819.0,18001.992320675137
北門,2026-01-30,19676.0,19253.461751973246
北門,2026-01-31,19248.0,15880.053199428467
北門,2026-02-01,15911.0,15109.908673846545
北門,2026-02-02,18973.0,17371.931238041758
北門,2026-02-03,20876.0,19404.973933226534
北門,2026-02-04,21528.0,19830.359658175916
北門,2026-02-05,21944.0,20179.880332327262
北門,2026-02-06,22749.0,21791.899666840516
北門,2026-02-07,22409.0,18400.16156267301
北門,2026-02-08,19005.0,16212.013925339745
北門,2026-02-09,20960.0,19337.490678706683
北門,2026-02-10,22157.0,21096.287465330457
北門,2026-02-11,21544.0,21959.53357963447
北門,2026-02-12,21982.0,20990.589769849445
北門,2026-02-13,22583.0,19302.54993112284
北門,2026-02-14,19675.0,17206.966144170707
北門,2026-02-15,16392.0,15911.720701698156
北門,2026-02-16,7075.0,11603.773658369726
北門,2026-02-17,10701.0,9205.914618126664
北門,2026-02-18,11870.0,9999.545697598978
北門,2026-02-19,14270.0,11577.993429331367
北門,2026-02-20,15135.0,11722.975170115335
北門,2026-02-21,15342.0,15806.12982811972
北門,2026-02-22,12754.0,14359.425002954355
北門,2026-02-23,17174.0,17697.981568601266
北門,2026-02-24,17397.0,18614.541978812376
北門,2026-02-25,18291.0,18870.737968555393
北門,2026-02-26,18741.0,19157.758557479898
北門,2026-02-27,16669.0,14978.154456537506
北門,2026-02-28,17435.0,15326.11821160321
北門,2026-03-01,13378.0,14514.099534423096
北門,2026-03-02,17463.0,16898.484983412283
北門,2026-03-03,17550.0,17835.04976526615
北門,2026-03-04,18149.0,18340.683684353495
北門,2026-03-05,18529.0,18597.604110056167
北門,2026-03-06,19691.0,17206.548047493627
北門,2026-03-07,17689.0,15895.863476363877
北門,2026-03-08,14412.0,13950.063021720323
北門,2026-03-09,17459.0,17320.134588184053
北門,2026-03-10,17773.0,17616.9892725034
北門,2026-03-11,18692.0,18153.5437778093
北門,2026-03-12,18889.0,18813.22580006074
北門,2026-03-13,19631.0,19715.136572722957
北門,2026-03-14,17882.0,16822.46839411757
北門,2026-03-15,14400.0,14495.746128104187
北門,2026-03-16,18179.0,17118.82764922126
北門,2026-03-17,18141.0,18004.273044627196
北門,2026-03-18,18818.0,18671.168782232893
北門,2026-03-19,18702.0,19070.601216555435
北門,2026-03-20,20194.0,19417.727777636705
北門,2026-03-21,17224.0,16828.35296312109
北門,2026-03-22,15012.0,14196.654319282192
北門,2026-03-23,17633.0,18030.858129419667
北門,2026-03-24,18166.0,18103.432109898084
北門,2026-03-25,18591.0,18709.200638538816
北門,2026-03-26,18627.0,18817.769348468002
北門,2026-03-27,19552.0,19475.48726443292
北門,2026-03-28,16553.0,16763.010809878757
北門,2026-03-29,13500.0,14013.660789988426
北門,2026-03-30,17684.0,17662.43120100998
北門,2026-03-31,17904.0,18066.47858844782
北門,2026-04-01,17777.0,18518.410319294468
北門,2026-04-02,18946.0,18418.770809403446
北門,2026-04-03,14332.0,12318.254173045649
北門,2026-04-04,13716.0,13808.219100535842
北門,2026-04-05,13352.0,12396.257984133805
北門,2026-04-06,11562.0,12289.072314288065
北門,2026-04-07,17509.0,17507.735043525645
北門,2026-04-08,17801.0,17930.35284673929
北門,2026-04-09,18135.0,18321.867738327855
北門,2026-04-10,19820.0,18667.636308538193
北門,2026-04-11,16807.0,16276.015631493783
北門,2026-04-12,13447.0,13574.267238114764
北門,2026-04-13,17551.0,17160.423414974353
北門,2026-04-14,17644.0,17732.06365764526
北門,2026-04-15,17927.0,17958.259537176167
北門,2026-04-16,17607.0,18431.06003286936
北門,2026-04-17,18981.0,19319.46041613261
北門,2026-04-18,15112.0,15681.783266644316
北門,2026-04-19,14070.0,12676.809752183044
北門,2026-04-20,17298.0,17031.64158487787
北門,2026-04-21,17580.0,17495.733888259958
北門,2026-04-22,17507.0,17760.71119590088
北門,2026-04-23,17557.0,17741.79529546753
北門,2026-04-24,19180.0,18825.102655211303
北門,2026-04-25,15414.0,16483.667200348576
北門,2026-04-26,14288.0,12728.122190405225
北門,2026-04-27,17477.0,17185.569972485337
北門,2026-04-28,17894.0,17551.879598698844
北門,2026-04-29,17978.0,17974.01195829897
北門,2026-04-30,19255.0,17781.08307316233
北門,2026-05-01,15923.0,13794.626914020333
北門,2026-05-02,15806.0,13739.742948217514
北門,2026-05-03,12905.0,13454.046513608988
北門,2026-05-04,18278.0,17102.876480325715
北門,2026-05-05,17855.0,17881.68112266891
北門,2026-05-06,18302.0,17777.132297652508
北門,2026-05-07,18031.0,18744.27276822323
北門,2026-05-08,18852.0,18602.923828369698
北門,2026-05-09,14602.0,15384.933828503474
北門,2026-05-10,12163.0,12765.362779925548
北門,2026-05-11,17027.0,17916.643606299716
北門,2026-05-12,17588.0,17619.34503914205
北門,2026-05-13,17403.0,17958.452654195695
北門,2026-05-14,17278.0,18156.45012002143
北門,2026-05-15,20270.0,18186.144685660096
北門,2026-05-16,17222.0,15649.446252527907
北門,2026-05-17,14958.0,13081.959681465796
北門,2026-05-18,17632.0,17339.416091380506
北門,2026-05-19,17823.0,17780.08635866826
北門,2026-05-20,18004.0,18039.208347088934
北門,2026-05-21,18076.0,18186.652004094896
北門,2026-05-22,19621.0,19346.739933208282
北門,2026-05-23,17073.0,16165.289872745354
北門,2026-05-24,13638.0,13401.956655460828
北門,2026-05-25,17459.0,17280.594282714654
北門,2026-05-26,17880.0,17754.151798837407
北門,2026-05-27,18098.0,17933.60420591609
北門,2026-05-28,18272.0,18160.328905962502
北門,2026-05-29,19288.0,19403.752961885995
北門,2026-05-30,16098.0,15943.759658397328
北門,2026-05-31,13790.0,13506.53645185833
十四張,2026-01-01,1342.0,2374.8843836594974
十四張,2026-01-02,2650.0,2559.5289481466257
十四張,2026-01-03,1692.0,1879.4013944368771
十四張,2026-01-04,1490.0,1447.299631217638
十四張,2026-01-05,2790.0,2619.3871681609717
十四張,2026-01-06,2728.0,2822.0683334562914
十四張,2026-01-07,2814.0,3043.9338219789483
十四張,2026-01-08,2914.0,2350.307508131149
十四張,2026-01-09,2886.0,2894.4299102746522
十四張,2026-01-10,1842.0,1919.701212310765
十四張,2026-01-11,1375.0,1487.596021161057
十四張,2026-01-12,2679.0,2656.8941458486624
十四張,2026-01-13,2778.0,2792.501467835427
十四張,2026-01-14,2840.0,2870.586860721924
十四張,2026-01-15,2828.0,2820.7091721802167
十四張,2026-01-16,2700.0,2839.31190269208
十四張,2026-01-17,1931.0,1845.7093998572234
十四張,2026-01-18,1441.0,1509.399635454343
十四張,2026-01-19,2506.0,2644.088860116634
十四張,2026-01-20,2624.0,2672.9898638642057
十四張,2026-01-21,2506.0,2668.4956806160803
十四張,2026-01-22,2560.0,2668.6515087877806
十四張,2026-01-23,2611.0,2653.5647441909928
十四張,2026-01-24,1814.0,1943.5016937362752
十四張,2026-01-25,1624.0,1444.1277181631015
十四張,2026-01-26,2429.0,2493.902352388481
十四張,2026-01-27,2520.0,2580.932491695854
十四張,2026-01-28,2358.0,2599.4865751323255
十四張,2026-01-29,2481.0,2564.0655726978684
十四張,2026-01-30,2573.0,2594.1528700604226
十四張,2026-01-31,1853.0,1839.3473675409127
十四張,2026-02-01,1507.0,1484.9265425420667
十四張,2026-02-02,2318.0,2284.435383701495
十四張,2026-02-03,2383.0,2462.308116922264
十四張,2026-02-04,2514.0,2368.044431979055
十四張,2026-02-05,2417.0,2492.116367490741
十四張,2026-02-06,2538.0,2546.7701266689837
十四張,2026-02-07,1903.0,1845.4705119625103
十四張,2026-02-08,1441.0,1598.2229953333701
十四張,2026-02-09,2332.0,2302.4643248951916
十四張,2026-02-10,2460.0,2371.3546175463116
十四張,2026-02-11,2340.0,2495.573196819193
十四張,2026-02-12,2447.0,2385.045399731803
十四張,2026-02-13,2376.0,2546.053739848331
十四張,2026-02-14,1528.0,1828.0051706931422
十四張,2026-02-15,1220.0,1431.3906784275673
十四張,2026-02-16,1023.0,1316.865645506411
十四張,2026-02-17,1407.0,1126.3542362702658
十四張,2026-02-18,1456.0,1378.6612152316638
十四張,2026-02-19,1657.0,1380.1024652553326
十四張,2026-02-20,1580.0,1597.6927060474923
十四張,2026-02-21,1853.0,1573.0096680485115
十四張,2026-02-22,1561.0,1401.8395291871564
十四張,2026-02-23,2496.0,2120.2353672532604
十四張,2026-02-24,2566.0,2384.2088715566633
十四張,2026-02-25,2963.0,2367.9141178426994
十四張,2026-02-26,3081.0,2466.697873783825
十四張,2026-02-27,1997.0,1552.9710478853947
十四張,2026-02-28,1933.0,1725.649171445514
十四張,2026-03-01,1626.0,1450.4912669631317
十四張,2026-03-02,2823.0,2472.1979231492896
十四張,2026-03-03,2808.0,2749.3666362519207
十四張,2026-03-04,2936.0,2809.0814461731075
十四張,2026-03-05,3058.0,2833.639115367201
十四張,2026-03-06,2996.0,2259.98760720228
十四張,2026-03-07,2032.0,1920.8442335311909
十四張,2026-03-08,1732.0,1590.1233261400043
十四張,2026-03-09,2879.0,2719.08599671815
十四張,2026-03-10,2950.0,2819.3321583413144
十四張,2026-03-11,3108.0,2900.4035586171217
十四張,2026-03-12,2991.0,3088.8824768132044
十四張,2026-03-13,3090.0,2899.1118402173297
十四張,2026-03-14,2161.0,2042.9006932185484
十四張,2026-03-15,1732.0,1700.9196882146348
十四張,2026-03-16,2794.0,2787.346476692755
十四張,2026-03-17,2860.0,2886.568187877495
十四張,2026-03-18,3002.0,2993.719327907057
十四張,2026-03-19,2950.0,2946.239341788043
十四張,2026-03-20,3077.0,3062.749626990285
十四張,2026-03-21,2159.0,2043.886103236004
十四張,2026-03-22,1806.0,1693.7509400551146
十四張,2026-03-23,2803.0,2770.490108890008
十四張,2026-03-24,2826.0,2900.936481885861
十四張,2026-03-25,2919.0,2931.224069048298
十四張,2026-03-26,2942.0,2913.5903611875283
十四張,2026-03-27,2973.0,3007.011477920917
十四張,2026-03-28,2010.0,2096.354935631935
十四張,2026-03-29,1517.0,1681.9371613504738
十四張,2026-03-30,2790.0,2715.2378821208604
十四張,2026-03-31,2858.0,2847.0121971861267
十四張,2026-04-01,2976.0,2911.3327889932852
十四張,2026-04-02,2961.0,2930.5499038498024
十四張,2026-04-03,1754.0,2322.402873750977
十四張,2026-04-04,1551.0,1737.5647211681148
十四張,2026-04-05,1568.0,1524.3174582549516
十四張,2026-04-06,1404.0,1506.9656002270572
十四張,2026-04-07,2701.0,2573.2537179707524
十四張,2026-04-08,2986.0,2858.6388676674487
十四張,2026-04-09,2930.0,2902.5909178269962
十四張,2026-04-10,2920.0,2902.2923533763546
十四張,2026-04-11,1949.0,1896.3577149837615
十四張,2026-04-12,1697.0,1509.736300377183
十四張,2026-04-13,2828.0,2631.898502180496
十四張,2026-04-14,2851.0,2818.794494129523
十四張,2026-04-15,2955.0,2888.7925835548335
十四張,2026-04-16,2958.0,2890.384795100596
十四張,2026-04-17,2906.0,2851.1665269404657
十四張,2026-04-18,2000.0,1980.4025594511709
十四張,2026-04-19,1675.0,1577.8343088255629
十四張,2026-04-20,2807.0,2765.8129495207954
十四張,2026-04-21,2821.0,2825.9990058223525
十四張,2026-04-22,2950.0,2848.305018459439
十四張,2026-04-23,2961.0,2902.0593673110657
十四張,2026-04-24,2964.0,2890.3930875259766
十四張,2026-04-25,1930.0,2010.2303498041215
十四張,2026-04-26,1900.0,1625.4390397364077
十四張,2026-04-27,2942.0,2729.966086858189
十四張,2026-04-28,2851.0,2906.561465707051
十四張,2026-04-29,2973.0,2889.1349870944036
十四張,2026-04-30,3189.0,2907.9985684770004
十四張,2026-05-01,1935.0,2549.6316942315093
十四張,2026-05-02,1860.0,1826.088146588205
十四張,2026-05-03,1545.0,1519.932044084197
十四張,2026-05-04,2819.0,2748.619528574911
十四張,2026-05-05,3081.0,2846.072075286644
十四張,2026-05-06,3043.0,2966.2967190261857
十四張,2026-05-07,2941.0,3021.7292664624097
十四張,2026-05-08,2983.0,2910.5474294185606
十四張,2026-05-09,2012.0,1920.569374221711
十四張,2026-05-10,1566.0,1690.3737158221186
十四張,2026-05-11,2859.0,2772.323511431423
十四張,2026-05-12,2836.0,2949.4312957093366
十四張,2026-05-13,2969.0,2938.875483592347
十四張,2026-05-14,2971.0,2946.660361227353
十四張,2026-05-15,3011.0,2869.692389068805
十四張,2026-05-16,2075.0,1976.7093583504573
十四張,2026-05-17,1610.0,1643.068158373374
十四張,2026-05-18,2749.0,2752.905225908623
十四張,2026-05-19,2819.0,2888.7747939041806
十四張,2026-05-20,2905.0,2910.15137314523
十四張,2026-05-21,2939.0,2940.6724762795966
十四張,2026-05-22,2808.0,2956.5877641382535
十四張,2026-05-23,2336.0,1992.094467504804
十四張,2026-05-24,1674.0,1684.3935173997252
十四張,2026-05-25,2719.0,2748.8430301635076
十四張,2026-05-26,2698.0,2820.946285236435
十四張,2026-05-27,2812.0,2870.311247688744
十四張,2026-05-28,2829.0,2902.5471402146477
十四張,2026-05-29,2958.0,2884.774806037902
十四張,2026-05-30,2010.0,2157.6034981554826
十四張,2026-05-31,1606.0,1609.8168144783485
南京三民,2026-01-01,12901.0,19427.848625671704
南京三民,2026-01-02,26278.0,26141.80565471781
南京三民,2026-01-03,14835.0,15501.193155226729
南京三民,2026-01-04,11740.0,13184.260094292067
南京三民,2026-01-05,26142.0,25442.488796635025
南京三民,2026-01-06,27148.0,26714.384130263526
南京三民,2026-01-07,27023.0,27740.09026707582
南京三民,2026-01-08,26698.0,16072.892136706701
南京三民,2026-01-09,27537.0,26860.656865083496
南京三民,2026-01-10,15931.0,15218.379789098764
南京三民,2026-01-11,12244.0,12267.399698770823
南京三民,2026-01-12,25539.0,26004.528147893237
南京三民,2026-01-13,26247.0,26459.67778317136
南京三民,2026-01-14,26388.0,27730.71936723721
南京三民,2026-01-15,26306.0,26690.949192081727
南京三民,2026-01-16,27479.0,27141.071295757738
南京三民,2026-01-17,15620.0,15880.528625155997
南京三民,2026-01-18,12459.0,12191.97594845296
南京三民,2026-01-19,25775.0,25229.54131322477
南京三民,2026-01-20,27051.0,26311.051115056835
南京三民,2026-01-21,27116.0,26859.778657929095
南京三民,2026-01-22,26706.0,26759.334259031428
南京三民,2026-01-23,26910.0,27388.276661328997
南京三民,2026-01-24,15295.0,15746.004595164346
南京三民,2026-01-25,12275.0,12177.43230656027
南京三民,2026-01-26,24590.0,25461.401367981904
南京三民,2026-01-27,25745.0,25892.82426736191
南京三民,2026-01-28,25992.0,26216.420290689046
南京三民,2026-01-29,25699.0,26129.598681055057
南京三民,2026-01-30,26353.0,26643.532446612335
南京三民,2026-01-31,15771.0,15799.888513702324
南京三民,2026-02-01,12242.0,12187.544020233308
南京三民,2026-02-02,24964.0,24815.311564088508
南京三民,2026-02-03,26142.0,25850.97016669524
南京三民,2026-02-04,26118.0,26177.654546355363
南京三民,2026-02-05,26136.0,26175.006043327314
南京三民,2026-02-06,26927.0,26668.642352314677
南京三民,2026-02-07,16038.0,15971.440270468755
南京三民,2026-02-08,13129.0,12252.488161396848
南京三民,2026-02-09,25262.0,24503.71797739566
南京三民,2026-02-10,26202.0,25857.761820590535
南京三民,2026-02-11,26134.0,26198.802163438944
南京三民,2026-02-12,25929.0,26164.507984898657
南京三民,2026-02-13,24286.0,26717.242106038466
南京三民,2026-02-14,12570.0,15722.679145421997
南京三民,2026-02-15,9571.0,10891.839362810932
南京三民,2026-02-16,6716.0,7821.823459818004
南京三民,2026-02-17,7649.0,8126.600413521075
南京三民,2026-02-18,8138.0,8156.452911151046
南京三民,2026-02-19,9021.0,8271.906961305956
南京三民,2026-02-20,10249.0,8961.212791457467
南京三民,2026-02-21,12012.0,10243.604198132933
南京三民,2026-02-22,10490.0,10301.75036386519
南京三民,2026-02-23,24259.0,22134.71668958502
南京三民,2026-02-24,25673.0,24457.174750032376
南京三民,2026-02-25,26501.0,25386.590407168267
南京三民,2026-02-26,27063.0,26493.69811154124
南京三民,2026-02-27,14269.0,14663.247838716525
南京三民,2026-02-28,13789.0,11605.81379422946
南京三民,2026-03-01,11378.0,11142.004355330575
南京三民,2026-03-02,25937.0,23933.227675253347
南京三民,2026-03-03,26593.0,26009.535262152636
南京三民,2026-03-04,27327.0,26889.48284084416
南京三民,2026-03-05,27207.0,27174.664930728657
南京三民,2026-03-06,28199.0,18395.715409040076
南京三民,2026-03-07,16169.0,16996.41620415205
南京三民,2026-03-08,12889.0,12459.483076053033
南京三民,2026-03-09,26214.0,25310.660905017263
南京三民,2026-03-10,27241.0,26680.086552406097
南京三民,2026-03-11,27952.0,26950.802213779894
南京三民,2026-03-12,27532.0,27273.51545033988
南京三民,2026-03-13,27838.0,28965.655547520724
南京三民,2026-03-14,16386.0,16776.453336755723
南京三民,2026-03-15,12941.0,12803.034857557395
南京三民,2026-03-16,25889.0,26066.843277248357
南京三民,2026-03-17,26980.0,27001.64266802044
南京三民,2026-03-18,27270.0,27623.908775006028
南京三民,2026-03-19,27610.0,27161.802389219203
南京三民,2026-03-20,27826.0,28773.210503547565
南京三民,2026-03-21,15899.0,16415.24993599951
南京三民,2026-03-22,13058.0,12705.684077183272
南京三民,2026-03-23,25946.0,25948.675289150142
南京三民,2026-03-24,26723.0,26824.00434547022
南京三民,2026-03-25,27091.0,27107.015847587358
南京三民,2026-03-26,27190.0,27184.202360453022
南京三民,2026-03-27,27921.0,27897.33392326245
南京三民,2026-03-28,15045.0,16793.83671307314
南京三民,2026-03-29,12226.0,12076.721579085872
南京三民,2026-03-30,25796.0,25915.286920508974
南京三民,2026-03-31,26265.0,26703.416915871694
南京三民,2026-04-01,26792.0,26813.589736175225
南京三民,2026-04-02,26756.0,26834.88041358944
南京三民,2026-04-03,12789.0,13956.509706120212
南京三民,2026-04-04,12095.0,12646.933259768013
南京三民,2026-04-05,11248.0,10921.16319041266
南京三民,2026-04-06,10358.0,9927.300080374833
南京三民,2026-04-07,25794.0,25197.039514771186
南京三民,2026-04-08,26508.0,26444.876191441952
南京三民,2026-04-09,26560.0,26696.72618243493
南京三民,2026-04-10,28067.0,27273.157461520535
南京三民,2026-04-11,15663.0,15341.663203399588
南京三民,2026-04-12,12542.0,12136.395753861061
南京三民,2026-04-13,25340.0,24914.278116729092
南京三民,2026-04-14,26309.0,25836.854503790015
南京三民,2026-04-15,26580.0,26554.513400581596
南京三民,2026-04-16,26553.0,26618.45882880279
南京三民,2026-04-17,27447.0,27426.23010634394
南京三民,2026-04-18,15543.0,16356.760357691062
南京三民,2026-04-19,12678.0,12027.618929543229
南京三民,2026-04-20,25380.0,24941.432327857037
南京三民,2026-04-21,26306.0,26444.10606955918
南京三民,2026-04-22,26310.0,26617.515570489006
南京三民,2026-04-23,26667.0,26547.99062106939
南京三民,2026-04-24,27873.0,27452.48974582496
南京三民,2026-04-25,15518.0,16177.566094779651
南京三民,2026-04-26,13152.0,12443.01794134799
南京三民,2026-04-27,25912.0,25212.94010857497
南京三民,2026-04-28,26658.0,26381.771136966556
南京三民,2026-04-29,27016.0,26611.947228648263
南京三民,2026-04-30,27955.0,25984.507932341792
南京三民,2026-05-01,14361.0,13881.044089518684
南京三民,2026-05-02,14384.0,13282.818198723928
南京三民,2026-05-03,12171.0,11836.129524322587
南京三民,2026-05-04,26308.0,25379.93248460676
南京三民,2026-05-05,27214.0,26510.861152383455
南京三民,2026-05-06,26601.0,26884.981102233553
南京三民,2026-05-07,26959.0,27111.917283442363
南京三民,2026-05-08,27399.0,27634.33905625694
南京三民,2026-05-09,14866.0,15371.799378416436
南京三民,2026-05-10,11687.0,12261.955843740443
南京三民,2026-05-11,25652.0,26196.387301023766
南京三民,2026-05-12,26391.0,26584.246783302915
南京三民,2026-05-13,27076.0,26488.90075407809
南京三民,2026-05-14,26330.0,27221.40059875538
南京三民,2026-05-15,26974.0,27447.958866917925
南京三民,2026-05-16,16488.0,15066.448396209547
南京三民,2026-05-17,13252.0,12325.381448504646
南京三民,2026-05-18,25608.0,25589.745179477195
南京三民,2026-05-19,26034.0,26484.527888263965
南京三民,2026-05-20,26703.0,26519.582901268284
南京三民,2026-05-21,26581.0,26453.043618743424
南京三民,2026-05-22,27987.0,27212.205343166075
南京三民,2026-05-23,16461.0,16386.391103285903
南京三民,2026-05-24,12603.0,12993.240918040217
南京三民,2026-05-25,25426.0,25715.3057724174
南京三民,2026-05-26,26411.0,26108.690048845212
南京三民,2026-05-27,26178.0,26539.969378049198
南京三民,2026-05-28,26374.0,26374.33391283124
南京三民,2026-05-29,27253.0,27470.061294945783
南京三民,2026-05-30,15093.0,16232.858291519133
南京三民,2026-05-31,12479.0,12331.821427734243
南京復興,2026-01-01,20424.0,38714.95777766514
南京復興,2026-01-02,44808.0,45646.3642782283
南京復興,2026-01-03,26421.0,26598.05452671048
南京復興,2026-01-04,19480.0,21592.363599380467
南京復興,2026-01-05,45621.0,45016.965502167775
南京復興,2026-01-06,47400.0,46412.30159132267
南京復興,2026-01-07,47195.0,47955.50971472144
南京復興,2026-01-08,47486.0,30762.723142931405
南京復興,2026-01-09,48927.0,47146.61123178804
南京復興,2026-01-10,27577.0,28371.989088683415
南京復興,2026-01-11,21783.0,21499.414030419204
南京復興,2026-01-12,44690.0,45373.56573009397
南京復興,2026-01-13,46596.0,46680.01741735525
南京復興,2026-01-14,46350.0,48284.42494063754
南京復興,2026-01-15,46997.0,46986.25884104739
南京復興,2026-01-16,48985.0,47144.20527030677
南京復興,2026-01-17,27987.0,27128.39871262293
南京復興,2026-01-18,21284.0,21235.95905150527
南京復興,2026-01-19,44927.0,44952.91274844819
南京復興,2026-01-20,46967.0,46001.46696809342
南京復興,2026-01-21,46992.0,46879.792564284035
南京復興,2026-01-22,48060.0,47067.642188620775
南京復興,2026-01-23,48945.0,48339.59845658483
南京復興,2026-01-24,28032.0,28223.186083982244
南京復興,2026-01-25,21199.0,20848.99363550566
南京復興,2026-01-26,45219.0,44615.07592831463
南京復興,2026-01-27,48028.0,46396.92203475308
南京復興,2026-01-28,47369.0,47024.653095583606
南京復興,2026-01-29,47410.0,47222.165761511635
南京復興,2026-01-30,47852.0,48242.91557780974
南京復興,2026-01-31,28669.0,28103.015963054422
南京復興,2026-02-01,21143.0,21178.211445494144
南京復興,2026-02-02,45120.0,44500.97221644584
南京復興,2026-02-03,46848.0,46454.35300284712
南京復興,2026-02-04,47193.0,47193.42964765913
南京復興,2026-02-05,47929.0,47377.94447989453
南京復興,2026-02-06,49339.0,47859.65508165365
南京復興,2026-02-07,28586.0,29226.63227604175
南京復興,2026-02-08,21697.0,21090.79543566796
南京復興,2026-02-09,45728.0,44644.29497922935
南京復興,2026-02-10,47334.0,46638.90595665048
南京復興,2026-02-11,46742.0,47345.47253047338
南京復興,2026-02-12,47006.0,47419.866214377565
南京復興,2026-02-13,42566.0,48702.32344859863
南京復興,2026-02-14,20770.0,25888.82871395285
南京復興,2026-02-15,14573.0,18462.524322279012
南京復興,2026-02-16,9806.0,13906.881228213862
南京復興,2026-02-17,11660.0,12117.626375176382
南京復興,2026-02-18,13507.0,12146.419975622232
南京復興,2026-02-19,16169.0,14056.484861138693
南京復興,2026-02-20,18150.0,15774.322600158419
南京復興,2026-02-21,20319.0,19741.928901917985
南京復興,2026-02-22,17971.0,16809.151884976898
南京復興,2026-02-23,42353.0,40825.50114924292
南京復興,2026-02-24,44885.0,42832.50400913739
南京復興,2026-02-25,47014.0,45736.81574371694
南京復興,2026-02-26,47071.0,46992.16034006735
南京復興,2026-02-27,24570.0,33199.72655993814
南京復興,2026-02-28,23611.0,19880.265983474314
南京復興,2026-03-01,18746.0,17994.10137595447
南京復興,2026-03-02,43843.0,41643.945487256904
南京復興,2026-03-03,45718.0,43777.65428659991
南京復興,2026-03-04,47726.0,46337.713238140124
南京復興,2026-03-05,48158.0,47218.159419784955
南京復興,2026-03-06,49104.0,32681.28515270407
南京復興,2026-03-07,28970.0,25537.05659504671
南京復興,2026-03-08,22513.0,19186.090176855563
南京復興,2026-03-09,45432.0,44132.430351897034
南京復興,2026-03-10,47053.0,46014.10025563785
南京復興,2026-03-11,47121.0,46609.677123446425
南京復興,2026-03-12,47809.0,46574.07349611325
南京復興,2026-03-13,48610.0,47472.76868291142
南京復興,2026-03-14,29535.0,28672.45297901335
南京復興,2026-03-15,23137.0,22773.526498317005
南京復興,2026-03-16,44814.0,45032.566079123484
南京復興,2026-03-17,46724.0,45942.80266434562
南京復興,2026-03-18,46693.0,47058.58407128786
南京復興,2026-03-19,47166.0,46564.66640930682
南京復興,2026-03-20,48998.0,47664.536386841115
南京復興,2026-03-21,29704.0,28916.822892484106
南京復興,2026-03-22,23207.0,22873.438254306755
南京復興,2026-03-23,45139.0,45346.56619265089
南京復興,2026-03-24,46302.0,46311.396652762385
南京復興,2026-03-25,47227.0,47034.18452397913
南京復興,2026-03-26,47198.0,47304.03672564056
南京復興,2026-03-27,48677.0,48149.01206110153
南京復興,2026-03-28,27678.0,28754.21020934539
南京復興,2026-03-29,20881.0,22958.79084083673
南京復興,2026-03-30,45434.0,44476.74737155463
南京復興,2026-03-31,46614.0,46003.48872583133
南京復興,2026-04-01,46587.0,47070.20573025095
南京復興,2026-04-02,46490.0,47225.387301734736
南京復興,2026-04-03,22555.0,28689.575589388845
南京復興,2026-04-04,21528.0,22597.315415355064
南京復興,2026-04-05,19431.0,19086.64397360419
南京復興,2026-04-06,19023.0,18149.021936355566
南京復興,2026-04-07,45892.0,45334.329515787045
南京復興,2026-04-08,46417.0,45914.730444318506
南京復興,2026-04-09,46892.0,46432.040451670684
南京復興,2026-04-10,48418.0,48060.19938427912
南京復興,2026-04-11,29919.0,27346.015922764844
南京復興,2026-04-12,22619.0,21622.111083250893
南京復興,2026-04-13,44440.0,40782.722519602285
南京復興,2026-04-14,45667.0,45891.78205347061
南京復興,2026-04-15,46206.0,46107.92065045996
南京復興,2026-04-16,46346.0,46796.53473743621
南京復興,2026-04-17,47351.0,46209.633289131874
南京復興,2026-04-18,27877.0,28676.733048064143
南京復興,2026-04-19,21606.0,22362.624404338745
南京復興,2026-04-20,43415.0,43675.91595945357
南京復興,2026-04-21,45148.0,45491.557602607936
南京復興,2026-04-22,45330.0,45242.851739771584
南京復興,2026-04-23,47281.0,46022.16384626789
南京復興,2026-04-24,48413.0,47171.65817141213
南京復興,2026-04-25,28881.0,28392.15888043356
南京復興,2026-04-26,22126.0,21636.74826265358
南京復興,2026-04-27,44414.0,44339.163885334456
南京復興,2026-04-28,46319.0,45302.910308593244
南京復興,2026-04-29,46917.0,46405.0503722713
南京復興,2026-04-30,49007.0,46345.25267182084
南京復興,2026-05-01,24253.0,25437.522462437086
南京復興,2026-05-02,25312.0,23911.82291552254
南京復興,2026-05-03,20564.0,20831.37248636004
南京復興,2026-05-04,46154.0,43432.585439595525
南京復興,2026-05-05,48381.0,46455.089198830516
南京復興,2026-05-06,46631.0,47268.84820505039
南京復興,2026-05-07,47154.0,47767.44712757541
南京復興,2026-05-08,47499.0,48693.735457460265
南京復興,2026-05-09,27680.0,28951.646697617998
南京復興,2026-05-10,20140.0,21276.640556065955
南京復興,2026-05-11,43926.0,44264.97254416913
南京復興,2026-05-12,45869.0,46011.196283085665
南京復興,2026-05-13,47586.0,46047.2656247409
南京復興,2026-05-14,46166.0,47601.14864821832
南京復興,2026-05-15,47663.0,47198.67955493832
南京復興,2026-05-16,28621.0,27198.417146549808
南京復興,2026-05-17,22376.0,20922.853931132693
南京復興,2026-05-18,44042.0,44921.642598984465
南京復興,2026-05-19,45385.0,45789.51469210149
南京復興,2026-05-20,45720.0,46487.169299053516
南京復興,2026-05-21,45836.0,46025.858730808344
南京復興,2026-05-22,46967.0,47174.08790125185
南京復興,2026-05-23,29008.0,27209.27428603965
南京復興,2026-05-24,21440.0,22471.816342697548
南京復興,2026-05-25,44856.0,44349.20361231036
南京復興,2026-05-26,46013.0,45798.75841482933
南京復興,2026-05-27,45754.0,46278.09997589292
南京復興,2026-05-28,46258.0,46111.02689096873
南京復興,2026-05-29,47023.0,47473.9597914433
南京復興,2026-05-30,28225.0,27251.2751845184
南京復興,2026-05-31,22229.0,21446.78291336996
南勢角,2026-01-01,12798.0,15089.430277558255
南勢角,2026-01-02,20125.0,21180.63458940604
南勢角,2026-01-03,16524.0,16260.450608313799
南勢角,2026-01-04,14080.0,13867.883295309937
南勢角,2026-01-05,20587.0,20659.37574087104
南勢角,2026-01-06,21326.0,21477.95299414253
南勢角,2026-01-07,21382.0,20863.742906663083
南勢角,2026-01-08,21354.0,15028.321001481634
南勢角,2026-01-09,22130.0,20878.180183916313
南勢角,2026-01-10,17650.0,16624.85166314787
南勢角,2026-01-11,13897.0,14115.75904603212
南勢角,2026-01-12,20254.0,20652.56160719501
南勢角,2026-01-13,20980.0,21155.687135028093
南勢角,2026-01-14,21065.0,21373.44934334093
南勢角,2026-01-15,21214.0,21330.332919083696
南勢角,2026-01-16,22080.0,21896.382573427763
南勢角,2026-01-17,17194.0,16825.352342385024
南勢角,2026-01-18,14419.0,13753.95072793982
南勢角,2026-01-19,20287.0,20529.203724875806
南勢角,2026-01-20,21394.0,20998.012413675653
南勢角,2026-01-21,20823.0,21201.996087811145
南勢角,2026-01-22,20418.0,21198.22564980888
南勢角,2026-01-23,21888.0,21663.731420819782
南勢角,2026-01-24,17042.0,16894.39920277263
南勢角,2026-01-25,14719.0,14025.582730171562
南勢角,2026-01-26,20275.0,20366.169087374106
南勢角,2026-01-27,20370.0,21138.806929150905
南勢角,2026-01-28,20658.0,20795.40467875619
南勢角,2026-01-29,21356.0,20763.46750351811
南勢角,2026-01-30,21746.0,21866.07642663218
南勢角,2026-01-31,17012.0,16545.92239237475
南勢角,2026-02-01,13716.0,13982.419423525904
南勢角,2026-02-02,20315.0,20311.574946266966
南勢角,2026-02-03,21359.0,20901.254904366895
南勢角,2026-02-04,21572.0,20974.755231931944
南勢角,2026-02-05,21551.0,21544.836208573834
南勢角,2026-02-06,21941.0,21846.327446821742
南勢角,2026-02-07,17603.0,16639.736382062445
南勢角,2026-02-08,14557.0,14460.512667455736
南勢角,2026-02-09,20394.0,20560.937441282418
南勢角,2026-02-10,21344.0,21245.46660249458
南勢角,2026-02-11,20879.0,21413.834522091463
南勢角,2026-02-12,21669.0,21312.399563831626
南勢角,2026-02-13,21306.0,22137.17950409364
南勢角,2026-02-14,15127.0,16308.942576084853
南勢角,2026-02-15,12221.0,12879.6971472412
南勢角,2026-02-16,9798.0,9886.50939338345
南勢角,2026-02-17,13628.0,10337.65190012766
南勢角,2026-02-18,14205.0,13307.180875920112
南勢角,2026-02-19,15046.0,14146.350544478133
南勢角,2026-02-20,15124.0,14821.211068052591
南勢角,2026-02-21,16371.0,14066.361253519077
南勢角,2026-02-22,14054.0,13149.718499862549
南勢角,2026-02-23,20291.0,19295.390951997346
南勢角,2026-02-24,20865.0,20919.308335750462
南勢角,2026-02-25,21514.0,20903.041744856542
南勢角,2026-02-26,22200.0,21716.10279335764
南勢角,2026-02-27,16677.0,13985.26190387603
南勢角,2026-02-28,16980.0,14718.855473471585
南勢角,2026-03-01,14319.0,13781.264446766658
南勢角,2026-03-02,21095.0,19899.701559487537
南勢角,2026-03-03,21129.0,20954.892766538058
南勢角,2026-03-04,21247.0,21369.175637977067
南勢角,2026-03-05,21717.0,21874.594166056933
南勢角,2026-03-06,22410.0,17985.695110850556
南勢角,2026-03-07,17998.0,16864.34258667564
南勢角,2026-03-08,15116.0,14150.53308004281
南勢角,2026-03-09,20835.0,20789.13311392748
南勢角,2026-03-10,21268.0,21273.6627445229
南勢角,2026-03-11,22225.0,21324.88327969224
南勢角,2026-03-12,21877.0,22555.78273515728
南勢角,2026-03-13,22356.0,22363.66954912564
南勢角,2026-03-14,18342.0,17474.408396867402
南勢角,2026-03-15,15099.0,14406.475215965407
南勢角,2026-03-16,20741.0,20915.507387908678
南勢角,2026-03-17,21820.0,21336.79147920177
南勢角,2026-03-18,21823.0,22178.89911599539
南勢角,2026-03-19,21615.0,21848.38167327623
南勢角,2026-03-20,23247.0,22341.169919485154
南勢角,2026-03-21,18489.0,17653.96330280934
南勢角,2026-03-22,15220.0,14628.81966323492
南勢角,2026-03-23,20834.0,20984.901424654126
南勢角,2026-03-24,21445.0,21259.48687684099
南勢角,2026-03-25,21648.0,21818.935821176005
南勢角,2026-03-26,21603.0,21809.25903329159
南勢角,2026-03-27,21884.0,22432.032427594477
南勢角,2026-03-28,17675.0,16963.237825669046
南勢角,2026-03-29,14041.0,14552.897086456856
南勢角,2026-03-30,20810.0,20864.3662889328
南勢角,2026-03-31,21378.0,21552.29623587864
南勢角,2026-04-01,21554.0,21547.789861903206
南勢角,2026-04-02,22140.0,21513.89622824496
南勢角,2026-04-03,15336.0,14861.48571989094
南勢角,2026-04-04,13256.0,14689.244505934774
南勢角,2026-04-05,13829.0,12315.598978370457
南勢角,2026-04-06,12307.0,12921.195893456903
南勢角,2026-04-07,20134.0,21119.720290969748
南勢角,2026-04-08,21682.0,21222.624909949318
南勢角,2026-04-09,21776.0,21902.75929566168
南勢角,2026-04-10,22493.0,22074.033589418057
南勢角,2026-04-11,18106.0,16475.62752224199
南勢角,2026-04-12,15451.0,13883.649279623745
南勢角,2026-04-13,20779.0,20413.644829593828
南勢角,2026-04-14,21158.0,20984.8812311368
南勢角,2026-04-15,21352.0,21464.06066890549
南勢角,2026-04-16,21407.0,21735.18627768457
南勢角,2026-04-17,22288.0,22164.731500411857
南勢角,2026-04-18,17551.0,17514.847960032752
南勢角,2026-04-19,14704.0,14139.332866321045
南勢角,2026-04-20,20707.0,20744.119298369933
南勢角,2026-04-21,21216.0,21169.551658480246
南勢角,2026-04-22,21446.0,21414.544024909224
南勢角,2026-04-23,21157.0,21475.050122450848
南勢角,2026-04-24,21773.0,22072.621215366238
南勢角,2026-04-25,16854.0,16900.06233143754
南勢角,2026-04-26,15243.0,14190.709940633982
南勢角,2026-04-27,20875.0,20709.171940157878
南勢角,2026-04-28,21673.0,21214.622726155798
南勢角,2026-04-29,21577.0,21628.26260658978
南勢角,2026-04-30,21998.0,21418.801219464924
南勢角,2026-05-01,16715.0,15047.994611492539
南勢角,2026-05-02,16323.0,15123.605619811295
南勢角,2026-05-03,13911.0,14167.20311133543
南勢角,2026-05-04,20904.0,20696.075262810235
南勢角,2026-05-05,21178.0,21280.178334570137
南勢角,2026-05-06,22284.0,21377.463929198777
南勢角,2026-05-07,21910.0,22042.474819285475
南勢角,2026-05-08,22563.0,22426.16809202175
南勢角,2026-05-09,17198.0,16336.875600316505
南勢角,2026-05-10,14458.0,13943.014819009159
南勢角,2026-05-11,20612.0,20953.25173030212
南勢角,2026-05-12,21561.0,21358.071670282345
南勢角,2026-05-13,21365.0,21985.853368821892
南勢角,2026-05-14,20933.0,21691.603212856746
南勢角,2026-05-15,22370.0,21915.69614907338
南勢角,2026-05-16,17622.0,17025.617410961084
南勢角,2026-05-17,15184.0,14306.138890291242
南勢角,2026-05-18,20806.0,20863.977856201807
南勢角,2026-05-19,21290.0,21327.09350850137
南勢角,2026-05-20,21643.0,21628.74606952784
南勢角,2026-05-21,21491.0,21721.44202401577
南勢角,2026-05-22,22273.0,22180.899835668635
南勢角,2026-05-23,17707.0,16949.654929937027
南勢角,2026-05-24,14374.0,14284.840292527864
南勢角,2026-05-25,20557.0,20802.978187418852
南勢角,2026-05-26,21188.0,21215.168923221445
南勢角,2026-05-27,21250.0,21457.550613011477
南勢角,2026-05-28,21160.0,21433.65111281608
南勢角,2026-05-29,21830.0,21866.31262892983
南勢角,2026-05-30,17499.0,16705.09361852055
南勢角,2026-05-31,14198.0,14341.02078625642
南港,2026-01-01,18584.0,24275.606404206086
南港,2026-01-02,24750.0,26275.200351391675
南港,2026-01-03,19862.0,21043.806133171
南港,2026-01-04,18241.0,17997.1735964367
南港,2026-01-05,23963.0,24321.464558287662
南港,2026-01-06,23964.0,25577.210649618995
南港,2026-01-07,24146.0,25833.36316205185
南港,2026-01-08,24222.0,24019.98527079891
南港,2026-01-09,28058.0,25710.53050252134
南港,2026-01-10,21699.0,21536.076095842604
南港,2026-01-11,18570.0,18738.542688175392
南港,2026-01-12,24019.0,24539.11812053305
南港,2026-01-13,24230.0,25070.64773486314
南港,2026-01-14,25254.0,25512.111280496178
南港,2026-01-15,24667.0,25538.633060665365
南港,2026-01-16,27790.0,26938.740510562813
南港,2026-01-17,21953.0,21748.920145746924
南港,2026-01-18,19213.0,18105.79397140456
南港,2026-01-19,24482.0,23970.84200818395
南港,2026-01-20,26448.0,25114.34438358548
南港,2026-01-21,24801.0,26328.66421960583
南港,2026-01-22,25168.0,25129.392633433297
南港,2026-01-23,27580.0,27049.42163057795
南港,2026-01-24,20971.0,21549.087235565014
南港,2026-01-25,18783.0,19361.215942721232
南港,2026-01-26,23539.0,24309.43550868698
南港,2026-01-27,23688.0,24692.225027863213
南港,2026-01-28,23654.0,24536.40365936911
南港,2026-01-29,26670.0,24395.275315356892
南港,2026-01-30,29981.0,27537.381464777154
南港,2026-01-31,27577.0,22783.7323880368
南港,2026-02-01,23626.0,19841.985205836427
南港,2026-02-02,22643.0,24403.751458752122
南港,2026-02-03,22950.0,23896.5758883759
南港,2026-02-04,24417.0,24472.385167888275
南港,2026-02-05,29010.0,25241.990555230077
南港,2026-02-06,30332.0,30182.218774425455
南港,2026-02-07,25688.0,27264.7508699174
南港,2026-02-08,22198.0,20871.904053954888
南港,2026-02-09,25274.0,23804.09359565589
南港,2026-02-10,24057.0,24838.61760105551
南港,2026-02-11,23842.0,24760.262384564503
南港,2026-02-12,24725.0,25969.217297681844
南港,2026-02-13,23782.0,28012.553394678234
南港,2026-02-14,16314.0,22427.41555624169
南港,2026-02-15,13412.0,16467.54237348799
南港,2026-02-16,8715.0,13908.287656912878
南港,2026-02-17,14596.0,12265.770887640347
南港,2026-02-18,16285.0,14518.852372321915
南港,2026-02-19,19496.0,16877.6376440024
南港,2026-02-20,20184.0,18379.273605857907
南港,2026-02-21,20874.0,17355.83699295637
南港,2026-02-22,18151.0,16852.315558766128
南港,2026-02-23,23186.0,23263.946140547763
南港,2026-02-24,23147.0,23838.55517617309
南港,2026-02-25,24045.0,23743.8518491755
南港,2026-02-26,25625.0,24542.99166176962
南港,2026-02-27,20236.0,17055.44763125527
南港,2026-02-28,20625.0,16999.168709652
南港,2026-03-01,17813.0,16785.565026021508
南港,2026-03-02,23067.0,22779.26179451319
南港,2026-03-03,22985.0,23532.319024073706
南港,2026-03-04,24054.0,23268.909984622132
南港,2026-03-05,24741.0,24721.877154892856
南港,2026-03-06,27044.0,22904.62521062324
南港,2026-03-07,22097.0,21550.789722316564
南港,2026-03-08,18424.0,17967.40238117112
南港,2026-03-09,24022.0,22842.194667972988
南港,2026-03-10,24002.0,24187.31638057751
南港,2026-03-11,25598.0,24118.795296886015
南港,2026-03-12,26680.0,25491.97470049096
南港,2026-03-13,29049.0,27898.002931735435
南港,2026-03-14,22978.0,21675.499636045788
南港,2026-03-15,21435.0,19506.077257719015
南港,2026-03-16,24318.0,23419.729123653375
南港,2026-03-17,25651.0,24927.661274917155
南港,2026-03-18,26103.0,26313.672550830153
南港,2026-03-19,25393.0,26660.01782952255
南港,2026-03-20,29947.0,27967.00485641418
南港,2026-03-21,22341.0,23474.545309855508
南港,2026-03-22,21496.0,18612.458669117917
南港,2026-03-23,24343.0,24296.561845553413
南港,2026-03-24,24637.0,25035.27052013536
南港,2026-03-25,26174.0,25460.287682296457
南港,2026-03-26,26666.0,26159.488868597848
南港,2026-03-27,32174.0,28747.924944267063
南港,2026-03-28,22401.0,23869.37760248812
南港,2026-03-29,18672.0,19799.699508327736
南港,2026-03-30,23971.0,24394.811126231936
南港,2026-03-31,23935.0,25052.066786621966
南港,2026-04-01,23988.0,25276.014780969686
南港,2026-04-02,25555.0,25572.198609188614
南港,2026-04-03,18832.0,20578.556490240455
南港,2026-04-04,19059.0,18069.719236939654
南港,2026-04-05,20421.0,17754.78094423041
南港,2026-04-06,19822.0,16532.424660149984
南港,2026-04-07,24802.0,23877.912733527453
南港,2026-04-08,25927.0,25292.899720389072
南港,2026-04-09,26640.0,26224.411038734936
南港,2026-04-10,28461.0,28709.579662232907
南港,2026-04-11,22229.0,20825.13154037981
南港,2026-04-12,18779.0,18725.878152203673
南港,2026-04-13,23367.0,22290.882125286502
南港,2026-04-14,24713.0,24421.978271420034
南港,2026-04-15,24921.0,25563.398291453777
南港,2026-04-16,25404.0,25604.367672744196
南港,2026-04-17,27087.0,27520.54541490341
南港,2026-04-18,20078.0,21699.99204194017
南港,2026-04-19,19190.0,17759.87449068323
南港,2026-04-20,23283.0,22877.467238607525
南港,2026-04-21,23729.0,24600.909462721906
南港,2026-04-22,24593.0,25038.990258522863
南港,2026-04-23,24807.0,25290.48728599306
南港,2026-04-24,27380.0,26837.084746919965
南港,2026-04-25,20532.0,21285.063529426738
南港,2026-04-26,19996.0,18544.68243094073
南港,2026-04-27,23514.0,23410.300573799283
南港,2026-04-28,24157.0,24538.63986295003
南港,2026-04-29,24653.0,24800.163440646655
南港,2026-04-30,26595.0,25062.41358840828
南港,2026-05-01,19912.0,17736.399498280676
南港,2026-05-02,21638.0,18284.477850043248
南港,2026-05-03,20602.0,18693.189481732068
南港,2026-05-04,24300.0,23402.950331588625
南港,2026-05-05,25681.0,24562.911661633716
南港,2026-05-06,25845.0,25251.044789820196
南港,2026-05-07,25751.0,26142.514346683878
南港,2026-05-08,26764.0,27397.80554629911
南港,2026-05-09,21566.0,21630.667007789725
南港,2026-05-10,20116.0,18992.029168246783
南港,2026-05-11,23612.0,23656.855236544245
南港,2026-05-12,23702.0,24883.229173027932
南港,2026-05-13,24663.0,24649.62465138242
南港,2026-05-14,24945.0,25419.82867759156
南港,2026-05-15,28696.0,26148.447645284516
南港,2026-05-16,23816.0,21984.645598350115
南港,2026-05-17,21750.0,20603.061080941196
南港,2026-05-18,23772.0,23765.93167793964
南港,2026-05-19,23607.0,24782.624498883713
南港,2026-05-20,25442.0,25116.841706665025
南港,2026-05-21,24685.0,25521.81101282961
南港,2026-05-22,30215.0,27370.13065300219
南港,2026-05-23,27599.0,23878.885368239626
南港,2026-05-24,23576.0,22418.390702573506
南港,2026-05-25,24834.0,24121.136452716695
南港,2026-05-26,24196.0,24859.63073581611
南港,2026-05-27,24199.0,24575.35533464659
南港,2026-05-28,24047.0,24819.581185912193
南港,2026-05-29,26210.0,27568.94430194038
南港,2026-05-30,21293.0,24668.031296808167
南港,2026-05-31,19653.0,18657.285878472896
南港展覽館,2026-01-01,24533.0,38688.51138461838
南港展覽館,2026-01-02,33142.0,32963.396197552756
南港展覽館,2026-01-03,28914.0,28512.43070501532
南港展覽館,2026-01-04,20230.0,20929.66682057106
南港展覽館,2026-01-05,32939.0,31933.864796916867
南港展覽館,2026-01-06,33447.0,34080.14281361557
南港展覽館,2026-01-07,36226.0,34805.66269757562
南港展覽館,2026-01-08,35474.0,29883.616439018766
南港展覽館,2026-01-09,38960.0,36124.65861930111
南港展覽館,2026-01-10,31115.0,30523.125901978103
南港展覽館,2026-01-11,22734.0,22738.667650812135
南港展覽館,2026-01-12,34056.0,31868.46501413376
南港展覽館,2026-01-13,35780.0,34680.836040049966
南港展覽館,2026-01-14,36274.0,37254.374442543165
南港展覽館,2026-01-15,38333.0,36581.16817917542
南港展覽館,2026-01-16,44419.0,40238.99406320185
南港展覽館,2026-01-17,36740.0,38072.604250619464
南港展覽館,2026-01-18,21075.0,24857.365297168082
南港展覽館,2026-01-19,35183.0,32189.44319762157
南港展覽館,2026-01-20,38809.0,35692.20717026504
南港展覽館,2026-01-21,35737.0,40122.023423436345
南港展覽館,2026-01-22,37703.0,36804.133632942125
南港展覽館,2026-01-23,42986.0,39767.54364136373
南港展覽館,2026-01-24,35111.0,37552.23371855477
南港展覽館,2026-01-25,20850.0,23610.028692469026
南港展覽館,2026-01-26,34067.0,31859.668177137413
南港展覽館,2026-01-27,34396.0,35621.869651982066
南港展覽館,2026-01-28,36335.0,35400.101336836895
南港展覽館,2026-01-29,50743.0,37680.660095176
南港展覽館,2026-01-30,55004.0,47788.09926337178
南港展覽館,2026-01-31,52895.0,49448.581359740485
南港展覽館,2026-02-01,40371.0,31352.54747736973
南港展覽館,2026-02-02,32408.0,38873.709883983385
南港展覽館,2026-02-03,34224.0,33863.406589132755
南港展覽館,2026-02-04,36829.0,35653.13643196985
南港展覽館,2026-02-05,58501.0,36767.29490067233
南港展覽館,2026-02-06,66512.0,56605.197949032874
南港展覽館,2026-02-07,48758.0,56658.1566287293
南港展覽館,2026-02-08,42101.0,40795.61649709116
南港展覽館,2026-02-09,49131.0,37436.04380137971
南港展覽館,2026-02-10,35837.0,40003.41730458006
南港展覽館,2026-02-11,35379.0,36925.903032401395
南港展覽館,2026-02-12,37507.0,35913.09051029021
南港展覽館,2026-02-13,36849.0,44038.78306439673
南港展覽館,2026-02-14,20927.0,33028.1387390356
南港展覽館,2026-02-15,16656.0,24555.334585141485
南港展覽館,2026-02-16,10406.0,16070.732495189597
南港展覽館,2026-02-17,21061.0,13863.508686925343
南港展覽館,2026-02-18,21056.0,18370.712482700113
南港展覽館,2026-02-19,24121.0,19587.13993679818
南港展覽館,2026-02-20,23480.0,20586.593097478013
南港展覽館,2026-02-21,22707.0,23516.889410847576
南港展覽館,2026-02-22,18091.0,20195.594778764036
南港展覽館,2026-02-23,31042.0,30666.180982244656
南港展覽館,2026-02-24,32658.0,31494.086467176072
南港展覽館,2026-02-25,33200.0,32214.989909179316
南港展覽館,2026-02-26,35571.0,32841.966008191615
南港展覽館,2026-02-27,25465.0,37316.086734731216
南港展覽館,2026-02-28,31733.0,20689.97951251659
南港展覽館,2026-03-01,21263.0,22535.84241456193
南港展覽館,2026-03-02,31778.0,29524.495433270626
南港展覽館,2026-03-03,32116.0,32727.789703045128
南港展覽館,2026-03-04,32549.0,32984.76950734934
南港展覽館,2026-03-05,33930.0,33709.86068850807
南港展覽館,2026-03-06,34326.0,31841.72194378532
南港展覽館,2026-03-07,25265.0,26982.686991534207
南港展覽館,2026-03-08,18755.0,19950.894134957798
南港展覽館,2026-03-09,32470.0,31020.423791115743
南港展覽館,2026-03-10,32790.0,33165.60314361944
南港展覽館,2026-03-11,35109.0,33171.04370913875
南港展覽館,2026-03-12,43184.0,35476.54684267792
南港展覽館,2026-03-13,46469.0,40821.1599011327
南港展覽館,2026-03-14,37805.0,35599.15710742219
南港展覽館,2026-03-15,31235.0,24634.607236108077
南港展覽館,2026-03-16,34206.0,32961.26720066227
南港展覽館,2026-03-17,39198.0,34759.98165839306
南港展覽館,2026-03-18,39309.0,38542.83098073779
南港展覽館,2026-03-19,38892.0,39179.92948273049
南港展覽館,2026-03-20,42759.0,40644.520831036454
南港展覽館,2026-03-21,25193.0,36224.30694202501
南港展覽館,2026-03-22,21958.0,22639.381528377915
南港展覽館,2026-03-23,33583.0,31989.410887642858
南港展覽館,2026-03-24,35930.0,34595.670411760766
南港展覽館,2026-03-25,41177.0,37266.25822335456
南港展覽館,2026-03-26,42373.0,41811.2428055922
南港展覽館,2026-03-27,47013.0,42686.20013156741
南港展覽館,2026-03-28,29413.0,39373.19171731993
南港展覽館,2026-03-29,19797.0,24090.389631477436
南港展覽館,2026-03-30,32824.0,32407.05057590004
南港展覽館,2026-03-31,33755.0,34443.669005586205
南港展覽館,2026-04-01,33035.0,34794.8349436105
南港展覽館,2026-04-02,34834.0,34724.14353777206
南港展覽館,2026-04-03,28476.0,31463.09125899946
南港展覽館,2026-04-04,26811.0,24910.89379272095
南港展覽館,2026-04-05,26287.0,20482.26535940833
南港展覽館,2026-04-06,22394.0,17792.37408506322
南港展覽館,2026-04-07,32498.0,31216.923319718626
南港展覽館,2026-04-08,37247.0,33936.184336267776
南港展覽館,2026-04-09,38643.0,38181.87258850781
南港展覽館,2026-04-10,39576.0,39389.03032713754
南港展覽館,2026-04-11,26616.0,33372.42603983707
南港展覽館,2026-04-12,20906.0,21557.002720882054
南港展覽館,2026-04-13,33363.0,26553.98290158263
南港展覽館,2026-04-14,37746.0,33754.137893505474
南港展覽館,2026-04-15,37422.0,37543.8092102594
南港展覽館,2026-04-16,37346.0,39139.56754356557
南港展覽館,2026-04-17,37311.0,39052.45247205573
南港展覽館,2026-04-18,24241.0,29416.32902955336
南港展覽館,2026-04-19,20065.0,21084.393485926073
南港展覽館,2026-04-20,32104.0,29547.891681474222
南港展覽館,2026-04-21,33932.0,33889.23949648952
南港展覽館,2026-04-22,36183.0,35969.290790904604
南港展覽館,2026-04-23,36039.0,37803.63193803052
南港展覽館,2026-04-24,36489.0,38429.43939102558
南港展覽館,2026-04-25,25348.0,27823.226667758732
南港展覽館,2026-04-26,22227.0,19827.88131871452
南港展覽館,2026-04-27,32724.0,31762.595879343786
南港展覽館,2026-04-28,33267.0,33940.109717566964
南港展覽館,2026-04-29,34222.0,35144.046465012754
南港展覽館,2026-04-30,35147.0,35446.74817546127
南港展覽館,2026-05-01,24420.0,27398.657216256197
南港展覽館,2026-05-02,26260.0,22293.408742033556
南港展覽館,2026-05-03,20412.0,21029.477933111324
南港展覽館,2026-05-04,32319.0,31902.973693301086
南港展覽館,2026-05-05,39163.0,33355.70120718355
南港展覽館,2026-05-06,40872.0,39701.442056329506
南港展覽館,2026-05-07,39824.0,42517.56033496644
南港展覽館,2026-05-08,34708.0,37200.97467069208
南港展覽館,2026-05-09,26785.0,26607.594479106414
南港展覽館,2026-05-10,24603.0,20812.801129661053
南港展覽館,2026-05-11,32396.0,32171.517109950713
南港展覽館,2026-05-12,33637.0,34319.216460582815
南港展覽館,2026-05-13,34979.0,35119.53341452514
南港展覽館,2026-05-14,36677.0,35929.53153602083
南港展覽館,2026-05-15,43593.0,37067.36286929256
南港展覽館,2026-05-16,30228.0,31180.5687460926
南港展覽館,2026-05-17,25804.0,23949.84172728716
南港展覽館,2026-05-18,32511.0,32299.435376348047
南港展覽館,2026-05-19,33245.0,33778.535268128944
南港展覽館,2026-05-20,35123.0,35149.041060483185
南港展覽館,2026-05-21,37811.0,37241.486073285385
南港展覽館,2026-05-22,49744.0,39417.23776300384
南港展覽館,2026-05-23,47072.0,39540.61645171984
南港展覽館,2026-05-24,40926.0,30658.059435777188
南港展覽館,2026-05-25,41654.0,37072.27165709257
南港展覽館,2026-05-26,35166.0,36727.08774598411
南港展覽館,2026-05-27,34273.0,35956.25455019707
南港展覽館,2026-05-28,34154.0,35889.26150890059
南港展覽館,2026-05-29,35052.0,37985.48474157108
南港展覽館,2026-05-30,26205.0,32387.44322125171
南港展覽館,2026-05-31,22162.0,24228.797175841897
南港軟體園區,2026-01-01,6231.0,6306.028608830558
南港軟體園區,2026-01-02,8927.0,9184.286641714434
南港軟體園區,2026-01-03,5111.0,5766.385136733533
南港軟體園區,2026-01-04,4440.0,4650.4033177177425
南港軟體園區,2026-01-05,8763.0,8431.48872631765
南港軟體園區,2026-01-06,9145.0,8752.997973623755
南港軟體園區,2026-01-07,7959.0,9548.512086935074
南港軟體園區,2026-01-08,8391.0,7733.9185568826615
南港軟體園區,2026-01-09,8926.0,8747.866529502353
南港軟體園區,2026-01-10,5027.0,6115.862253507987
南港軟體園區,2026-01-11,4484.0,4658.468640902321
南港軟體園區,2026-01-12,8588.0,8398.059644832954
南港軟體園區,2026-01-13,8550.0,8715.552625555323
南港軟體園區,2026-01-14,8812.0,7702.62798451848
南港軟體園區,2026-01-15,8761.0,8607.06368293818
南港軟體園區,2026-01-16,9395.0,8859.471022582808
南港軟體園區,2026-01-17,5545.0,5528.944782365452
南港軟體園區,2026-01-18,4460.0,4545.247971210192
南港軟體園區,2026-01-19,9638.0,8402.119499726907
南港軟體園區,2026-01-20,10370.0,9292.476075187744
南港軟體園區,2026-01-21,9638.0,10022.539338360917
南港軟體園區,2026-01-22,9583.0,9414.71945722644
南港軟體園區,2026-01-23,9741.0,9620.279288804191
南港軟體園區,2026-01-24,5441.0,5766.450042343765
南港軟體園區,2026-01-25,4735.0,4551.197715949656
南港軟體園區,2026-01-26,8809.0,8735.253249646012
南港軟體園區,2026-01-27,9571.0,8814.352601327644
南港軟體園區,2026-01-28,9138.0,9623.84179314392
南港軟體園區,2026-01-29,9197.0,9112.34291601332
南港軟體園區,2026-01-30,9652.0,9699.719034160218
南港軟體園區,2026-01-31,6135.0,6119.8427400561395
南港軟體園區,2026-02-01,5576.0,4825.738415723165
南港軟體園區,2026-02-02,9111.0,8833.610744033986
南港軟體園區,2026-02-03,8719.0,9445.432472445018
南港軟體園區,2026-02-04,8730.0,8895.114853738116
南港軟體園區,2026-02-05,9518.0,8958.641490612414
南港軟體園區,2026-02-06,9737.0,9727.070108996662
南港軟體園區,2026-02-07,5611.0,6071.8794239666395
南港軟體園區,2026-02-08,4954.0,5173.8381645777845
南港軟體園區,2026-02-09,8944.0,8740.675337847606
南港軟體園區,2026-02-10,8853.0,8958.640189261887
南港軟體園區,2026-02-11,8899.0,8757.861982308226
南港軟體園區,2026-02-12,8801.0,9115.122459468032
南港軟體園區,2026-02-13,8670.0,9427.455325687108
南港軟體園區,2026-02-14,4386.0,6084.325638844946
南港軟體園區,2026-02-15,4136.0,4140.785946106999
南港軟體園區,2026-02-16,2469.0,4088.9068613118866
南港軟體園區,2026-02-17,6683.0,3340.3841538399806
南港軟體園區,2026-02-18,5329.0,5731.865180798501
南港軟體園區,2026-02-19,6538.0,5196.135407613169
南港軟體園區,2026-02-20,6058.0,6754.199741903517
南港軟體園區,2026-02-21,5527.0,4782.879583523145
南港軟體園區,2026-02-22,4603.0,4673.648743378812
南港軟體園區,2026-02-23,8093.0,7295.179203879187
南港軟體園區,2026-02-24,8003.0,7677.503782692257
南港軟體園區,2026-02-25,8447.0,7558.029510529503
南港軟體園區,2026-02-26,8347.0,8031.267389097161
南港軟體園區,2026-02-27,4956.0,7364.23275808116
南港軟體園區,2026-02-28,5051.0,4881.363813818805
南港軟體園區,2026-03-01,4070.0,4201.17368337857
南港軟體園區,2026-03-02,8010.0,7678.000174182863
南港軟體園區,2026-03-03,8626.0,7904.1343088697795
南港軟體園區,2026-03-04,9057.0,8255.22809780415
南港軟體園區,2026-03-05,8833.0,8676.996724356453
南港軟體園區,2026-03-06,9820.0,6932.277466444716
南港軟體園區,2026-03-07,4597.0,6035.6554647586945
南港軟體園區,2026-03-08,4319.0,3912.22489186486
南港軟體園區,2026-03-09,8805.0,7893.796841710591
南港軟體園區,2026-03-10,8579.0,8851.459267387954
南港軟體園區,2026-03-11,8669.0,8535.279339999606
南港軟體園區,2026-03-12,8445.0,8616.490877545388
南港軟體園區,2026-03-13,8849.0,8443.293326840105
南港軟體園區,2026-03-14,5197.0,5052.898033954836
南港軟體園區,2026-03-15,4440.0,4233.750464870428
南港軟體園區,2026-03-16,8000.0,8051.18734874346
南港軟體園區,2026-03-17,8318.0,8320.80366174212
南港軟體園區,2026-03-18,8347.0,8243.345222807795
南港軟體園區,2026-03-19,8603.0,8354.00644470045
南港軟體園區,2026-03-20,8578.0,8650.242219019721
南港軟體園區,2026-03-21,4638.0,5468.102567350922
南港軟體園區,2026-03-22,4485.0,4002.277549367356
南港軟體園區,2026-03-23,8093.0,7992.952742442754
南港軟體園區,2026-03-24,8140.0,8307.213957648288
南港軟體園區,2026-03-25,8427.0,8322.549980116015
南港軟體園區,2026-03-26,8482.0,8363.44188559507
南港軟體園區,2026-03-27,8904.0,8519.782064098756
南港軟體園區,2026-03-28,4633.0,5042.695048958867
南港軟體園區,2026-03-29,4182.0,4045.6079815051517
南港軟體園區,2026-03-30,8325.0,7720.01703259451
南港軟體園區,2026-03-31,8272.0,8209.55107483726
南港軟體園區,2026-04-01,8181.0,8221.450646440704
南港軟體園區,2026-04-02,8366.0,8395.743092457908
南港軟體園區,2026-04-03,5410.0,5637.866079909465
南港軟體園區,2026-04-04,5425.0,4697.215518540555
南港軟體園區,2026-04-05,5113.0,4464.858244307768
南港軟體園區,2026-04-06,4762.0,4988.72879099538
南港軟體園區,2026-04-07,8250.0,7625.146803407126
南港軟體園區,2026-04-08,8413.0,8237.110947379311
南港軟體園區,2026-04-09,8191.0,8305.273082081867
南港軟體園區,2026-04-10,8558.0,7619.522906473157
南港軟體園區,2026-04-11,4722.0,5650.450894472457
南港軟體園區,2026-04-12,4415.0,4441.309319529328
南港軟體園區,2026-04-13,7984.0,7521.815076500197
南港軟體園區,2026-04-14,8146.0,8134.721710325517
南港軟體園區,2026-04-15,8794.0,8163.32768387756
南港軟體園區,2026-04-16,8328.0,8567.996166581248
南港軟體園區,2026-04-17,8465.0,8211.86078077369
南港軟體園區,2026-04-18,4606.0,5189.064253030968
南港軟體園區,2026-04-19,4233.0,4050.666457595829
南港軟體園區,2026-04-20,7921.0,7697.006647204121
南港軟體園區,2026-04-21,7866.0,8100.866660516184
南港軟體園區,2026-04-22,8067.0,8155.866792066046
南港軟體園區,2026-04-23,8885.0,8093.410599143123
南港軟體園區,2026-04-24,9071.0,8980.215672112468
南港軟體園區,2026-04-25,5221.0,5009.419211435755
南港軟體園區,2026-04-26,4599.0,4407.233840389188
南港軟體園區,2026-04-27,7909.0,7822.772094592599
南港軟體園區,2026-04-28,8013.0,7920.167308594182
南港軟體園區,2026-04-29,8605.0,8187.277471713254
南港軟體園區,2026-04-30,8884.0,8545.568628775634
南港軟體園區,2026-05-01,5225.0,5888.5561826974745
南港軟體園區,2026-05-02,5389.0,4796.592115553911
南港軟體園區,2026-05-03,4495.0,4385.570923342441
南港軟體園區,2026-05-04,8445.0,7812.774958374041
南港軟體園區,2026-05-05,8983.0,8096.380193759399
南港軟體園區,2026-05-06,8430.0,8816.10389749884
南港軟體園區,2026-05-07,8368.0,8451.857133486606
南港軟體園區,2026-05-08,8958.0,8042.106308786672
南港軟體園區,2026-05-09,5146.0,5665.9111101416065
南港軟體園區,2026-05-10,4782.0,4454.576576178369
南港軟體園區,2026-05-11,7931.0,7993.8299918575385
南港軟體園區,2026-05-12,7935.0,8194.794432299868
南港軟體園區,2026-05-13,9129.0,8315.628120333095
南港軟體園區,2026-05-14,8279.0,8943.206835424107
南港軟體園區,2026-05-15,8638.0,8243.557831117154
南港軟體園區,2026-05-16,5113.0,5633.080306543647
南港軟體園區,2026-05-17,4896.0,4479.884205230416
南港軟體園區,2026-05-18,7843.0,7920.1323545818805
南港軟體園區,2026-05-19,8101.0,8019.845296048452
南港軟體園區,2026-05-20,8243.0,8359.644556112995
南港軟體園區,2026-05-21,8276.0,8275.621049071582
南港軟體園區,2026-05-22,8758.0,8312.889098013373
南港軟體園區,2026-05-23,6006.0,5517.256575248528
南港軟體園區,2026-05-24,5639.0,4973.296634802043
南港軟體園區,2026-05-25,8241.0,7771.721524826009
南港軟體園區,2026-05-26,8406.0,8141.707176852015
南港軟體園區,2026-05-27,8357.0,8161.569881034026
南港軟體園區,2026-05-28,8360.0,8219.751101210139
南港軟體園區,2026-05-29,8454.0,8572.000160310281
南港軟體園區,2026-05-30,5166.0,5642.2599643476005
南港軟體園區,2026-05-31,4816.0,4852.660154703925
古亭,2026-01-01,17833.0,37796.56451699525
古亭,2026-01-02,32418.0,31470.522059409017
古亭,2026-01-03,25143.0,25598.426629474387
古亭,2026-01-04,19583.0,19744.933670957205
古亭,2026-01-05,31117.0,30830.227336498585
古亭,2026-01-06,32893.0,33116.860839522655
古亭,2026-01-07,33212.0,34760.81471101634
古亭,2026-01-08,33218.0,26826.21714057593
古亭,2026-01-09,35107.0,34270.313271645275
古亭,2026-01-10,26993.0,27128.1667573174
古亭,2026-01-11,20435.0,19955.62204851613
古亭,2026-01-12,30365.0,31143.099854474123
古亭,2026-01-13,32489.0,32500.304402203757
古亭,2026-01-14,32978.0,33506.495627646014
古亭,2026-01-15,32405.0,33152.54822147898
古亭,2026-01-16,34742.0,34110.74073244702
古亭,2026-01-17,26268.0,27022.131164317892
古亭,2026-01-18,19882.0,20004.37977145362
古亭,2026-01-19,31297.0,30484.72833852853
古亭,2026-01-20,33045.0,32758.891856201273
古亭,2026-01-21,32816.0,32991.27939064286
古亭,2026-01-22,32936.0,32795.249431780125
古亭,2026-01-23,34155.0,34637.880577756056
古亭,2026-01-24,26170.0,25956.564180313653
古亭,2026-01-25,20939.0,19735.08252513937
古亭,2026-01-26,31430.0,30900.565548687577
古亭,2026-01-27,33949.0,33084.79629762223
古亭,2026-01-28,34240.0,33208.52317908281
古亭,2026-01-29,34132.0,33944.48510203769
古亭,2026-01-30,35208.0,35050.02517656451
古亭,2026-01-31,27214.0,26914.766233258335
古亭,2026-02-01,20300.0,20533.73899840835
古亭,2026-02-02,31457.0,31446.674251182078
古亭,2026-02-03,34059.0,33154.33096589574
古亭,2026-02-04,33955.0,34027.086196777076
古亭,2026-02-05,33621.0,33962.5346389111
古亭,2026-02-06,35759.0,35191.29876343803
古亭,2026-02-07,27444.0,27797.242604841264
古亭,2026-02-08,21895.0,20725.20165436985
古亭,2026-02-09,31818.0,31439.36388016421
古亭,2026-02-10,34041.0,33959.9178058159
古亭,2026-02-11,33303.0,33883.8091501019
古亭,2026-02-12,33185.0,33718.090801261475
古亭,2026-02-13,32005.0,35203.86446138041
古亭,2026-02-14,20262.0,26064.85135397152
古亭,2026-02-15,15174.0,17916.62548487352
古亭,2026-02-16,9959.0,14719.32862352487
古亭,2026-02-17,11017.0,13990.840024475583
古亭,2026-02-18,12069.0,13795.020418763801
古亭,2026-02-19,12972.0,13651.353462724064
古亭,2026-02-20,14674.0,14121.700694526064
古亭,2026-02-21,17419.0,17094.936834167238
古亭,2026-02-22,16756.0,16020.618402934755
古亭,2026-02-23,30917.0,28096.943830780307
古亭,2026-02-24,32947.0,33256.3294545599
古亭,2026-02-25,34569.0,33935.458930445515
古亭,2026-02-26,35113.0,34698.08763865466
古亭,2026-02-27,24262.0,23010.844906205733
古亭,2026-02-28,23285.0,19566.78591300869
古亭,2026-03-01,19194.0,17257.149805860878
古亭,2026-03-02,31752.0,30271.23683090927
古亭,2026-03-03,33388.0,32844.12556974605
古亭,2026-03-04,34599.0,33824.92365701178
古亭,2026-03-05,34638.0,35181.54763932865
古亭,2026-03-06,36261.0,31858.537430962107
古亭,2026-03-07,28455.0,26328.549292143318
古亭,2026-03-08,21501.0,19495.84232008663
古亭,2026-03-09,32781.0,31765.024703278585
古亭,2026-03-10,34732.0,33284.8964660619
古亭,2026-03-11,35454.0,34811.01728255209
古亭,2026-03-12,35227.0,34179.05850087638
古亭,2026-03-13,36920.0,36419.95693431815
古亭,2026-03-14,29595.0,29438.085550313554
古亭,2026-03-15,22478.0,21914.758085484245
古亭,2026-03-16,31946.0,31801.182001476238
古亭,2026-03-17,34251.0,33831.28146951606
古亭,2026-03-18,35116.0,34678.27605349065
古亭,2026-03-19,34841.0,34688.58325928809
古亭,2026-03-20,37569.0,36615.306600616044
古亭,2026-03-21,28406.0,31736.168770137825
古亭,2026-03-22,21861.0,22181.170420387778
古亭,2026-03-23,32111.0,31887.531925483214
古亭,2026-03-24,34850.0,33876.46892550722
古亭,2026-03-25,35070.0,35023.66777623433
古亭,2026-03-26,34820.0,34927.014707313
古亭,2026-03-27,36934.0,36738.73729203771
古亭,2026-03-28,27425.0,28979.59144207599
古亭,2026-03-29,21239.0,21638.150261296963
古亭,2026-03-30,31824.0,31785.479702934867
古亭,2026-03-31,34044.0,33982.524860094956
古亭,2026-04-01,34133.0,34694.03733200449
古亭,2026-04-02,34979.0,34182.047471225604
古亭,2026-04-03,21327.0,28324.619219225988
古亭,2026-04-04,18217.0,22093.90399460887
古亭,2026-04-05,17138.0,17303.287911369316
古亭,2026-04-06,16314.0,17605.405658616226
古亭,2026-04-07,33441.0,31736.691618193567
古亭,2026-04-08,34347.0,34875.97512865847
古亭,2026-04-09,34005.0,35229.800325463206
古亭,2026-04-10,36260.0,35933.54697040371
古亭,2026-04-11,27484.0,25753.07238988734
古亭,2026-04-12,21022.0,21204.871806066887
古亭,2026-04-13,31510.0,30386.52871917653
古亭,2026-04-14,33835.0,33499.33159303849
古亭,2026-04-15,34043.0,34063.21440479296
古亭,2026-04-16,34279.0,34024.76302663244
古亭,2026-04-17,35905.0,35751.19426742115
古亭,2026-04-18,27602.0,28836.52177643299
古亭,2026-04-19,21927.0,20858.298296057164
古亭,2026-04-20,31562.0,30772.139459398277
古亭,2026-04-21,33626.0,33513.42859313702
古亭,2026-04-22,34289.0,33733.364103888685
古亭,2026-04-23,34342.0,34360.27532602482
古亭,2026-04-24,36981.0,36160.332029175246
古亭,2026-04-25,28353.0,28805.052259929696
古亭,2026-04-26,22644.0,21400.03042302099
古亭,2026-04-27,32004.0,31678.54706152641
古亭,2026-04-28,34568.0,33642.44455367536
古亭,2026-04-29,35179.0,34206.983601361535
古亭,2026-04-30,37498.0,33763.68419776831
古亭,2026-05-01,22836.0,26933.74182662168
古亭,2026-05-02,24144.0,22708.176474721608
古亭,2026-05-03,19966.0,20128.445378495402
古亭,2026-05-04,33012.0,31198.389054099553
古亭,2026-05-05,35306.0,33624.62072767732
古亭,2026-05-06,35429.0,34418.584896752494
古亭,2026-05-07,35364.0,35863.890857582046
古亭,2026-05-08,36680.0,36243.61630444662
古亭,2026-05-09,27438.0,28738.867475536405
古亭,2026-05-10,19764.0,21327.52938648241
古亭,2026-05-11,31962.0,32057.315496663574
古亭,2026-05-12,34295.0,34000.971799855084
古亭,2026-05-13,34642.0,34936.905039344136
古亭,2026-05-14,34534.0,35544.62762107826
古亭,2026-05-15,36595.0,36141.78991701443
古亭,2026-05-16,27789.0,27997.585252765442
古亭,2026-05-17,21574.0,20607.249143805624
古亭,2026-05-18,31786.0,31843.6508266014
古亭,2026-05-19,33825.0,33795.44074226205
古亭,2026-05-20,34499.0,34405.631403748914
古亭,2026-05-21,34581.0,34772.42485537305
古亭,2026-05-22,36329.0,36374.939250033574
古亭,2026-05-23,28463.0,28257.174905600088
古亭,2026-05-24,21290.0,21510.954721779708
古亭,2026-05-25,31409.0,31849.607488027625
古亭,2026-05-26,33500.0,33681.682391447495
古亭,2026-05-27,34218.0,34066.93998936201
古亭,2026-05-28,34017.0,34404.777521596436
古亭,2026-05-29,35992.0,36144.11667720975
古亭,2026-05-30,28596.0,28251.657580827952
古亭,2026-05-31,20589.0,21408.827717901568
台北101/世貿,2026-01-01,45424.0,48075.20665281408
台北101/世貿,2026-01-02,38744.0,43202.73077989283
台北101/世貿,2026-01-03,35302.0,34355.78204156824
台北101/世貿,2026-01-04,28160.0,28348.320770469494
台北101/世貿,2026-01-05,31958.0,33568.37932632011
台北101/世貿,2026-01-06,32092.0,34120.765712760134
台北101/世貿,2026-01-07,34193.0,33728.565520072574
台北101/世貿,2026-01-08,32550.0,34696.55257722908
台北101/世貿,2026-01-09,38704.0,36632.2934147811
台北101/世貿,2026-01-10,36298.0,34500.23544426542
台北101/世貿,2026-01-11,31344.0,28788.536587435497
台北101/世貿,2026-01-12,34299.0,32888.221411442035
台北101/世貿,2026-01-13,31256.0,34418.1288815407
台北101/世貿,2026-01-14,31319.0,33351.32597716947
台北101/世貿,2026-01-15,32217.0,32769.022061710755
台北101/世貿,2026-01-16,38025.0,36299.37362659381
台北101/世貿,2026-01-17,34744.0,34017.01032714744
台北101/世貿,2026-01-18,30557.0,28438.851008669255
台北101/世貿,2026-01-19,35858.0,33133.38661469821
台北101/世貿,2026-01-20,33780.0,33751.406412327065
台北101/世貿,2026-01-21,31341.0,33758.03059391698
台北101/世貿,2026-01-22,33043.0,32486.99406980303
台北101/世貿,2026-01-23,40070.0,37555.91794539279
台北101/世貿,2026-01-24,39475.0,34724.940104995774
台北101/世貿,2026-01-25,42414.0,32719.651138369783
台北101/世貿,2026-01-26,37142.0,39188.048481035985
台北101/世貿,2026-01-27,32294.0,35276.46286172869
台北101/世貿,2026-01-28,33271.0,32859.391308746795
台北101/世貿,2026-01-29,33004.0,33638.10175740873
台北101/世貿,2026-01-30,35286.0,37294.61431906327
台北101/世貿,2026-01-31,29221.0,33581.71540269466
台北101/世貿,2026-02-01,25946.0,26345.95811129968
台北101/世貿,2026-02-02,34223.0,32748.860064264467
台北101/世貿,2026-02-03,43418.0,33508.80986410642
台北101/世貿,2026-02-04,42521.0,40138.188687335365
台北101/世貿,2026-02-05,45877.0,40880.52916983043
台北101/世貿,2026-02-06,52878.0,45464.5244143743
台北101/世貿,2026-02-07,48791.0,47490.76825424254
台北101/世貿,2026-02-08,40115.0,44682.24462289152
台北101/世貿,2026-02-09,32719.0,38522.85275478823
台北101/世貿,2026-02-10,33355.0,34833.41225253582
台北101/世貿,2026-02-11,33410.0,34864.98244842659
台北101/世貿,2026-02-12,32814.0,34826.16284841157
台北101/世貿,2026-02-13,32250.0,36774.647436382314
台北101/世貿,2026-02-14,27006.0,32558.50989186249
台北101/世貿,2026-02-15,22864.0,24990.343177017727
台北101/世貿,2026-02-16,16209.0,20586.16408445736
台北101/世貿,2026-02-17,25911.0,16186.083125218489
台北101/世貿,2026-02-18,26691.0,23627.90419341404
台北101/世貿,2026-02-19,29517.0,24595.709840479933
台北101/世貿,2026-02-20,28498.0,26194.33360559159
台北101/世貿,2026-02-21,28003.0,27817.44532347119
台北101/世貿,2026-02-22,21079.0,25857.03327241751
台北101/世貿,2026-02-23,28601.0,31016.703592334867
台北101/世貿,2026-02-24,29546.0,30606.875455869846
台北101/世貿,2026-02-25,30639.0,31192.22568296598
台北101/世貿,2026-02-26,32766.0,31117.25419502768
台北101/世貿,2026-02-27,31538.0,24425.95878646239
台北101/世貿,2026-02-28,32721.0,26963.37393877905
台北101/世貿,2026-03-01,26195.0,23183.62275514264
台北101/世貿,2026-03-02,32338.0,28679.64400599789
台北101/世貿,2026-03-03,30473.0,31268.90517519201
台北101/世貿,2026-03-04,31940.0,31148.598771029247
台北101/世貿,2026-03-05,33479.0,32228.863947073736
台北101/世貿,2026-03-06,38956.0,33712.039363676486
台北101/世貿,2026-03-07,37175.0,36040.93929972231
台北101/世貿,2026-03-08,30709.0,27264.536794958574
台北101/世貿,2026-03-09,34305.0,32790.80047363868
台北101/世貿,2026-03-10,31576.0,31655.03858082544
台北101/世貿,2026-03-11,34945.0,32241.118105665682
台北101/世貿,2026-03-12,34047.0,34717.90424272118
台北101/世貿,2026-03-13,38536.0,37358.4051594129
台北101/世貿,2026-03-14,37958.0,35746.6944885597
台北101/世貿,2026-03-15,32207.0,32997.286764108176
台北101/世貿,2026-03-16,33489.0,33559.24700100237
台北101/世貿,2026-03-17,32540.0,32397.847371568194
台北101/世貿,2026-03-18,32610.0,33533.98162353702
台北101/世貿,2026-03-19,33427.0,33433.087452385014
台北101/世貿,2026-03-20,39442.0,37463.1453888783
台北101/世貿,2026-03-21,38624.0,37257.87908702356
台北101/世貿,2026-03-22,31458.0,32998.974054942584
台北101/世貿,2026-03-23,36387.0,33407.34052175148
台北101/世貿,2026-03-24,31950.0,34000.232794128
台北101/世貿,2026-03-25,32723.0,32522.366620094086
台北101/世貿,2026-03-26,34165.0,33467.48293743113
台北101/世貿,2026-03-27,34985.0,37852.62773042726
台北101/世貿,2026-03-28,31614.0,34108.759713111045
台北101/世貿,2026-03-29,27395.0,27920.084459234182
台北101/世貿,2026-03-30,33038.0,32423.65777618801
台北101/世貿,2026-03-31,31897.0,32529.743659648888
台北101/世貿,2026-04-01,32131.0,32363.676808900807
台北101/世貿,2026-04-02,34872.0,33399.64057801968
台北101/世貿,2026-04-03,29503.0,32030.466314052646
台北101/世貿,2026-04-04,29984.0,28492.039068934948
台北101/世貿,2026-04-05,28604.0,25972.112359020408
台北101/世貿,2026-04-06,25241.0,23901.748244111463
台北101/世貿,2026-04-07,30472.0,30403.12137660887
台北101/世貿,2026-04-08,31269.0,31695.29932932509
台北101/世貿,2026-04-09,32551.0,33346.74027097367
台北101/世貿,2026-04-10,38047.0,34102.959666716175
台北101/世貿,2026-04-11,38643.0,33174.84982329594
台北101/世貿,2026-04-12,32769.0,32213.01048454326
台北101/世貿,2026-04-13,34224.0,33228.33209549915
台北101/世貿,2026-04-14,31027.0,31840.862868057317
台北101/世貿,2026-04-15,31719.0,32040.401243686596
台北101/世貿,2026-04-16,33602.0,32515.19779565946
台北101/世貿,2026-04-17,36865.0,37281.661160165575
台北101/世貿,2026-04-18,36113.0,34103.55086450742
台北101/世貿,2026-04-19,31596.0,30390.58252109754
台北101/世貿,2026-04-20,32038.0,33471.70489693605
台北101/世貿,2026-04-21,32537.0,31718.810229836075
台北101/世貿,2026-04-22,32362.0,32603.196876892707
台北101/世貿,2026-04-23,32355.0,32876.46414207118
台北101/世貿,2026-04-24,35018.0,36085.55468517476
台北101/世貿,2026-04-25,31815.0,32615.883189887354
台北101/世貿,2026-04-26,28159.0,28243.094927134745
台北101/世貿,2026-04-27,32633.0,30898.02153540937
台北101/世貿,2026-04-28,31488.0,32604.128448299467
台北101/世貿,2026-04-29,32902.0,32073.1471388313
台北101/世貿,2026-04-30,35228.0,32810.93613726208
台北101/世貿,2026-05-01,33575.0,28032.960539499974
台北101/世貿,2026-05-02,33829.0,30902.941481592978
台北101/世貿,2026-05-03,29084.0,28276.133050602748
台北101/世貿,2026-05-04,37399.0,32186.917004704977
台北101/世貿,2026-05-05,33602.0,33737.47290707671
台北101/世貿,2026-05-06,31816.0,33252.51847424254
台北101/世貿,2026-05-07,32319.0,33314.88607696225
台北101/世貿,2026-05-08,34550.0,35296.93458574485
台北101/世貿,2026-05-09,31030.0,29100.058555582065
台北101/世貿,2026-05-10,24892.0,26178.138511077104
台北101/世貿,2026-05-11,31161.0,32297.653304492516
台北101/世貿,2026-05-12,32096.0,32549.0241457575
台北101/世貿,2026-05-13,32339.0,32370.147124904488
台北101/世貿,2026-05-14,32132.0,32738.520157307164
台北101/世貿,2026-05-15,35561.0,35052.2323426342
台北101/世貿,2026-05-16,30800.0,29811.801715410413
台北101/世貿,2026-05-17,26685.0,26351.328383973534
台北101/世貿,2026-05-18,31329.0,30482.329003527244
台北101/世貿,2026-05-19,31162.0,32648.709997228874
台北101/世貿,2026-05-20,32849.0,32008.34393012964
台北101/世貿,2026-05-21,32563.0,32900.34077618023
台北101/世貿,2026-05-22,39643.0,35581.152179636774
台北101/世貿,2026-05-23,40662.0,34020.08843034308
台北101/世貿,2026-05-24,35379.0,30059.137334786134
台北101/世貿,2026-05-25,36039.0,32942.34726418019
台北101/世貿,2026-05-26,31271.0,33194.803299471365
台北101/世貿,2026-05-27,31984.0,32154.330199901444
台北101/世貿,2026-05-28,32865.0,32176.786177651255
台北101/世貿,2026-05-29,37631.0,36983.71665384215
台北101/世貿,2026-05-30,37025.0,35467.48395333214
台北101/世貿,2026-05-31,31705.0,32716.588650027054
台北小巨蛋,2026-01-01,10157.0,14953.65360467552
台北小巨蛋,2026-01-02,27303.0,22663.92081065067
台北小巨蛋,2026-01-03,18949.0,17426.703528373324
台北小巨蛋,2026-01-04,9264.0,14412.235122616114
台北小巨蛋,2026-01-05,21675.0,21765.298039348
台北小巨蛋,2026-01-06,22700.0,22697.44316920278
台北小巨蛋,2026-01-07,23007.0,23070.93755950964
台北小巨蛋,2026-01-08,23073.0,16382.77267289193
台北小巨蛋,2026-01-09,23422.0,24606.417758039264
台北小巨蛋,2026-01-10,16853.0,17989.301741532625
台北小巨蛋,2026-01-11,14715.0,13495.667206990172
台北小巨蛋,2026-01-12,21633.0,21716.728012555417
台北小巨蛋,2026-01-13,22296.0,22651.451792569886
台北小巨蛋,2026-01-14,22613.0,22910.88710143141
台北小巨蛋,2026-01-15,23314.0,22816.403924071903
台北小巨蛋,2026-01-16,23091.0,24263.205882780694
台北小巨蛋,2026-01-17,16577.0,17045.608314017398
台北小巨蛋,2026-01-18,9898.0,13012.02672757944
台北小巨蛋,2026-01-19,21615.0,21867.475640014953
台北小巨蛋,2026-01-20,23658.0,22315.599087217084
台北小巨蛋,2026-01-21,22459.0,22993.407652823036
台北小巨蛋,2026-01-22,23101.0,23020.028879966005
台北小巨蛋,2026-01-23,28012.0,23496.856695147366
台北小巨蛋,2026-01-24,18454.0,16384.25296834657
台北小巨蛋,2026-01-25,10603.0,13363.25676047619
台北小巨蛋,2026-01-26,21280.0,22309.74852699815
台北小巨蛋,2026-01-27,23019.0,22099.626213215994
台北小巨蛋,2026-01-28,22903.0,23132.82513860415
台北小巨蛋,2026-01-29,22280.0,23109.04801846487
台北小巨蛋,2026-01-30,23221.0,23306.119925598476
台北小巨蛋,2026-01-31,20544.0,17447.58443541796
台北小巨蛋,2026-02-01,12134.0,12502.642989041184
台北小巨蛋,2026-02-02,23427.0,21445.18607956858
台北小巨蛋,2026-02-03,23832.0,23653.430221962786
台北小巨蛋,2026-02-04,24405.0,23371.92536018367
台北小巨蛋,2026-02-05,22369.0,23986.45052982979
台北小巨蛋,2026-02-06,22774.0,23525.526029684443
台北小巨蛋,2026-02-07,16251.0,18328.99750935385
台北小巨蛋,2026-02-08,12669.0,11918.342767360902
台北小巨蛋,2026-02-09,21555.0,22013.44412097958
台北小巨蛋,2026-02-10,22449.0,22697.19555533793
台北小巨蛋,2026-02-11,22908.0,22526.5509031241
台北小巨蛋,2026-02-12,23838.0,22759.936652617427
台北小巨蛋,2026-02-13,21943.0,24059.95946691168
台北小巨蛋,2026-02-14,12567.0,17087.134472518326
台北小巨蛋,2026-02-15,7032.0,10946.390716344114
台北小巨蛋,2026-02-16,4410.0,8289.98322835026
台北小巨蛋,2026-02-17,5613.0,6315.965120978423
台北小巨蛋,2026-02-18,5988.0,6828.5831996144125
台北小巨蛋,2026-02-19,6781.0,7179.682337846451
台北小巨蛋,2026-02-20,12123.0,8791.975114372579
台北小巨蛋,2026-02-21,13192.0,11603.475625322655
台北小巨蛋,2026-02-22,12724.0,9688.126986228046
台北小巨蛋,2026-02-23,21049.0,19630.862254134103
台北小巨蛋,2026-02-24,26345.0,21601.715232814196
台北小巨蛋,2026-02-25,26872.0,26335.510504399197
台北小巨蛋,2026-02-26,23170.0,26383.82622595271
台北小巨蛋,2026-02-27,12912.0,14121.13944765024
台北小巨蛋,2026-02-28,12795.0,11368.854815037903
台北小巨蛋,2026-03-01,10608.0,10235.044844237875
台北小巨蛋,2026-03-02,22485.0,20444.687690780094
台北小巨蛋,2026-03-03,22643.0,21932.11889357944
台北小巨蛋,2026-03-04,27645.0,22134.102325198746
台北小巨蛋,2026-03-05,23382.0,26918.41572073173
台北小巨蛋,2026-03-06,23965.0,15297.193648381852
台北小巨蛋,2026-03-07,16696.0,14567.551855706935
台北小巨蛋,2026-03-08,15859.0,12490.157651812782
台北小巨蛋,2026-03-09,21777.0,22427.627612078253
台北小巨蛋,2026-03-10,22730.0,23201.979219915076
台北小巨蛋,2026-03-11,23832.0,24223.48718058276
台北小巨蛋,2026-03-12,23363.0,23203.567288503444
台北小巨蛋,2026-03-13,23036.0,24104.910176900987
台北小巨蛋,2026-03-14,14885.0,16948.314729745547
台北小巨蛋,2026-03-15,11977.0,12030.322811362976
台北小巨蛋,2026-03-16,21766.0,21747.372421937813
台北小巨蛋,2026-03-17,23217.0,22729.76167674873
台北小巨蛋,2026-03-18,23735.0,23923.420826252273
台北小巨蛋,2026-03-19,23096.0,23624.836679354805
台北小巨蛋,2026-03-20,23707.0,23405.187847363566
台北小巨蛋,2026-03-21,19485.0,16341.085918097282
台北小巨蛋,2026-03-22,18581.0,15683.340393923367
台北小巨蛋,2026-03-23,21746.0,21819.74572320573
台北小巨蛋,2026-03-24,23711.0,22841.799487859276
台北小巨蛋,2026-03-25,24208.0,23817.306318653307
台北小巨蛋,2026-03-26,23571.0,23850.380151968413
台北小巨蛋,2026-03-27,23348.0,24280.69577508686
台北小巨蛋,2026-03-28,15610.0,18154.566311813305
台北小巨蛋,2026-03-29,11247.0,14937.574478767157
台北小巨蛋,2026-03-30,21532.0,21919.089990700722
台北小巨蛋,2026-03-31,22865.0,22799.210054621322
台北小巨蛋,2026-04-01,23111.0,23182.92600198269
台北小巨蛋,2026-04-02,22766.0,23449.07316798507
台北小巨蛋,2026-04-03,10962.0,10881.770572451911
台北小巨蛋,2026-04-04,17785.0,14222.830651392505
台北小巨蛋,2026-04-05,16962.0,15010.748874430834
台北小巨蛋,2026-04-06,9231.0,10508.190893970215
台北小巨蛋,2026-04-07,22158.0,22876.73811981944
台北小巨蛋,2026-04-08,23529.0,23137.656252008906
台北小巨蛋,2026-04-09,23708.0,23464.94010588295
台北小巨蛋,2026-04-10,25704.0,24264.101161714458
台北小巨蛋,2026-04-11,21818.0,17659.934513139488
台北小巨蛋,2026-04-12,17042.0,16224.950671370765
台北小巨蛋,2026-04-13,22016.0,21192.437704475895
台北小巨蛋,2026-04-14,23003.0,22679.24079339618
台北小巨蛋,2026-04-15,23487.0,23370.41667063111
台北小巨蛋,2026-04-16,23056.0,23523.625558475058
台北小巨蛋,2026-04-17,24939.0,24136.057887159935
台北小巨蛋,2026-04-18,16672.0,19653.18561771132
台北小巨蛋,2026-04-19,15157.0,15163.33208487464
台北小巨蛋,2026-04-20,21582.0,22089.82218788796
台北小巨蛋,2026-04-21,22265.0,22340.94836348583
台北小巨蛋,2026-04-22,22737.0,23162.57303370144
台北小巨蛋,2026-04-23,22656.0,23157.914107109507
台北小巨蛋,2026-04-24,23411.0,24355.24387481366
台北小巨蛋,2026-04-25,17878.0,17282.82642696091
台北小巨蛋,2026-04-26,15359.0,14058.947206793877
台北小巨蛋,2026-04-27,21450.0,21643.350304580104
台北小巨蛋,2026-04-28,22839.0,22609.42297369676
台北小巨蛋,2026-04-29,22845.0,23107.094153437592
台北小巨蛋,2026-04-30,23070.0,23131.53483402547
台北小巨蛋,2026-05-01,11637.0,11482.711473716192
台北小巨蛋,2026-05-02,11105.0,13432.956701371888
台北小巨蛋,2026-05-03,13865.0,11560.04686342715
台北小巨蛋,2026-05-04,21866.0,21638.64463833045
台北小巨蛋,2026-05-05,23183.0,22544.534550515298
台北小巨蛋,2026-05-06,22789.0,23336.351562812306
台北小巨蛋,2026-05-07,22626.0,23074.08044757841
台北小巨蛋,2026-05-08,23072.0,23269.909074674724
台北小巨蛋,2026-05-09,20350.0,15907.35430525777
台北小巨蛋,2026-05-10,16211.0,14821.571079335425
台北小巨蛋,2026-05-11,20947.0,21940.60200377563
台北小巨蛋,2026-05-12,21689.0,22587.183942806878
台北小巨蛋,2026-05-13,22477.0,22581.254629272225
台北小巨蛋,2026-05-14,22074.0,22903.490598499364
台北小巨蛋,2026-05-15,26338.0,22841.376076954057
台北小巨蛋,2026-05-16,17484.0,19831.41304707986
台北小巨蛋,2026-05-17,15751.0,13639.881257887288
台北小巨蛋,2026-05-18,21074.0,21267.312379612
台北小巨蛋,2026-05-19,21684.0,21941.174822259185
台北小巨蛋,2026-05-20,22528.0,22478.334586874287
台北小巨蛋,2026-05-21,22275.0,22450.09173701051
台北小巨蛋,2026-05-22,22379.0,23556.68011527578
台北小巨蛋,2026-05-23,18291.0,17568.64446733495
台北小巨蛋,2026-05-24,10206.0,14499.05626226431
台北小巨蛋,2026-05-25,20740.0,20693.58031876403
台北小巨蛋,2026-05-26,21707.0,21466.404704426808
台北小巨蛋,2026-05-27,22637.0,22223.58471953421
台北小巨蛋,2026-05-28,22651.0,22441.04322222474
台北小巨蛋,2026-05-29,23295.0,23311.548105603306
台北小巨蛋,2026-05-30,18996.0,17449.152704599615
台北小巨蛋,2026-05-31,15657.0,15093.02380110421
台北橋,2026-01-01,9430.0,8374.71521732787
台北橋,2026-01-02,11308.0,11301.555270811536
台北橋,2026-01-03,10621.0,10509.267813025757
台北橋,2026-01-04,8731.0,9316.435059219679
台北橋,2026-01-05,10432.0,10683.42231695129
台北橋,2026-01-06,10412.0,11139.4451800506
台北橋,2026-01-07,10577.0,11786.864952091752
台北橋,2026-01-08,10794.0,10430.415340433097
台北橋,2026-01-09,11538.0,11332.646156767954
台北橋,2026-01-10,10930.0,10735.295872804843
台北橋,2026-01-11,9139.0,9009.463468631036
台北橋,2026-01-12,10363.0,10418.195000716902
台北橋,2026-01-13,10673.0,10553.119826777523
台北橋,2026-01-14,10654.0,11169.03183116339
台北橋,2026-01-15,10733.0,10615.647991883116
台北橋,2026-01-16,11625.0,11283.328637890158
台北橋,2026-01-17,10876.0,10577.873796800564
台北橋,2026-01-18,8596.0,8802.557540614069
台北橋,2026-01-19,10142.0,10225.59881247207
台北橋,2026-01-20,11237.0,10538.693787107388
台北橋,2026-01-21,10306.0,11124.362640062007
台北橋,2026-01-22,10254.0,10670.347883535933
台北橋,2026-01-23,11536.0,11057.967560877736
台北橋,2026-01-24,11173.0,10758.828823513892
台北橋,2026-01-25,9343.0,8865.383168674278
台北橋,2026-01-26,10409.0,10228.436152659166
台北橋,2026-01-27,10221.0,10948.641517864104
台北橋,2026-01-28,10557.0,10340.476833645393
台北橋,2026-01-29,10965.0,10500.522046033837
台北橋,2026-01-30,11743.0,11502.165356110305
台北橋,2026-01-31,10572.0,10514.165860303956
台北橋,2026-02-01,8442.0,8909.78971943307
台北橋,2026-02-02,10132.0,10136.051147848731
台北橋,2026-02-03,10691.0,10441.025089148055
台北橋,2026-02-04,10981.0,10734.984173469038
台北橋,2026-02-05,10870.0,11010.396754786601
台北橋,2026-02-06,11518.0,11260.760134479895
台北橋,2026-02-07,11124.0,10722.270270645691
台北橋,2026-02-08,9278.0,8953.133193158963
台北橋,2026-02-09,10580.0,10178.189927727548
台北橋,2026-02-10,11017.0,10750.090087174616
台北橋,2026-02-11,10871.0,11204.527197373796
台北橋,2026-02-12,11220.0,11129.217890227344
台北橋,2026-02-13,11678.0,11683.722409496258
台北橋,2026-02-14,9446.0,10534.00143538693
台北橋,2026-02-15,7963.0,8322.337204969595
台北橋,2026-02-16,5490.0,7990.260543328294
台北橋,2026-02-17,7237.0,5016.246620517282
台北橋,2026-02-18,7990.0,6746.498498431019
台北橋,2026-02-19,8754.0,7515.324246806552
台北橋,2026-02-20,9315.0,8004.580110005725
台北橋,2026-02-21,10178.0,8426.072575705019
台北橋,2026-02-22,8535.0,8456.697428328356
台北橋,2026-02-23,10077.0,10081.759372084163
台北橋,2026-02-24,10369.0,10552.66921070446
台北橋,2026-02-25,10954.0,10489.785599681376
台北橋,2026-02-26,11437.0,11192.18493833749
台北橋,2026-02-27,10651.0,8477.16950526979
台北橋,2026-02-28,11443.0,9581.798314855818
台北橋,2026-03-01,8607.0,8688.883160903635
台北橋,2026-03-02,10251.0,10269.888537673189
台北橋,2026-03-03,10368.0,10590.441479293699
台北橋,2026-03-04,10526.0,10859.82191972923
台北橋,2026-03-05,10859.0,11200.353253829975
台北橋,2026-03-06,11572.0,10720.980896333069
台北橋,2026-03-07,11767.0,10624.582060710527
台北橋,2026-03-08,9209.0,8671.709031755283
台北橋,2026-03-09,10299.0,10190.764252948065
台北橋,2026-03-10,10703.0,10490.190150856723
台北橋,2026-03-11,10826.0,10819.130641138294
台北橋,2026-03-12,10791.0,10983.869632706343
台北橋,2026-03-13,11740.0,11257.147884924721
台北橋,2026-03-14,11329.0,11272.095910721506
台北橋,2026-03-15,9129.0,8832.614788526887
台北橋,2026-03-16,10247.0,10267.129625992135
台北橋,2026-03-17,10699.0,10544.759411201627
台北橋,2026-03-18,10616.0,10744.3060311917
台北橋,2026-03-19,10494.0,10966.063205909004
台北橋,2026-03-20,11509.0,11251.670892727368
台北橋,2026-03-21,11247.0,10679.184044709422
台北橋,2026-03-22,9573.0,9166.37235769051
台北橋,2026-03-23,10253.0,10249.466032687365
台北橋,2026-03-24,10385.0,10702.301981001372
台北橋,2026-03-25,10633.0,10639.609188929942
台北橋,2026-03-26,10587.0,10708.353559883475
台北橋,2026-03-27,11549.0,11240.567106688928
台北橋,2026-03-28,10787.0,10530.865928703692
台北橋,2026-03-29,8383.0,9324.580927030085
台北橋,2026-03-30,10201.0,10294.397766006192
台北橋,2026-03-31,10259.0,10439.308457201638
台北橋,2026-04-01,10525.0,10527.402759262934
台北橋,2026-04-02,11292.0,10585.562630921777
台北橋,2026-04-03,9491.0,8403.478638525694
台北橋,2026-04-04,8786.0,8875.15981320334
台北橋,2026-04-05,8928.0,7789.390477752147
台北橋,2026-04-06,7402.0,7316.086778334586
台北橋,2026-04-07,10314.0,10127.659751313557
台北橋,2026-04-08,10450.0,10438.491721436803
台北橋,2026-04-09,10811.0,10683.204631796603
台北橋,2026-04-10,11576.0,11123.163262719938
台北橋,2026-04-11,11088.0,10103.993469171914
台北橋,2026-04-12,9082.0,8755.796409885595
台北橋,2026-04-13,10248.0,9916.280666466313
台北橋,2026-04-14,10419.0,10461.951181160433
台北橋,2026-04-15,10497.0,10497.555348861906
台北橋,2026-04-16,10452.0,10906.103111881197
台北橋,2026-04-17,11282.0,11085.583359588787
台北橋,2026-04-18,10550.0,9235.916088769178
台北橋,2026-04-19,8713.0,8847.647527746387
台北橋,2026-04-20,10057.0,10197.960223441443
台北橋,2026-04-21,10328.0,10409.11844647095
台北橋,2026-04-22,10600.0,10491.445021577012
台北橋,2026-04-23,10179.0,10638.563904107952
台北橋,2026-04-24,11134.0,10973.508855961485
台北橋,2026-04-25,9936.0,10846.105391392684
台北橋,2026-04-26,9323.0,8615.256892309333
台北橋,2026-04-27,10372.0,10168.032011221594
台北橋,2026-04-28,10550.0,10482.294238403625
台北橋,2026-04-29,10436.0,10524.989381231428
台北橋,2026-04-30,11347.0,10441.20175764373
台北橋,2026-05-01,10180.0,8733.349499548116
台北橋,2026-05-02,10472.0,9541.56493837402
台北橋,2026-05-03,8185.0,8841.467814035406
台北橋,2026-05-04,10397.0,10152.42319456602
台北橋,2026-05-05,10695.0,10599.43532361861
台北橋,2026-05-06,11026.0,10506.612712428883
台北橋,2026-05-07,10647.0,11059.66265091145
台北橋,2026-05-08,11188.0,11036.289998939288
台北橋,2026-05-09,9978.0,9867.378577485411
台北橋,2026-05-10,8226.0,8238.585763632336
台北橋,2026-05-11,10392.0,10286.902498660615
台北橋,2026-05-12,10354.0,10624.302159704897
台北橋,2026-05-13,10234.0,10634.58943636894
台北橋,2026-05-14,10715.0,10610.087462544934
台北橋,2026-05-15,11874.0,10835.39823671862
台北橋,2026-05-16,11333.0,10286.997155101953
台北橋,2026-05-17,9214.0,8516.722530998406
台北橋,2026-05-18,9995.0,10191.220938858762
台北橋,2026-05-19,10351.0,10348.745871555759
台北橋,2026-05-20,10490.0,10519.09412553105
台北橋,2026-05-21,10518.0,10791.393867882463
台北橋,2026-05-22,11409.0,11317.72216269895
台北橋,2026-05-23,11082.0,10287.234571974052
台北橋,2026-05-24,8713.0,8814.462373605054
台北橋,2026-05-25,10173.0,10012.749012678183
台北橋,2026-05-26,10336.0,10454.624792009074
台北橋,2026-05-27,10743.0,10457.392141826085
台北橋,2026-05-28,10855.0,10647.727183457411
台北橋,2026-05-29,11893.0,11326.495578545175
台北橋,2026-05-30,10769.0,10611.642063921143
台北橋,2026-05-31,8817.0,9007.326586810796
台北車站,2026-01-01,129284.0,150860.60201427992
台北車站,2026-01-02,154199.0,152278.1673163036
台北車站,2026-01-03,144849.0,149247.55897158472
台北車站,2026-01-04,138997.0,144553.4534941495
台北車站,2026-01-05,139850.0,140148.17645991326
台北車站,2026-01-06,135415.0,141361.96122944058
台北車站,2026-01-07,136629.0,141157.47923202076
台北車站,2026-01-08,138213.0,136105.93265417565
台北車站,2026-01-09,159043.0,158054.4958349223
台北車站,2026-01-10,168943.0,153985.2048371688
台北車站,2026-01-11,145713.0,154090.0229666876
台北車站,2026-01-12,136695.0,141177.86530204726
台北車站,2026-01-13,134508.0,143443.244840528
台北車站,2026-01-14,136199.0,144132.1292068551
台北車站,2026-01-15,139119.0,138266.93208527597
台北車站,2026-01-16,160529.0,160886.62419152167
台北車站,2026-01-17,152466.0,156523.14118830484
台北車站,2026-01-18,151472.0,147024.98216917185
台北車站,2026-01-19,139607.0,141245.48302586953
台北車站,2026-01-20,141251.0,134734.2986403746
台北車站,2026-01-21,135094.0,139318.14733002413
台北車站,2026-01-22,138248.0,140242.2928484214
台北車站,2026-01-23,160284.0,161695.4334762801
台北車站,2026-01-24,162476.0,156258.44940980332
台北車站,2026-01-25,155294.0,156645.16271089474
台北車站,2026-01-26,147271.0,141601.51212930423
台北車站,2026-01-27,143667.0,141126.6337360232
台北車站,2026-01-28,144585.0,138995.4127611886
台北車站,2026-01-29,150705.0,140149.66455764623
台北車站,2026-01-30,168389.0,164756.4695783347
台北車站,2026-01-31,172229.0,165504.15571111703
台北車站,2026-02-01,150137.0,164142.19071174663
台北車站,2026-02-02,142351.0,142732.80830713554
台北車站,2026-02-03,144788.0,140308.83567356315
台北車站,2026-02-04,151580.0,143000.97951427958
台北車站,2026-02-05,161315.0,143384.1985762507
台北車站,2026-02-06,181691.0,169610.26506496608
台北車站,2026-02-07,173125.0,175132.31666139446
台北車站,2026-02-08,154321.0,160738.430300406
台北車站,2026-02-09,146863.0,143522.335139647
台北車站,2026-02-10,146902.0,143768.1603161753
台北車站,2026-02-11,145147.0,141910.91610781595
台北車站,2026-02-12,148624.0,145058.48785358283
台北車站,2026-02-13,145275.0,170109.95589188242
台北車站,2026-02-14,123047.0,145252.1205872567
台北車站,2026-02-15,99933.0,138867.44037992807
台北車站,2026-02-16,66390.0,98515.74567880346
台北車站,2026-02-17,104503.0,94781.96123591794
台北車站,2026-02-18,124149.0,107847.76667498768
台北車站,2026-02-19,150539.0,128264.30411802563
台北車站,2026-02-20,157621.0,148207.66663557815
台北車站,2026-02-21,166313.0,149793.86452314776
台北車站,2026-02-22,156166.0,150968.072667222
台北車站,2026-02-23,146103.0,142235.6087227486
台北車站,2026-02-24,137421.0,141521.3888892275
台北車站,2026-02-25,143493.0,138324.36198869953
台北車站,2026-02-26,162466.0,141238.4490075334
台北車站,2026-02-27,159754.0,154966.56780481702
台北車站,2026-02-28,165469.0,156320.95547231776
台北車站,2026-03-01,153746.0,163325.56720252123
台北車站,2026-03-02,140342.0,142810.87135809733
台北車站,2026-03-03,131034.0,136676.96692361927
台北車站,2026-03-04,139634.0,133541.46225542182
台北車站,2026-03-05,143659.0,142132.35740434975
台北車站,2026-03-06,169217.0,164752.90867756214
台北車站,2026-03-07,179366.0,169151.57942844077
台北車站,2026-03-08,157726.0,164863.41171942465
台北車站,2026-03-09,143282.0,140841.93329864528
台北車站,2026-03-10,137308.0,135636.32729891673
台北車站,2026-03-11,148071.0,139817.483858571
台北車站,2026-03-12,145995.0,148631.62421491166
台北車站,2026-03-13,170652.0,167581.43451940155
台北車站,2026-03-14,177740.0,173978.83506318976
台北車站,2026-03-15,168553.0,164309.49505726714
台北車站,2026-03-16,147217.0,145279.5256800319
台北車站,2026-03-17,142138.0,137543.71115209773
台北車站,2026-03-18,146220.0,143842.89324784378
台北車站,2026-03-19,145765.0,146445.4543101266
台北車站,2026-03-20,185024.0,168519.4823128057
台北車站,2026-03-21,192112.0,178030.46346297188
台北車站,2026-03-22,194438.0,169714.85082324044
台北車站,2026-03-23,150946.0,150453.8607915772
台北車站,2026-03-24,140097.0,143915.12153491398
台北車站,2026-03-25,143114.0,142067.506963654
台北車站,2026-03-26,147056.0,147504.54096801125
台北車站,2026-03-27,164309.0,171192.90171322855
台北車站,2026-03-28,169410.0,166118.71138889564
台北車站,2026-03-29,159258.0,168240.3257149962
台北車站,2026-03-30,143694.0,142866.49401674554
台北車站,2026-03-31,136547.0,141032.60579992743
台北車站,2026-04-01,138032.0,141360.53624671546
台北車站,2026-04-02,156925.0,140931.1270368156
台北車站,2026-04-03,142465.0,152774.78190411822
台北車站,2026-04-04,142363.0,145987.68558041335
台北車站,2026-04-05,154439.0,145934.94433172367
台北車站,2026-04-06,158951.0,145631.1100765799
台北車站,2026-04-07,153983.0,144113.71210728062
台北車站,2026-04-08,140271.0,144929.5075958597
台北車站,2026-04-09,149332.0,141637.2735503939
台北車站,2026-04-10,172958.0,157262.84308340077
台北車站,2026-04-11,178833.0,163609.06810933913
台北車站,2026-04-12,161099.0,166649.07309189177
台北車站,2026-04-13,142886.0,148602.4469101673
台北車站,2026-04-14,136814.0,141211.69779461095
台北車站,2026-04-15,137921.0,139544.69539771543
台北車站,2026-04-16,141483.0,146331.1120654601
台北車站,2026-04-17,162813.0,160716.23120616068
台北車站,2026-04-18,165931.0,159844.51236223604
台北車站,2026-04-19,160357.0,162461.8929302375
台北車站,2026-04-20,141587.0,147639.22332979908
台北車站,2026-04-21,135567.0,141517.35835360773
台北車站,2026-04-22,136718.0,138568.21755605066
台北車站,2026-04-23,140851.0,140718.44867721098
台北車站,2026-04-24,163367.0,165579.91230796976
台北車站,2026-04-25,172813.0,159053.92602617352
台北車站,2026-04-26,170042.0,164713.5683825953
台北車站,2026-04-27,143887.0,145270.62873786947
台北車站,2026-04-28,139087.0,136596.76197076336
台北車站,2026-04-29,141794.0,138074.6409593034
台北車站,2026-04-30,164233.0,142310.99472789667
台北車站,2026-05-01,155606.0,158085.14462326458
台北車站,2026-05-02,162082.0,156619.83378190268
台北車站,2026-05-03,166039.0,157952.61446137683
台北車站,2026-05-04,154428.0,145419.9708021888
台北車站,2026-05-05,140730.0,141332.10317929657
台北車站,2026-05-06,141577.0,140476.83337741302
台北車站,2026-05-07,142157.0,145443.68821297502
台北車站,2026-05-08,162662.0,163240.93778660355
台北車站,2026-05-09,150311.0,157228.3748925605
台北車站,2026-05-10,151134.0,145500.10223957978
台北車站,2026-05-11,144869.0,140087.12134558507
台北車站,2026-05-12,135833.0,141403.40494315216
台北車站,2026-05-13,137709.0,140423.0957342222
台北車站,2026-05-14,137010.0,149957.5129647137
台北車站,2026-05-15,177822.0,162960.7013837303
台北車站,2026-05-16,175395.0,168699.1256317641
台北車站,2026-05-17,175296.0,165527.25482742666
台北車站,2026-05-18,143151.0,149268.50692913512
台北車站,2026-05-19,137178.0,138728.01279968207
台北車站,2026-05-20,142932.0,138993.95539019586
台北車站,2026-05-21,142989.0,142209.85644559335
台北車站,2026-05-22,172501.0,166207.36409753741
台北車站,2026-05-23,181274.0,169375.45816251394
台北車站,2026-05-24,169585.0,167618.68687979534
台北車站,2026-05-25,143583.0,146470.34910171173
台北車站,2026-05-26,139225.0,137516.97464204783
台北車站,2026-05-27,141189.0,138270.78313545525
台北車站,2026-05-28,141215.0,142461.07185391165
台北車站,2026-05-29,163824.0,164625.46463678087
台北車站,2026-05-30,171856.0,160104.32549170536
台北車站,2026-05-31,159635.0,166088.77870043382
台大醫院,2026-01-01,9443.0,14496.810829717508
台大醫院,2026-01-02,24006.0,25374.275584908275
台大醫院,2026-01-03,10509.0,11015.528448919273
台大醫院,2026-01-04,8317.0,8887.272528356634
台大醫院,2026-01-05,25558.0,24630.047240846143
台大醫院,2026-01-06,25591.0,26063.56146682685
台大醫院,2026-01-07,25781.0,25936.86307256599
台大醫院,2026-01-08,26071.0,12968.41776298609
台大醫院,2026-01-09,25337.0,25727.348360340668
台大醫院,2026-01-10,10657.0,11069.298575188272
台大醫院,2026-01-11,10069.0,9000.609444340931
台大醫院,2026-01-12,25482.0,24899.27899369907
台大醫院,2026-01-13,25868.0,25701.569793066126
台大醫院,2026-01-14,25527.0,25846.086761674065
台大醫院,2026-01-15,26194.0,25572.120364824674
台大醫院,2026-01-16,25394.0,26523.093599017
台大醫院,2026-01-17,10483.0,11327.82894092428
台大醫院,2026-01-18,8712.0,9343.81394751022
台大醫院,2026-01-19,24847.0,24978.62349792292
台大醫院,2026-01-20,26139.0,25356.813964608307
台大醫院,2026-01-21,25243.0,25317.43433732747
台大醫院,2026-01-22,25637.0,25409.677526017556
台大醫院,2026-01-23,26231.0,25907.57358868531
台大醫院,2026-01-24,10748.0,11142.95201645806
台大醫院,2026-01-25,9088.0,8999.037943827685
台大醫院,2026-01-26,25472.0,25036.865738103676
台大醫院,2026-01-27,25965.0,25758.76248518038
台大醫院,2026-01-28,26105.0,25012.31871744044
台大醫院,2026-01-29,25161.0,25476.614544675347
台大醫院,2026-01-30,25227.0,25837.07007448529
台大醫院,2026-01-31,11234.0,11365.762033379913
台大醫院,2026-02-01,8261.0,9181.010963171893
台大醫院,2026-02-02,25421.0,24917.740483889473
台大醫院,2026-02-03,26609.0,25767.101309121244
台大醫院,2026-02-04,25820.0,26447.419166299507
台大醫院,2026-02-05,25395.0,25529.58980700951
台大醫院,2026-02-06,25967.0,25519.857460171905
台大醫院,2026-02-07,10564.0,11395.127368267642
台大醫院,2026-02-08,8117.0,8780.157972597808
台大醫院,2026-02-09,25577.0,25039.362657029964
台大醫院,2026-02-10,25977.0,26255.06140916154
台大醫院,2026-02-11,25538.0,25825.534566546736
台大醫院,2026-02-12,24734.0,25022.32922759752
台大醫院,2026-02-13,23022.0,25262.771182716224
台大醫院,2026-02-14,7236.0,10942.583635798766
台大醫院,2026-02-15,5798.0,7761.860055831041
台大醫院,2026-02-16,3565.0,7409.178367166272
台大醫院,2026-02-17,4473.0,6272.032156126927
台大醫院,2026-02-18,5176.0,6225.624532665148
台大醫院,2026-02-19,5957.0,6311.546530930771
台大醫院,2026-02-20,7931.0,7792.91796476942
台大醫院,2026-02-21,7479.0,7233.167157795094
台大醫院,2026-02-22,6946.0,6623.060641064817
台大醫院,2026-02-23,26334.0,22419.052040689
台大醫院,2026-02-24,26611.0,26465.569061688853
台大醫院,2026-02-25,26244.0,26542.81180838116
台大醫院,2026-02-26,26602.0,26257.051166966485
台大醫院,2026-02-27,10182.0,14606.637624914538
台大醫院,2026-02-28,10474.0,7877.562793269549
台大醫院,2026-03-01,8796.0,7641.429317151598
台大醫院,2026-03-02,26836.0,24728.777043637765
台大醫院,2026-03-03,26001.0,26968.225353846126
台大醫院,2026-03-04,26858.0,25879.086531235665
台大醫院,2026-03-05,26404.0,26860.922454142543
台大醫院,2026-03-06,27886.0,19281.091399807607
台大醫院,2026-03-07,11677.0,19448.9399193575
台大醫院,2026-03-08,9592.0,9127.571072478944
台大醫院,2026-03-09,26329.0,25730.818966939412
台大醫院,2026-03-10,26972.0,26061.944606202356
台大醫院,2026-03-11,27414.0,26463.062522385502
台大醫院,2026-03-12,25889.0,26122.734845641993
台大醫院,2026-03-13,26698.0,26734.529727261015
台大醫院,2026-03-14,12546.0,12414.411812427225
台大醫院,2026-03-15,10686.0,10095.317434997196
台大醫院,2026-03-16,25357.0,25876.384017597757
台大醫院,2026-03-17,26119.0,26315.28858134063
台大醫院,2026-03-18,26502.0,26431.834099039297
台大醫院,2026-03-19,25616.0,25801.51109360951
台大醫院,2026-03-20,27609.0,26675.200190867978
台大醫院,2026-03-21,12283.0,12520.16105591195
台大醫院,2026-03-22,10855.0,9897.86952262061
台大醫院,2026-03-23,26097.0,25114.791653607615
台大醫院,2026-03-24,26156.0,26234.074421074623
台大醫院,2026-03-25,26488.0,26335.65280062122
台大醫院,2026-03-26,25057.0,25872.565854662735
台大醫院,2026-03-27,26190.0,25956.90194287152
台大醫院,2026-03-28,11648.0,12217.524542513458
台大醫院,2026-03-29,11950.0,10392.13198543008
台大醫院,2026-03-30,26353.0,25412.145624778987
台大醫院,2026-03-31,25743.0,26192.884278175912
台大醫院,2026-04-01,25929.0,26043.077782808996
台大醫院,2026-04-02,25096.0,25655.994086742096
台大醫院,2026-04-03,9400.0,10660.68548744097
台大醫院,2026-04-04,7858.0,9604.39426335185
台大醫院,2026-04-05,7953.0,8170.950769474309
台大醫院,2026-04-06,7449.0,8314.075899917618
台大醫院,2026-04-07,26820.0,25048.779207590655
台大醫院,2026-04-08,26776.0,26151.695012041753
台大醫院,2026-04-09,26002.0,25807.58628459559
台大醫院,2026-04-10,26556.0,26380.38793636668
台大醫院,2026-04-11,12734.0,10990.151178227821
台大醫院,2026-04-12,10065.0,10369.253188647026
台大醫院,2026-04-13,26583.0,24929.752718519503
台大醫院,2026-04-14,25949.0,26584.21482591509
台大醫院,2026-04-15,26329.0,26121.925786603948
台大醫院,2026-04-16,25562.0,25639.52020885024
台大醫院,2026-04-17,26015.0,26581.757492477136
台大醫院,2026-04-18,11419.0,20904.110317235176
台大醫院,2026-04-19,9623.0,9769.283899767404
台大醫院,2026-04-20,25490.0,25346.02062798766
台大醫院,2026-04-21,26308.0,25848.606786559576
台大醫院,2026-04-22,26048.0,26167.470947866932
台大醫院,2026-04-23,25812.0,25838.65752510418
台大醫院,2026-04-24,26505.0,26141.469721493904
台大醫院,2026-04-25,11799.0,12769.47873894159
台大醫院,2026-04-26,10227.0,9940.333919601659
台大醫院,2026-04-27,26664.0,25062.39200366336
台大醫院,2026-04-28,27005.0,26388.37893148981
台大醫院,2026-04-29,27650.0,26204.942250177868
台大醫院,2026-04-30,28580.0,26001.073996180996
台大醫院,2026-05-01,10366.0,11375.073055796329
台大醫院,2026-05-02,10520.0,9772.389042471828
台大醫院,2026-05-03,8899.0,9228.588955863193
台大醫院,2026-05-04,30131.0,25719.733122702153
台大醫院,2026-05-05,28992.0,27797.981216504904
台大醫院,2026-05-06,29206.0,28234.312746763702
台大醫院,2026-05-07,27455.0,29687.669432278883
台大醫院,2026-05-08,27907.0,27401.49101152705
台大醫院,2026-05-09,11174.0,11480.489872620934
台大醫院,2026-05-10,8019.0,9165.676106975547
台大醫院,2026-05-11,25598.0,24902.461186360008
台大醫院,2026-05-12,26103.0,26714.82021305465
台大醫院,2026-05-13,26267.0,27542.2499345325
台大醫院,2026-05-14,25107.0,27004.19655308524
台大醫院,2026-05-15,26285.0,26267.7089603569
台大醫院,2026-05-16,11774.0,11636.716941970519
台大醫院,2026-05-17,9783.0,9493.947844250539
台大醫院,2026-05-18,26472.0,25169.975370921875
台大醫院,2026-05-19,26433.0,26679.84356892889
台大醫院,2026-05-20,26882.0,26676.597173532613
台大醫院,2026-05-21,26463.0,26030.474067075294
台大醫院,2026-05-22,26462.0,26855.594943534572
台大醫院,2026-05-23,12169.0,11473.12049133258
台大醫院,2026-05-24,9754.0,9569.112213636037
台大醫院,2026-05-25,26896.0,25728.832168629906
台大醫院,2026-05-26,26706.0,26112.089603247747
台大醫院,2026-05-27,28358.0,26324.968662845535
台大醫院,2026-05-28,26674.0,26186.7363144863
台大醫院,2026-05-29,26043.0,26798.526547453916
台大醫院,2026-05-30,11741.0,12472.383142871171
台大醫院,2026-05-31,9502.0,9734.400847942134
台電大樓,2026-01-01,9673.0,11917.037501038947
台電大樓,2026-01-02,16786.0,17387.688593774965
台電大樓,2026-01-03,13641.0,14257.255951098829
台電大樓,2026-01-04,10848.0,12081.605410695236
台電大樓,2026-01-05,14891.0,15361.154584833912
台電大樓,2026-01-06,16373.0,16189.722762988706
台電大樓,2026-01-07,16334.0,18371.264074968756
台電大樓,2026-01-08,16449.0,16048.721667866175
台電大樓,2026-01-09,17293.0,17062.469425257816
台電大樓,2026-01-10,14198.0,14302.690043791034
台電大樓,2026-01-11,11721.0,11581.394686740554
台電大樓,2026-01-12,15056.0,15100.855422162258
台電大樓,2026-01-13,15736.0,16263.698973144765
台電大樓,2026-01-14,16142.0,17139.707001906256
台電大樓,2026-01-15,16241.0,16592.028823545632
台電大樓,2026-01-16,17363.0,16904.57695387102
台電大樓,2026-01-17,13559.0,13896.462164049357
台電大樓,2026-01-18,11558.0,11372.548228556849
台電大樓,2026-01-19,15240.0,14946.323075638064
台電大樓,2026-01-20,16281.0,15873.593653216343
台電大樓,2026-01-21,16217.0,16468.473226667116
台電大樓,2026-01-22,16542.0,16341.37203411881
台電大樓,2026-01-23,17747.0,17441.113660072813
台電大樓,2026-01-24,14767.0,14196.320386329899
台電大樓,2026-01-25,12521.0,11675.975622994247
台電大樓,2026-01-26,15054.0,15208.371228611628
台電大樓,2026-01-27,16050.0,15925.314252791188
台電大樓,2026-01-28,15996.0,16382.335606157994
台電大樓,2026-01-29,16239.0,16287.781998707882
台電大樓,2026-01-30,16995.0,17181.838272776393
台電大樓,2026-01-31,14382.0,13985.8833812024
台電大樓,2026-02-01,11490.0,11795.538951556555
台電大樓,2026-02-02,14938.0,15099.400794459783
台電大樓,2026-02-03,16190.0,15937.939717964222
台電大樓,2026-02-04,16389.0,16373.798411365848
台電大樓,2026-02-05,16331.0,16461.339161432275
台電大樓,2026-02-06,17733.0,17190.28442286934
台電大樓,2026-02-07,14770.0,14489.26026510363
台電大樓,2026-02-08,12046.0,12088.440172815262
台電大樓,2026-02-09,15362.0,15059.321070485767
台電大樓,2026-02-10,16115.0,16016.933404521586
台電大樓,2026-02-11,16482.0,16386.44957406413
台電大樓,2026-02-12,16330.0,16626.262779510296
台電大樓,2026-02-13,15952.0,17503.976393876037
台電大樓,2026-02-14,10917.0,13484.927235487106
台電大樓,2026-02-15,8459.0,9867.886527318196
台電大樓,2026-02-16,5398.0,7463.354297590437
台電大樓,2026-02-17,5581.0,6006.740048325071
台電大樓,2026-02-18,6443.0,6211.594603131919
台電大樓,2026-02-19,6893.0,7014.537871877581
台電大樓,2026-02-20,8011.0,7490.313071131841
台電大樓,2026-02-21,12304.0,8808.850274674696
台電大樓,2026-02-22,11417.0,10087.2863531811
台電大樓,2026-02-23,14763.0,14125.507618045891
台電大樓,2026-02-24,16071.0,15202.875138058576
台電大樓,2026-02-25,17093.0,16226.134978478643
台電大樓,2026-02-26,17327.0,16970.35552532081
台電大樓,2026-02-27,13921.0,10892.126607585222
台電大樓,2026-02-28,13164.0,11702.8050236527
台電大樓,2026-03-01,11320.0,10783.47300014291
台電大樓,2026-03-02,15743.0,15212.264676677563
台電大樓,2026-03-03,16395.0,16132.35029796104
台電大樓,2026-03-04,17134.0,16763.986676396387
台電大樓,2026-03-05,17469.0,17213.642341054914
台電大樓,2026-03-06,18264.0,16657.96443717237
台電大樓,2026-03-07,16087.0,13825.71179086445
台電大樓,2026-03-08,13221.0,11784.21208892143
台電大樓,2026-03-09,15505.0,15601.88724079354
台電大樓,2026-03-10,17023.0,16291.514499546722
台電大樓,2026-03-11,17014.0,17286.682262889703
台電大樓,2026-03-12,17045.0,17377.961507015
台電大樓,2026-03-13,18727.0,17768.226084119164
台電大樓,2026-03-14,17003.0,15568.071989634434
台電大樓,2026-03-15,13658.0,13610.460592762505
台電大樓,2026-03-16,15680.0,15948.4041519101
台電大樓,2026-03-17,16686.0,16664.449112328854
台電大樓,2026-03-18,17325.0,17071.177980979617
台電大樓,2026-03-19,17087.0,17397.86827030017
台電大樓,2026-03-20,18510.0,18283.336185730914
台電大樓,2026-03-21,14970.0,16037.785281612649
台電大樓,2026-03-22,12491.0,12381.445016473188
台電大樓,2026-03-23,15248.0,15665.79938403535
台電大樓,2026-03-24,16602.0,16521.673632365964
台電大樓,2026-03-25,17208.0,17182.6429313673
台電大樓,2026-03-26,16949.0,17139.478174852375
台電大樓,2026-03-27,18291.0,18179.710961181558
台電大樓,2026-03-28,14585.0,14471.38370317371
台電大樓,2026-03-29,11956.0,12190.977290176883
台電大樓,2026-03-30,15354.0,15285.682058279142
台電大樓,2026-03-31,16283.0,16463.751574676335
台電大樓,2026-04-01,16322.0,16957.78714797685
台電大樓,2026-04-02,17616.0,16659.678508215373
台電大樓,2026-04-03,12288.0,12479.428016533777
台電大樓,2026-04-04,10493.0,11487.223329854056
台電大樓,2026-04-05,9936.0,9900.826460628825
台電大樓,2026-04-06,8928.0,8775.88474499245
台電大樓,2026-04-07,15989.0,16075.05489189075
台電大樓,2026-04-08,16542.0,16382.962106416484
台電大樓,2026-04-09,16645.0,17015.748165529447
台電大樓,2026-04-10,18206.0,17910.03069092785
台電大樓,2026-04-11,15656.0,13747.7115385671
台電大樓,2026-04-12,12290.0,12005.663137998437
台電大樓,2026-04-13,15234.0,15277.903293999074
台電大樓,2026-04-14,16319.0,16082.069062483586
台電大樓,2026-04-15,16782.0,16332.05132133359
台電大樓,2026-04-16,16801.0,17076.22878940244
台電大樓,2026-04-17,18122.0,18103.149318102347
台電大樓,2026-04-18,15641.0,15407.33876405332
台電大樓,2026-04-19,12741.0,12193.673331562617
台電大樓,2026-04-20,15534.0,15161.595277892258
台電大樓,2026-04-21,16590.0,16256.766402492958
台電大樓,2026-04-22,16444.0,16762.12056103058
台電大樓,2026-04-23,17101.0,16616.69138976709
台電大樓,2026-04-24,18423.0,18066.409446406306
台電大樓,2026-04-25,15190.0,15488.548677630652
台電大樓,2026-04-26,12553.0,12115.678608847493
台電大樓,2026-04-27,15446.0,15482.795463272534
台電大樓,2026-04-28,16710.0,16389.561829366754
台電大樓,2026-04-29,17075.0,16799.930469059836
台電大樓,2026-04-30,18847.0,16995.477378214648
台電大樓,2026-05-01,12852.0,12731.18904425775
台電大樓,2026-05-02,13328.0,12424.891533382148
台電大樓,2026-05-03,11111.0,11421.950554634288
台電大樓,2026-05-04,15292.0,15514.050458233702
台電大樓,2026-05-05,17115.0,16318.205791818698
台電大樓,2026-05-06,17181.0,16983.9370718327
台電大樓,2026-05-07,16985.0,17548.356390954195
台電大樓,2026-05-08,18471.0,18220.383162308928
台電大樓,2026-05-09,14619.0,14783.73579729417
台電大樓,2026-05-10,11282.0,12011.662319021185
台電大樓,2026-05-11,15200.0,15235.661941635168
台電大樓,2026-05-12,16258.0,16283.602559391502
台電大樓,2026-05-13,16708.0,16741.51823315831
台電大樓,2026-05-14,16881.0,17565.56849735676
台電大樓,2026-05-15,17908.0,18028.08753163482
台電大樓,2026-05-16,15068.0,14534.911850645005
台電大樓,2026-05-17,12444.0,11750.828231738165
台電大樓,2026-05-18,15176.0,15350.543562984507
台電大樓,2026-05-19,16200.0,16268.515741589496
台電大樓,2026-05-20,16903.0,16562.03183182514
台電大樓,2026-05-21,16840.0,16803.888194906678
台電大樓,2026-05-22,17855.0,18105.714539264936
台電大樓,2026-05-23,15644.0,14493.06796998127
台電大樓,2026-05-24,12514.0,12174.90985379247
台電大樓,2026-05-25,15019.0,15429.918601522759
台電大樓,2026-05-26,16340.0,16168.89869337966
台電大樓,2026-05-27,17060.0,16494.903242827982
台電大樓,2026-05-28,17191.0,16828.47500589145
台電大樓,2026-05-29,18239.0,17929.457091527198
台電大樓,2026-05-30,15464.0,15032.009393054446
台電大樓,2026-05-31,12233.0,12150.995017588903
唭哩岸,2026-01-01,5026.0,8628.83826602872
唭哩岸,2026-01-02,7594.0,7690.817282700236
唭哩岸,2026-01-03,6425.0,6597.014921654711
唭哩岸,2026-01-04,5619.0,5353.238209544265
唭哩岸,2026-01-05,7261.0,7465.171713616231
唭哩岸,2026-01-06,7502.0,7665.754659602656
唭哩岸,2026-01-07,7527.0,7819.904786518455
唭哩岸,2026-01-08,7596.0,6923.620048944748
唭哩岸,2026-01-09,8062.0,7743.892627517594
唭哩岸,2026-01-10,6770.0,6483.500587252146
唭哩岸,2026-01-11,5463.0,5466.073052603788
唭哩岸,2026-01-12,7242.0,7337.921058092783
唭哩岸,2026-01-13,7609.0,7582.949744557461
唭哩岸,2026-01-14,7665.0,7651.321979368925
唭哩岸,2026-01-15,7704.0,7700.159946614778
唭哩岸,2026-01-16,8069.0,7997.938421426016
唭哩岸,2026-01-17,7017.0,6697.6083958440795
唭哩岸,2026-01-18,5933.0,5561.177283646532
唭哩岸,2026-01-19,7321.0,7296.634338551161
唭哩岸,2026-01-20,7767.0,7553.717670777207
唭哩岸,2026-01-21,7307.0,7734.781808992865
唭哩岸,2026-01-22,7763.0,7633.124184033286
唭哩岸,2026-01-23,8118.0,8095.560780144273
唭哩岸,2026-01-24,6851.0,6783.145713616725
唭哩岸,2026-01-25,5796.0,5561.949139258001
唭哩岸,2026-01-26,7289.0,7303.271868421483
唭哩岸,2026-01-27,7445.0,7638.32650632782
唭哩岸,2026-01-28,7546.0,7518.171178870064
唭哩岸,2026-01-29,7723.0,7676.77196363116
唭哩岸,2026-01-30,8136.0,8108.603792985422
唭哩岸,2026-01-31,6701.0,6829.076800497437
唭哩岸,2026-02-01,5274.0,5642.661705940791
唭哩岸,2026-02-02,7128.0,7262.5225932464255
唭哩岸,2026-02-03,7559.0,7516.1021297979805
唭哩岸,2026-02-04,7717.0,7613.6898204059025
唭哩岸,2026-02-05,7820.0,7759.655298244248
唭哩岸,2026-02-06,8191.0,8132.428761830389
唭哩岸,2026-02-07,6660.0,6764.1786119766
唭哩岸,2026-02-08,5528.0,5615.777386841526
唭哩岸,2026-02-09,7415.0,7241.322524784926
唭哩岸,2026-02-10,7681.0,7575.768770344032
唭哩岸,2026-02-11,7489.0,7758.222787719086
唭哩岸,2026-02-12,7826.0,7689.243784957691
唭哩岸,2026-02-13,7852.0,8089.085109143623
唭哩岸,2026-02-14,6121.0,6631.691215662146
唭哩岸,2026-02-15,4956.0,5241.413193176148
唭哩岸,2026-02-16,3720.0,5097.77790960549
唭哩岸,2026-02-17,4967.0,4229.893173362726
唭哩岸,2026-02-18,5096.0,4858.456293971883
唭哩岸,2026-02-19,5321.0,4970.278578224392
唭哩岸,2026-02-20,5651.0,5309.911949393386
唭哩岸,2026-02-21,5813.0,5852.030733230794
唭哩岸,2026-02-22,5304.0,5307.8756025277735
唭哩岸,2026-02-23,7392.0,7220.808381387132
唭哩岸,2026-02-24,7552.0,7360.935635113797
唭哩岸,2026-02-25,7787.0,7533.411626109329
唭哩岸,2026-02-26,8170.0,7633.762079198038
唭哩岸,2026-02-27,6823.0,8031.337848718689
唭哩岸,2026-02-28,6564.0,6045.609569735219
唭哩岸,2026-03-01,5496.0,5333.655718831554
唭哩岸,2026-03-02,7434.0,7290.265935026573
唭哩岸,2026-03-03,7489.0,7537.618856146964
唭哩岸,2026-03-04,7721.0,7630.1328328468835
唭哩岸,2026-03-05,7805.0,7952.92035864813
唭哩岸,2026-03-06,8292.0,7245.446703849314
唭哩岸,2026-03-07,7263.0,6489.669526223503
唭哩岸,2026-03-08,5848.0,5665.607624657456
唭哩岸,2026-03-09,7409.0,7489.5341752814
唭哩岸,2026-03-10,7765.0,7618.963253529149
唭哩岸,2026-03-11,7959.0,7858.733745851649
唭哩岸,2026-03-12,7945.0,7982.055590219423
唭哩岸,2026-03-13,8386.0,8164.494599186466
唭哩岸,2026-03-14,7293.0,7002.347111871846
唭哩岸,2026-03-15,6051.0,5800.671894349843
唭哩岸,2026-03-16,7489.0,7441.310052625475
唭哩岸,2026-03-17,7738.0,7876.309989936887
唭哩岸,2026-03-18,7805.0,7927.827612546611
唭哩岸,2026-03-19,7879.0,7967.175873355747
唭哩岸,2026-03-20,8357.0,8186.21238271531
唭哩岸,2026-03-21,7032.0,7194.92891814096
唭哩岸,2026-03-22,5917.0,5920.88371691919
唭哩岸,2026-03-23,7370.0,7517.565844107396
唭哩岸,2026-03-24,7626.0,7900.790324497397
唭哩岸,2026-03-25,7705.0,7924.502408335598
唭哩岸,2026-03-26,7787.0,7956.217542961668
唭哩岸,2026-03-27,8015.0,8257.093708177692
唭哩岸,2026-03-28,7072.0,6809.4373426467355
唭哩岸,2026-03-29,5650.0,5951.735677306887
唭哩岸,2026-03-30,7481.0,7374.391466213527
唭哩岸,2026-03-31,7743.0,7606.4246005897985
唭哩岸,2026-04-01,7592.0,7810.147310680612
唭哩岸,2026-04-02,8052.0,7809.741328448791
唭哩岸,2026-04-03,5857.0,5658.43265437449
唭哩岸,2026-04-04,5349.0,6098.1644550599185
唭哩岸,2026-04-05,5331.0,5068.598425403573
唭哩岸,2026-04-06,4988.0,5494.22804748027
唭哩岸,2026-04-07,7347.0,7506.767328549506
唭哩岸,2026-04-08,7741.0,7485.342381829556
唭哩岸,2026-04-09,7681.0,7784.459088615902
唭哩岸,2026-04-10,8098.0,7865.948697094034
唭哩岸,2026-04-11,7065.0,6554.630761747298
唭哩岸,2026-04-12,5745.0,5624.306873355989
唭哩岸,2026-04-13,7298.0,7138.319112664025
唭哩岸,2026-04-14,7621.0,7509.775563517826
唭哩岸,2026-04-15,7728.0,7712.480070059698
唭哩岸,2026-04-16,7764.0,7709.326997538426
唭哩岸,2026-04-17,8012.0,7966.5308620553305
唭哩岸,2026-04-18,6789.0,6756.990290720441
唭哩岸,2026-04-19,5770.0,5497.408895288609
唭哩岸,2026-04-20,7378.0,7272.3135842050115
唭哩岸,2026-04-21,7556.0,7580.5684018628435
唭哩岸,2026-04-22,7685.0,7724.336609707016
唭哩岸,2026-04-23,7664.0,7723.364892888178
唭哩岸,2026-04-24,8030.0,8071.851896995874
唭哩岸,2026-04-25,6850.0,6801.053713010026
唭哩岸,2026-04-26,5982.0,5564.254261538915
唭哩岸,2026-04-27,7477.0,7300.150535964036
唭哩岸,2026-04-28,7755.0,7615.363235256307
唭哩岸,2026-04-29,7857.0,7709.80748350553
唭哩岸,2026-04-30,8280.0,7755.554669628691
唭哩岸,2026-05-01,6635.0,5936.92259178322
唭哩岸,2026-05-02,6341.0,6441.302406526708
唭哩岸,2026-05-03,5586.0,5537.31486680733
唭哩岸,2026-05-04,7655.0,7340.028541913953
唭哩岸,2026-05-05,7849.0,7702.997222451157
唭哩岸,2026-05-06,8011.0,7855.089803769642
唭哩岸,2026-05-07,8049.0,8111.584783289856
唭哩岸,2026-05-08,8227.0,7940.957869892086
唭哩岸,2026-05-09,6821.0,6639.54095329725
唭哩岸,2026-05-10,5596.0,5550.847118459273
唭哩岸,2026-05-11,7463.0,7604.004570411872
唭哩岸,2026-05-12,7820.0,8013.836934463615
唭哩岸,2026-05-13,7666.0,7990.021745693806
唭哩岸,2026-05-14,7678.0,7920.671159501407
唭哩岸,2026-05-15,8293.0,8043.022353403666
唭哩岸,2026-05-16,7277.0,6722.969400438798
唭哩岸,2026-05-17,6069.0,5680.196625072443
唭哩岸,2026-05-18,7443.0,7497.511533974738
唭哩岸,2026-05-19,7642.0,7979.819616977995
唭哩岸,2026-05-20,7761.0,7757.207435014377
唭哩岸,2026-05-21,7682.0,7778.279643876126
唭哩岸,2026-05-22,8162.0,8100.573254830252
唭哩岸,2026-05-23,7150.0,6927.08384828815
唭哩岸,2026-05-24,5655.0,5819.4713651185975
唭哩岸,2026-05-25,7309.0,7430.177546800951
唭哩岸,2026-05-26,7396.0,7607.505678895451
唭哩岸,2026-05-27,7576.0,7686.89662171327
唭哩岸,2026-05-28,7500.0,7664.197825310686
唭哩岸,2026-05-29,8089.0,7897.810444563937
唭哩岸,2026-05-30,6915.0,6872.914055567529
唭哩岸,2026-05-31,5644.0,5688.25005681632
善導寺,2026-01-01,12122.0,17387.973475452647
善導寺,2026-01-02,22796.0,26027.29208365054
善導寺,2026-01-03,15037.0,17298.89032375385
善導寺,2026-01-04,11669.0,12806.893269814465
善導寺,2026-01-05,23664.0,24672.535429131593
善導寺,2026-01-06,25046.0,25233.863044719095
善導寺,2026-01-07,25456.0,26229.874854662536
善導寺,2026-01-08,25952.0,14768.737427402468
善導寺,2026-01-09,26433.0,26190.224907976273
善導寺,2026-01-10,15642.0,16359.669682744294
善導寺,2026-01-11,12721.0,12630.19273405951
善導寺,2026-01-12,21260.0,24136.605168253656
善導寺,2026-01-13,21947.0,24397.232828139116
善導寺,2026-01-14,21820.0,24594.830478294774
善導寺,2026-01-15,22004.0,24221.206638381656
善導寺,2026-01-16,23323.0,24269.46736975976
善導寺,2026-01-17,15155.0,15545.741537749784
善導寺,2026-01-18,12382.0,12112.55953604207
善導寺,2026-01-19,20455.0,21702.051129824238
善導寺,2026-01-20,21929.0,21887.416270075348
善導寺,2026-01-21,21794.0,22136.90458526768
善導寺,2026-01-22,22740.0,22105.334134229386
善導寺,2026-01-23,23283.0,23484.941663463862
善導寺,2026-01-24,16262.0,16115.987105549015
善導寺,2026-01-25,13547.0,12419.926011884178
善導寺,2026-01-26,20589.0,20877.95716368964
善導寺,2026-01-27,21182.0,21504.53375053276
善導寺,2026-01-28,21890.0,21440.151937049362
善導寺,2026-01-29,21681.0,21956.34001383956
善導寺,2026-01-30,23002.0,22923.937399060032
善導寺,2026-01-31,16514.0,16198.544784289621
善導寺,2026-02-01,13503.0,13484.638174918035
善導寺,2026-02-02,20018.0,20723.841342829866
善導寺,2026-02-03,21486.0,21241.843479614883
善導寺,2026-02-04,21687.0,21535.40035825953
善導寺,2026-02-05,21407.0,22050.1397611184
善導寺,2026-02-06,23212.0,22767.49981406495
善導寺,2026-02-07,15682.0,16595.320334169264
善導寺,2026-02-08,12976.0,12989.31419019777
善導寺,2026-02-09,20168.0,20092.473834946995
善導寺,2026-02-10,21530.0,21154.096308664146
善導寺,2026-02-11,21952.0,21505.8596409691
善導寺,2026-02-12,21475.0,22005.98641867318
善導寺,2026-02-13,19589.0,22913.443529792017
善導寺,2026-02-14,11582.0,15969.598826540954
善導寺,2026-02-15,8681.0,10957.379086305911
善導寺,2026-02-16,6479.0,8158.701620053208
善導寺,2026-02-17,6435.0,8114.765684729783
善導寺,2026-02-18,6500.0,7980.018984364519
善導寺,2026-02-19,7869.0,8159.276370140235
善導寺,2026-02-20,8649.0,9791.197844978722
善導寺,2026-02-21,9650.0,9328.687268672034
善導寺,2026-02-22,8950.0,9205.367911097888
善導寺,2026-02-23,18839.0,18187.144029205105
善導寺,2026-02-24,21072.0,19680.145520215592
善導寺,2026-02-25,22520.0,21114.337137916726
善導寺,2026-02-26,23142.0,22971.944643077233
善導寺,2026-02-27,13447.0,13908.83581214727
善導寺,2026-02-28,13910.0,10909.28956899146
善導寺,2026-03-01,12090.0,12378.217231656057
善導寺,2026-03-02,23750.0,19188.190676462378
善導寺,2026-03-03,25456.0,23772.001839405202
善導寺,2026-03-04,26583.0,25254.800949106862
善導寺,2026-03-05,26007.0,26590.28731541184
善導寺,2026-03-06,26679.0,24688.123095507064
善導寺,2026-03-07,17487.0,14889.629604458989
善導寺,2026-03-08,13216.0,12649.260175506695
善導寺,2026-03-09,24615.0,23367.498771710267
善導寺,2026-03-10,25933.0,25157.808442210713
善導寺,2026-03-11,26681.0,26245.605969051387
善導寺,2026-03-12,26529.0,27004.91685625785
善導寺,2026-03-13,27345.0,27414.836631580853
善導寺,2026-03-14,17657.0,18089.472609359877
善導寺,2026-03-15,14231.0,13390.073847572365
善導寺,2026-03-16,23913.0,24473.743501944897
善導寺,2026-03-17,25860.0,25546.34776295552
善導寺,2026-03-18,26803.0,26247.958197191656
善導寺,2026-03-19,26392.0,26481.717649967057
善導寺,2026-03-20,27524.0,26975.372835814647
善導寺,2026-03-21,17591.0,17937.175860085026
善導寺,2026-03-22,14244.0,13537.498161396303
善導寺,2026-03-23,23752.0,24363.475939503092
善導寺,2026-03-24,25685.0,25651.45834437704
善導寺,2026-03-25,26814.0,26205.790794721037
善導寺,2026-03-26,26320.0,26524.488544640644
善導寺,2026-03-27,27139.0,27193.807200821524
善導寺,2026-03-28,16449.0,18036.694891221636
善導寺,2026-03-29,13901.0,13443.703543640802
善導寺,2026-03-30,25020.0,23702.260881787162
善導寺,2026-03-31,26916.0,25763.036613553475
善導寺,2026-04-01,26284.0,26657.974316311956
善導寺,2026-04-02,26300.0,26347.361753412177
善導寺,2026-04-03,13492.0,12829.411457498814
善導寺,2026-04-04,13058.0,14092.030283896842
善導寺,2026-04-05,12607.0,11565.492818494085
善導寺,2026-04-06,9249.0,10824.28579351613
善導寺,2026-04-07,22619.0,25696.775415278906
善導寺,2026-04-08,25825.0,24761.49319219426
善導寺,2026-04-09,25977.0,26025.758740061123
善導寺,2026-04-10,26363.0,26727.755892472513
善導寺,2026-04-11,16819.0,17143.21561658926
善導寺,2026-04-12,13861.0,13634.182117768189
善導寺,2026-04-13,23601.0,24338.726921150155
善導寺,2026-04-14,25306.0,24548.961380834597
善導寺,2026-04-15,25777.0,25655.641406939707
善導寺,2026-04-16,26006.0,25837.57400443124
善導寺,2026-04-17,25874.0,26830.24091320662
善導寺,2026-04-18,16748.0,17348.708277035646
善導寺,2026-04-19,13990.0,13448.578000960813
善導寺,2026-04-20,23434.0,23370.573844680923
善導寺,2026-04-21,25241.0,24440.472291247603
善導寺,2026-04-22,25994.0,25634.30418929202
善導寺,2026-04-23,26344.0,25887.07309340526
善導寺,2026-04-24,26663.0,26868.268775350723
善導寺,2026-04-25,16819.0,16961.427092899397
善導寺,2026-04-26,14916.0,13664.669097362674
善導寺,2026-04-27,23494.0,23253.99117771253
善導寺,2026-04-28,24777.0,24790.2639733961
善導寺,2026-04-29,26166.0,25493.890853220775
善導寺,2026-04-30,26626.0,26165.024107569167
善導寺,2026-05-01,12934.0,12546.678845045206
善導寺,2026-05-02,14746.0,13656.964061898469
善導寺,2026-05-03,13036.0,12880.071690692826
善導寺,2026-05-04,24904.0,22555.98343360133
善導寺,2026-05-05,27071.0,24943.68032128689
善導寺,2026-05-06,25951.0,26340.001030591153
善導寺,2026-05-07,26048.0,25934.636706444744
善導寺,2026-05-08,26083.0,26854.795827866394
善導寺,2026-05-09,16871.0,16449.084944052673
善導寺,2026-05-10,11277.0,13811.832132984091
善導寺,2026-05-11,21876.0,24576.78226399
善導寺,2026-05-12,24935.0,24382.92198537137
善導寺,2026-05-13,26335.0,25501.56023836758
善導寺,2026-05-14,25187.0,26088.83620616241
善導寺,2026-05-15,26314.0,25977.371102749777
善導寺,2026-05-16,16929.0,17028.843112018687
善導寺,2026-05-17,13990.0,13319.400125378885
善導寺,2026-05-18,22989.0,22606.698553717106
善導寺,2026-05-19,24861.0,24819.080678859886
善導寺,2026-05-20,25228.0,25611.83153874592
善導寺,2026-05-21,25354.0,25475.343152485304
善導寺,2026-05-22,26653.0,26344.19263468574
善導寺,2026-05-23,17140.0,16860.664421444424
善導寺,2026-05-24,15485.0,13341.980876914005
善導寺,2026-05-25,23573.0,22818.6181411184
善導寺,2026-05-26,25209.0,24618.986317291892
善導寺,2026-05-27,25904.0,25569.7708719439
善導寺,2026-05-28,25490.0,25705.521085456956
善導寺,2026-05-29,25488.0,26639.264555710346
善導寺,2026-05-30,16175.0,16871.311415959295
善導寺,2026-05-31,12975.0,13531.906518790294
國父紀念館,2026-01-01,39553.0,29611.29457874498
國父紀念館,2026-01-02,27452.0,39238.73638903297
國父紀念館,2026-01-03,23900.0,26761.265346394757
國父紀念館,2026-01-04,19877.0,20935.622257916562
國父紀念館,2026-01-05,24206.0,25365.205734501596
國父紀念館,2026-01-06,25390.0,28574.03289218978
國父紀念館,2026-01-07,25691.0,29745.513222743484
國父紀念館,2026-01-08,27363.0,27607.89265218651
國父紀念館,2026-01-09,32314.0,29461.392178168397
國父紀念館,2026-01-10,45906.0,27425.766382936898
國父紀念館,2026-01-11,20697.0,32105.877162204237
國父紀念館,2026-01-12,24250.0,24334.118688079667
國父紀念館,2026-01-13,25463.0,25892.348740333193
國父紀念館,2026-01-14,25872.0,26893.295949376057
國父紀念館,2026-01-15,26457.0,28233.83116998577
國父紀念館,2026-01-16,28546.0,28596.646749294487
國父紀念館,2026-01-17,25555.0,28295.679137064293
國父紀念館,2026-01-18,34090.0,21562.205540424708
國父紀念館,2026-01-19,25071.0,26628.695278985437
國父紀念館,2026-01-20,27761.0,25858.681168663534
國父紀念館,2026-01-21,26009.0,26804.23124141654
國父紀念館,2026-01-22,26605.0,26873.810510534113
國父紀念館,2026-01-23,28558.0,28272.545511263248
國父紀念館,2026-01-24,26133.0,27558.43204925658
國父紀念館,2026-01-25,22365.0,22151.14523040879
國父紀念館,2026-01-26,25046.0,24767.79086380863
國父紀念館,2026-01-27,26485.0,26632.813574286658
國父紀念館,2026-01-28,26380.0,26865.265799278055
國父紀念館,2026-01-29,27480.0,26599.177877567105
國父紀念館,2026-01-30,32065.0,30065.08674434062
國父紀念館,2026-01-31,42439.0,26106.9909475267
國父紀念館,2026-02-01,36379.0,36503.542996125405
國父紀念館,2026-02-02,24872.0,27845.12037650394
國父紀念館,2026-02-03,25641.0,26741.4232148946
國父紀念館,2026-02-04,26558.0,26517.65963094808
國父紀念館,2026-02-05,27444.0,27158.439733659186
國父紀念館,2026-02-06,30514.0,30627.653283486212
國父紀念館,2026-02-07,25640.0,31326.83710221439
國父紀念館,2026-02-08,20766.0,21892.282146376267
國父紀念館,2026-02-09,25548.0,25106.54249812568
國父紀念館,2026-02-10,26949.0,26093.908892836454
國父紀念館,2026-02-11,27413.0,26949.140919317248
國父紀念館,2026-02-12,40847.0,27295.603664002454
國父紀念館,2026-02-13,26921.0,43854.02639916831
國父紀念館,2026-02-14,19541.0,27017.360817042438
國父紀念館,2026-02-15,14945.0,20416.19168469565
國父紀念館,2026-02-16,6975.0,14304.628761919153
國父紀念館,2026-02-17,11465.0,10468.45389146176
國父紀念館,2026-02-18,12462.0,10925.631314966437
國父紀念館,2026-02-19,16619.0,14240.605429353302
國父紀念館,2026-02-20,17690.0,17489.356206502638
國父紀念館,2026-02-21,18813.0,17675.79757745865
國父紀念館,2026-02-22,16817.0,16165.353129615138
國父紀念館,2026-02-23,22253.0,22977.581646665865
國父紀念館,2026-02-24,23950.0,24475.557008057902
國父紀念館,2026-02-25,32139.0,25269.362048675714
國父紀念館,2026-02-26,37224.0,35305.439147670375
國父紀念館,2026-02-27,39967.0,24091.318760246202
國父紀念館,2026-02-28,31452.0,27846.059656613554
國父紀念館,2026-03-01,20310.0,23195.158935085663
國父紀念館,2026-03-02,22604.0,23608.457083266407
國父紀念館,2026-03-03,23888.0,24891.315722883133
國父紀念館,2026-03-04,25288.0,24429.881911341727
國父紀念館,2026-03-05,25852.0,25815.37330562604
國父紀念館,2026-03-06,30042.0,28095.583487710654
國父紀念館,2026-03-07,48021.0,25438.701116341723
國父紀念館,2026-03-08,25353.0,33909.08053473013
國父紀念館,2026-03-09,23917.0,24540.62371203134
國父紀念館,2026-03-10,25031.0,24887.414322753124
國父紀念館,2026-03-11,26434.0,25803.302324560686
國父紀念館,2026-03-12,26889.0,27496.97436173769
國父紀念館,2026-03-13,29351.0,29311.256697622197
國父紀念館,2026-03-14,28134.0,30060.677132890974
國父紀念館,2026-03-15,22329.0,23407.005216754118
國父紀念館,2026-03-16,23176.0,23894.883082418517
國父紀念館,2026-03-17,24867.0,24498.82448494899
國父紀念館,2026-03-18,25921.0,25384.783452799897
國父紀念館,2026-03-19,26504.0,26424.38055265889
國父紀念館,2026-03-20,48884.0,29002.061406161643
國父紀念館,2026-03-21,57094.0,37968.62332944324
國父紀念館,2026-03-22,42757.0,33924.05253432513
國父紀念館,2026-03-23,24084.0,25722.78078599885
國父紀念館,2026-03-24,25133.0,26153.27562465986
國父紀念館,2026-03-25,26185.0,25875.72008491971
國父紀念館,2026-03-26,27045.0,27117.71771242657
國父紀念館,2026-03-27,28983.0,30164.573953608895
國父紀念館,2026-03-28,39517.0,30873.668742265156
國父紀念館,2026-03-29,26525.0,36438.73129139407
國父紀念館,2026-03-30,24353.0,25394.11567752035
國父紀念館,2026-03-31,24795.0,25762.918921227567
國父紀念館,2026-04-01,25446.0,25459.002263418228
國父紀念館,2026-04-02,26836.0,26533.746788234355
國父紀念館,2026-04-03,25543.0,20251.67991313471
國父紀念館,2026-04-04,25034.0,28650.719612371035
國父紀念館,2026-04-05,23173.0,24261.668449520257
國父紀念館,2026-04-06,16695.0,17581.09720679146
國父紀念館,2026-04-07,24238.0,24902.625489043454
國父紀念館,2026-04-08,25196.0,25145.32206813532
國父紀念館,2026-04-09,37712.0,26545.045976553673
國父紀念館,2026-04-10,39624.0,33691.66388011015
國父紀念館,2026-04-11,37710.0,36113.06062803478
國父紀念館,2026-04-12,31408.0,29301.434286988413
國父紀念館,2026-04-13,23716.0,30148.563656027498
國父紀念館,2026-04-14,23999.0,26211.226456895285
國父紀念館,2026-04-15,25052.0,25949.44269735472
國父紀念館,2026-04-16,25313.0,27055.919820326475
國父紀念館,2026-04-17,27355.0,28640.61609217838
國父紀念館,2026-04-18,24074.0,27120.789542269544
國父紀念館,2026-04-19,20104.0,22490.75446965806
國父紀念館,2026-04-20,23066.0,23384.90501353276
國父紀念館,2026-04-21,23984.0,24327.60435334033
國父紀念館,2026-04-22,24834.0,24679.28274066291
國父紀念館,2026-04-23,25517.0,26406.85859922131
國父紀念館,2026-04-24,29245.0,28592.55147475753
國父紀念館,2026-04-25,41021.0,27352.303770111976
國父紀念館,2026-04-26,36051.0,35425.398073765806
國父紀念館,2026-04-27,23698.0,24604.19952730901
國父紀念館,2026-04-28,24988.0,25538.07992791483
國父紀念館,2026-04-29,25955.0,25606.410096250976
國父紀念館,2026-04-30,27565.0,26388.937923175617
國父紀念館,2026-05-01,32165.0,20221.303061061662
國父紀念館,2026-05-02,35596.0,31957.82618447197
國父紀念館,2026-05-03,26128.0,29521.648049588388
國父紀念館,2026-05-04,23970.0,24942.389051177463
國父紀念館,2026-05-05,30725.0,24847.248247518553
國父紀念館,2026-05-06,30894.0,27903.548940846464
國父紀念館,2026-05-07,25669.0,29000.159323857086
國父紀念館,2026-05-08,28195.0,28232.391498216894
國父紀念館,2026-05-09,26875.0,28812.09736311088
國父紀念館,2026-05-10,19347.0,25839.687598027504
國父紀念館,2026-05-11,22916.0,24537.140717403552
國父紀念館,2026-05-12,24605.0,25619.309861882706
國父紀念館,2026-05-13,25689.0,26237.58927450373
國父紀念館,2026-05-14,25401.0,25915.911849208784
國父紀念館,2026-05-15,39686.0,27527.623242867703
國父紀念館,2026-05-16,30212.0,35853.45361793056
國父紀念館,2026-05-17,37546.0,24487.35533512058
國父紀念館,2026-05-18,23685.0,25210.794110770992
國父紀念館,2026-05-19,24210.0,25155.659210479065
國父紀念館,2026-05-20,25268.0,25696.70070778814
國父紀念館,2026-05-21,25748.0,25850.203193414713
國父紀念館,2026-05-22,36773.0,29881.650860926533
國父紀念館,2026-05-23,36443.0,30695.829337588468
國父紀念館,2026-05-24,30873.0,30407.784125247188
國父紀念館,2026-05-25,23306.0,24824.129848893444
國父紀念館,2026-05-26,30183.0,25506.239515046207
國父紀念館,2026-05-27,30177.0,26799.333411915184
國父紀念館,2026-05-28,25579.0,26729.21047513082
國父紀念館,2026-05-29,37576.0,31717.944168638594
國父紀念館,2026-05-30,40050.0,34314.09720689385
國父紀念館,2026-05-31,33508.0,34279.25464673903
圓山,2026-01-01,30292.0,32994.41404085673
圓山,2026-01-02,26536.0,33104.98659348076
圓山,2026-01-03,30594.0,26749.200314238064
圓山,2026-01-04,28838.0,26262.759793603444
圓山,2026-01-05,24119.0,25948.78602823339
圓山,2026-01-06,25195.0,26283.100962461234
圓山,2026-01-07,24964.0,30119.41817721396
圓山,2026-01-08,25335.0,26757.64030778515
圓山,2026-01-09,28153.0,27023.31098048267
圓山,2026-01-10,29584.0,28827.521070052095
圓山,2026-01-11,28263.0,24539.348222072542
圓山,2026-01-12,23502.0,25437.77923432901
圓山,2026-01-13,25455.0,25120.651171267018
圓山,2026-01-14,25440.0,26519.35995594438
圓山,2026-01-15,26164.0,26214.19578254834
圓山,2026-01-16,28206.0,27478.626208248545
圓山,2026-01-17,30763.0,28035.584195349038
圓山,2026-01-18,27025.0,25759.442797157855
圓山,2026-01-19,23238.0,24946.999378948865
圓山,2026-01-20,25488.0,24690.47718301219
圓山,2026-01-21,24378.0,25183.54451441477
圓山,2026-01-22,24682.0,25005.65886532129
圓山,2026-01-23,28939.0,27575.35885043809
圓山,2026-01-24,27748.0,30539.376127505922
圓山,2026-01-25,25992.0,24664.561242844036
圓山,2026-01-26,23859.0,24537.287819031535
圓山,2026-01-27,24903.0,25030.707622058115
圓山,2026-01-28,24141.0,24918.80763798726
圓山,2026-01-29,26616.0,25240.255202338794
圓山,2026-01-30,28285.0,27711.945563191122
圓山,2026-01-31,28680.0,27610.19847299623
圓山,2026-02-01,23406.0,24446.28883911643
圓山,2026-02-02,21849.0,24441.776448261448
圓山,2026-02-03,25395.0,24695.920443822073
圓山,2026-02-04,26761.0,25025.363120946597
圓山,2026-02-05,27447.0,26758.795617719767
圓山,2026-02-06,43772.0,29111.40668356716
圓山,2026-02-07,51268.0,39547.437045394414
圓山,2026-02-08,40433.0,35244.02474034535
圓山,2026-02-09,22901.0,25994.800887734425
圓山,2026-02-10,25712.0,24979.31058152872
圓山,2026-02-11,24020.0,26866.50392560424
圓山,2026-02-12,25350.0,26032.317701204724
圓山,2026-02-13,25380.0,29112.780769558587
圓山,2026-02-14,29197.0,29437.380824886146
圓山,2026-02-15,16333.0,24754.503684207706
圓山,2026-02-16,10028.0,16345.398663355842
圓山,2026-02-17,18243.0,14373.981544762157
圓山,2026-02-18,18399.0,18389.866074815243
圓山,2026-02-19,23033.0,18619.464221002392
圓山,2026-02-20,27237.0,22714.216948582976
圓山,2026-02-21,30814.0,28161.285236270254
圓山,2026-02-22,26735.0,23446.099159891153
圓山,2026-02-23,24913.0,27403.614261112783
圓山,2026-02-24,27172.0,25612.51006391041
圓山,2026-02-25,29066.0,27941.60908515389
圓山,2026-02-26,35093.0,27923.732928434554
圓山,2026-02-27,41582.0,37131.891590137246
圓山,2026-02-28,49551.0,34886.267165664125
圓山,2026-03-01,38660.0,31340.03241206413
圓山,2026-03-02,29763.0,29385.762521162666
圓山,2026-03-03,28800.0,29560.95201978249
圓山,2026-03-04,27536.0,29968.41448452094
圓山,2026-03-05,29374.0,28364.911445433696
圓山,2026-03-06,33358.0,30450.6687869653
圓山,2026-03-07,41018.0,33215.700748028095
圓山,2026-03-08,35767.0,36245.709914298124
圓山,2026-03-09,26370.0,33482.20441019811
圓山,2026-03-10,26378.0,27728.356022034357
圓山,2026-03-11,31050.0,27354.125466833826
圓山,2026-03-12,30457.0,31619.156510325116
圓山,2026-03-13,33389.0,33029.59880304038
圓山,2026-03-14,44426.0,35186.50214869683
圓山,2026-03-15,37725.0,36079.7863397027
圓山,2026-03-16,26087.0,32464.281586725185
圓山,2026-03-17,27882.0,27140.3874365172
圓山,2026-03-18,28637.0,28931.471371884676
圓山,2026-03-19,27350.0,29801.3017916389
圓山,2026-03-20,30253.0,31506.54222744414
圓山,2026-03-21,36092.0,32633.813390255553
圓山,2026-03-22,30278.0,32281.40402296449
圓山,2026-03-23,25947.0,26764.597578512985
圓山,2026-03-24,27898.0,27088.64540948268
圓山,2026-03-25,30623.0,29688.69969275903
圓山,2026-03-26,30242.0,30120.80042172792
圓山,2026-03-27,32148.0,32074.3911660197
圓山,2026-03-28,32885.0,31137.406801547593
圓山,2026-03-29,29090.0,29290.721852665327
圓山,2026-03-30,26110.0,26325.958244412068
圓山,2026-03-31,26449.0,28150.577036772145
圓山,2026-04-01,25938.0,28308.683056125574
圓山,2026-04-02,33707.0,27331.893809203135
圓山,2026-04-03,32896.0,24082.67138834885
圓山,2026-04-04,30247.0,30748.40706207301
圓山,2026-04-05,32147.0,26785.90964342402
圓山,2026-04-06,17945.0,32992.476745255546
圓山,2026-04-07,24689.0,26192.5352687835
圓山,2026-04-08,25977.0,26406.780827999068
圓山,2026-04-09,26971.0,28675.77285040096
圓山,2026-04-10,29741.0,31337.349481275403
圓山,2026-04-11,33571.0,29298.94521932693
圓山,2026-04-12,30534.0,29364.316981691514
圓山,2026-04-13,25045.0,30273.403763305705
圓山,2026-04-14,26427.0,26004.0336243438
圓山,2026-04-15,25872.0,26318.033007186157
圓山,2026-04-16,26044.0,27949.7853217719
圓山,2026-04-17,29386.0,29929.964385111805
圓山,2026-04-18,37375.0,29381.799863654393
圓山,2026-04-19,33501.0,34702.74590106726
圓山,2026-04-20,26042.0,26982.208235986553
圓山,2026-04-21,26766.0,26796.32604855033
圓山,2026-04-22,26620.0,26524.935643559595
圓山,2026-04-23,25508.0,26337.767984466787
圓山,2026-04-24,27847.0,28323.864521766645
圓山,2026-04-25,30239.0,28335.748133940288
圓山,2026-04-26,36523.0,29128.71640636305
圓山,2026-04-27,26137.0,28983.41620352876
圓山,2026-04-28,27423.0,27047.467435988532
圓山,2026-04-29,26889.0,26734.846740187662
圓山,2026-04-30,28578.0,26823.707571686835
圓山,2026-05-01,38616.0,24213.17406149976
圓山,2026-05-02,33580.0,34467.35548199809
圓山,2026-05-03,27989.0,30553.89440443211
圓山,2026-05-04,26412.0,26456.54141493667
圓山,2026-05-05,25412.0,27176.221547347217
圓山,2026-05-06,27399.0,26160.24746688879
圓山,2026-05-07,27712.0,28122.09859973744
圓山,2026-05-08,29693.0,29581.75386911075
圓山,2026-05-09,32486.0,29196.85997755437
圓山,2026-05-10,25946.0,28483.936983966734
圓山,2026-05-11,25322.0,26710.457984654087
圓山,2026-05-12,27072.0,26234.57032985508
圓山,2026-05-13,24990.0,26862.367436824352
圓山,2026-05-14,25400.0,27270.27835434038
圓山,2026-05-15,29586.0,29997.88227516496
圓山,2026-05-16,42605.0,30001.72800965493
圓山,2026-05-17,37801.0,32127.198607060374
圓山,2026-05-18,24830.0,29276.77985634719
圓山,2026-05-19,26549.0,26403.397885897502
圓山,2026-05-20,26794.0,26409.3674941657
圓山,2026-05-21,26255.0,27441.70653819589
圓山,2026-05-22,29222.0,28514.573976374406
圓山,2026-05-23,41587.0,31061.8199442445
圓山,2026-05-24,31356.0,35690.13538110243
圓山,2026-05-25,24421.0,25611.01796643797
圓山,2026-05-26,26182.0,26830.499193824966
圓山,2026-05-27,25825.0,26790.33304456268
圓山,2026-05-28,25558.0,26092.104870010706
圓山,2026-05-29,27255.0,28441.524719987818
圓山,2026-05-30,38669.0,31775.657572466695
圓山,2026-05-31,27123.0,33364.21557687217
土城,2026-01-01,5056.0,5766.314208535132
土城,2026-01-02,9107.0,9339.94910547201
土城,2026-01-03,6869.0,7053.395138087434
土城,2026-01-04,5510.0,5611.566875139336
土城,2026-01-05,9415.0,9201.602199221175
土城,2026-01-06,9339.0,9462.950958296562
土城,2026-01-07,9462.0,9867.133903826036
土城,2026-01-08,9413.0,8953.069946756399
土城,2026-01-09,10109.0,9386.5725554319
土城,2026-01-10,7427.0,6921.404575007095
土城,2026-01-11,5791.0,5801.347942010502
土城,2026-01-12,9227.0,9199.657791980893
土城,2026-01-13,9340.0,9373.899742783355
土城,2026-01-14,9612.0,9484.013306609788
土城,2026-01-15,9380.0,9550.227273188419
土城,2026-01-16,10076.0,9751.37174989688
土城,2026-01-17,7621.0,7202.514986720784
土城,2026-01-18,5844.0,5987.410019536648
土城,2026-01-19,9250.0,9183.969721259406
土城,2026-01-20,9698.0,9315.263626849992
土城,2026-01-21,9458.0,9700.619451845658
土城,2026-01-22,9097.0,9368.2184848804
土城,2026-01-23,10031.0,9791.51440242601
土城,2026-01-24,7594.0,7454.597518440839
土城,2026-01-25,6117.0,5980.390205737316
土城,2026-01-26,9482.0,9171.785025485104
土城,2026-01-27,9278.0,9606.288661294855
土城,2026-01-28,9445.0,9534.124758731557
土城,2026-01-29,9727.0,9250.200565764917
土城,2026-01-30,10109.0,10097.323471641446
土城,2026-01-31,8363.0,7429.223076344264
土城,2026-02-01,5780.0,6396.965817280687
土城,2026-02-02,9230.0,9257.45659258933
土城,2026-02-03,9686.0,9492.086163538836
土城,2026-02-04,9873.0,9539.058515150984
土城,2026-02-05,9855.0,9790.489094615248
土城,2026-02-06,10232.0,10152.537376514827
土城,2026-02-07,7831.0,8065.406564508886
土城,2026-02-08,6159.0,6126.512683879486
土城,2026-02-09,9573.0,9277.053610189718
土城,2026-02-10,9725.0,9693.83426081653
土城,2026-02-11,9713.0,9779.40575356836
土城,2026-02-12,10031.0,9755.595678385946
土城,2026-02-13,9824.0,10249.936391874586
土城,2026-02-14,6865.0,7712.246248294898
土城,2026-02-15,5574.0,5758.461724717336
土城,2026-02-16,3937.0,5304.25885787146
土城,2026-02-17,5340.0,4157.902642897735
土城,2026-02-18,5173.0,5039.998361603722
土城,2026-02-19,5829.0,5405.48816155884
土城,2026-02-20,5996.0,6069.890356286743
土城,2026-02-21,6610.0,6183.75113609045
土城,2026-02-22,5514.0,5749.955490872404
土城,2026-02-23,9301.0,8727.694403653415
土城,2026-02-24,9604.0,9454.598903453305
土城,2026-02-25,9708.0,9529.208354447435
土城,2026-02-26,9906.0,9765.322111986045
土城,2026-02-27,7052.0,6198.132686687597
土城,2026-02-28,7012.0,6268.566648508498
土城,2026-03-01,5520.0,5566.514506580192
土城,2026-03-02,9368.0,9034.443656075371
土城,2026-03-03,9301.0,9537.15449872014
土城,2026-03-04,9442.0,9507.358001725348
土城,2026-03-05,9533.0,9695.519950479547
土城,2026-03-06,10413.0,8835.729951298888
土城,2026-03-07,7925.0,6851.820935599261
土城,2026-03-08,6309.0,5893.297857356452
土城,2026-03-09,9551.0,9203.779022494393
土城,2026-03-10,9452.0,9537.660617935142
土城,2026-03-11,10097.0,9566.918718582932
土城,2026-03-12,9804.0,9653.217611731545
土城,2026-03-13,10467.0,10397.27099103783
土城,2026-03-14,8442.0,7558.638869859583
土城,2026-03-15,6326.0,6354.652290713648
土城,2026-03-16,9493.0,9349.261141320005
土城,2026-03-17,9642.0,9480.500875503958
土城,2026-03-18,10061.0,9781.795874564988
土城,2026-03-19,9677.0,9889.825766841002
土城,2026-03-20,10305.0,10221.927458362718
土城,2026-03-21,9255.0,8221.773094890788
土城,2026-03-22,7211.0,6846.427819322188
土城,2026-03-23,9679.0,9376.048303282476
土城,2026-03-24,9652.0,9830.225780268453
土城,2026-03-25,10024.0,9991.140500026491
土城,2026-03-26,9828.0,9852.936982794758
土城,2026-03-27,10199.0,10311.253889625896
土城,2026-03-28,8724.0,8341.601241746539
土城,2026-03-29,6819.0,6879.437696531237
土城,2026-03-30,9717.0,9498.565974884443
土城,2026-03-31,9662.0,9738.93005960909
土城,2026-04-01,9648.0,9945.587677406305
土城,2026-04-02,10217.0,9726.75444571613
土城,2026-04-03,7033.0,6399.021449766155
土城,2026-04-04,6092.0,7472.422342467748
土城,2026-04-05,6085.0,5822.819856199088
土城,2026-04-06,5321.0,5463.917348822845
土城,2026-04-07,9369.0,9404.607405802533
土城,2026-04-08,9595.0,9615.364964247827
土城,2026-04-09,9714.0,9733.677606230412
土城,2026-04-10,10310.0,10167.314219330316
土城,2026-04-11,7892.0,7305.274793757284
土城,2026-04-12,6116.0,6536.318839568889
土城,2026-04-13,9458.0,9466.457644099637
土城,2026-04-14,9417.0,9582.417135582607
土城,2026-04-15,9551.0,9525.859515855382
土城,2026-04-16,9522.0,9821.602360236824
土城,2026-04-17,10026.0,10099.193870535784
土城,2026-04-18,7560.0,7379.446708022643
土城,2026-04-19,6010.0,6247.211286244212
土城,2026-04-20,9371.0,9203.367389238212
土城,2026-04-21,9478.0,9473.96995685018
土城,2026-04-22,9429.0,9590.634395145456
土城,2026-04-23,9150.0,9518.669327149899
土城,2026-04-24,9908.0,9856.486470599262
土城,2026-04-25,7519.0,7368.046103708196
土城,2026-04-26,6381.0,6247.140843972747
土城,2026-04-27,9630.0,9203.243642410689
土城,2026-04-28,9586.0,9546.202230902541
土城,2026-04-29,9616.0,9616.91677580959
土城,2026-04-30,9810.0,9482.209363609045
土城,2026-05-01,7329.0,6333.682939148471
土城,2026-05-02,7312.0,6872.387065376477
土城,2026-05-03,5968.0,5957.949871605648
土城,2026-05-04,9506.0,9431.628075073904
土城,2026-05-05,9415.0,9560.218234139827
土城,2026-05-06,9755.0,9450.364929307698
土城,2026-05-07,9744.0,9763.180383116074
土城,2026-05-08,10264.0,9947.17496131318
土城,2026-05-09,7541.0,7248.053456469945
土城,2026-05-10,6077.0,6231.711704923888
土城,2026-05-11,9609.0,9377.644844408045
土城,2026-05-12,9545.0,9538.333602683433
土城,2026-05-13,9452.0,9644.067400585522
土城,2026-05-14,9275.0,9519.94627646047
土城,2026-05-15,10424.0,9903.853169734397
土城,2026-05-16,7760.0,7433.683846933378
土城,2026-05-17,6385.0,6250.788543810493
土城,2026-05-18,9483.0,9290.847593038296
土城,2026-05-19,9436.0,9548.265133561861
土城,2026-05-20,9683.0,9532.577310709756
土城,2026-05-21,9360.0,9434.600822542407
土城,2026-05-22,10054.0,10088.907256443026
土城,2026-05-23,7980.0,7628.943244866598
土城,2026-05-24,6363.0,6242.98071964226
土城,2026-05-25,9362.0,9347.213545461624
土城,2026-05-26,9458.0,9581.149479074034
土城,2026-05-27,9589.0,9582.88994724467
土城,2026-05-28,9374.0,9427.747231578509
土城,2026-05-29,9925.0,9977.6497330155
土城,2026-05-30,7669.0,7749.227394979206
土城,2026-05-31,5897.0,6321.700737712492
士林,2026-01-01,21589.0,37595.80518368967
士林,2026-01-02,31224.0,31075.200870464163
士林,2026-01-03,26765.0,26323.34590877786
士林,2026-01-04,23668.0,21670.30755828187
士林,2026-01-05,25639.0,27327.00081982904
士林,2026-01-06,27220.0,30385.445227071108
士林,2026-01-07,27511.0,30038.502719080076
士林,2026-01-08,27757.0,26680.338310176474
士林,2026-01-09,30508.0,30834.033985714545
士林,2026-01-10,28026.0,26055.022968011177
士林,2026-01-11,23244.0,22341.722350047854
士林,2026-01-12,25117.0,26076.5764680809
士林,2026-01-13,28362.0,26983.546174942083
士林,2026-01-14,28646.0,29454.980902747302
士林,2026-01-15,28492.0,28724.29252047876
士林,2026-01-16,30961.0,30676.138526696384
士林,2026-01-17,30003.0,26007.360169923733
士林,2026-01-18,26264.0,23200.98887929639
士林,2026-01-19,25731.0,25835.41056472751
士林,2026-01-20,27714.0,27569.999947559714
士林,2026-01-21,26114.0,27941.666370722574
士林,2026-01-22,25821.0,27272.269372062605
士林,2026-01-23,30049.0,29876.976979605526
士林,2026-01-24,26583.0,26291.79536405901
士林,2026-01-25,25009.0,22646.17453321998
士林,2026-01-26,26181.0,25343.10430521358
士林,2026-01-27,26396.0,27389.592985983247
士林,2026-01-28,26202.0,26912.162976627933
士林,2026-01-29,28188.0,26848.354449685627
士林,2026-01-30,29703.0,30394.669338992586
士林,2026-01-31,25230.0,27337.719052500062
士林,2026-02-01,19914.0,22736.55470571476
士林,2026-02-02,23058.0,25423.929592656623
士林,2026-02-03,26422.0,25622.451299433462
士林,2026-02-04,27868.0,26655.413805400563
士林,2026-02-05,27799.0,27959.62570190022
士林,2026-02-06,28072.0,29278.700424610674
士林,2026-02-07,25303.0,25125.621171747196
士林,2026-02-08,21139.0,21579.952755354694
士林,2026-02-09,23661.0,24716.764195666085
士林,2026-02-10,26571.0,25712.194512640137
士林,2026-02-11,25355.0,27100.35314771276
士林,2026-02-12,26283.0,26898.922906548367
士林,2026-02-13,26223.0,27781.586841727578
士林,2026-02-14,21423.0,24159.582594029343
士林,2026-02-15,17373.0,18379.80019740607
士林,2026-02-16,10618.0,16732.798787318527
士林,2026-02-17,16877.0,14294.963513203571
士林,2026-02-18,18680.0,18317.407070146983
士林,2026-02-19,23945.0,18977.192082314832
士林,2026-02-20,23586.0,23290.61317605302
士林,2026-02-21,25079.0,21538.054340672054
士林,2026-02-22,21723.0,20291.52814292307
士林,2026-02-23,26455.0,23026.264810661014
士林,2026-02-24,29030.0,27462.375155671216
士林,2026-02-25,29250.0,28998.123123245092
士林,2026-02-26,37120.0,28412.286402403905
士林,2026-02-27,32172.0,36389.24386279977
士林,2026-02-28,37701.0,25848.14603303617
士林,2026-03-01,28089.0,25232.86224819579
士林,2026-03-02,31943.0,27038.986421742837
士林,2026-03-03,28715.0,31568.76902673623
士林,2026-03-04,30252.0,29288.95251426811
士林,2026-03-05,32689.0,31571.762368557098
士林,2026-03-06,35219.0,33756.58515221184
士林,2026-03-07,34892.0,30475.023344778107
士林,2026-03-08,31206.0,28262.221245954155
士林,2026-03-09,27994.0,32430.846704424246
士林,2026-03-10,27976.0,29037.814515855065
士林,2026-03-11,31852.0,28961.07514290884
士林,2026-03-12,31381.0,32579.217110469006
士林,2026-03-13,33446.0,33781.968688667075
士林,2026-03-14,30692.0,31022.691313114177
士林,2026-03-15,25558.0,26101.61542613475
士林,2026-03-16,28011.0,28658.94476030338
士林,2026-03-17,30586.0,28777.2617134676
士林,2026-03-18,30710.0,31122.5920521638
士林,2026-03-19,29748.0,31671.285413661102
士林,2026-03-20,33084.0,32501.282388130934
士林,2026-03-21,30830.0,30543.402199654884
士林,2026-03-22,25340.0,26525.735507974092
士林,2026-03-23,27833.0,28364.839031593085
士林,2026-03-24,29310.0,29128.205365953887
士林,2026-03-25,30288.0,30525.40931346093
士林,2026-03-26,30361.0,30544.028299873327
士林,2026-03-27,31060.0,32850.02744609613
士林,2026-03-28,27347.0,28757.87836447447
士林,2026-03-29,22295.0,23654.131285734424
士林,2026-03-30,27140.0,27430.041896519982
士林,2026-03-31,29274.0,28890.161690321656
士林,2026-04-01,26131.0,29871.90458669519
士林,2026-04-02,29198.0,28203.654128265207
士林,2026-04-03,22678.0,22967.020727377476
士林,2026-04-04,21977.0,22980.58483040027
士林,2026-04-05,21228.0,19733.52653349883
士林,2026-04-06,18523.0,18870.578081881984
士林,2026-04-07,24098.0,27789.564408800194
士林,2026-04-08,27244.0,26078.7676027645
士林,2026-04-09,28626.0,28335.045507009738
士林,2026-04-10,31025.0,30622.439652021436
士林,2026-04-11,27822.0,26695.563730796803
士林,2026-04-12,22996.0,22137.745898652865
士林,2026-04-13,25734.0,25648.08812046
士林,2026-04-14,27998.0,26994.32149771988
士林,2026-04-15,27909.0,27952.755734568498
士林,2026-04-16,28294.0,28532.92966103984
士林,2026-04-17,30233.0,30848.554436738086
士林,2026-04-18,25934.0,25865.19535419289
士林,2026-04-19,22353.0,22095.911289471947
士林,2026-04-20,26388.0,25096.610361150004
士林,2026-04-21,27908.0,27727.207392525193
士林,2026-04-22,28089.0,28126.48129007808
士林,2026-04-23,27640.0,28279.64808813145
士林,2026-04-24,30230.0,30163.201351524207
士林,2026-04-25,25226.0,26291.565237601128
士林,2026-04-26,23380.0,21100.601348656375
士林,2026-04-27,26678.0,25888.073660755912
士林,2026-04-28,29316.0,27611.11613700358
士林,2026-04-29,28661.0,28985.900066871985
士林,2026-04-30,31294.0,28267.77803856088
士林,2026-05-01,25764.0,24021.43628349548
士林,2026-05-02,25279.0,24137.69216206326
士林,2026-05-03,20826.0,21877.877664003077
士林,2026-05-04,26968.0,26332.329273989897
士林,2026-05-05,27215.0,28239.436836771314
士林,2026-05-06,28700.0,27671.2874601003
士林,2026-05-07,29387.0,29592.287776194495
士林,2026-05-08,30791.0,30678.988358788527
士林,2026-05-09,23592.0,25003.880790396484
士林,2026-05-10,19582.0,19892.671268762402
士林,2026-05-11,25700.0,26269.03406175197
士林,2026-05-12,27613.0,27060.260236303733
士林,2026-05-13,27108.0,28167.890494532436
士林,2026-05-14,26395.0,28917.73424065925
士林,2026-05-15,30941.0,28814.25295509046
士林,2026-05-16,29097.0,25046.22285933063
士林,2026-05-17,26047.0,22024.249617781097
士林,2026-05-18,28772.0,26615.93831108922
士林,2026-05-19,27863.0,27991.538761852258
士林,2026-05-20,28680.0,28244.68659305568
士林,2026-05-21,27891.0,29236.016743688495
士林,2026-05-22,30675.0,30729.309978391455
士林,2026-05-23,27822.0,26743.144856162664
士林,2026-05-24,22608.0,21724.05336952897
士林,2026-05-25,25429.0,27235.675318295856
士林,2026-05-26,27964.0,27353.306023070516
士林,2026-05-27,27781.0,28481.62743460189
士林,2026-05-28,27640.0,27936.160918329737
士林,2026-05-29,29410.0,30697.78137357115
士林,2026-05-30,26000.0,26391.140158594262
士林,2026-05-31,21729.0,22344.804080761947
大坪林,2026-01-01,11629.0,15555.658671180767
大坪林,2026-01-02,21977.0,23205.075191981272
大坪林,2026-01-03,14540.0,16234.994646406707
大坪林,2026-01-04,12259.0,12321.570687873289
大坪林,2026-01-05,21548.0,21827.253634999197
大坪林,2026-01-06,22014.0,22753.52312055429
大坪林,2026-01-07,21849.0,23970.104406670493
大坪林,2026-01-08,22643.0,19341.266387400578
大坪林,2026-01-09,23831.0,22998.74470875557
大坪林,2026-01-10,16453.0,15820.952577959628
大坪林,2026-01-11,13095.0,13388.15685123697
大坪林,2026-01-12,21143.0,21603.88697825731
大坪林,2026-01-13,22350.0,22142.043303411392
大坪林,2026-01-14,22415.0,22578.61373731259
大坪林,2026-01-15,22390.0,22548.75633852857
大坪林,2026-01-16,23804.0,23285.41000484073
大坪林,2026-01-17,16492.0,16906.1378313067
大坪林,2026-01-18,12560.0,13557.51280465198
大坪林,2026-01-19,21175.0,21250.99327632797
大坪林,2026-01-20,22901.0,21694.392067246907
大坪林,2026-01-21,22288.0,23167.8657338226
大坪林,2026-01-22,22518.0,22359.52571021828
大坪林,2026-01-23,23767.0,23614.64086295204
大坪林,2026-01-24,16752.0,16405.87959731163
大坪林,2026-01-25,13404.0,13260.947349598708
大坪林,2026-01-26,21706.0,21217.649982851854
大坪林,2026-01-27,22804.0,22313.958366966563
大坪林,2026-01-28,22400.0,23049.7273525622
大坪林,2026-01-29,22757.0,22515.84713316753
大坪林,2026-01-30,23848.0,23684.170641012846
大坪林,2026-01-31,16638.0,16573.017993357134
大坪林,2026-02-01,13010.0,13572.063858498788
大坪林,2026-02-02,21691.0,21521.55152453227
大坪林,2026-02-03,22339.0,22600.49007218844
大坪林,2026-02-04,22578.0,22448.2491153066
大坪林,2026-02-05,22518.0,22578.4819959143
大坪林,2026-02-06,23994.0,23673.5897623028
大坪林,2026-02-07,16829.0,16322.906503768405
大坪林,2026-02-08,12975.0,13561.312843843772
大坪林,2026-02-09,21615.0,21742.61847012564
大坪林,2026-02-10,22809.0,22390.081324751136
大坪林,2026-02-11,22423.0,23115.790456764567
大坪林,2026-02-12,22494.0,22596.701982226085
大坪林,2026-02-13,22136.0,23670.68388516468
大坪林,2026-02-14,13195.0,16477.39439790533
大坪林,2026-02-15,10100.0,12002.768868810455
大坪林,2026-02-16,7622.0,9485.990223815264
大坪林,2026-02-17,9150.0,8914.487466687793
大坪林,2026-02-18,9774.0,9617.540654170074
大坪林,2026-02-19,10874.0,10888.77161702333
大坪林,2026-02-20,12190.0,11117.485881448101
大坪林,2026-02-21,12596.0,11990.818064254365
大坪林,2026-02-22,11550.0,10957.930538632696
大坪林,2026-02-23,20963.0,19483.405759853416
大坪林,2026-02-24,22042.0,21434.506117190533
大坪林,2026-02-25,22618.0,22099.450862523077
大坪林,2026-02-26,23409.0,22290.069387401538
大坪林,2026-02-27,16118.0,14894.229268438841
大坪林,2026-02-28,14631.0,13091.02113538803
大坪林,2026-03-01,12756.0,11664.891025523417
大坪林,2026-03-02,21954.0,20249.862732379836
大坪林,2026-03-03,21884.0,22286.612361330386
大坪林,2026-03-04,22415.0,22393.310289874073
大坪林,2026-03-05,22714.0,22747.64480194941
大坪林,2026-03-06,24614.0,19730.1177940789
大坪林,2026-03-07,16823.0,15320.204746696934
大坪林,2026-03-08,14087.0,13151.587457274356
大坪林,2026-03-09,21704.0,21685.18003137812
大坪林,2026-03-10,22422.0,22382.791769386382
大坪林,2026-03-11,22981.0,22672.54434180982
大坪林,2026-03-12,22815.0,23051.292875665313
大坪林,2026-03-13,24327.0,24124.69480583805
大坪林,2026-03-14,17126.0,17004.33884379932
大坪林,2026-03-15,14301.0,13785.282458615644
大坪林,2026-03-16,21839.0,21749.823475511406
大坪林,2026-03-17,22796.0,22631.965126802526
大坪林,2026-03-18,22517.0,22987.71834239834
大坪林,2026-03-19,22308.0,22624.503137524447
大坪林,2026-03-20,24126.0,23937.392565930844
大坪林,2026-03-21,17759.0,16743.56344218964
大坪林,2026-03-22,14642.0,14081.383109358763
大坪林,2026-03-23,21162.0,21758.315960944186
大坪林,2026-03-24,22047.0,22200.806126896172
大坪林,2026-03-25,22629.0,22366.555478516217
大坪林,2026-03-26,22735.0,22750.754409757057
大坪林,2026-03-27,24021.0,23884.20579805682
大坪林,2026-03-28,16274.0,17167.201648031987
大坪林,2026-03-29,13271.0,13753.23438142457
大坪林,2026-03-30,21271.0,21492.760556924266
大坪林,2026-03-31,22084.0,22246.239701771527
大坪林,2026-04-01,22029.0,22494.87020744332
大坪林,2026-04-02,23033.0,22157.865361875873
大坪林,2026-04-03,13949.0,14667.398325860908
大坪林,2026-04-04,11856.0,13956.869138507229
大坪林,2026-04-05,11506.0,11526.178997502499
大坪林,2026-04-06,11797.0,10945.424866037723
大坪林,2026-04-07,21868.0,21668.56067427119
大坪林,2026-04-08,22069.0,22223.030002020103
大坪林,2026-04-09,22479.0,22682.72596386652
大坪林,2026-04-10,24392.0,23590.34638144428
大坪林,2026-04-11,16034.0,16886.058293840455
大坪林,2026-04-12,13472.0,12936.859749039435
大坪林,2026-04-13,21165.0,21111.128394472664
大坪林,2026-04-14,21841.0,21919.319489438858
大坪林,2026-04-15,22570.0,22128.10423842809
大坪林,2026-04-16,22191.0,22800.92026265668
大坪林,2026-04-17,23937.0,23496.425731467607
大坪林,2026-04-18,16684.0,16817.484059067287
大坪林,2026-04-19,13238.0,13458.191609839225
大坪林,2026-04-20,20954.0,21038.931662871164
大坪林,2026-04-21,22133.0,21791.62223317423
大坪林,2026-04-22,22142.0,22306.173699792304
大坪林,2026-04-23,22084.0,22275.315868340567
大坪林,2026-04-24,23549.0,23951.519028976738
大坪林,2026-04-25,16004.0,16603.671768531585
大坪林,2026-04-26,14003.0,13114.364882350817
大坪林,2026-04-27,21474.0,20983.03717328615
大坪林,2026-04-28,22122.0,21964.167492709974
大坪林,2026-04-29,22466.0,22376.313759714365
大坪林,2026-04-30,23892.0,22471.319731690488
大坪林,2026-05-01,14919.0,14727.799043209732
大坪林,2026-05-02,14747.0,13370.26292549811
大坪林,2026-05-03,12494.0,12332.64199424761
大坪林,2026-05-04,22110.0,20748.230322484298
大坪林,2026-05-05,22464.0,22421.973327405773
大坪林,2026-05-06,22813.0,22448.541225905705
大坪林,2026-05-07,22670.0,22870.124545546267
大坪林,2026-05-08,24258.0,23755.52459501862
大坪林,2026-05-09,15955.0,16228.40092432024
大坪林,2026-05-10,12946.0,13071.008512534845
大坪林,2026-05-11,21434.0,21756.148097617068
大坪林,2026-05-12,22166.0,21960.57885745566
大坪林,2026-05-13,22038.0,22391.793887323118
大坪林,2026-05-14,21684.0,22693.649927876322
大坪林,2026-05-15,23604.0,23227.01773894078
大坪林,2026-05-16,16894.0,16343.408333843921
大坪林,2026-05-17,14008.0,13604.139451311115
大坪林,2026-05-18,21102.0,21505.02613404487
大坪林,2026-05-19,21765.0,21996.542162007503
大坪林,2026-05-20,22327.0,22275.699234497755
大坪林,2026-05-21,21921.0,22271.331066378265
大坪林,2026-05-22,23319.0,23457.742655090296
大坪林,2026-05-23,17533.0,16453.376697000185
大坪林,2026-05-24,13909.0,14099.886751253096
大坪林,2026-05-25,21115.0,21362.73428385765
大坪林,2026-05-26,21851.0,21971.137240465694
大坪林,2026-05-27,22240.0,22175.645581438752
大坪林,2026-05-28,21978.0,22028.88572079759
大坪林,2026-05-29,23036.0,23291.867100012954
大坪林,2026-05-30,16469.0,17064.917854266252
大坪林,2026-05-31,13607.0,13175.560403312602
大安,2026-01-01,12887.0,21356.44130156336
大安,2026-01-02,28056.0,28505.62378223981
大安,2026-01-03,16789.0,17101.892096263986
大安,2026-01-04,12749.0,13483.720161404111
大安,2026-01-05,27372.0,26849.874014347526
大安,2026-01-06,28761.0,28692.054489350572
大安,2026-01-07,28577.0,29678.35626089925
大安,2026-01-08,28459.0,16827.087017535017
大安,2026-01-09,29522.0,29093.945327487596
大安,2026-01-10,17196.0,17954.317850115567
大安,2026-01-11,13199.0,13327.813923517722
大安,2026-01-12,26846.0,26774.730607210644
大安,2026-01-13,27844.0,28326.893316334088
大安,2026-01-14,28028.0,28223.62154437
大安,2026-01-15,27905.0,28014.844104503827
大安,2026-01-16,30198.0,29039.49688191982
大安,2026-01-17,17595.0,22764.455408855407
大安,2026-01-18,13546.0,13320.92709935495
大安,2026-01-19,26387.0,26683.76488008525
大安,2026-01-20,28736.0,27854.005798428978
大安,2026-01-21,28036.0,28435.035585602756
大安,2026-01-22,29053.0,27671.615490732664
大安,2026-01-23,29366.0,29714.46415830572
大安,2026-01-24,17561.0,17416.022027108756
大安,2026-01-25,14010.0,13482.109526675406
大安,2026-01-26,23574.0,26361.01946704895
大安,2026-01-27,25352.0,26456.652669672792
大安,2026-01-28,24338.0,26287.083848867533
大安,2026-01-29,24161.0,26186.788065859208
大安,2026-01-30,25097.0,27899.11517967154
大安,2026-01-31,17229.0,17230.413904612247
大安,2026-02-01,12960.0,13745.926075383115
大安,2026-02-02,22662.0,24091.217457938463
大安,2026-02-03,23866.0,25075.24920207305
大安,2026-02-04,24862.0,24742.74060169357
大安,2026-02-05,24422.0,25769.517561157518
大安,2026-02-06,25422.0,25974.974613975763
大安,2026-02-07,17397.0,17361.14688067162
大安,2026-02-08,13486.0,13598.023776467218
大安,2026-02-09,23078.0,22837.236932598018
大安,2026-02-10,24547.0,24080.5838100026
大安,2026-02-11,24045.0,24791.636380880278
大安,2026-02-12,24179.0,24283.260510491607
大安,2026-02-13,22245.0,25567.99445322434
大安,2026-02-14,13316.0,16948.655219347642
大安,2026-02-15,9474.0,11341.31971777803
大安,2026-02-16,6438.0,9109.750183001044
大安,2026-02-17,6606.0,9236.66379973473
大安,2026-02-18,7980.0,8946.608319704905
大安,2026-02-19,8923.0,8761.509668751056
大安,2026-02-20,10149.0,9477.544484354168
大安,2026-02-21,11300.0,11254.681369769121
大安,2026-02-22,10568.0,9954.012232537914
大安,2026-02-23,25956.0,21200.179641463572
大安,2026-02-24,27538.0,26321.29827343273
大安,2026-02-25,27997.0,27116.861098257865
大安,2026-02-26,28804.0,27356.179079888516
大安,2026-02-27,15250.0,15447.998331765455
大安,2026-02-28,14945.0,12359.493333201652
大安,2026-03-01,12049.0,11267.473997339883
大安,2026-03-02,26475.0,25833.951297335374
大安,2026-03-03,28041.0,27187.774981034167
大安,2026-03-04,28030.0,27900.72323679413
大安,2026-03-05,28846.0,27948.866494815367
大安,2026-03-06,30018.0,21824.49977915444
大安,2026-03-07,19134.0,20420.786195973422
大安,2026-03-08,15532.0,13330.18497027439
大安,2026-03-09,27096.0,26216.232925803208
大安,2026-03-10,28960.0,27865.528095148577
大安,2026-03-11,28894.0,28677.13196485568
大安,2026-03-12,28833.0,28671.728052367314
大安,2026-03-13,30098.0,29806.925536372197
大安,2026-03-14,19485.0,20333.703792535936
大安,2026-03-15,14571.0,15505.031919981635
大安,2026-03-16,27305.0,26819.2584994261
大安,2026-03-17,28666.0,28296.563738086174
大安,2026-03-18,28892.0,28682.840294597045
大安,2026-03-19,28446.0,28657.671893196955
大安,2026-03-20,30566.0,29461.055811248665
大安,2026-03-21,18257.0,20261.839998492516
大安,2026-03-22,14378.0,14444.731610037434
大安,2026-03-23,26965.0,26853.84312668232
大安,2026-03-24,28464.0,28286.924815781724
大安,2026-03-25,28860.0,28815.39135645723
大安,2026-03-26,28653.0,28538.67605336175
大安,2026-03-27,29447.0,29665.23694050262
大安,2026-03-28,18115.0,18025.575968041965
大安,2026-03-29,13595.0,14198.562111858859
大安,2026-03-30,27069.0,26852.903757968397
大安,2026-03-31,28043.0,28186.09290152751
大安,2026-04-01,28095.0,28618.19699908063
大安,2026-04-02,28547.0,28174.816400338485
大安,2026-04-03,12952.0,15102.614529968376
大安,2026-04-04,12385.0,14158.764965278711
大安,2026-04-05,11454.0,11533.448881878463
大安,2026-04-06,11248.0,11159.506889690587
大安,2026-04-07,28002.0,27931.10509106055
大安,2026-04-08,28664.0,28361.045973678014
大安,2026-04-09,28281.0,28603.27507064235
大安,2026-04-10,29379.0,29118.612659684226
大安,2026-04-11,22011.0,18731.391595876696
大安,2026-04-12,14511.0,14578.563140799912
大安,2026-04-13,24454.0,25408.902906127452
大安,2026-04-14,28326.0,27169.26158811557
大安,2026-04-15,28062.0,28423.35800564305
大安,2026-04-16,28283.0,28076.842718730582
大安,2026-04-17,28991.0,29445.39137012661
大安,2026-04-18,21296.0,20497.29237976949
大安,2026-04-19,14254.0,14590.471159267481
大安,2026-04-20,25940.0,24407.842179621515
大安,2026-04-21,27613.0,27584.8624986971
大安,2026-04-22,27660.0,28151.24995399257
大安,2026-04-23,27899.0,27880.886738095553
大安,2026-04-24,29547.0,28968.48251979587
大安,2026-04-25,18048.0,22532.3983833249
大安,2026-04-26,15393.0,14090.85700675522
大安,2026-04-27,24720.0,25072.529971934648
大安,2026-04-28,28823.0,27134.945002391934
大安,2026-04-29,28793.0,28078.21079440784
大安,2026-04-30,29378.0,28365.39952943749
大安,2026-05-01,14503.0,14687.218936795562
大安,2026-05-02,15640.0,16522.4933504463
大安,2026-05-03,12504.0,13260.772461778824
大安,2026-05-04,27537.0,25200.45052069241
大安,2026-05-05,28113.0,28165.57758729594
大安,2026-05-06,28015.0,28404.035655906566
大安,2026-05-07,27482.0,28572.598460849294
大安,2026-05-08,28573.0,28789.615494499416
大安,2026-05-09,16962.0,17663.267270226777
大安,2026-05-10,11708.0,13727.311178639975
大安,2026-05-11,25921.0,26106.770305143687
大安,2026-05-12,27398.0,27846.30621762112
大安,2026-05-13,27837.0,28236.31286731045
大安,2026-05-14,27229.0,28350.656403773824
大安,2026-05-15,29027.0,28521.283172899515
大安,2026-05-16,19725.0,16812.74080715683
大安,2026-05-17,15399.0,13073.47891018526
大安,2026-05-18,25977.0,25789.282883555425
大安,2026-05-19,27908.0,27142.042339203996
大安,2026-05-20,27620.0,27891.637843457927
大安,2026-05-21,27772.0,27225.8232893855
大安,2026-05-22,28797.0,28725.74352257854
大安,2026-05-23,18061.0,19913.08308001558
大安,2026-05-24,13343.0,15123.45027317397
大安,2026-05-25,26122.0,26007.084499514924
大安,2026-05-26,27662.0,27266.611077545538
大安,2026-05-27,27520.0,27654.93207644678
大安,2026-05-28,27414.0,27525.812569633792
大安,2026-05-29,28533.0,28653.34280699986
大安,2026-05-30,18985.0,18327.213403561305
大安,2026-05-31,14145.0,15395.854131044842
大安森林公園,2026-01-01,6510.0,8273.535300902528
大安森林公園,2026-01-02,8958.0,9438.69193071959
大安森林公園,2026-01-03,11629.0,10155.98786905735
大安森林公園,2026-01-04,11216.0,9657.055166826223
大安森林公園,2026-01-05,8880.0,9902.262142837286
大安森林公園,2026-01-06,8462.0,9370.909818108637
大安森林公園,2026-01-07,8860.0,10575.197674663099
大安森林公園,2026-01-08,8637.0,9347.828176184928
大安森林公園,2026-01-09,9765.0,9122.510663863917
大安森林公園,2026-01-10,11186.0,10688.677207914154
大安森林公園,2026-01-11,10012.0,10140.271876045355
大安森林公園,2026-01-12,8512.0,9517.463320552562
大安森林公園,2026-01-13,9666.0,8826.2038114074
大安森林公園,2026-01-14,9174.0,10049.189727124414
大安森林公園,2026-01-15,9446.0,9136.411562464773
大安森林公園,2026-01-16,9910.0,9694.900912679634
大安森林公園,2026-01-17,11969.0,11206.973117981064
大安森林公園,2026-01-18,10814.0,10450.765764742237
大安森林公園,2026-01-19,9006.0,8907.218080033605
大安森林公園,2026-01-20,9076.0,9282.516707853332
大安森林公園,2026-01-21,8602.0,9123.118781547708
大安森林公園,2026-01-22,8446.0,9092.864329154654
大安森林公園,2026-01-23,9947.0,9630.97098729202
大安森林公園,2026-01-24,10752.0,11006.973713628613
大安森林公園,2026-01-25,11933.0,9910.872309677252
大安森林公園,2026-01-26,9420.0,9315.05757743137
大安森林公園,2026-01-27,9315.0,9676.681571572859
大安森林公園,2026-01-28,9102.0,9245.655893046227
大安森林公園,2026-01-29,9940.0,9239.333466923481
大安森林公園,2026-01-30,10076.0,10089.331854307833
大安森林公園,2026-01-31,10459.0,11608.428242601487
大安森林公園,2026-02-01,8492.0,10860.043209547182
大安森林公園,2026-02-02,7851.0,9099.020512717505
大安森林公園,2026-02-03,8623.0,8998.663260776735
大安森林公園,2026-02-04,9577.0,8811.444475238815
大安森林公園,2026-02-05,9236.0,9865.48113980253
大安森林公園,2026-02-06,9010.0,9751.405376290919
大安森林公園,2026-02-07,11820.0,10309.252357886178
大安森林公園,2026-02-08,10465.0,9813.974151562721
大安森林公園,2026-02-09,9046.0,9389.014095378476
大安森林公園,2026-02-10,10293.0,9111.188293708443
大安森林公園,2026-02-11,9778.0,9837.841862694771
大安森林公園,2026-02-12,10437.0,9744.075566880825
大安森林公園,2026-02-13,10867.0,10131.927406247085
大安森林公園,2026-02-14,12187.0,11174.761302111741
大安森林公園,2026-02-15,10798.0,10259.959578950467
大安森林公園,2026-02-16,5044.0,9728.34895168315
大安森林公園,2026-02-17,5166.0,6724.569721580708
大安森林公園,2026-02-18,5959.0,5363.07553025148
大安森林公園,2026-02-19,7429.0,5976.794111260985
大安森林公園,2026-02-20,8422.0,7826.713856166793
大安森林公園,2026-02-21,9919.0,9533.623030969035
大安森林公園,2026-02-22,9148.0,10042.748678341706
大安森林公園,2026-02-23,9016.0,8937.616072190067
大安森林公園,2026-02-24,8897.0,9436.948482509577
大安森林公園,2026-02-25,9268.0,9229.447158453206
大安森林公園,2026-02-26,9982.0,9590.55537834004
大安森林公園,2026-02-27,8536.0,7324.620862323373
大安森林公園,2026-02-28,12828.0,10584.7552412184
大安森林公園,2026-03-01,10445.0,11569.713436149521
大安森林公園,2026-03-02,9192.0,9156.44651242277
大安森林公園,2026-03-03,8685.0,9134.030157695794
大安森林公園,2026-03-04,8648.0,9014.65666394459
大安森林公園,2026-03-05,9507.0,9603.95871265183
大安森林公園,2026-03-06,10742.0,9294.1426847469
大安森林公園,2026-03-07,13467.0,10654.036497529696
大安森林公園,2026-03-08,13642.0,10490.087121744513
大安森林公園,2026-03-09,9522.0,9659.255664848219
大安森林公園,2026-03-10,9061.0,9296.569994793063
大安森林公園,2026-03-11,12371.0,9109.338549713719
大安森林公園,2026-03-12,11893.0,10463.949077231158
大安森林公園,2026-03-13,12423.0,11615.558694229034
大安森林公園,2026-03-14,19351.0,12112.031782614478
大安森林公園,2026-03-15,17582.0,14434.57614253457
大安森林公園,2026-03-16,11847.0,12048.17411767068
大安森林公園,2026-03-17,11960.0,10233.783739197135
大安森林公園,2026-03-18,12434.0,12405.157031983123
大安森林公園,2026-03-19,11421.0,12241.128440557706
大安森林公園,2026-03-20,12588.0,11692.708343116985
大安森林公園,2026-03-21,18320.0,12577.147492072563
大安森林公園,2026-03-22,23655.0,14627.364240743149
大安森林公園,2026-03-23,11158.0,13355.255824650354
大安森林公園,2026-03-24,10860.0,11390.967318566203
大安森林公園,2026-03-25,11216.0,11423.677811191292
大安森林公園,2026-03-26,10986.0,11480.467530940346
大安森林公園,2026-03-27,9723.0,11649.96035072573
大安森林公園,2026-03-28,21805.0,11955.710030888344
大安森林公園,2026-03-29,17761.0,16741.86355227291
大安森林公園,2026-03-30,11157.0,12456.993132550455
大安森林公園,2026-03-31,11030.0,12076.153621942869
大安森林公園,2026-04-01,9814.0,11444.444262504903
大安森林公園,2026-04-02,11388.0,10288.127463989831
大安森林公園,2026-04-03,9651.0,8805.751050580511
大安森林公園,2026-04-04,10050.0,13172.057794810577
大安森林公園,2026-04-05,12013.0,13382.128715486842
大安森林公園,2026-04-06,6981.0,8589.211471436342
大安森林公園,2026-04-07,8220.0,10037.41231858077
大安森林公園,2026-04-08,9147.0,9468.29775878409
大安森林公園,2026-04-09,10027.0,10614.410068725327
大安森林公園,2026-04-10,10487.0,10193.188860419568
大安森林公園,2026-04-11,13796.0,11260.3300481777
大安森林公園,2026-04-12,12311.0,11057.570444190742
大安森林公園,2026-04-13,9412.0,12393.664334227595
大安森林公園,2026-04-14,9235.0,9659.435767297087
大安森林公園,2026-04-15,9578.0,9873.992631800658
大安森林公園,2026-04-16,9468.0,9709.762189796706
大安森林公園,2026-04-17,10070.0,9574.059692965515
大安森林公園,2026-04-18,12007.0,12242.82910039528
大安森林公園,2026-04-19,13900.0,10946.96330021445
大安森林公園,2026-04-20,9659.0,10088.15693150077
大安森林公園,2026-04-21,9772.0,9352.902245335601
大安森林公園,2026-04-22,9746.0,9695.206716273466
大安森林公園,2026-04-23,9080.0,9869.87950319996
大安森林公園,2026-04-24,9824.0,9678.557868728005
大安森林公園,2026-04-25,12907.0,10923.754558388357
大安森林公園,2026-04-26,13075.0,12252.481578797322
大安森林公園,2026-04-27,9661.0,10095.570219926933
大安森林公園,2026-04-28,9867.0,9663.731285180225
大安森林公園,2026-04-29,9365.0,9890.347081578277
大安森林公園,2026-04-30,9358.0,9543.60838282814
大安森林公園,2026-05-01,10237.0,8348.082960729946
大安森林公園,2026-05-02,14111.0,11601.348240229803
大安森林公園,2026-05-03,10600.0,12901.002719998953
大安森林公園,2026-05-04,9023.0,10106.793964548684
大安森林公園,2026-05-05,8628.0,9529.765238606822
大安森林公園,2026-05-06,9471.0,9232.873065268066
大安森林公園,2026-05-07,9382.0,9283.954177718359
大安森林公園,2026-05-08,9527.0,9867.73524099334
大安森林公園,2026-05-09,10986.0,11622.476249269555
大安森林公園,2026-05-10,10410.0,10665.375376430917
大安森林公園,2026-05-11,9058.0,9420.788101459568
大安森林公園,2026-05-12,9513.0,9511.879312841991
大安森林公園,2026-05-13,8862.0,9521.355658289793
大安森林公園,2026-05-14,8363.0,8997.7301748787
大安森林公園,2026-05-15,10140.0,9406.848042986676
大安森林公園,2026-05-16,13761.0,10524.227524240221
大安森林公園,2026-05-17,11571.0,11507.149616865598
大安森林公園,2026-05-18,9099.0,9395.344752660725
大安森林公園,2026-05-19,9110.0,9104.190141304465
大安森林公園,2026-05-20,9517.0,9283.565600002548
大安森林公園,2026-05-21,9356.0,9531.934729293116
大安森林公園,2026-05-22,10061.0,9772.233028459488
大安森林公園,2026-05-23,12143.0,12316.674505096516
大安森林公園,2026-05-24,9927.0,11478.800767988818
大安森林公園,2026-05-25,8874.0,9454.210280856396
大安森林公園,2026-05-26,9063.0,9035.178447655418
大安森林公園,2026-05-27,9822.0,9136.588703155223
大安森林公園,2026-05-28,8987.0,9432.881302565605
大安森林公園,2026-05-29,9447.0,9729.94361179982
大安森林公園,2026-05-30,11333.0,10974.96202232611
大安森林公園,2026-05-31,10449.0,10273.51838043564
大橋頭站,2026-01-01,11001.0,10586.344809221106
大橋頭站,2026-01-02,15461.0,15974.870767334494
大橋頭站,2026-01-03,13537.0,13349.779288045998
大橋頭站,2026-01-04,11919.0,11295.929319945848
大橋頭站,2026-01-05,14241.0,14595.16479054556
大橋頭站,2026-01-06,14335.0,15021.135002915278
大橋頭站,2026-01-07,14234.0,15875.036186817993
大橋頭站,2026-01-08,14363.0,13516.229480708562
大橋頭站,2026-01-09,16089.0,15413.599093896297
大橋頭站,2026-01-10,14082.0,13126.27881295622
大橋頭站,2026-01-11,12164.0,11457.97485068227
大橋頭站,2026-01-12,13797.0,14396.990396664394
大橋頭站,2026-01-13,14305.0,14449.192217913673
大橋頭站,2026-01-14,14537.0,14329.089808416526
大橋頭站,2026-01-15,14600.0,14834.53791390294
大橋頭站,2026-01-16,16137.0,15682.560918467801
大橋頭站,2026-01-17,14419.0,13377.000322006965
大橋頭站,2026-01-18,12367.0,11760.211536253219
大橋頭站,2026-01-19,14049.0,14138.605067601678
大橋頭站,2026-01-20,14303.0,14380.046194576214
大橋頭站,2026-01-21,13966.0,14411.276655397698
大橋頭站,2026-01-22,14382.0,14282.749896976373
大橋頭站,2026-01-23,15832.0,15936.466613329205
大橋頭站,2026-01-24,14530.0,13751.61503778378
大橋頭站,2026-01-25,13065.0,11773.56160735568
大橋頭站,2026-01-26,14035.0,14099.988243408005
大橋頭站,2026-01-27,13945.0,14367.728808328198
大橋頭站,2026-01-28,14016.0,14206.344006982676
大橋頭站,2026-01-29,14891.0,14424.161737469825
大橋頭站,2026-01-30,16208.0,15607.67367078374
大橋頭站,2026-01-31,16598.0,13893.75874403519
大橋頭站,2026-02-01,13169.0,13071.458096375714
大橋頭站,2026-02-02,14558.0,14138.667702768511
大橋頭站,2026-02-03,15588.0,14430.183047436287
大橋頭站,2026-02-04,16389.0,14800.746655554796
大橋頭站,2026-02-05,16263.0,16388.786396184183
大橋頭站,2026-02-06,17495.0,16563.05525264767
大橋頭站,2026-02-07,18256.0,14342.230473156913
大橋頭站,2026-02-08,15521.0,13949.512602139623
大橋頭站,2026-02-09,15409.0,15756.76667329511
大橋頭站,2026-02-10,16073.0,15838.63691180453
大橋頭站,2026-02-11,15623.0,16349.868687689754
大橋頭站,2026-02-12,16096.0,15875.987390741091
大橋頭站,2026-02-13,16646.0,16979.60303156985
大橋頭站,2026-02-14,15193.0,14369.226041309948
大橋頭站,2026-02-15,11829.0,13312.364525905508
大橋頭站,2026-02-16,6066.0,10320.605240144389
大橋頭站,2026-02-17,8770.0,5563.4728496446805
大橋頭站,2026-02-18,9814.0,8304.665908268104
大橋頭站,2026-02-19,11058.0,9647.482725544503
大橋頭站,2026-02-20,11878.0,10891.912493832793
大橋頭站,2026-02-21,12367.0,11462.799384916842
大橋頭站,2026-02-22,10727.0,11575.819838553227
大橋頭站,2026-02-23,13370.0,14005.458285022158
大橋頭站,2026-02-24,13649.0,14267.322822167476
大橋頭站,2026-02-25,14622.0,14346.282209842444
大橋頭站,2026-02-26,16033.0,15004.434321148072
大橋頭站,2026-02-27,13295.0,11338.692052358281
大橋頭站,2026-02-28,13259.0,12579.836384786862
大橋頭站,2026-03-01,11289.0,11013.671042714994
大橋頭站,2026-03-02,13830.0,14165.55504456954
大橋頭站,2026-03-03,13876.0,14248.25032997904
大橋頭站,2026-03-04,14021.0,14329.669477388352
大橋頭站,2026-03-05,14892.0,14792.945770387287
大橋頭站,2026-03-06,16510.0,14111.829119706614
大橋頭站,2026-03-07,14660.0,13350.404139600867
大橋頭站,2026-03-08,12343.0,11446.20923128119
大橋頭站,2026-03-09,13949.0,13913.064926775542
大橋頭站,2026-03-10,14248.0,13896.552736476564
大橋頭站,2026-03-11,14815.0,14340.05044704969
大橋頭站,2026-03-12,14946.0,15185.78774998232
大橋頭站,2026-03-13,16745.0,15698.350350483355
大橋頭站,2026-03-14,14840.0,14219.395554336737
大橋頭站,2026-03-15,12767.0,11859.198327586038
大橋頭站,2026-03-16,14169.0,13942.23195744499
大橋頭站,2026-03-17,14554.0,14230.177372751901
大橋頭站,2026-03-18,14391.0,14776.852848093447
大橋頭站,2026-03-19,14714.0,14785.105651833064
大橋頭站,2026-03-20,16975.0,16121.437946705513
大橋頭站,2026-03-21,14856.0,14249.389841237686
大橋頭站,2026-03-22,12479.0,12220.44279930923
大橋頭站,2026-03-23,14064.0,14227.42177286167
大橋頭站,2026-03-24,14417.0,14305.628354258597
大橋頭站,2026-03-25,14670.0,14797.269147049306
大橋頭站,2026-03-26,14836.0,14878.923225411114
大橋頭站,2026-03-27,16685.0,15940.680024908579
大橋頭站,2026-03-28,14261.0,14196.570364463922
大橋頭站,2026-03-29,11384.0,12004.792299330958
大橋頭站,2026-03-30,14061.0,14250.227285896362
大橋頭站,2026-03-31,14071.0,14401.875815715552
大橋頭站,2026-04-01,14409.0,14303.122742487112
大橋頭站,2026-04-02,15477.0,14694.774941028729
大橋頭站,2026-04-03,11501.0,11234.180837954893
大橋頭站,2026-04-04,10183.0,11423.318186891265
大橋頭站,2026-04-05,10250.0,10841.461257651372
大橋頭站,2026-04-06,9805.0,9531.200818568086
大橋頭站,2026-04-07,13662.0,13874.200072774887
大橋頭站,2026-04-08,14067.0,14247.812324927527
大橋頭站,2026-04-09,14569.0,14734.576357778113
大橋頭站,2026-04-10,16305.0,15612.527929147096
大橋頭站,2026-04-11,13981.0,11886.2196750894
大橋頭站,2026-04-12,11321.0,11073.69217493427
大橋頭站,2026-04-13,13779.0,13721.416887922409
大橋頭站,2026-04-14,13970.0,14026.76548273216
大橋頭站,2026-04-15,14161.0,14220.59243424333
大橋頭站,2026-04-16,14445.0,14732.963534825376
大橋頭站,2026-04-17,15785.0,15390.969700307009
大橋頭站,2026-04-18,13447.0,13303.656264472731
大橋頭站,2026-04-19,11896.0,11025.13986067868
大橋頭站,2026-04-20,14134.0,13658.445467893262
大橋頭站,2026-04-21,13968.0,14075.207585336284
大橋頭站,2026-04-22,14208.0,14160.223761662919
大橋頭站,2026-04-23,14184.0,14494.136971180724
大橋頭站,2026-04-24,15903.0,15700.715059118693
大橋頭站,2026-04-25,13276.0,13604.352709939301
大橋頭站,2026-04-26,12432.0,11365.413588004581
大橋頭站,2026-04-27,13914.0,13858.206464852015
大橋頭站,2026-04-28,14361.0,13951.959125193285
大橋頭站,2026-04-29,14527.0,14473.446584739595
大橋頭站,2026-04-30,15995.0,14507.65528926711
大橋頭站,2026-05-01,13400.0,10373.173886653662
大橋頭站,2026-05-02,13047.0,12480.722813092689
大橋頭站,2026-05-03,11524.0,11492.948577379764
大橋頭站,2026-05-04,14197.0,14024.726419721339
大橋頭站,2026-05-05,14222.0,14249.529002297239
大橋頭站,2026-05-06,14444.0,14334.070355828268
大橋頭站,2026-05-07,14587.0,15131.615233175931
大橋頭站,2026-05-08,16258.0,15212.230580893603
大橋頭站,2026-05-09,13716.0,13282.807266862666
大橋頭站,2026-05-10,10957.0,11507.340426229966
大橋頭站,2026-05-11,13865.0,13885.42323904094
大橋頭站,2026-05-12,13997.0,14257.368690292162
大橋頭站,2026-05-13,14054.0,14421.63820471934
大橋頭站,2026-05-14,14015.0,14830.250059840328
大橋頭站,2026-05-15,15911.0,15044.508601146672
大橋頭站,2026-05-16,14000.0,12915.579881368092
大橋頭站,2026-05-17,11965.0,11281.459841267699
大橋頭站,2026-05-18,13812.0,14140.754916987593
大橋頭站,2026-05-19,13847.0,14027.234631614567
大橋頭站,2026-05-20,14094.0,14120.216004156253
大橋頭站,2026-05-21,14416.0,14178.104859402853
大橋頭站,2026-05-22,15620.0,15802.511416918005
大橋頭站,2026-05-23,13663.0,13095.294571515335
大橋頭站,2026-05-24,11486.0,11449.986718916976
大橋頭站,2026-05-25,13502.0,13716.602556495793
大橋頭站,2026-05-26,13568.0,13860.61359221333
大橋頭站,2026-05-27,13754.0,13900.232573967422
大橋頭站,2026-05-28,13934.0,14052.271996001275
大橋頭站,2026-05-29,15843.0,15636.725930301407
大橋頭站,2026-05-30,13538.0,13413.929271510597
大橋頭站,2026-05-31,11291.0,11348.679580521917
大湖公園,2026-01-01,2341.0,3342.7362759767475
大湖公園,2026-01-02,3168.0,3548.2726838084886
大湖公園,2026-01-03,3599.0,3110.857184804576
大湖公園,2026-01-04,4564.0,2916.2891621436825
大湖公園,2026-01-05,3834.0,4120.681247441941
大湖公園,2026-01-06,3476.0,3808.533043993315
大湖公園,2026-01-07,3667.0,3715.7131473170066
大湖公園,2026-01-08,3755.0,3089.858046796212
大湖公園,2026-01-09,4312.0,3687.702516088242
大湖公園,2026-01-10,4728.0,3532.826348848419
大湖公園,2026-01-11,4618.0,3692.715198614808
大湖公園,2026-01-12,3780.0,4304.346735140677
大湖公園,2026-01-13,4499.0,3774.3819014188703
大湖公園,2026-01-14,4787.0,4204.142063869898
大湖公園,2026-01-15,4800.0,4567.507829689372
大湖公園,2026-01-16,4754.0,4534.295872301947
大湖公園,2026-01-17,6419.0,3996.9072719111673
大湖公園,2026-01-18,6781.0,4522.687651030457
大湖公園,2026-01-19,4317.0,5158.123051148927
大湖公園,2026-01-20,3663.0,4554.126218616179
大湖公園,2026-01-21,3443.0,4256.520627459957
大湖公園,2026-01-22,3475.0,4212.301728055984
大湖公園,2026-01-23,4101.0,4359.79929558847
大湖公園,2026-01-24,3458.0,4908.774869415646
大湖公園,2026-01-25,5568.0,5381.783089430445
大湖公園,2026-01-26,4558.0,4677.3433263656125
大湖公園,2026-01-27,3599.0,4440.819105912062
大湖公園,2026-01-28,3708.0,4309.048584637115
大湖公園,2026-01-29,4449.0,4353.162758434565
大湖公園,2026-01-30,4531.0,4596.295573695095
大湖公園,2026-01-31,3215.0,3817.1303098083526
大湖公園,2026-02-01,2296.0,4670.972397023813
大湖公園,2026-02-02,3203.0,4086.6274380418045
大湖公園,2026-02-03,3886.0,3598.328527311741
大湖公園,2026-02-04,4529.0,3746.3380001042947
大湖公園,2026-02-05,4367.0,4473.324395455836
大湖公園,2026-02-06,3754.0,4402.200372729121
大湖公園,2026-02-07,2964.0,3387.54598952518
大湖公園,2026-02-08,2761.0,2989.3870580526277
大湖公園,2026-02-09,3422.0,4043.891673791923
大湖公園,2026-02-10,4052.0,3528.2056585435685
大湖公園,2026-02-11,3574.0,4117.553734313618
大湖公園,2026-02-12,4044.0,3975.2315359486843
大湖公園,2026-02-13,4157.0,4174.475635095298
大湖公園,2026-02-14,3316.0,3396.530441647635
大湖公園,2026-02-15,2819.0,2822.2202896058643
大湖公園,2026-02-16,1464.0,2752.4300109984324
大湖公園,2026-02-17,2446.0,1946.2568894875487
大湖公園,2026-02-18,2494.0,2469.4763559245753
大湖公園,2026-02-19,3804.0,2650.738278436707
大湖公園,2026-02-20,3819.0,3028.6473556762594
大湖公園,2026-02-21,4664.0,3295.4704896870116
大湖公園,2026-02-22,3915.0,3117.9971099873615
大湖公園,2026-02-23,3612.0,3691.275382439342
大湖公園,2026-02-24,3620.0,3758.8031950348436
大湖公園,2026-02-25,3442.0,3723.809220804524
大湖公園,2026-02-26,3816.0,3624.1644819456146
大湖公園,2026-02-27,3152.0,3303.613419037491
大湖公園,2026-02-28,3179.0,3221.709694517627
大湖公園,2026-03-01,2907.0,3126.9016807361295
大湖公園,2026-03-02,3372.0,3600.6533755346363
大湖公園,2026-03-03,3271.0,3599.311393605387
大湖公園,2026-03-04,3374.0,3436.620541752163
大湖公園,2026-03-05,3543.0,3576.6438682407925
大湖公園,2026-03-06,3624.0,3628.6350737967164
大湖公園,2026-03-07,3365.0,3367.2177336765117
大湖公園,2026-03-08,3128.0,2935.5783933933435
大湖公園,2026-03-09,3254.0,3454.134694528511
大湖公園,2026-03-10,3275.0,3422.9471597871793
大湖公園,2026-03-11,3906.0,3386.8224010095496
大湖公園,2026-03-12,3739.0,3839.7144123920752
大湖公園,2026-03-13,4007.0,3667.9200413533827
大湖公園,2026-03-14,4075.0,3463.8683219203986
大湖公園,2026-03-15,3956.0,3226.314250604615
大湖公園,2026-03-16,3606.0,3559.3414133268698
大湖公園,2026-03-17,3721.0,3618.616034286791
大湖公園,2026-03-18,3837.0,3702.223802381213
大湖公園,2026-03-19,3652.0,3819.0303776758406
大湖公園,2026-03-20,3939.0,3752.841126125609
大湖公園,2026-03-21,3560.0,3523.9678101330633
大湖公園,2026-03-22,4027.0,3173.692211699967
大湖公園,2026-03-23,3581.0,3904.699731782864
大湖公園,2026-03-24,3698.0,3652.5830403673135
大湖公園,2026-03-25,3832.0,3725.941190008564
大湖公園,2026-03-26,3770.0,3799.2131583831815
大湖公園,2026-03-27,3587.0,3916.56288870714
大湖公園,2026-03-28,3377.0,3209.000230435842
大湖公園,2026-03-29,3760.0,3140.4051801269916
大湖公園,2026-03-30,3513.0,3869.7112540175253
大湖公園,2026-03-31,3616.0,3668.659483582593
大湖公園,2026-04-01,3429.0,3699.9272459797967
大湖公園,2026-04-02,3866.0,3561.590235173914
大湖公園,2026-04-03,3344.0,3344.679475258388
大湖公園,2026-04-04,2582.0,3186.0704075551785
大湖公園,2026-04-05,3203.0,3039.9901905822358
大湖公園,2026-04-06,2550.0,3019.0892422515694
大湖公園,2026-04-07,3252.0,3609.022533058169
大湖公園,2026-04-08,3592.0,3628.187970906773
大湖公園,2026-04-09,3754.0,3670.005760381415
大湖公園,2026-04-10,3771.0,3642.6539093215874
大湖公園,2026-04-11,3914.0,3243.755347035647
大湖公園,2026-04-12,3903.0,3305.8362247947694
大湖公園,2026-04-13,3452.0,3676.7304011113033
大湖公園,2026-04-14,3581.0,3574.390917401771
大湖公園,2026-04-15,3709.0,3591.2802784718006
大湖公園,2026-04-16,3519.0,3731.979522129017
大湖公園,2026-04-17,3854.0,3659.399721888733
大湖公園,2026-04-18,5022.0,3284.9897106939893
大湖公園,2026-04-19,3768.0,3826.0160610897783
大湖公園,2026-04-20,3464.0,3823.4782913714835
大湖公園,2026-04-21,3702.0,3539.6385760674484
大湖公園,2026-04-22,3644.0,3708.4670194771966
大湖公園,2026-04-23,3382.0,3656.0427834639295
大湖公園,2026-04-24,3421.0,3589.375269611066
大湖公園,2026-04-25,3055.0,3276.107790277576
大湖公園,2026-04-26,3863.0,3227.9674393174896
大湖公園,2026-04-27,3679.0,3693.144512346259
大湖公園,2026-04-28,3698.0,3686.9435418805924
大湖公園,2026-04-29,3508.0,3716.0934310846374
大湖公園,2026-04-30,3603.0,3559.4440170986445
大湖公園,2026-05-01,3680.0,3193.9555970121783
大湖公園,2026-05-02,3584.0,3358.1784108848087
大湖公園,2026-05-03,3016.0,3302.070852127991
大湖公園,2026-05-04,3313.0,3396.300863660577
大湖公園,2026-05-05,3312.0,3561.631329769333
大湖公園,2026-05-06,3589.0,3628.7145416021876
大湖公園,2026-05-07,3725.0,3577.768156747491
大湖公園,2026-05-08,3603.0,3689.997731021444
大湖公園,2026-05-09,2938.0,3241.0532245094664
大湖公園,2026-05-10,3102.0,2852.564979676984
大湖公園,2026-05-11,3576.0,3568.615062586863
大湖公園,2026-05-12,3527.0,3621.3003811474487
大湖公園,2026-05-13,3291.0,3548.6550156515627
大湖公園,2026-05-14,3307.0,3511.227449746349
大湖公園,2026-05-15,3773.0,3559.1668295576833
大湖公園,2026-05-16,4155.0,3302.4385359556018
大湖公園,2026-05-17,3748.0,3245.45839489432
大湖公園,2026-05-18,3494.0,3734.5428180431945
大湖公園,2026-05-19,3515.0,3546.0395556578483
大湖公園,2026-05-20,3544.0,3559.8963481889914
大湖公園,2026-05-21,3605.0,3584.848453908724
大湖公園,2026-05-22,3805.0,3704.2944383878935
大湖公園,2026-05-23,3555.0,3430.7728911305267
大湖公園,2026-05-24,3310.0,3206.531717084888
大湖公園,2026-05-25,3331.0,3508.4262865976616
大湖公園,2026-05-26,3397.0,3514.0590444059158
大湖公園,2026-05-27,3401.0,3448.5885251973828
大湖公園,2026-05-28,3443.0,3502.4974985930253
大湖公園,2026-05-29,3521.0,3642.0341347514263
大湖公園,2026-05-30,3461.0,3201.807547269822
大湖公園,2026-05-31,3182.0,3025.831620520491
大直,2026-01-01,5165.0,5750.834002864685
大直,2026-01-02,10105.0,10153.82647519136
大直,2026-01-03,6233.0,6937.713719904293
大直,2026-01-04,5270.0,5038.825722135976
大直,2026-01-05,8801.0,9623.081006109629
大直,2026-01-06,9080.0,10172.482441471511
大直,2026-01-07,9178.0,9517.052487208928
大直,2026-01-08,9575.0,8728.444152442535
大直,2026-01-09,10123.0,9871.18242446557
大直,2026-01-10,6975.0,6744.647781600465
大直,2026-01-11,6567.0,5474.782057559057
大直,2026-01-12,8500.0,8904.632732627128
大直,2026-01-13,8650.0,9217.134857587287
大直,2026-01-14,8999.0,9361.191054556475
大直,2026-01-15,8895.0,9127.36422594423
大直,2026-01-16,9702.0,9443.510112754106
大直,2026-01-17,6557.0,6822.609767496391
大直,2026-01-18,5412.0,5482.38643814496
大直,2026-01-19,8155.0,8520.410172696142
大直,2026-01-20,9084.0,8428.405780823525
大直,2026-01-21,9101.0,9125.189865956236
大直,2026-01-22,8765.0,9140.051014055385
大直,2026-01-23,9575.0,9250.822842695485
大直,2026-01-24,6123.0,6664.01721310641
大直,2026-01-25,5248.0,5463.100737171928
大直,2026-01-26,7909.0,8309.946636544455
大直,2026-01-27,8163.0,8436.15999845238
大直,2026-01-28,8442.0,8488.199958806717
大直,2026-01-29,8654.0,8559.542285658124
大直,2026-01-30,9104.0,9183.402894630468
大直,2026-01-31,6342.0,6136.881886441778
大直,2026-02-01,4836.0,5038.371129049338
大直,2026-02-02,8015.0,7979.710713230313
大直,2026-02-03,8704.0,8204.61298890972
大直,2026-02-04,8631.0,8608.961036439205
大直,2026-02-05,8459.0,8653.255094394983
大直,2026-02-06,8992.0,8857.977346484111
大直,2026-02-07,6294.0,6382.17027110606
大直,2026-02-08,4946.0,4936.141024331161
大直,2026-02-09,7850.0,7758.949736962115
大直,2026-02-10,8226.0,8106.392572035547
大直,2026-02-11,8179.0,8392.841854892275
大直,2026-02-12,8122.0,8263.001677473265
大直,2026-02-13,7988.0,8642.008059474996
大直,2026-02-14,4989.0,6154.388774787924
大直,2026-02-15,3836.0,4462.888383798496
大直,2026-02-16,2540.0,4701.708028606943
大直,2026-02-17,2922.0,3352.2710550936977
大直,2026-02-18,3222.0,3473.498298493816
大直,2026-02-19,3783.0,3810.4986611419777
大直,2026-02-20,4062.0,3974.994070147803
大直,2026-02-21,4875.0,4128.617587054761
大直,2026-02-22,4706.0,4224.459847605148
大直,2026-02-23,9730.0,7184.825398556233
大直,2026-02-24,10420.0,9303.844248102738
大直,2026-02-25,10840.0,9669.840469949319
大直,2026-02-26,11707.0,9844.345396518787
大直,2026-02-27,6342.0,8566.567504074397
大直,2026-02-28,5770.0,4969.001582653713
大直,2026-03-01,4810.0,4497.569359512464
大直,2026-03-02,10270.0,9267.587101807263
大直,2026-03-03,10498.0,10496.93248898763
大直,2026-03-04,10756.0,10715.169521124024
大直,2026-03-05,11188.0,11144.795482211615
大直,2026-03-06,11425.0,9771.574894963607
大直,2026-03-07,7031.0,6273.433379366622
大直,2026-03-08,5603.0,5108.352994624859
大直,2026-03-09,10130.0,10048.545370204287
大直,2026-03-10,10694.0,10206.53002731214
大直,2026-03-11,10998.0,10655.909762284948
大直,2026-03-12,11178.0,11044.000602141865
大直,2026-03-13,11731.0,11439.967930396599
大直,2026-03-14,7229.0,7180.453555412895
大直,2026-03-15,5716.0,5365.06883373561
大直,2026-03-16,10192.0,9922.087284176923
大直,2026-03-17,10706.0,10463.001031828835
大直,2026-03-18,10985.0,10762.86609674585
大直,2026-03-19,11111.0,11073.120868491058
大直,2026-03-20,11541.0,11620.831552690586
大直,2026-03-21,8223.0,7004.954627371999
大直,2026-03-22,5859.0,6182.873448754394
大直,2026-03-23,9940.0,9942.619370965089
大直,2026-03-24,10589.0,10334.063431871167
大直,2026-03-25,10854.0,10900.628700363533
大直,2026-03-26,10827.0,10967.25175928247
大直,2026-03-27,11144.0,11182.047939878566
大直,2026-03-28,7063.0,7516.136553272849
大直,2026-03-29,5720.0,5801.8564808061265
大直,2026-03-30,10056.0,9820.144870609734
大直,2026-03-31,10540.0,10464.37640831301
大直,2026-04-01,10726.0,10826.255821704219
大直,2026-04-02,9535.0,10858.658800224068
大直,2026-04-03,5393.0,6693.093017497897
大直,2026-04-04,4719.0,5601.669114356963
大直,2026-04-05,4727.0,4651.8017168756705
大直,2026-04-06,4550.0,4345.367061329195
大直,2026-04-07,10152.0,10072.334792391415
大直,2026-04-08,10648.0,10488.768380987873
大直,2026-04-09,10767.0,10628.822339791468
大直,2026-04-10,10972.0,11168.418735827423
大直,2026-04-11,9211.0,7621.738506355171
大直,2026-04-12,6389.0,5892.556921811631
大直,2026-04-13,9784.0,9450.363281953612
大直,2026-04-14,10308.0,10185.187953096674
大直,2026-04-15,10481.0,10570.90261283276
大直,2026-04-16,10465.0,10724.106682148087
大直,2026-04-17,10848.0,10921.270791335575
大直,2026-04-18,7400.0,8204.464976504427
大直,2026-04-19,5831.0,5687.194628373337
大直,2026-04-20,9779.0,9501.775065260637
大直,2026-04-21,10152.0,10185.555553120083
大直,2026-04-22,10469.0,10460.203398533298
大直,2026-04-23,10257.0,10565.635448535946
大直,2026-04-24,11417.0,10840.352658728714
大直,2026-04-25,6891.0,8235.40644207889
大直,2026-04-26,6681.0,5798.620017988888
大直,2026-04-27,10190.0,9697.202872445385
大直,2026-04-28,10622.0,10187.542216830901
大直,2026-04-29,10701.0,10474.580714311305
大直,2026-04-30,11770.0,10367.26789232093
大直,2026-05-01,6313.0,6129.6724393609165
大直,2026-05-02,6549.0,5948.8268951391365
大直,2026-05-03,5251.0,5701.842649926599
大直,2026-05-04,10130.0,9743.175890614559
大直,2026-05-05,10357.0,10255.596053166804
大直,2026-05-06,10855.0,10378.935046201677
大直,2026-05-07,10751.0,11197.91999621266
大直,2026-05-08,11152.0,11137.671913472346
大直,2026-05-09,7435.0,7028.387548878682
大直,2026-05-10,5577.0,6008.972808642325
大直,2026-05-11,9959.0,9912.123860650963
大直,2026-05-12,10368.0,10366.014354813486
大直,2026-05-13,10682.0,10628.506633882458
大直,2026-05-14,10670.0,10716.180987211359
大直,2026-05-15,11153.0,11012.342466919974
大直,2026-05-16,8180.0,6961.1774683116
大直,2026-05-17,6321.0,5817.167990219888
大直,2026-05-18,9931.0,9820.262866830839
大直,2026-05-19,10449.0,10247.061153638457
大直,2026-05-20,10508.0,10729.353593389616
大直,2026-05-21,10342.0,10676.736470641514
大直,2026-05-22,10921.0,10907.707556101908
大直,2026-05-23,6939.0,7531.062947454946
大直,2026-05-24,5743.0,5779.271858530088
大直,2026-05-25,9745.0,9804.01689093959
大直,2026-05-26,10544.0,10170.698125742278
大直,2026-05-27,10462.0,10594.824466762517
大直,2026-05-28,10490.0,10526.354140945483
大直,2026-05-29,10874.0,10950.45439885142
大直,2026-05-30,7018.0,7037.293820129234
大直,2026-05-31,5510.0,5712.230763569562
奇岩,2026-01-01,5468.0,5798.331664822296
奇岩,2026-01-02,9014.0,9362.68091553395
奇岩,2026-01-03,6862.0,6625.824410483537
奇岩,2026-01-04,5573.0,5540.659232712695
奇岩,2026-01-05,9437.0,9318.02459599959
奇岩,2026-01-06,9570.0,9739.18809619791
奇岩,2026-01-07,9567.0,9969.467368273521
奇岩,2026-01-08,9595.0,9106.169849519481
奇岩,2026-01-09,10074.0,9532.197690329913
奇岩,2026-01-10,6808.0,6678.278563322742
奇岩,2026-01-11,5495.0,5611.302506671318
奇岩,2026-01-12,9138.0,9280.395666854654
奇岩,2026-01-13,9596.0,9480.77991564697
奇岩,2026-01-14,9631.0,9504.585492111732
奇岩,2026-01-15,9588.0,9644.064987173335
奇岩,2026-01-16,9868.0,9748.075237651587
奇岩,2026-01-17,7072.0,6727.015050524211
奇岩,2026-01-18,6207.0,5716.861164155459
奇岩,2026-01-19,9286.0,9096.435885087578
奇岩,2026-01-20,9504.0,9524.794579102052
奇岩,2026-01-21,9380.0,9572.033145681471
奇岩,2026-01-22,9460.0,9524.035719725965
奇岩,2026-01-23,9844.0,9858.764547184413
奇岩,2026-01-24,7159.0,6702.519744805565
奇岩,2026-01-25,6333.0,5679.987176425369
奇岩,2026-01-26,9794.0,9115.904943992495
奇岩,2026-01-27,9502.0,9615.092072651105
奇岩,2026-01-28,9333.0,9571.541153923286
奇岩,2026-01-29,9989.0,9543.896184670335
奇岩,2026-01-30,10212.0,9997.865891414956
奇岩,2026-01-31,6981.0,6703.201769338876
奇岩,2026-02-01,5670.0,5869.323083641446
奇岩,2026-02-02,9168.0,9403.2073667708
奇岩,2026-02-03,9534.0,9313.173540955348
奇岩,2026-02-04,9697.0,9497.564004554111
奇岩,2026-02-05,9964.0,9800.656937191894
奇岩,2026-02-06,10222.0,10058.171645928953
奇岩,2026-02-07,7086.0,6710.2199138111155
奇岩,2026-02-08,5590.0,5904.6803273384985
奇岩,2026-02-09,9156.0,9112.059846091028
奇岩,2026-02-10,9558.0,9321.50773713716
奇岩,2026-02-11,9412.0,9657.514615632732
奇岩,2026-02-12,9557.0,9705.78935530238
奇岩,2026-02-13,9293.0,9927.359320665619
奇岩,2026-02-14,5780.0,6649.7727695454405
奇岩,2026-02-15,4460.0,5153.763941779355
奇岩,2026-02-16,3378.0,4219.491682272759
奇岩,2026-02-17,8771.0,4258.360362868884
奇岩,2026-02-18,7715.0,6384.8106825992345
奇岩,2026-02-19,8261.0,6856.013998459329
奇岩,2026-02-20,6411.0,6930.761682867028
奇岩,2026-02-21,6935.0,6204.33617570433
奇岩,2026-02-22,5429.0,5513.3303194726
奇岩,2026-02-23,9277.0,8700.352751578548
奇岩,2026-02-24,9747.0,9375.202060106083
奇岩,2026-02-25,9709.0,9499.200622598039
奇岩,2026-02-26,10187.0,9472.134828216624
奇岩,2026-02-27,7200.0,5958.86936470232
奇岩,2026-02-28,6742.0,5852.5915479155965
奇岩,2026-03-01,5639.0,5410.677699122643
奇岩,2026-03-02,9329.0,9048.203641655693
奇岩,2026-03-03,9710.0,9533.717613359919
奇岩,2026-03-04,9995.0,9666.738467120027
奇岩,2026-03-05,10017.0,10134.19805661417
奇岩,2026-03-06,10254.0,9063.62726351086
奇岩,2026-03-07,7121.0,6804.840049133986
奇岩,2026-03-08,6284.0,5507.24151746515
奇岩,2026-03-09,9369.0,9195.554253880577
奇岩,2026-03-10,9766.0,9637.39157924392
奇岩,2026-03-11,10208.0,9899.865069219726
奇岩,2026-03-12,9909.0,10200.041488927724
奇岩,2026-03-13,10118.0,10208.622358248318
奇岩,2026-03-14,7555.0,6708.818222453302
奇岩,2026-03-15,5927.0,6039.666376365209
奇岩,2026-03-16,9387.0,9184.134161859383
奇岩,2026-03-17,9976.0,9643.588717938947
奇岩,2026-03-18,9991.0,10042.066249381685
奇岩,2026-03-19,9718.0,10020.177903636233
奇岩,2026-03-20,9831.0,10101.682626123602
奇岩,2026-03-21,7219.0,7143.134811540806
奇岩,2026-03-22,6131.0,5918.28427216783
奇岩,2026-03-23,9374.0,9304.6756866456
奇岩,2026-03-24,9851.0,9789.579090317062
奇岩,2026-03-25,9881.0,9971.878164495914
奇岩,2026-03-26,9833.0,9799.425426363168
奇岩,2026-03-27,9855.0,10066.462594827015
奇岩,2026-03-28,6989.0,6867.009819213467
奇岩,2026-03-29,5450.0,5870.368897772809
奇岩,2026-03-30,9561.0,9278.581533729803
奇岩,2026-03-31,9735.0,9809.783880073095
奇岩,2026-04-01,9717.0,9859.49901684312
奇岩,2026-04-02,9989.0,9751.455374969863
奇岩,2026-04-03,6056.0,6175.5037745729505
奇岩,2026-04-04,5583.0,5781.565486638589
奇岩,2026-04-05,5426.0,5070.290524741555
奇岩,2026-04-06,4781.0,5109.114217016916
奇岩,2026-04-07,9406.0,9311.60180520732
奇岩,2026-04-08,9914.0,9497.743743450172
奇岩,2026-04-09,9940.0,9851.90121629998
奇岩,2026-04-10,10023.0,9703.64067146152
奇岩,2026-04-11,7602.0,6693.429911531278
奇岩,2026-04-12,5861.0,5690.523248748285
奇岩,2026-04-13,9200.0,9287.638093333955
奇岩,2026-04-14,9818.0,9523.042049657312
奇岩,2026-04-15,9812.0,9871.512769634506
奇岩,2026-04-16,9588.0,9920.97706896828
奇岩,2026-04-17,9892.0,9924.30172943057
奇岩,2026-04-18,6731.0,6889.049340711846
奇岩,2026-04-19,5749.0,5521.983895089931
奇岩,2026-04-20,9195.0,9040.292852321665
奇岩,2026-04-21,9613.0,9543.634284960894
奇岩,2026-04-22,9634.0,9748.801071528558
奇岩,2026-04-23,9520.0,9621.343979169276
奇岩,2026-04-24,9692.0,9853.49087984042
奇岩,2026-04-25,6844.0,6806.713647342554
奇岩,2026-04-26,6459.0,5721.45101125114
奇岩,2026-04-27,9501.0,9147.599377662858
奇岩,2026-04-28,9784.0,9635.500361915878
奇岩,2026-04-29,10026.0,9797.992312444381
奇岩,2026-04-30,10144.0,9631.17043399102
奇岩,2026-05-01,6860.0,6072.377990302209
奇岩,2026-05-02,6592.0,6155.518983735275
奇岩,2026-05-03,5351.0,5661.962814295455
奇岩,2026-05-04,9404.0,9228.136907877224
奇岩,2026-05-05,10003.0,9538.634105107081
奇岩,2026-05-06,10043.0,9943.283704336176
奇岩,2026-05-07,9978.0,9968.833018325187
奇岩,2026-05-08,10222.0,9580.335846532287
奇岩,2026-05-09,7485.0,6836.676751533784
奇岩,2026-05-10,5641.0,6122.6504226928355
奇岩,2026-05-11,9494.0,9099.022956443876
奇岩,2026-05-12,10006.0,9811.967861851577
奇岩,2026-05-13,9867.0,10053.332031544483
奇岩,2026-05-14,9579.0,9927.26290126894
奇岩,2026-05-15,9982.0,10056.710064700575
奇岩,2026-05-16,7068.0,6961.111112415358
奇岩,2026-05-17,6156.0,5524.5041712387165
奇岩,2026-05-18,9294.0,9304.013188039082
奇岩,2026-05-19,9739.0,9800.632454629327
奇岩,2026-05-20,9811.0,9841.17756354157
奇岩,2026-05-21,9897.0,9536.382079291232
奇岩,2026-05-22,10058.0,9988.985921846672
奇岩,2026-05-23,7091.0,6777.908390411877
奇岩,2026-05-24,5660.0,5804.376976573768
奇岩,2026-05-25,9119.0,9179.541790338471
奇岩,2026-05-26,9839.0,9709.807449509351
奇岩,2026-05-27,9836.0,9766.77300181946
奇岩,2026-05-28,9638.0,9827.857946036267
奇岩,2026-05-29,10004.0,9994.739240330227
奇岩,2026-05-30,6891.0,6717.221689145822
奇岩,2026-05-31,5882.0,5739.569736837224
小南門,2026-01-01,4094.0,5456.9063086631595
小南門,2026-01-02,11660.0,11686.557319988555
小南門,2026-01-03,4930.0,4897.119364565171
小南門,2026-01-04,4417.0,4126.430642248133
小南門,2026-01-05,11050.0,11238.782722735874
小南門,2026-01-06,11193.0,11832.546908048074
小南門,2026-01-07,11213.0,11092.56724702409
小南門,2026-01-08,11287.0,5888.541016875896
小南門,2026-01-09,11360.0,11171.227810279868
小南門,2026-01-10,5200.0,4909.859269903897
小南門,2026-01-11,4673.0,4128.005129799123
小南門,2026-01-12,10714.0,10865.450656675326
小南門,2026-01-13,11052.0,10740.148789759762
小南門,2026-01-14,11109.0,10818.661356701044
小南門,2026-01-15,11196.0,11115.513799182412
小南門,2026-01-16,11272.0,11205.011523201885
小南門,2026-01-17,5238.0,4882.302099113574
小南門,2026-01-18,4442.0,4295.187497119094
小南門,2026-01-19,10245.0,10206.561774838177
小南門,2026-01-20,10915.0,10479.107660924143
小南門,2026-01-21,10794.0,10984.126603333292
小南門,2026-01-22,11262.0,10942.688260226072
小南門,2026-01-23,11351.0,11216.192366013756
小南門,2026-01-24,4829.0,4849.608132407352
小南門,2026-01-25,4364.0,4078.1044567877643
小南門,2026-01-26,9913.0,10002.934084366529
小南門,2026-01-27,10273.0,10173.123298991042
小南門,2026-01-28,10331.0,10463.63188965012
小南門,2026-01-29,10344.0,10669.819064821904
小南門,2026-01-30,10006.0,10786.564901942487
小南門,2026-01-31,4757.0,4977.103301323359
小南門,2026-02-01,4034.0,3968.165072457586
小南門,2026-02-02,9633.0,9782.48929803634
小南門,2026-02-03,10009.0,9976.831911835709
小南門,2026-02-04,10117.0,10207.356161033938
小南門,2026-02-05,9937.0,10266.194914610729
小南門,2026-02-06,10058.0,10258.171778887134
小南門,2026-02-07,4644.0,4828.156421760768
小南門,2026-02-08,4041.0,3868.758481280821
小南門,2026-02-09,9325.0,9710.165868080374
小南門,2026-02-10,9517.0,9761.063853067986
小南門,2026-02-11,9345.0,9781.060055251139
小南門,2026-02-12,9263.0,9644.176678646414
小南門,2026-02-13,8633.0,9670.489645393549
小南門,2026-02-14,3594.0,4780.791276731282
小南門,2026-02-15,2857.0,3355.0730046099993
小南門,2026-02-16,1944.0,3587.17006244448
小南門,2026-02-17,2475.0,3495.794588922904
小南門,2026-02-18,2848.0,3350.0479087653707
小南門,2026-02-19,3181.0,3420.0175049480545
小南門,2026-02-20,3447.0,3496.241397233388
小南門,2026-02-21,3701.0,3562.6407327500783
小南門,2026-02-22,3527.0,3340.4539761780093
小南門,2026-02-23,12038.0,8003.570960047911
小南門,2026-02-24,12447.0,10594.453672065405
小南門,2026-02-25,12405.0,10632.9340457519
小南門,2026-02-26,12658.0,10557.30551097921
小南門,2026-02-27,4783.0,7698.211582027459
小南門,2026-02-28,4687.0,3864.9736279243602
小南門,2026-03-01,4196.0,3736.4841545328327
小南門,2026-03-02,12594.0,11339.515164884298
小南門,2026-03-03,12803.0,12431.893528749019
小南門,2026-03-04,12966.0,12414.804441933338
小南門,2026-03-05,13008.0,12604.0329678041
小南門,2026-03-06,13117.0,7890.63826618921
小南門,2026-03-07,5645.0,6853.380301612601
小南門,2026-03-08,4640.0,4241.849264999564
小南門,2026-03-09,12833.0,12172.249605970163
小南門,2026-03-10,12890.0,12740.069824799526
小南門,2026-03-11,12985.0,12836.59002223651
小南門,2026-03-12,13385.0,12891.222683844748
小南門,2026-03-13,13255.0,13057.093409114732
小南門,2026-03-14,6027.0,6060.926534359978
小南門,2026-03-15,5090.0,4509.74173310125
小南門,2026-03-16,12798.0,12228.48919368378
小南門,2026-03-17,13095.0,12720.961922663684
小南門,2026-03-18,13033.0,12873.991482499252
小南門,2026-03-19,13154.0,13003.04619556593
小南門,2026-03-20,13465.0,13099.222415114371
小南門,2026-03-21,5736.0,6443.219646399353
小南門,2026-03-22,4900.0,4706.468585093066
小南門,2026-03-23,12756.0,12169.092685753541
小南門,2026-03-24,13042.0,12886.028617590682
小南門,2026-03-25,12884.0,12988.295330794477
小南門,2026-03-26,13120.0,13036.934597935977
小南門,2026-03-27,12617.0,13227.201647100936
小南門,2026-03-28,4921.0,6523.272699571784
小南門,2026-03-29,4151.0,4283.3147724443315
小南門,2026-03-30,12655.0,12231.404671357797
小南門,2026-03-31,12733.0,12935.135364287604
小南門,2026-04-01,11042.0,12829.776749000996
小南門,2026-04-02,10850.0,12402.174014927607
小南門,2026-04-03,3803.0,4625.839299303724
小南門,2026-04-04,3316.0,3762.5338925244146
小南門,2026-04-05,3457.0,3131.2838368705175
小南門,2026-04-06,3158.0,4152.397999601833
小南門,2026-04-07,11014.0,11993.729412553914
小南門,2026-04-08,12557.0,10764.899203204748
小南門,2026-04-09,12780.0,12132.593857246236
小南門,2026-04-10,13023.0,12594.551903233207
小南門,2026-04-11,5767.0,5170.653514306487
小南門,2026-04-12,4372.0,4508.243351744829
小南門,2026-04-13,12484.0,11367.769500544353
小南門,2026-04-14,12972.0,12225.167705623051
小南門,2026-04-15,12986.0,12631.31383733283
小南門,2026-04-16,12721.0,12868.67667861805
小南門,2026-04-17,12688.0,12755.311564090285
小南門,2026-04-18,5177.0,5746.209796676365
小南門,2026-04-19,4867.0,4070.177510498273
小南門,2026-04-20,12764.0,11802.0395671916
小南門,2026-04-21,12897.0,12833.42705679969
小南門,2026-04-22,12682.0,12870.577050265238
小南門,2026-04-23,13018.0,12696.345653362707
小南門,2026-04-24,12982.0,12573.385752997818
小南門,2026-04-25,5529.0,5396.704749315583
小南門,2026-04-26,5105.0,4442.069490741303
小南門,2026-04-27,12726.0,12208.87253826
小南門,2026-04-28,13117.0,12742.19463634304
小南門,2026-04-29,12924.0,12508.76850331556
小南門,2026-04-30,13163.0,12933.801263576017
小南門,2026-05-01,4572.0,4974.413936003082
小南門,2026-05-02,4918.0,4090.4034186157874
小南門,2026-05-03,4315.0,4412.426297460137
小南門,2026-05-04,13272.0,11988.047736629429
小南門,2026-05-05,13115.0,13069.336999562744
小南門,2026-05-06,13156.0,12962.249618783557
小南門,2026-05-07,13007.0,13033.580260053888
小南門,2026-05-08,12932.0,13032.572657431612
小南門,2026-05-09,5083.0,5210.04817079094
小南門,2026-05-10,4005.0,4294.059172608019
小南門,2026-05-11,12321.0,12260.25474896129
小南門,2026-05-12,12751.0,12711.784437500342
小南門,2026-05-13,12883.0,12860.858692764963
小南門,2026-05-14,12411.0,12917.581281592857
小南門,2026-05-15,12907.0,12573.415495657282
小南門,2026-05-16,5601.0,4991.803814715155
小南門,2026-05-17,4956.0,4214.307403305043
小南門,2026-05-18,12590.0,12202.66196055472
小南門,2026-05-19,12788.0,12682.97367917598
小南門,2026-05-20,12840.0,12840.282144586889
小南門,2026-05-21,12753.0,12450.370279930008
小南門,2026-05-22,13041.0,12875.74913118716
小南門,2026-05-23,5646.0,5657.071724388359
小南門,2026-05-24,4502.0,4473.0505742836085
小南門,2026-05-25,12443.0,12238.636209242006
小南門,2026-05-26,12807.0,12532.618126989026
小南門,2026-05-27,12850.0,12706.36076347528
小南門,2026-05-28,12581.0,12734.167194226708
小南門,2026-05-29,12537.0,12859.58845365582
小南門,2026-05-30,5659.0,6017.71727586221
小南門,2026-05-31,4386.0,4460.2761739375765
小碧潭,2026-01-01,2815.0,3422.570097690566
小碧潭,2026-01-02,3490.0,3460.530314488786
小碧潭,2026-01-03,2788.0,3240.017788255216
小碧潭,2026-01-04,3027.0,2821.2553584332313
小碧潭,2026-01-05,3102.0,3216.036693775495
小碧潭,2026-01-06,3229.0,3339.5480601975237
小碧潭,2026-01-07,3115.0,3631.901736145033
小碧潭,2026-01-08,3353.0,3174.181139849701
小碧潭,2026-01-09,3479.0,3557.123664812101
小碧潭,2026-01-10,2933.0,3121.589028967465
小碧潭,2026-01-11,2932.0,2971.722456999528
小碧潭,2026-01-12,3030.0,3096.3964025099867
小碧潭,2026-01-13,3223.0,3226.4345220128466
小碧潭,2026-01-14,3298.0,3349.865819131191
小碧潭,2026-01-15,3341.0,3241.6878825480085
小碧潭,2026-01-16,3349.0,3472.4347670105076
小碧潭,2026-01-17,4368.0,3037.6903787941355
小碧潭,2026-01-18,3107.0,3428.5505184415274
小碧潭,2026-01-19,3166.0,3120.1057020947446
小碧潭,2026-01-20,3708.0,3254.7922324261885
小碧潭,2026-01-21,3377.0,3476.055701742787
小碧潭,2026-01-22,3417.0,3386.6657040949535
小碧潭,2026-01-23,3435.0,3440.805531688787
小碧潭,2026-01-24,2959.0,3324.245695943217
小碧潭,2026-01-25,3079.0,2955.0173977367485
小碧潭,2026-01-26,2967.0,3115.839418426601
小碧潭,2026-01-27,3182.0,3276.339348603021
小碧潭,2026-01-28,3101.0,3286.7194873103435
小碧潭,2026-01-29,3132.0,3270.429146800049
小碧潭,2026-01-30,3271.0,3297.7000459097667
小碧潭,2026-01-31,3049.0,3214.7552862341913
小碧潭,2026-02-01,3091.0,3035.0859933848815
小碧潭,2026-02-02,3101.0,3076.1642010955447
小碧潭,2026-02-03,3105.0,3247.839335209181
小碧潭,2026-02-04,3090.0,3161.5264098893012
小碧潭,2026-02-05,3285.0,3227.450118403198
小碧潭,2026-02-06,3389.0,3392.8057312112564
小碧潭,2026-02-07,3030.0,3127.556011857095
小碧潭,2026-02-08,2980.0,3030.7127754890134
小碧潭,2026-02-09,2919.0,3066.4315997024555
小碧潭,2026-02-10,3025.0,3050.71283673516
小碧潭,2026-02-11,3033.0,3071.179130740447
小碧潭,2026-02-12,3124.0,3216.0667667112893
小碧潭,2026-02-13,3089.0,3334.3010103608226
小碧潭,2026-02-14,2502.0,3096.5146338220584
小碧潭,2026-02-15,2232.0,2885.794913035449
小碧潭,2026-02-16,1519.0,2536.2784049856514
小碧潭,2026-02-17,2362.0,2258.783380152285
小碧潭,2026-02-18,2548.0,2620.4543042952223
小碧潭,2026-02-19,2939.0,2639.9857386738668
小碧潭,2026-02-20,2767.0,2930.509874945974
小碧潭,2026-02-21,3065.0,2760.682638108385
小碧潭,2026-02-22,2859.0,2862.1005721227125
小碧潭,2026-02-23,3079.0,2991.21262309994
小碧潭,2026-02-24,3233.0,3073.438675797781
小碧潭,2026-02-25,3350.0,3100.9512837448146
小碧潭,2026-02-26,3300.0,3172.450782979505
小碧潭,2026-02-27,3270.0,2975.5707336767655
小碧潭,2026-02-28,3137.0,2816.271212695529
小碧潭,2026-03-01,2686.0,2815.8757459720655
小碧潭,2026-03-02,3142.0,3150.704428212882
小碧潭,2026-03-03,3222.0,3246.964893753878
小碧潭,2026-03-04,3260.0,3221.078034455325
小碧潭,2026-03-05,3303.0,3243.8892321901967
小碧潭,2026-03-06,3518.0,3264.283011748599
小碧潭,2026-03-07,3126.0,3235.1159712936555
小碧潭,2026-03-08,3065.0,2979.722376977025
小碧潭,2026-03-09,3209.0,3162.4121837584617
小碧潭,2026-03-10,3422.0,3283.431128504441
小碧潭,2026-03-11,3295.0,3355.1359441163413
小碧潭,2026-03-12,3412.0,3350.1914982912535
小碧潭,2026-03-13,3633.0,3415.9622526690855
小碧潭,2026-03-14,3312.0,3260.7659413323745
小碧潭,2026-03-15,3385.0,2976.3719612283144
小碧潭,2026-03-16,3164.0,3265.0566220941796
小碧潭,2026-03-17,3333.0,3305.95592259273
小碧潭,2026-03-18,3360.0,3403.9273309719456
小碧潭,2026-03-19,3367.0,3359.182060129687
小碧潭,2026-03-20,3486.0,3520.9924584235873
小碧潭,2026-03-21,3190.0,3274.9023484629115
小碧潭,2026-03-22,3194.0,3128.8907051791675
小碧潭,2026-03-23,3145.0,3237.6228320624646
小碧潭,2026-03-24,3211.0,3295.9552763682964
小碧潭,2026-03-25,3323.0,3296.297118052294
小碧潭,2026-03-26,3320.0,3422.3307539258426
小碧潭,2026-03-27,3622.0,3505.8680267292525
小碧潭,2026-03-28,3005.0,3205.768525386478
小碧潭,2026-03-29,3070.0,3001.6267345172882
小碧潭,2026-03-30,3178.0,3201.4134949709437
小碧潭,2026-03-31,3243.0,3274.885655823381
小碧潭,2026-04-01,3266.0,3355.1067503866684
小碧潭,2026-04-02,3525.0,3358.5129775461482
小碧潭,2026-04-03,2925.0,3036.1330914621867
小碧潭,2026-04-04,2866.0,2934.2811763357618
小碧潭,2026-04-05,3226.0,2948.1602785815526
小碧潭,2026-04-06,2703.0,2988.313438014169
小碧潭,2026-04-07,3170.0,3084.417698123198
小碧潭,2026-04-08,3139.0,3273.76959785804
小碧潭,2026-04-09,3349.0,3332.213254358266
小碧潭,2026-04-10,3421.0,3475.651495237807
小碧潭,2026-04-11,3016.0,3108.153638313226
小碧潭,2026-04-12,3082.0,3034.898526266344
小碧潭,2026-04-13,3053.0,3062.2015757576487
小碧潭,2026-04-14,3214.0,3170.876286972559
小碧潭,2026-04-15,3236.0,3247.9058358730204
小碧潭,2026-04-16,3307.0,3386.2507168075736
小碧潭,2026-04-17,3343.0,3274.290794244256
小碧潭,2026-04-18,3230.0,3085.22607251055
小碧潭,2026-04-19,2881.0,3106.4992922315746
小碧潭,2026-04-20,3043.0,2974.311186890866
小碧潭,2026-04-21,3106.0,3190.4051290147513
小碧潭,2026-04-22,3258.0,3192.9464215143043
小碧潭,2026-04-23,3209.0,3337.012273027984
小碧潭,2026-04-24,3551.0,3368.3442850750625
小碧潭,2026-04-25,3200.0,3192.8348346149037
小碧潭,2026-04-26,3173.0,3020.346652248165
小碧潭,2026-04-27,3142.0,3109.2003847415604
小碧潭,2026-04-28,3144.0,3099.0654706786463
小碧潭,2026-04-29,3349.0,3237.5990857461543
小碧潭,2026-04-30,3612.0,3329.6869790541277
小碧潭,2026-05-01,3374.0,2878.710492354996
小碧潭,2026-05-02,3030.0,3237.650656186163
小碧潭,2026-05-03,2922.0,2976.223268448882
小碧潭,2026-05-04,3194.0,3126.5074223679067
小碧潭,2026-05-05,3375.0,3162.7448917424
小碧潭,2026-05-06,3303.0,3315.033107115023
小碧潭,2026-05-07,3378.0,3418.506109173076
小碧潭,2026-05-08,3705.0,3451.762012748378
小碧潭,2026-05-09,3170.0,3292.9090860245424
小碧潭,2026-05-10,3020.0,3008.79540721463
小碧潭,2026-05-11,3207.0,3213.61126972298
小碧潭,2026-05-12,3126.0,3280.3081766706327
小碧潭,2026-05-13,3218.0,3262.50984350428
小碧潭,2026-05-14,3371.0,3400.1562292982353
小碧潭,2026-05-15,3619.0,3551.657326930881
小碧潭,2026-05-16,3239.0,3209.703683487938
小碧潭,2026-05-17,3244.0,2989.3175801205284
小碧潭,2026-05-18,3008.0,3241.421641304545
小碧潭,2026-05-19,3075.0,3154.187916351638
小碧潭,2026-05-20,3172.0,3225.279836608933
小碧潭,2026-05-21,3232.0,3313.368213060099
小碧潭,2026-05-22,3658.0,3451.630107805534
小碧潭,2026-05-23,3212.0,3247.1562456784154
小碧潭,2026-05-24,3171.0,3110.7521981224118
小碧潭,2026-05-25,3090.0,3140.349777895211
小碧潭,2026-05-26,3180.0,3106.5493706090506
小碧潭,2026-05-27,3297.0,3210.460715870921
小碧潭,2026-05-28,3305.0,3296.8094667973783
小碧潭,2026-05-29,3777.0,3488.80547716913
小碧潭,2026-05-30,3285.0,3330.1297869100554
小碧潭,2026-05-31,3142.0,3185.740283334428
市政府,2026-01-01,69941.0,75807.545740924
市政府,2026-01-02,65765.0,73534.04601422425
市政府,2026-01-03,54180.0,68123.18601557009
市政府,2026-01-04,46041.0,50278.695571155484
市政府,2026-01-05,59794.0,55339.0481567713
市政府,2026-01-06,61584.0,64706.08516728808
市政府,2026-01-07,62587.0,63941.408981878754
市政府,2026-01-08,62728.0,66698.19759399821
市政府,2026-01-09,69710.0,67845.49422411801
市政府,2026-01-10,62224.0,59081.53275452676
市政府,2026-01-11,48561.0,51027.349236913076
市政府,2026-01-12,60080.0,58895.326398406614
市政府,2026-01-13,60405.0,62011.50497562539
市政府,2026-01-14,61970.0,62506.66916301345
市政府,2026-01-15,61710.0,63559.11490071695
市政府,2026-01-16,69745.0,66554.0217596906
市政府,2026-01-17,58731.0,60742.15184794221
市政府,2026-01-18,51778.0,47793.824946007786
市政府,2026-01-19,61153.0,59488.759316747266
市政府,2026-01-20,64833.0,60880.339406967774
市政府,2026-01-21,62425.0,63795.697926940295
市政府,2026-01-22,63395.0,62753.093090854585
市政府,2026-01-23,70546.0,68355.23927742879
市政府,2026-01-24,59886.0,63604.16539928962
市政府,2026-01-25,54074.0,49387.61937570286
市政府,2026-01-26,61141.0,58837.613651773914
市政府,2026-01-27,62071.0,62288.293798984305
市政府,2026-01-28,62002.0,62432.08437561729
市政府,2026-01-29,65468.0,62720.082957476814
市政府,2026-01-30,71371.0,69678.76443711211
市政府,2026-01-31,64226.0,63246.32409620989
市政府,2026-02-01,51169.0,55009.691054805415
市政府,2026-02-02,59995.0,59528.35373128315
市政府,2026-02-03,63134.0,61816.25745228351
市政府,2026-02-04,64252.0,63339.133118679005
市政府,2026-02-05,67979.0,64289.44801844273
市政府,2026-02-06,73644.0,72136.93853140195
市政府,2026-02-07,60867.0,64329.42598454669
市政府,2026-02-08,51695.0,51137.25653684057
市政府,2026-02-09,62215.0,59528.22506020914
市政府,2026-02-10,63858.0,62219.90191150425
市政府,2026-02-11,64832.0,63678.98160431227
市政府,2026-02-12,67711.0,66358.69592351944
市政府,2026-02-13,67661.0,72825.27041331698
市政府,2026-02-14,51966.0,61768.84142189181
市政府,2026-02-15,39769.0,43634.18793679829
市政府,2026-02-16,24117.0,39671.98901979538
市政府,2026-02-17,42760.0,31554.86833312221
市政府,2026-02-18,41761.0,44185.17815610177
市政府,2026-02-19,48981.0,48353.0668462362
市政府,2026-02-20,50405.0,51344.234373510946
市政府,2026-02-21,50358.0,49635.46811392787
市政府,2026-02-22,42420.0,41925.97657744397
市政府,2026-02-23,55833.0,46219.874645763426
市政府,2026-02-24,58367.0,59342.6630752877
市政府,2026-02-25,60669.0,60887.7814868386
市政府,2026-02-26,65775.0,62278.229544983085
市政府,2026-02-27,56063.0,57505.10457243271
市政府,2026-02-28,54667.0,52394.89306003729
市政府,2026-03-01,43061.0,45589.8442531899
市政府,2026-03-02,56767.0,53838.75061745969
市政府,2026-03-03,57284.0,57775.70420699375
市政府,2026-03-04,60335.0,57920.88094443211
市政府,2026-03-05,62059.0,62822.99855487611
市政府,2026-03-06,70191.0,56954.8800905949
市政府,2026-03-07,63963.0,57017.15948943593
市政府,2026-03-08,49238.0,49275.8737845005
市政府,2026-03-09,59663.0,57452.42831429149
市政府,2026-03-10,59930.0,58804.50040222465
市政府,2026-03-11,63823.0,60588.01796692559
市政府,2026-03-12,65191.0,63410.31344997365
市政府,2026-03-13,72182.0,67249.64318279535
市政府,2026-03-14,63561.0,62938.36791594355
市政府,2026-03-15,52291.0,52743.904307677236
市政府,2026-03-16,59131.0,58350.68706927942
市政府,2026-03-17,59747.0,59803.82681548327
市政府,2026-03-18,61733.0,60675.92140928116
市政府,2026-03-19,62298.0,62267.08844830855
市政府,2026-03-20,75148.0,69986.98585788158
市政府,2026-03-21,66040.0,65284.948122386064
市政府,2026-03-22,55912.0,53803.61383358964
市政府,2026-03-23,60197.0,57832.07233869452
市政府,2026-03-24,59149.0,61375.00003625625
市政府,2026-03-25,61929.0,60385.54996760404
市政府,2026-03-26,63157.0,63312.53752616807
市政府,2026-03-27,69583.0,70741.95396554451
市政府,2026-03-28,59612.0,65926.9610724569
市政府,2026-03-29,48654.0,53106.66048617123
市政府,2026-03-30,59077.0,59372.42840389159
市政府,2026-03-31,59173.0,59804.45845180042
市政府,2026-04-01,60818.0,60091.5612296769
市政府,2026-04-02,65889.0,62517.39140972365
市政府,2026-04-03,52446.0,70407.09067448134
市政府,2026-04-04,49826.0,52880.02464319997
市政府,2026-04-05,49102.0,43687.8513726924
市政府,2026-04-06,44330.0,44993.41689205021
市政府,2026-04-07,58816.0,56404.39482050429
市政府,2026-04-08,58991.0,59914.31685950349
市政府,2026-04-09,64369.0,61013.041820745246
市政府,2026-04-10,71494.0,62508.88850958767
市政府,2026-04-11,63913.0,59413.556546876905
市政府,2026-04-12,51880.0,52890.03115324588
市政府,2026-04-13,59249.0,51712.57790271927
市政府,2026-04-14,58420.0,59890.67005991941
市政府,2026-04-15,59836.0,59779.303238569235
市政府,2026-04-16,61788.0,61374.328026601346
市政府,2026-04-17,67735.0,66582.41893823221
市政府,2026-04-18,56936.0,60592.22333151443
市政府,2026-04-19,48378.0,48275.53364956958
市政府,2026-04-20,57511.0,57970.8550727051
市政府,2026-04-21,58065.0,57413.57834792656
市政府,2026-04-22,59425.0,59162.16905797981
市政府,2026-04-23,60969.0,61370.111659182585
市政府,2026-04-24,67389.0,67761.24677922537
市政府,2026-04-25,61533.0,58556.99452691729
市政府,2026-04-26,55390.0,49959.06133874142
市政府,2026-04-27,58268.0,57370.35525452939
市政府,2026-04-28,59489.0,59281.88735840584
市政府,2026-04-29,61649.0,60402.03968874947
市政府,2026-04-30,67542.0,62145.64935471613
市政府,2026-05-01,56785.0,67148.40651627551
市政府,2026-05-02,55893.0,57091.23706592221
市政府,2026-05-03,46770.0,53328.78000618854
市政府,2026-05-04,59758.0,57380.00528630613
市政府,2026-05-05,60311.0,59385.26892543296
市政府,2026-05-06,61595.0,61399.11551254266
市政府,2026-05-07,62139.0,65177.33357636258
市政府,2026-05-08,67890.0,60062.20593502538
市政府,2026-05-09,57799.0,57648.11825911402
市政府,2026-05-10,49982.0,48671.12225986387
市政府,2026-05-11,58013.0,59193.49363513636
市政府,2026-05-12,58441.0,59002.06897450827
市政府,2026-05-13,60788.0,59619.85061843081
市政府,2026-05-14,59456.0,63767.401393346874
市政府,2026-05-15,72135.0,65882.50677857069
市政府,2026-05-16,58610.0,64103.2208697249
市政府,2026-05-17,55001.0,48531.578305796815
市政府,2026-05-18,58911.0,57868.49359639778
市政府,2026-05-19,59016.0,59459.69199303534
市政府,2026-05-20,60594.0,59887.24822352865
市政府,2026-05-21,60068.0,61691.727937528965
市政府,2026-05-22,69016.0,67823.5255357027
市政府,2026-05-23,62416.0,58387.32473767053
市政府,2026-05-24,51554.0,53909.07267136021
市政府,2026-05-25,58476.0,59066.707677031045
市政府,2026-05-26,59275.0,59564.90507164942
市政府,2026-05-27,60347.0,59904.58285756428
市政府,2026-05-28,60507.0,61410.39227832521
市政府,2026-05-29,68383.0,67828.47976448332
市政府,2026-05-30,60629.0,60897.27800228891
市政府,2026-05-31,52206.0,50731.71729984881
幸福,2026-01-01,1271.0,1388.440072678397
幸福,2026-01-02,2388.0,2167.9179746479003
幸福,2026-01-03,1655.0,1741.733580821283
幸福,2026-01-04,1293.0,1365.8450860704631
幸福,2026-01-05,2278.0,2280.9712103038287
幸福,2026-01-06,2345.0,2471.752448675379
幸福,2026-01-07,2397.0,2619.3466809636434
幸福,2026-01-08,2341.0,1783.164639452954
幸福,2026-01-09,2504.0,2408.531307370216
幸福,2026-01-10,1688.0,1707.8960004208757
幸福,2026-01-11,1397.0,1327.1112731795788
幸福,2026-01-12,2188.0,2334.481704259635
幸福,2026-01-13,2308.0,2357.030662461019
幸福,2026-01-14,2353.0,2593.53103620644
幸福,2026-01-15,2356.0,2367.6128509448213
幸福,2026-01-16,2534.0,2453.2352868019643
幸福,2026-01-17,1848.0,1750.6890422159534
幸福,2026-01-18,1526.0,1399.48305984892
幸福,2026-01-19,2252.0,2277.2671844537176
幸福,2026-01-20,2502.0,2341.3070891896764
幸福,2026-01-21,2326.0,2388.7393005580893
幸福,2026-01-22,2335.0,2363.3311260221253
幸福,2026-01-23,2465.0,2455.693157148393
幸福,2026-01-24,1887.0,1835.2252112068647
幸福,2026-01-25,1589.0,1472.2665008175086
幸福,2026-01-26,2294.0,2280.724148997618
幸福,2026-01-27,2200.0,2397.9484599474886
幸福,2026-01-28,2249.0,2328.3025101633107
幸福,2026-01-29,2374.0,2348.7950163232954
幸福,2026-01-30,2487.0,2432.3227855560476
幸福,2026-01-31,1837.0,1836.7943986634286
幸福,2026-02-01,1477.0,1463.2730772536293
幸福,2026-02-02,2179.0,2336.8287251472443
幸福,2026-02-03,2370.0,2308.0922491363267
幸福,2026-02-04,2320.0,2353.6691876146742
幸福,2026-02-05,2372.0,2372.2570038814665
幸福,2026-02-06,2545.0,2430.5593484793935
幸福,2026-02-07,1807.0,1853.0995620857464
幸福,2026-02-08,1443.0,1467.9744212108126
幸福,2026-02-09,2291.0,2285.007442835314
幸福,2026-02-10,2373.0,2342.1870699558726
幸福,2026-02-11,2372.0,2356.58039605928
幸福,2026-02-12,2358.0,2379.969986551991
幸福,2026-02-13,2326.0,2488.758989606241
幸福,2026-02-14,1453.0,1795.3813611898781
幸福,2026-02-15,1117.0,1356.7314087379907
幸福,2026-02-16,835.0,1225.9235818543634
幸福,2026-02-17,1372.0,914.6160337845273
幸福,2026-02-18,1203.0,1343.6198010581463
幸福,2026-02-19,1379.0,1199.6400371115813
幸福,2026-02-20,1399.0,1303.727902562851
幸福,2026-02-21,1619.0,1390.813149013296
幸福,2026-02-22,1300.0,1381.754421894827
幸福,2026-02-23,2292.0,1827.44406409821
幸福,2026-02-24,2340.0,2284.0679721863107
幸福,2026-02-25,2558.0,2318.960905013675
幸福,2026-02-26,2527.0,2351.2220144372327
幸福,2026-02-27,1905.0,1683.3488810688232
幸福,2026-02-28,1747.0,1501.787651482418
幸福,2026-03-01,1322.0,1268.3822719230664
幸福,2026-03-02,2317.0,2437.3621951767996
幸福,2026-03-03,2440.0,2343.535923909868
幸福,2026-03-04,2430.0,2484.456915965434
幸福,2026-03-05,2500.0,2466.6709051222833
幸福,2026-03-06,2655.0,2166.2620097700287
幸福,2026-03-07,2058.0,1763.8545033234598
幸福,2026-03-08,1608.0,1359.4053993686066
幸福,2026-03-09,2333.0,2350.8084893684745
幸福,2026-03-10,2658.0,2411.6735194968264
幸福,2026-03-11,2566.0,2568.9321618835447
幸福,2026-03-12,2440.0,2420.0108420891397
幸福,2026-03-13,2634.0,2549.7920260397514
幸福,2026-03-14,2305.0,2034.9141269731165
幸福,2026-03-15,1735.0,1687.6159628977969
幸福,2026-03-16,2371.0,2382.8398383057565
幸福,2026-03-17,2459.0,2565.3552201124035
幸福,2026-03-18,2525.0,2490.0457923495273
幸福,2026-03-19,2468.0,2466.240208132117
幸福,2026-03-20,2616.0,2618.1597904951805
幸福,2026-03-21,2253.0,2148.3134990097055
幸福,2026-03-22,1721.0,1708.141138281711
幸福,2026-03-23,2405.0,2363.754209267039
幸福,2026-03-24,2517.0,2473.511023133256
幸福,2026-03-25,2500.0,2555.0031805884164
幸福,2026-03-26,2466.0,2433.6174856947187
幸福,2026-03-27,2609.0,2577.9005809291325
幸福,2026-03-28,1950.0,2197.381725064695
幸福,2026-03-29,1455.0,1669.112741294653
幸福,2026-03-30,2303.0,2304.59417980122
幸福,2026-03-31,2329.0,2360.125896344139
幸福,2026-04-01,2395.0,2239.2475097679817
幸福,2026-04-02,2332.0,2303.612778018005
幸福,2026-04-03,1641.0,1793.2040523216042
幸福,2026-04-04,1422.0,1807.834810928487
幸福,2026-04-05,1427.0,1416.510378829619
幸福,2026-04-06,1222.0,1348.6637386368786
幸福,2026-04-07,2341.0,2040.58987176695
幸福,2026-04-08,2429.0,2227.3857137315294
幸福,2026-04-09,2446.0,2264.714352270007
幸福,2026-04-10,2509.0,2416.015032206526
幸福,2026-04-11,1826.0,1696.237369209108
幸福,2026-04-12,1405.0,1441.7873675045134
幸福,2026-04-13,2280.0,2121.1483708587293
幸福,2026-04-14,2382.0,2334.6480332934693
幸福,2026-04-15,2381.0,2409.0681021904065
幸福,2026-04-16,2374.0,2404.9977244132847
幸福,2026-04-17,2522.0,2460.899900830093
幸福,2026-04-18,1813.0,1790.0128599360448
幸福,2026-04-19,1440.0,1423.0553407227299
幸福,2026-04-20,2287.0,2291.928650804149
幸福,2026-04-21,2415.0,2362.360191833251
幸福,2026-04-22,2468.0,2434.703875322805
幸福,2026-04-23,2365.0,2432.981354070437
幸福,2026-04-24,2708.0,2483.825555080354
幸福,2026-04-25,1844.0,1833.0248707394255
幸福,2026-04-26,1610.0,1455.1971001776
幸福,2026-04-27,2398.0,2337.661852987971
幸福,2026-04-28,2437.0,2435.390802162576
幸福,2026-04-29,2496.0,2440.118180088315
幸福,2026-04-30,2708.0,2385.244861322775
幸福,2026-05-01,1753.0,1972.2855900913958
幸福,2026-05-02,1816.0,1543.6326745033002
幸福,2026-05-03,1345.0,1478.2904643681484
幸福,2026-05-04,2477.0,2334.4917062118575
幸福,2026-05-05,2646.0,2442.918349623074
幸福,2026-05-06,2488.0,2628.448315420146
幸福,2026-05-07,2485.0,2555.350362326944
幸福,2026-05-08,2576.0,2553.729453423582
幸福,2026-05-09,1884.0,1812.155928181865
幸福,2026-05-10,1401.0,1477.521928789892
幸福,2026-05-11,2330.0,2347.831706291027
幸福,2026-05-12,2437.0,2492.361028695863
幸福,2026-05-13,2348.0,2447.549294337655
幸福,2026-05-14,2585.0,2482.374314784515
幸福,2026-05-15,2558.0,2573.244542212074
幸福,2026-05-16,1903.0,1856.7610609981705
幸福,2026-05-17,1547.0,1434.7086922519202
幸福,2026-05-18,2318.0,2332.1251092097896
幸福,2026-05-19,2340.0,2429.9113855146247
幸福,2026-05-20,2474.0,2374.54651349966
幸福,2026-05-21,2377.0,2509.046426617003
幸福,2026-05-22,2428.0,2509.9934009434114
幸福,2026-05-23,1968.0,1847.4493155888954
幸福,2026-05-24,1546.0,1511.464505394631
幸福,2026-05-25,2288.0,2319.6102104646893
幸福,2026-05-26,2328.0,2345.1281313610943
幸福,2026-05-27,2341.0,2286.019582124145
幸福,2026-05-28,2426.0,2398.4191088285074
幸福,2026-05-29,2673.0,2478.267881905777
幸福,2026-05-30,1923.0,1946.165467623993
幸福,2026-05-31,1475.0,1536.4993139167473
府中,2026-01-01,22627.0,38180.51993861993
府中,2026-01-02,31276.0,31947.240470946177
府中,2026-01-03,28627.0,29568.272257709825
府中,2026-01-04,23449.0,23594.868156828987
府中,2026-01-05,29667.0,30124.669632561327
府中,2026-01-06,30264.0,31465.852858943952
府中,2026-01-07,30481.0,32590.442965625145
府中,2026-01-08,30758.0,28405.062220143653
府中,2026-01-09,33260.0,32526.199566133226
府中,2026-01-10,30771.0,28980.961170164323
府中,2026-01-11,25142.0,24702.002147478517
府中,2026-01-12,29069.0,29859.79883995437
府中,2026-01-13,30397.0,30319.97834355167
府中,2026-01-14,30692.0,31507.252339058985
府中,2026-01-15,30766.0,30619.39099619522
府中,2026-01-16,33234.0,32914.506587415424
府中,2026-01-17,29973.0,28657.70245735763
府中,2026-01-18,24715.0,24387.297468779583
府中,2026-01-19,30185.0,29173.416644312485
府中,2026-01-20,31247.0,30737.961893937823
府中,2026-01-21,30237.0,31634.87365208902
府中,2026-01-22,29862.0,30585.997681875855
府中,2026-01-23,33013.0,32358.217398254816
府中,2026-01-24,30344.0,29467.681684064566
府中,2026-01-25,25649.0,24599.264092729052
府中,2026-01-26,30307.0,29440.014998738257
府中,2026-01-27,30670.0,30541.338451229483
府中,2026-01-28,30963.0,30577.190976212485
府中,2026-01-29,32090.0,30872.002402520113
府中,2026-01-30,33912.0,33634.35275964489
府中,2026-01-31,30122.0,28971.61878345364
府中,2026-02-01,23597.0,25121.07914133218
府中,2026-02-02,29396.0,29952.70664317154
府中,2026-02-03,31787.0,30659.196265518167
府中,2026-02-04,32115.0,31548.812632342368
府中,2026-02-05,32559.0,32742.509431321734
府中,2026-02-06,34625.0,33825.0937485918
府中,2026-02-07,33008.0,30334.57361248554
府中,2026-02-08,27815.0,26805.05827149403
府中,2026-02-09,30775.0,29774.542979709815
府中,2026-02-10,33003.0,31852.96766165472
府中,2026-02-11,32539.0,33011.68979179345
府中,2026-02-12,32805.0,33016.95955976271
府中,2026-02-13,32605.0,34546.0626948999
府中,2026-02-14,24681.0,28874.304573936784
府中,2026-02-15,19009.0,23249.683980250822
府中,2026-02-16,11377.0,16878.604886403307
府中,2026-02-17,22941.0,12380.245827491835
府中,2026-02-18,20415.0,21467.93129959369
府中,2026-02-19,22753.0,20591.760570874918
府中,2026-02-20,23866.0,22386.80689705666
府中,2026-02-21,25963.0,24131.03422274349
府中,2026-02-22,21726.0,21763.093540391234
府中,2026-02-23,29311.0,27750.92995716429
府中,2026-02-24,30499.0,30677.454612588623
府中,2026-02-25,31636.0,31647.31959920808
府中,2026-02-26,33028.0,32065.071110153178
府中,2026-02-27,28134.0,33301.71390307791
府中,2026-02-28,28206.0,24005.934933087618
府中,2026-03-01,23253.0,22088.69549015021
府中,2026-03-02,29772.0,28179.40711977441
府中,2026-03-03,30046.0,30228.347184121994
府中,2026-03-04,30377.0,30968.528020601498
府中,2026-03-05,31569.0,31480.722356698054
府中,2026-03-06,33690.0,32149.296316904463
府中,2026-03-07,31374.0,28113.398836940283
府中,2026-03-08,25395.0,24208.592585970004
府中,2026-03-09,29408.0,29524.09476794544
府中,2026-03-10,30392.0,30301.227396457114
府中,2026-03-11,32151.0,31242.03598749817
府中,2026-03-12,31728.0,32426.98336196951
府中,2026-03-13,34287.0,33338.8210182523
府中,2026-03-14,32496.0,30178.037437955754
府中,2026-03-15,25986.0,25860.973421091097
府中,2026-03-16,29652.0,29609.67708795769
府中,2026-03-17,30917.0,30324.22917354908
府中,2026-03-18,31814.0,31542.21256793286
府中,2026-03-19,31402.0,31524.02594002807
府中,2026-03-20,34252.0,33693.42297462495
府中,2026-03-21,32018.0,31689.12250186208
府中,2026-03-22,26114.0,25810.918509737272
府中,2026-03-23,29773.0,29777.50503662141
府中,2026-03-24,31294.0,30353.205595433177
府中,2026-03-25,31677.0,31946.359037517876
府中,2026-03-26,31384.0,31540.573241751164
府中,2026-03-27,33831.0,33831.48787748926
府中,2026-03-28,29590.0,31330.979148615723
府中,2026-03-29,23698.0,24928.249186148052
府中,2026-03-30,29204.0,29977.877669230897
府中,2026-03-31,30340.0,30790.29664835992
府中,2026-04-01,29994.0,31545.61633845765
府中,2026-04-02,31919.0,31141.36761371456
府中,2026-04-03,24640.0,24008.31362699284
府中,2026-04-04,22699.0,23110.48454684422
府中,2026-04-05,22516.0,20219.669225261936
府中,2026-04-06,20684.0,20087.199094397594
府中,2026-04-07,29306.0,29760.049559916395
府中,2026-04-08,31069.0,29996.290673271127
府中,2026-04-09,31205.0,32375.811506143375
府中,2026-04-10,33635.0,32980.633030929246
府中,2026-04-11,31194.0,28565.49260870309
府中,2026-04-12,25655.0,24090.53419466857
府中,2026-04-13,29180.0,27968.341769125916
府中,2026-04-14,30237.0,29810.903599034977
府中,2026-04-15,30520.0,30494.472667189308
府中,2026-04-16,30284.0,31235.2188125333
府中,2026-04-17,33055.0,32894.92494566955
府中,2026-04-18,30252.0,28603.999408468473
府中,2026-04-19,25606.0,25051.383397817393
府中,2026-04-20,29168.0,28659.865626344756
府中,2026-04-21,30546.0,29878.739473495298
府中,2026-04-22,30985.0,30897.378028441264
府中,2026-04-23,30320.0,30974.580625144456
府中,2026-04-24,32445.0,32931.91239751696
府中,2026-04-25,30394.0,29693.194160111812
府中,2026-04-26,26939.0,25177.114772113506
府中,2026-04-27,29793.0,29129.462648263394
府中,2026-04-28,31033.0,30251.367629993125
府中,2026-04-29,31539.0,31202.995786781026
府中,2026-04-30,32869.0,31141.005015042138
府中,2026-05-01,28334.0,25098.062660977852
府中,2026-05-02,29210.0,26152.56049164206
府中,2026-05-03,24218.0,25521.65485462278
府中,2026-05-04,29844.0,29249.618880825485
府中,2026-05-05,30356.0,30404.000750154977
府中,2026-05-06,31871.0,31042.707181409583
府中,2026-05-07,31670.0,32475.275273735457
府中,2026-05-08,33502.0,32325.698611358926
府中,2026-05-09,31929.0,29994.77627672546
府中,2026-05-10,23874.0,26536.60835091179
府中,2026-05-11,29326.0,29741.94053589037
府中,2026-05-12,30429.0,30171.545120392555
府中,2026-05-13,29900.0,31665.29712913609
府中,2026-05-14,30194.0,31653.867581579587
府中,2026-05-15,33715.0,32770.85206143365
府中,2026-05-16,31502.0,29749.358004976784
府中,2026-05-17,27045.0,25113.13376917965
府中,2026-05-18,29532.0,29763.55396106633
府中,2026-05-19,30261.0,30229.821294879188
府中,2026-05-20,31224.0,31268.77441686969
府中,2026-05-21,30969.0,31030.297651809648
府中,2026-05-22,32986.0,33205.43690098545
府中,2026-05-23,31821.0,31221.952398965743
府中,2026-05-24,26077.0,26879.18931646114
府中,2026-05-25,29480.0,29594.985628102706
府中,2026-05-26,30589.0,30174.89729670468
府中,2026-05-27,30819.0,30437.17684628281
府中,2026-05-28,30670.0,30551.428650932194
府中,2026-05-29,32280.0,33275.86123931497
府中,2026-05-30,30808.0,30529.959608427864
府中,2026-05-31,24453.0,26027.04985174755
後山埤,2026-01-01,12641.0,13499.476780140692
後山埤,2026-01-02,17607.0,17923.285671686237
後山埤,2026-01-03,14349.0,14485.017832455458
後山埤,2026-01-04,12044.0,12685.825310652308
後山埤,2026-01-05,17331.0,16972.751343741053
後山埤,2026-01-06,17428.0,18034.65441113331
後山埤,2026-01-07,17715.0,18087.506093054864
後山埤,2026-01-08,17592.0,14155.692150167624
後山埤,2026-01-09,19063.0,18086.51745371893
後山埤,2026-01-10,15618.0,14913.425833852105
後山埤,2026-01-11,12521.0,12215.303742122327
後山埤,2026-01-12,17053.0,16778.136146202454
後山埤,2026-01-13,17383.0,17560.955483148926
後山埤,2026-01-14,17702.0,19080.539077839072
後山埤,2026-01-15,17570.0,18180.87417849854
後山埤,2026-01-16,19278.0,18328.62281412975
後山埤,2026-01-17,15538.0,15332.879705598143
後山埤,2026-01-18,12566.0,12290.50507238759
後山埤,2026-01-19,17067.0,16817.07071272785
後山埤,2026-01-20,18214.0,17322.56196860064
後山埤,2026-01-21,17687.0,17908.54092895803
後山埤,2026-01-22,17389.0,17559.309141793765
後山埤,2026-01-23,19242.0,18622.43188509956
後山埤,2026-01-24,15391.0,15195.17035130208
後山埤,2026-01-25,12977.0,12268.262015859527
後山埤,2026-01-26,17181.0,16892.84688874901
後山埤,2026-01-27,17399.0,17710.55325722148
後山埤,2026-01-28,17602.0,17414.422724401604
後山埤,2026-01-29,18160.0,17440.2109380141
後山埤,2026-01-30,18989.0,18970.98039159491
後山埤,2026-01-31,15827.0,15320.533955817633
後山埤,2026-02-01,12231.0,12980.762473520643
後山埤,2026-02-02,17176.0,17000.3011366702
後山埤,2026-02-03,17549.0,17536.781820915458
後山埤,2026-02-04,17989.0,17539.852072067195
後山埤,2026-02-05,18078.0,17963.258413020525
後山埤,2026-02-06,19425.0,18916.06399900355
後山埤,2026-02-07,15839.0,15233.363775466634
後山埤,2026-02-08,12761.0,12604.564281765071
後山埤,2026-02-09,17542.0,17087.65168209917
後山埤,2026-02-10,18319.0,17658.812386906335
後山埤,2026-02-11,18028.0,18034.23878672525
後山埤,2026-02-12,18527.0,18117.191016391145
後山埤,2026-02-13,18517.0,19318.512765295163
後山埤,2026-02-14,13393.0,15312.59060638546
後山埤,2026-02-15,10866.0,11297.273086166559
後山埤,2026-02-16,7722.0,10667.7481086782
後山埤,2026-02-17,10934.0,7795.399664432447
後山埤,2026-02-18,10953.0,10699.052329785038
後山埤,2026-02-19,11443.0,10947.51369597423
後山埤,2026-02-20,11978.0,11499.856703708328
後山埤,2026-02-21,12953.0,11784.678453923127
後山埤,2026-02-22,11328.0,11159.211017277077
後山埤,2026-02-23,16507.0,16338.181358638149
後山埤,2026-02-24,17356.0,17166.32585582227
後山埤,2026-02-25,19364.0,17922.187176343206
後山埤,2026-02-26,18824.0,19040.073442350393
後山埤,2026-02-27,14236.0,11924.571410903816
後山埤,2026-02-28,14036.0,12580.378282033822
後山埤,2026-03-01,11824.0,11403.736179695577
後山埤,2026-03-02,17039.0,16280.012392356091
後山埤,2026-03-03,17619.0,17447.247262190696
後山埤,2026-03-04,17676.0,18828.502585415663
後山埤,2026-03-05,18806.0,18475.330834601933
後山埤,2026-03-06,18916.0,16506.973724951775
後山埤,2026-03-07,16169.0,14392.458943816806
後山埤,2026-03-08,12293.0,12071.714162677808
後山埤,2026-03-09,17104.0,16793.047172013048
後山埤,2026-03-10,17551.0,17504.632024401824
後山埤,2026-03-11,18119.0,18081.635539801726
後山埤,2026-03-12,18309.0,18658.850598316527
後山埤,2026-03-13,19289.0,18765.38629306917
後山埤,2026-03-14,16048.0,15717.721990864258
後山埤,2026-03-15,13190.0,12147.151634795084
後山埤,2026-03-16,16974.0,17002.863969892747
後山埤,2026-03-17,17642.0,17473.13015459304
後山埤,2026-03-18,18039.0,17931.6700254753
後山埤,2026-03-19,17925.0,18512.038705863848
後山埤,2026-03-20,19659.0,18949.785839627955
後山埤,2026-03-21,16476.0,16075.043545316883
後山埤,2026-03-22,12696.0,13532.695833037471
後山埤,2026-03-23,16983.0,17036.861503060987
後山埤,2026-03-24,17679.0,17504.995055246858
後山埤,2026-03-25,18154.0,17852.295264321932
後山埤,2026-03-26,17990.0,18127.72055865016
後山埤,2026-03-27,19241.0,19099.039507328453
後山埤,2026-03-28,15719.0,15723.621552504885
後山埤,2026-03-29,12669.0,12765.582201765015
後山埤,2026-03-30,17229.0,16884.757161765847
後山埤,2026-03-31,17575.0,17668.0361647341
後山埤,2026-04-01,17567.0,17945.121128156043
後山埤,2026-04-02,18700.0,17750.725180665315
後山埤,2026-04-03,12728.0,13402.129879312937
後山埤,2026-04-04,11628.0,12710.703026841502
後山埤,2026-04-05,11346.0,10566.307799904886
後山埤,2026-04-06,10929.0,10880.70742756695
後山埤,2026-04-07,16986.0,16935.969168251122
後山埤,2026-04-08,17678.0,17486.0892967647
後山埤,2026-04-09,17941.0,18119.668451377886
後山埤,2026-04-10,19172.0,18531.19505329938
後山埤,2026-04-11,15859.0,15400.433571536332
後山埤,2026-04-12,12710.0,12559.068743575568
後山埤,2026-04-13,16864.0,16581.048491686135
後山埤,2026-04-14,17314.0,17300.026121361276
後山埤,2026-04-15,17525.0,17394.686810038897
後山埤,2026-04-16,17573.0,18067.693537001167
後山埤,2026-04-17,18461.0,19007.46165092807
後山埤,2026-04-18,15173.0,15197.990128861566
後山埤,2026-04-19,12575.0,12265.158259698523
後山埤,2026-04-20,16956.0,16623.239188173142
後山埤,2026-04-21,17401.0,17189.50525427502
後山埤,2026-04-22,17679.0,17343.42368419607
後山埤,2026-04-23,17318.0,17808.57423272943
後山埤,2026-04-24,18916.0,18387.88461413551
後山埤,2026-04-25,15605.0,15454.739745602461
後山埤,2026-04-26,13884.0,12426.1558203787
後山埤,2026-04-27,17074.0,16907.070103424325
後山埤,2026-04-28,17424.0,17441.502915144527
後山埤,2026-04-29,17677.0,17430.169010835747
後山埤,2026-04-30,18767.0,17591.497253870522
後山埤,2026-05-01,14623.0,13074.201831766031
後山埤,2026-05-02,14248.0,13077.212092884503
後山埤,2026-05-03,11981.0,12403.415115080968
後山埤,2026-05-04,17758.0,16559.852031760267
後山埤,2026-05-05,17880.0,17624.10914984057
後山埤,2026-05-06,18439.0,17837.438957836013
後山埤,2026-05-07,18300.0,18564.49885222019
後山埤,2026-05-08,19247.0,18672.401464830327
後山埤,2026-05-09,15832.0,15295.540730471648
後山埤,2026-05-10,12581.0,12606.459032938197
後山埤,2026-05-11,17061.0,17410.64962630755
後山埤,2026-05-12,17612.0,17565.45301024786
後山埤,2026-05-13,17297.0,18040.150183219834
後山埤,2026-05-14,17354.0,18176.37230478205
後山埤,2026-05-15,19094.0,18768.85532594638
後山埤,2026-05-16,15694.0,15275.740257514646
後山埤,2026-05-17,12859.0,12321.473701085057
後山埤,2026-05-18,17021.0,17262.43743625143
後山埤,2026-05-19,17903.0,17431.98145339284
後山埤,2026-05-20,18763.0,18164.42315090187
後山埤,2026-05-21,17533.0,18494.265659348006
後山埤,2026-05-22,18688.0,18843.545916858373
後山埤,2026-05-23,15965.0,15248.916535503302
後山埤,2026-05-24,13150.0,12598.863553911773
後山埤,2026-05-25,17171.0,17004.98214614255
後山埤,2026-05-26,17603.0,17644.746897610636
後山埤,2026-05-27,17754.0,18099.108487587037
後山埤,2026-05-28,17243.0,17571.543134571228
後山埤,2026-05-29,18804.0,18459.35726555082
後山埤,2026-05-30,15880.0,15622.164896891954
後山埤,2026-05-31,12743.0,13168.986719432307
徐匯中學,2026-01-01,7644.0,8314.521165165444
徐匯中學,2026-01-02,12609.0,13133.834110012109
徐匯中學,2026-01-03,9318.0,9898.51040384962
徐匯中學,2026-01-04,8044.0,7789.859815475359
徐匯中學,2026-01-05,12307.0,12425.650834483791
徐匯中學,2026-01-06,12376.0,12696.902675144845
徐匯中學,2026-01-07,12644.0,13662.21169818755
徐匯中學,2026-01-08,12604.0,11345.852986078731
徐匯中學,2026-01-09,13405.0,12911.956773646194
徐匯中學,2026-01-10,10352.0,9932.843659141789
徐匯中學,2026-01-11,8465.0,8348.657779784275
徐匯中學,2026-01-12,12207.0,12397.432269428293
徐匯中學,2026-01-13,12270.0,12504.572564075906
徐匯中學,2026-01-14,12441.0,13192.289015687484
徐匯中學,2026-01-15,12452.0,12654.04446720219
徐匯中學,2026-01-16,13545.0,13165.209121153397
徐匯中學,2026-01-17,10546.0,10176.635494994378
徐匯中學,2026-01-18,8333.0,8361.5712928078
徐匯中學,2026-01-19,12058.0,12198.852251559856
徐匯中學,2026-01-20,12921.0,12294.156084343498
徐匯中學,2026-01-21,12259.0,12588.342529819278
徐匯中學,2026-01-22,12413.0,12420.330899202709
徐匯中學,2026-01-23,13595.0,13238.518254572202
徐匯中學,2026-01-24,11040.0,10144.411285338305
徐匯中學,2026-01-25,8771.0,8550.594096552864
徐匯中學,2026-01-26,12142.0,12197.23882424187
徐匯中學,2026-01-27,12494.0,12516.343105242006
徐匯中學,2026-01-28,12560.0,12562.17321246472
徐匯中學,2026-01-29,12731.0,12616.43090032249
徐匯中學,2026-01-30,13328.0,13421.32119989183
徐匯中學,2026-01-31,11101.0,10528.771922729646
徐匯中學,2026-02-01,8701.0,8657.823747011427
徐匯中學,2026-02-02,11837.0,12154.948596614026
徐匯中學,2026-02-03,12323.0,12490.658687450767
徐匯中學,2026-02-04,12518.0,12366.115182164334
徐匯中學,2026-02-05,12726.0,12607.154173321547
徐匯中學,2026-02-06,13767.0,13320.557176245453
徐匯中學,2026-02-07,10993.0,10838.785625041033
徐匯中學,2026-02-08,8818.0,8771.73608521778
徐匯中學,2026-02-09,12131.0,12057.77383246984
徐匯中學,2026-02-10,12592.0,12453.487418999368
徐匯中學,2026-02-11,12604.0,12632.78488324072
徐匯中學,2026-02-12,12646.0,12826.068967711306
徐匯中學,2026-02-13,12684.0,13413.243899115194
徐匯中學,2026-02-14,8878.0,10239.063078504169
徐匯中學,2026-02-15,7003.0,7862.387025443483
徐匯中學,2026-02-16,4947.0,5928.603322797228
徐匯中學,2026-02-17,6605.0,6650.490690427676
徐匯中學,2026-02-18,7603.0,6865.537631446382
徐匯中學,2026-02-19,7737.0,7804.270199457677
徐匯中學,2026-02-20,8389.0,7779.717903136252
徐匯中學,2026-02-21,8840.0,8274.303759452014
徐匯中學,2026-02-22,7485.0,7427.837529288221
徐匯中學,2026-02-23,11886.0,11527.572664992396
徐匯中學,2026-02-24,12368.0,12155.919067290832
徐匯中學,2026-02-25,12965.0,12438.147328727935
徐匯中學,2026-02-26,13263.0,13066.1705678305
徐匯中學,2026-02-27,10055.0,8451.244718657159
徐匯中學,2026-02-28,9524.0,8469.172216436595
徐匯中學,2026-03-01,8104.0,7436.795018412986
徐匯中學,2026-03-02,12235.0,11741.416353317996
徐匯中學,2026-03-03,12499.0,12435.67690319523
徐匯中學,2026-03-04,12838.0,12743.195804854524
徐匯中學,2026-03-05,12923.0,13079.004085266155
徐匯中學,2026-03-06,13806.0,12605.768787037103
徐匯中學,2026-03-07,10935.0,9438.868281864863
徐匯中學,2026-03-08,8882.0,8390.755596753996
徐匯中學,2026-03-09,12490.0,12164.497215481226
徐匯中學,2026-03-10,13184.0,12582.249582106459
徐匯中學,2026-03-11,12988.0,12955.545273255893
徐匯中學,2026-03-12,12992.0,13076.397251989292
徐匯中學,2026-03-13,13821.0,13587.78159373718
徐匯中學,2026-03-14,10965.0,10732.374039822378
徐匯中學,2026-03-15,9047.0,8699.17487339077
徐匯中學,2026-03-16,12350.0,12463.803823504553
徐匯中學,2026-03-17,13031.0,12802.214258087493
徐匯中學,2026-03-18,13074.0,13066.093713955977
徐匯中學,2026-03-19,12879.0,13038.069183734844
徐匯中學,2026-03-20,13726.0,13696.09753119259
徐匯中學,2026-03-21,11139.0,10422.478216233274
徐匯中學,2026-03-22,8824.0,8954.73608604328
徐匯中學,2026-03-23,12370.0,12500.469249693662
徐匯中學,2026-03-24,12724.0,12896.67244400017
徐匯中學,2026-03-25,12727.0,12980.173951206527
徐匯中學,2026-03-26,12772.0,12929.792432948829
徐匯中學,2026-03-27,13601.0,13674.739339560507
徐匯中學,2026-03-28,10259.0,10813.703115957365
徐匯中學,2026-03-29,8206.0,8466.095721406207
徐匯中學,2026-03-30,12277.0,12399.153867749761
徐匯中學,2026-03-31,12543.0,12706.925217626163
徐匯中學,2026-04-01,12647.0,12774.271320034075
徐匯中學,2026-04-02,13157.0,12853.526074587993
徐匯中學,2026-04-03,9201.0,8786.167313022786
徐匯中學,2026-04-04,8444.0,8656.04174304118
徐匯中學,2026-04-05,8022.0,7514.252310085398
徐匯中學,2026-04-06,7519.0,7496.0774247318805
徐匯中學,2026-04-07,12512.0,12356.058012271225
徐匯中學,2026-04-08,12870.0,12589.601199153787
徐匯中學,2026-04-09,12739.0,12931.27601087994
徐匯中學,2026-04-10,13555.0,13404.32905882353
徐匯中學,2026-04-11,10564.0,10137.429263043721
徐匯中學,2026-04-12,8815.0,8371.647350017147
徐匯中學,2026-04-13,12115.0,11964.380223669361
徐匯中學,2026-04-14,12585.0,12537.849884668254
徐匯中學,2026-04-15,12659.0,12781.984677963104
徐匯中學,2026-04-16,12783.0,12827.424116168368
徐匯中學,2026-04-17,13258.0,13464.887264990462
徐匯中學,2026-04-18,10509.0,10806.709128570252
徐匯中學,2026-04-19,8709.0,8469.70488307036
徐匯中學,2026-04-20,12119.0,12179.330799441583
徐匯中學,2026-04-21,12717.0,12456.494426757641
徐匯中學,2026-04-22,12502.0,12733.890200989585
徐匯中學,2026-04-23,12520.0,12658.808270579124
徐匯中學,2026-04-24,13535.0,13274.364863182698
徐匯中學,2026-04-25,10529.0,10350.210420761156
徐匯中學,2026-04-26,9119.0,8624.195879916422
徐匯中學,2026-04-27,12303.0,12211.92666753256
徐匯中學,2026-04-28,12659.0,12595.744307818795
徐匯中學,2026-04-29,12878.0,12699.79598826125
徐匯中學,2026-04-30,13368.0,12721.470378823953
徐匯中學,2026-05-01,9580.0,9331.754132955804
徐匯中學,2026-05-02,9974.0,9050.085094461809
徐匯中學,2026-05-03,8303.0,8694.87967080098
徐匯中學,2026-05-04,12687.0,12079.801785393525
徐匯中學,2026-05-05,13076.0,12749.575640485056
徐匯中學,2026-05-06,12969.0,12932.919376581665
徐匯中學,2026-05-07,12873.0,13012.970899320577
徐匯中學,2026-05-08,13445.0,13417.910708475625
徐匯中學,2026-05-09,10295.0,10136.622988017683
徐匯中學,2026-05-10,8263.0,8345.68397880565
徐匯中學,2026-05-11,12236.0,12441.837713155539
徐匯中學,2026-05-12,12427.0,12710.06429228403
徐匯中學,2026-05-13,12501.0,12696.42666485402
徐匯中學,2026-05-14,12761.0,12864.258177597167
徐匯中學,2026-05-15,13570.0,13150.9815990725
徐匯中學,2026-05-16,10879.0,10256.1135390012
徐匯中學,2026-05-17,8921.0,8593.82614050094
徐匯中學,2026-05-18,12070.0,12415.639248468022
徐匯中學,2026-05-19,12338.0,12496.505123144078
徐匯中學,2026-05-20,12446.0,12533.216513303052
徐匯中學,2026-05-21,12427.0,12678.046540282752
徐匯中學,2026-05-22,13195.0,13273.486208465189
徐匯中學,2026-05-23,10746.0,10673.27835104127
徐匯中學,2026-05-24,8863.0,8653.362501167941
徐匯中學,2026-05-25,12190.0,12104.952499204484
徐匯中學,2026-05-26,12260.0,12445.33857629353
徐匯中學,2026-05-27,12473.0,12397.514412090304
徐匯中學,2026-05-28,12393.0,12412.26225529811
徐匯中學,2026-05-29,13429.0,13240.231417709201
徐匯中學,2026-05-30,10811.0,10392.746855997919
徐匯中學,2026-05-31,8321.0,8708.827537105442
復興崗,2026-01-01,2717.0,3434.378453469665
復興崗,2026-01-02,4085.0,4150.1619995222345
復興崗,2026-01-03,3375.0,3534.6425601337646
復興崗,2026-01-04,3006.0,2885.402655194981
復興崗,2026-01-05,4115.0,3939.191941711609
復興崗,2026-01-06,4250.0,4223.805232108547
復興崗,2026-01-07,4263.0,4508.029223548393
復興崗,2026-01-08,4233.0,3514.0846708804866
復興崗,2026-01-09,4453.0,4255.201019426869
復興崗,2026-01-10,3730.0,3433.9442105968656
復興崗,2026-01-11,3063.0,2939.1683822797563
復興崗,2026-01-12,3990.0,3993.6403137747325
復興崗,2026-01-13,4339.0,4152.736444177882
復興崗,2026-01-14,4284.0,4504.192035835895
復興崗,2026-01-15,4277.0,4254.31185375661
復興崗,2026-01-16,4478.0,4392.329384739571
復興崗,2026-01-17,3750.0,3647.621358466967
復興崗,2026-01-18,3085.0,3070.4009432496055
復興崗,2026-01-19,4034.0,3984.615915602863
復興崗,2026-01-20,4294.0,4202.365094310647
復興崗,2026-01-21,4141.0,4300.7627812100745
復興崗,2026-01-22,4210.0,4262.2083452763845
復興崗,2026-01-23,4519.0,4388.025851472601
復興崗,2026-01-24,3728.0,3763.3825067827074
復興崗,2026-01-25,3467.0,3110.148198711248
復興崗,2026-01-26,4136.0,4122.545858025131
復興崗,2026-01-27,4122.0,4302.812140470642
復興崗,2026-01-28,4311.0,4266.181572010949
復興崗,2026-01-29,4419.0,4295.182798132151
復興崗,2026-01-30,4516.0,4492.361680676549
復興崗,2026-01-31,3536.0,3800.211371555846
復興崗,2026-02-01,2968.0,3114.606477367662
復興崗,2026-02-02,3916.0,4039.8515699613445
復興崗,2026-02-03,4258.0,4066.3987616691566
復興崗,2026-02-04,4378.0,4311.6672670347225
復興崗,2026-02-05,4390.0,4371.224778835574
復興崗,2026-02-06,4539.0,4494.929499122063
復興崗,2026-02-07,3429.0,3735.4789142088575
復興崗,2026-02-08,2941.0,3028.435515876871
復興崗,2026-02-09,4103.0,3979.5585517793056
復興崗,2026-02-10,4379.0,4209.240261683891
復興崗,2026-02-11,4308.0,4392.435528798819
復興崗,2026-02-12,4239.0,4408.9098034442195
復興崗,2026-02-13,4275.0,4408.0576947513255
復興崗,2026-02-14,3222.0,3513.6270665726756
復興崗,2026-02-15,2509.0,2720.732465463729
復興崗,2026-02-16,1927.0,2603.1525573745153
復興崗,2026-02-17,3796.0,2224.4217417502805
復興崗,2026-02-18,3320.0,3132.816634798109
復興崗,2026-02-19,4245.0,2874.9791561294314
復興崗,2026-02-20,3997.0,3339.8752241091256
復興崗,2026-02-21,4187.0,3522.9359745039806
復興崗,2026-02-22,3430.0,3210.6029427881354
復興崗,2026-02-23,4227.0,3903.0131352205008
復興崗,2026-02-24,4333.0,4243.428057101669
復興崗,2026-02-25,4462.0,4290.529267775955
復興崗,2026-02-26,4421.0,4318.391160541513
復興崗,2026-02-27,3574.0,3306.7489203705813
復興崗,2026-02-28,3800.0,3243.2920603866105
復興崗,2026-03-01,3181.0,3170.867743130623
復興崗,2026-03-02,4030.0,4088.0530780973845
復興崗,2026-03-03,4100.0,4165.816955029547
復興崗,2026-03-04,4220.0,4222.029403533129
復興崗,2026-03-05,4383.0,4269.342968846215
復興崗,2026-03-06,4463.0,4237.142062487893
復興崗,2026-03-07,3740.0,3704.9283571708925
復興崗,2026-03-08,3092.0,3228.6819225083937
復興崗,2026-03-09,4079.0,3975.154720898154
復興崗,2026-03-10,4207.0,4193.779579514439
復興崗,2026-03-11,4628.0,4282.197667699163
復興崗,2026-03-12,4497.0,4547.087158494556
復興崗,2026-03-13,4630.0,4564.693390922786
復興崗,2026-03-14,4228.0,3866.4659019422847
復興崗,2026-03-15,3303.0,3340.72592097677
復興崗,2026-03-16,4137.0,4162.891056210286
復興崗,2026-03-17,4273.0,4226.80183992478
復興崗,2026-03-18,4343.0,4445.2977087030595
復興崗,2026-03-19,4388.0,4420.8600962340615
復興崗,2026-03-20,4814.0,4530.073121260044
復興崗,2026-03-21,3848.0,3901.1414273057685
復興崗,2026-03-22,3271.0,3178.8731354264933
復興崗,2026-03-23,4026.0,4197.595906700051
復興崗,2026-03-24,4216.0,4158.283571384153
復興崗,2026-03-25,4315.0,4373.982670775488
復興崗,2026-03-26,4399.0,4425.856042007627
復興崗,2026-03-27,4392.0,4527.923291945109
復興崗,2026-03-28,3709.0,3697.8254629066632
復興崗,2026-03-29,3112.0,3259.0706770762063
復興崗,2026-03-30,4058.0,4008.729221839369
復興崗,2026-03-31,4226.0,4166.42148188815
復興崗,2026-04-01,4181.0,4331.392853679604
復興崗,2026-04-02,4451.0,4331.541123458399
復興崗,2026-04-03,2960.0,3547.4947321872314
復興崗,2026-04-04,2700.0,3135.4660683738884
復興崗,2026-04-05,2702.0,2632.605728049283
復興崗,2026-04-06,2560.0,2732.798784447895
復興崗,2026-04-07,3941.0,4062.2110233285207
復興崗,2026-04-08,4489.0,4066.4731809927657
復興崗,2026-04-09,4314.0,4511.728538853943
復興崗,2026-04-10,4492.0,4366.613096554118
復興崗,2026-04-11,3670.0,3446.245544105405
復興崗,2026-04-12,3258.0,2969.63983310834
復興崗,2026-04-13,4100.0,3949.4204836735216
復興崗,2026-04-14,4189.0,4177.908196086349
復興崗,2026-04-15,4301.0,4312.965449477181
復興崗,2026-04-16,4320.0,4376.491465792406
復興崗,2026-04-17,4625.0,4496.751717948548
復興崗,2026-04-18,3714.0,3549.2886701811244
復興崗,2026-04-19,3178.0,3252.292214854389
復興崗,2026-04-20,4030.0,4112.7580311188185
復興崗,2026-04-21,4225.0,4132.461281949735
復興崗,2026-04-22,4344.0,4313.611231739941
復興崗,2026-04-23,4095.0,4367.317447982015
復興崗,2026-04-24,4304.0,4432.851538782037
復興崗,2026-04-25,3382.0,3571.521902918317
復興崗,2026-04-26,3475.0,3065.6766392123964
復興崗,2026-04-27,4041.0,3968.7599619208477
復興崗,2026-04-28,4233.0,4153.324369511478
復興崗,2026-04-29,4417.0,4332.508781653319
復興崗,2026-04-30,4278.0,4366.201467759989
復興崗,2026-05-01,3414.0,3392.8251490308803
復興崗,2026-05-02,3451.0,3150.834054582128
復興崗,2026-05-03,3051.0,3078.3551782501136
復興崗,2026-05-04,4185.0,3961.8694018814435
復興崗,2026-05-05,4115.0,4220.34481345296
復興崗,2026-05-06,4634.0,4276.53179621832
復興崗,2026-05-07,4421.0,4409.734196951468
復興崗,2026-05-08,4483.0,4409.436391672042
復興崗,2026-05-09,3414.0,3465.0978776479237
復興崗,2026-05-10,2800.0,3013.851816268644
復興崗,2026-05-11,4106.0,4070.7765293486314
復興崗,2026-05-12,4292.0,4219.786104391337
復興崗,2026-05-13,4315.0,4466.348371933504
復興崗,2026-05-14,4223.0,4374.091527804298
復興崗,2026-05-15,4641.0,4411.880987618463
復興崗,2026-05-16,4004.0,3561.5060879445905
復興崗,2026-05-17,3246.0,3131.8906204525883
復興崗,2026-05-18,4099.0,4119.9697592861885
復興崗,2026-05-19,4252.0,4212.475250840975
復興崗,2026-05-20,4381.0,4361.598704008168
復興崗,2026-05-21,4305.0,4358.681830216897
復興崗,2026-05-22,4535.0,4539.674154823734
復興崗,2026-05-23,3485.0,3731.5078455380326
復興崗,2026-05-24,2915.0,2958.940967629607
復興崗,2026-05-25,4080.0,4022.7073882192094
復興崗,2026-05-26,4225.0,4212.796575027856
復興崗,2026-05-27,4223.0,4326.382797292578
復興崗,2026-05-28,4124.0,4278.59143052841
復興崗,2026-05-29,4330.0,4395.7208255859205
復興崗,2026-05-30,3508.0,3626.830290186552
復興崗,2026-05-31,2778.0,3005.3377288025863
忠孝復興,2026-01-01,40297.0,45038.71218715393
忠孝復興,2026-01-02,48417.0,46931.30336894807
忠孝復興,2026-01-03,44769.0,48666.829852775845
忠孝復興,2026-01-04,34123.0,37284.48903570068
忠孝復興,2026-01-05,42223.0,42599.53280620035
忠孝復興,2026-01-06,44149.0,45588.71551839751
忠孝復興,2026-01-07,44461.0,52278.96591860848
忠孝復興,2026-01-08,45236.0,45041.70780848972
忠孝復興,2026-01-09,50468.0,50142.00964415678
忠孝復興,2026-01-10,48222.0,48572.12932955773
忠孝復興,2026-01-11,36730.0,37524.08638341352
忠孝復興,2026-01-12,41078.0,41433.60238393431
忠孝復興,2026-01-13,44238.0,43544.55229604059
忠孝復興,2026-01-14,44872.0,47125.642435307615
忠孝復興,2026-01-15,45128.0,46114.813050011566
忠孝復興,2026-01-16,50393.0,49444.37233079161
忠孝復興,2026-01-17,48052.0,48063.815889070705
忠孝復興,2026-01-18,37210.0,37181.85547576894
忠孝復興,2026-01-19,42420.0,41148.71566045619
忠孝復興,2026-01-20,44931.0,44218.11836923317
忠孝復興,2026-01-21,44333.0,45865.10679770716
忠孝復興,2026-01-22,45122.0,45284.04524640336
忠孝復興,2026-01-23,50403.0,50856.387520790035
忠孝復興,2026-01-24,49974.0,47912.0113783142
忠孝復興,2026-01-25,38344.0,38491.92959917205
忠孝復興,2026-01-26,42014.0,41762.776746363634
忠孝復興,2026-01-27,44855.0,43724.35121353693
忠孝復興,2026-01-28,45208.0,46139.702227676964
忠孝復興,2026-01-29,47413.0,46142.884202032925
忠孝復興,2026-01-30,51601.0,50983.35620635061
忠孝復興,2026-01-31,50305.0,48944.06834558777
忠孝復興,2026-02-01,39707.0,38822.447178899245
忠孝復興,2026-02-02,43557.0,41942.96770762678
忠孝復興,2026-02-03,44405.0,44535.378803922766
忠孝復興,2026-02-04,46094.0,45793.69520406596
忠孝復興,2026-02-05,47320.0,47118.210253317775
忠孝復興,2026-02-06,53640.0,51682.341247269964
忠孝復興,2026-02-07,51002.0,50731.21299734389
忠孝復興,2026-02-08,40341.0,40079.27392783286
忠孝復興,2026-02-09,45759.0,42365.664633214816
忠孝復興,2026-02-10,48337.0,46278.20948320659
忠孝復興,2026-02-11,50244.0,48661.54710020641
忠孝復興,2026-02-12,51495.0,48957.74685913874
忠孝復興,2026-02-13,53622.0,52942.836614569576
忠孝復興,2026-02-14,43747.0,50500.03090708893
忠孝復興,2026-02-15,33338.0,38206.55493805788
忠孝復興,2026-02-16,18074.0,28549.456102732376
忠孝復興,2026-02-17,26307.0,24312.930618961647
忠孝復興,2026-02-18,27980.0,28626.893919435846
忠孝復興,2026-02-19,32101.0,30476.028163007857
忠孝復興,2026-02-20,34539.0,35078.54650915295
忠孝復興,2026-02-21,38213.0,35912.46715609335
忠孝復興,2026-02-22,32261.0,34712.08575108469
忠孝復興,2026-02-23,40293.0,40920.08795820384
忠孝復興,2026-02-24,41711.0,42189.740500529064
忠孝復興,2026-02-25,44915.0,43721.0263373516
忠孝復興,2026-02-26,48292.0,47500.741171722024
忠孝復興,2026-02-27,46839.0,39325.11082595137
忠孝復興,2026-02-28,43679.0,40144.17984850533
忠孝復興,2026-03-01,33072.0,33606.99618276592
忠孝復興,2026-03-02,40127.0,39581.86340885269
忠孝復興,2026-03-03,41863.0,42003.46834291335
忠孝復興,2026-03-04,43948.0,42941.44762702737
忠孝復興,2026-03-05,44841.0,45800.02371187458
忠孝復興,2026-03-06,49710.0,47330.93541588664
忠孝復興,2026-03-07,48770.0,46848.84555707148
忠孝復興,2026-03-08,37203.0,35706.51969150515
忠孝復興,2026-03-09,41402.0,40468.69873685151
忠孝復興,2026-03-10,43585.0,42293.974960671556
忠孝復興,2026-03-11,44997.0,44132.5487477414
忠孝復興,2026-03-12,45493.0,46120.925911941675
忠孝復興,2026-03-13,50510.0,48967.09835205873
忠孝復興,2026-03-14,49189.0,47973.25242883176
忠孝復興,2026-03-15,37442.0,37625.53866024939
忠孝復興,2026-03-16,41444.0,41593.166477742925
忠孝復興,2026-03-17,43168.0,42657.27578837957
忠孝復興,2026-03-18,45098.0,44088.01554611723
忠孝復興,2026-03-19,44992.0,45453.163583523834
忠孝復興,2026-03-20,52887.0,50018.44810875046
忠孝復興,2026-03-21,50042.0,49438.97828597747
忠孝復興,2026-03-22,39948.0,38503.70505243313
忠孝復興,2026-03-23,41776.0,42068.652097403145
忠孝復興,2026-03-24,43606.0,43761.80590859867
忠孝復興,2026-03-25,45675.0,44035.289996628235
忠孝復興,2026-03-26,46408.0,45863.66208218051
忠孝復興,2026-03-27,51182.0,51663.23510950988
忠孝復興,2026-03-28,47771.0,48363.5805213349
忠孝復興,2026-03-29,36301.0,38675.20455141593
忠孝復興,2026-03-30,41911.0,41486.367865071785
忠孝復興,2026-03-31,43704.0,43817.1714119521
忠孝復興,2026-04-01,44852.0,44358.20740226519
忠孝復興,2026-04-02,47201.0,45607.66254784713
忠孝復興,2026-04-03,40606.0,44227.44086305144
忠孝復興,2026-04-04,39515.0,39315.933528771064
忠孝復興,2026-04-05,35201.0,34212.21773392594
忠孝復興,2026-04-06,34233.0,33499.4356690273
忠孝復興,2026-04-07,42828.0,42564.9805008503
忠孝復興,2026-04-08,43597.0,44648.241703633685
忠孝復興,2026-04-09,44430.0,45544.77828504774
忠孝復興,2026-04-10,51231.0,47214.72349042136
忠孝復興,2026-04-11,48627.0,44625.951479837466
忠孝復興,2026-04-12,37692.0,36909.241653367644
忠孝復興,2026-04-13,41028.0,40507.754078967926
忠孝復興,2026-04-14,42502.0,43123.958157069836
忠孝復興,2026-04-15,44093.0,43968.463316678375
忠孝復興,2026-04-16,44288.0,44963.72257552496
忠孝復興,2026-04-17,50313.0,49412.6248447529
忠孝復興,2026-04-18,48623.0,48502.75314854376
忠孝復興,2026-04-19,37217.0,38160.26309763819
忠孝復興,2026-04-20,40469.0,40966.810334362024
忠孝復興,2026-04-21,42311.0,42185.509266514244
忠孝復興,2026-04-22,42814.0,43714.21731169002
忠孝復興,2026-04-23,44221.0,44185.51846866144
忠孝復興,2026-04-24,52707.0,50254.148034901096
忠孝復興,2026-04-25,52296.0,49051.77312111752
忠孝復興,2026-04-26,41261.0,41455.86103242507
忠孝復興,2026-04-27,42339.0,41702.0190432281
忠孝復興,2026-04-28,44074.0,43442.16032164707
忠孝復興,2026-04-29,45836.0,44392.93784287502
忠孝復興,2026-04-30,50319.0,45650.317519642325
忠孝復興,2026-05-01,45621.0,47257.56076579479
忠孝復興,2026-05-02,45533.0,49805.869220466884
忠孝復興,2026-05-03,36322.0,38614.53618532532
忠孝復興,2026-05-04,43060.0,41000.81323080949
忠孝復興,2026-05-05,44648.0,43971.64482480043
忠孝復興,2026-05-06,45918.0,45530.85338581402
忠孝復興,2026-05-07,47069.0,47502.64419990851
忠孝復興,2026-05-08,51453.0,48659.958346458494
忠孝復興,2026-05-09,48951.0,48446.01674449103
忠孝復興,2026-05-10,37260.0,38250.22621496696
忠孝復興,2026-05-11,40461.0,42330.93569651518
忠孝復興,2026-05-12,42755.0,42818.65658956925
忠孝復興,2026-05-13,44131.0,44636.91428420019
忠孝復興,2026-05-14,42932.0,48124.73796829203
忠孝復興,2026-05-15,50281.0,48837.62702751127
忠孝復興,2026-05-16,48264.0,48257.37694975664
忠孝復興,2026-05-17,38524.0,37613.26148038681
忠孝復興,2026-05-18,40255.0,41249.57425085271
忠孝復興,2026-05-19,41454.0,42462.91666327632
忠孝復興,2026-05-20,43894.0,43490.435530844334
忠孝復興,2026-05-21,42863.0,43961.8222835
忠孝復興,2026-05-22,48684.0,49283.11329295039
忠孝復興,2026-05-23,48447.0,47266.16008448624
忠孝復興,2026-05-24,37280.0,38476.6452477011
忠孝復興,2026-05-25,40538.0,40325.79016395789
忠孝復興,2026-05-26,42585.0,41962.275756250536
忠孝復興,2026-05-27,43914.0,44018.8810220032
忠孝復興,2026-05-28,43540.0,44135.47560677016
忠孝復興,2026-05-29,47921.0,49428.12503364324
忠孝復興,2026-05-30,47376.0,47041.72707909099
忠孝復興,2026-05-31,36852.0,37383.2590568226
忠孝敦化,2026-01-01,26054.0,33440.47700526732
忠孝敦化,2026-01-02,35691.0,37118.279677149105
忠孝敦化,2026-01-03,28443.0,29104.925303911245
忠孝敦化,2026-01-04,21532.0,23739.30381862191
忠孝敦化,2026-01-05,31999.0,31860.383432575334
忠孝敦化,2026-01-06,33880.0,34859.39955466975
忠孝敦化,2026-01-07,34698.0,38872.88039505457
忠孝敦化,2026-01-08,34330.0,32812.279988040296
忠孝敦化,2026-01-09,37528.0,37467.169172838876
忠孝敦化,2026-01-10,31406.0,30591.370125405352
忠孝敦化,2026-01-11,22434.0,23491.855935452346
忠孝敦化,2026-01-12,31534.0,31638.59569905569
忠孝敦化,2026-01-13,32996.0,33650.180757837436
忠孝敦化,2026-01-14,33769.0,34534.83463465684
忠孝敦化,2026-01-15,34075.0,34295.61752378907
忠孝敦化,2026-01-16,37064.0,37183.991721059596
忠孝敦化,2026-01-17,30653.0,29606.908304704582
忠孝敦化,2026-01-18,23090.0,22607.50591535368
忠孝敦化,2026-01-19,31563.0,31208.53785685884
忠孝敦化,2026-01-20,34523.0,32871.381731245056
忠孝敦化,2026-01-21,33880.0,34767.56668306991
忠孝敦化,2026-01-22,34233.0,34037.33040983954
忠孝敦化,2026-01-23,37357.0,37179.31783524663
忠孝敦化,2026-01-24,31096.0,30284.94677317804
忠孝敦化,2026-01-25,23057.0,23331.91446638102
忠孝敦化,2026-01-26,31818.0,31187.51143433934
忠孝敦化,2026-01-27,33771.0,33492.80220436888
忠孝敦化,2026-01-28,34248.0,33959.5428686547
忠孝敦化,2026-01-29,34429.0,34317.14632814229
忠孝敦化,2026-01-30,37091.0,37197.15646622428
忠孝敦化,2026-01-31,31666.0,29716.651067313793
忠孝敦化,2026-02-01,23678.0,23631.4100983133
忠孝敦化,2026-02-02,31644.0,31523.745967186907
忠孝敦化,2026-02-03,33542.0,33659.046263601835
忠孝敦化,2026-02-04,34319.0,34168.99759557495
忠孝敦化,2026-02-05,34689.0,34524.57928694871
忠孝敦化,2026-02-06,38682.0,37500.086573617424
忠孝敦化,2026-02-07,32282.0,31550.816330857444
忠孝敦化,2026-02-08,24565.0,24096.84670573676
忠孝敦化,2026-02-09,33124.0,31601.493954720685
忠孝敦化,2026-02-10,35623.0,33771.53582812649
忠孝敦化,2026-02-11,36449.0,35883.85855640975
忠孝敦化,2026-02-12,37424.0,36685.45403135129
忠孝敦化,2026-02-13,37661.0,38976.12525008193
忠孝敦化,2026-02-14,26953.0,31167.89804771822
忠孝敦化,2026-02-15,18572.0,22210.322324796714
忠孝敦化,2026-02-16,7945.0,14986.669525488824
忠孝敦化,2026-02-17,10871.0,15747.91055494702
忠孝敦化,2026-02-18,12253.0,15056.883202925997
忠孝敦化,2026-02-19,15575.0,14033.964781851846
忠孝敦化,2026-02-20,18610.0,16418.755260722493
忠孝敦化,2026-02-21,21284.0,22880.88947164926
忠孝敦化,2026-02-22,18209.0,20445.873271162356
忠孝敦化,2026-02-23,29378.0,29382.07234778719
忠孝敦化,2026-02-24,31480.0,30839.80255665161
忠孝敦化,2026-02-25,33211.0,33384.12337458404
忠孝敦化,2026-02-26,34690.0,34263.35955824675
忠孝敦化,2026-02-27,28741.0,26204.23212179158
忠孝敦化,2026-02-28,26601.0,24881.265165285422
忠孝敦化,2026-03-01,19879.0,19843.2679002908
忠孝敦化,2026-03-02,29685.0,29210.94772217028
忠孝敦化,2026-03-03,31519.0,31038.13830075472
忠孝敦化,2026-03-04,32786.0,32595.56225003781
忠孝敦化,2026-03-05,33615.0,33493.18472068323
忠孝敦化,2026-03-06,36276.0,34388.17494667002
忠孝敦化,2026-03-07,30908.0,26940.046632765374
忠孝敦化,2026-03-08,22536.0,21407.862595996725
忠孝敦化,2026-03-09,30764.0,29850.457019465703
忠孝敦化,2026-03-10,32330.0,31804.223256910547
忠孝敦化,2026-03-11,33444.0,32764.455466823765
忠孝敦化,2026-03-12,33629.0,33895.940542135824
忠孝敦化,2026-03-13,37183.0,35754.619728083984
忠孝敦化,2026-03-14,31352.0,31151.766466560053
忠孝敦化,2026-03-15,22887.0,22780.796673699122
忠孝敦化,2026-03-16,30757.0,30883.122477448327
忠孝敦化,2026-03-17,32481.0,32160.40429548508
忠孝敦化,2026-03-18,33090.0,32848.97465869943
忠孝敦化,2026-03-19,33123.0,33521.884320252095
忠孝敦化,2026-03-20,38346.0,36734.277108427515
忠孝敦化,2026-03-21,31685.0,31872.397573913397
忠孝敦化,2026-03-22,24481.0,23075.713148597046
忠孝敦化,2026-03-23,30449.0,30802.56861824173
忠孝敦化,2026-03-24,32322.0,32235.23201136552
忠孝敦化,2026-03-25,33976.0,32761.34739563043
忠孝敦化,2026-03-26,33841.0,34000.19372459938
忠孝敦化,2026-03-27,36186.0,37465.52208087693
忠孝敦化,2026-03-28,29807.0,29784.96312229186
忠孝敦化,2026-03-29,21651.0,23240.16738385278
忠孝敦化,2026-03-30,30272.0,30666.282713226887
忠孝敦化,2026-03-31,32340.0,32065.525825086523
忠孝敦化,2026-04-01,33080.0,33148.26840238121
忠孝敦化,2026-04-02,34553.0,33219.85846035912
忠孝敦化,2026-04-03,25038.0,29041.42258869502
忠孝敦化,2026-04-04,23270.0,23479.81505993105
忠孝敦化,2026-04-05,20775.0,20553.805648909576
忠孝敦化,2026-04-06,19487.0,19629.888701678094
忠孝敦化,2026-04-07,31838.0,30802.35621475677
忠孝敦化,2026-04-08,32716.0,32692.690884481526
忠孝敦化,2026-04-09,33251.0,33464.57468322283
忠孝敦化,2026-04-10,37799.0,35956.004845061914
忠孝敦化,2026-04-11,31093.0,31391.195547084375
忠孝敦化,2026-04-12,23732.0,22134.954028963115
忠孝敦化,2026-04-13,30428.0,30498.49583827084
忠孝敦化,2026-04-14,31741.0,32137.903748714936
忠孝敦化,2026-04-15,32774.0,32561.67756922326
忠孝敦化,2026-04-16,33021.0,33630.057119173325
忠孝敦化,2026-04-17,35637.0,36290.73135970219
忠孝敦化,2026-04-18,30081.0,28557.35692056857
忠孝敦化,2026-04-19,22573.0,23247.379780408595
忠孝敦化,2026-04-20,29794.0,30377.072263354574
忠孝敦化,2026-04-21,31396.0,31530.329774919846
忠孝敦化,2026-04-22,32351.0,32437.64768222664
忠孝敦化,2026-04-23,32355.0,32744.180025007285
忠孝敦化,2026-04-24,36361.0,36360.57032216514
忠孝敦化,2026-04-25,30791.0,30018.98587820638
忠孝敦化,2026-04-26,24056.0,23191.68940848076
忠孝敦化,2026-04-27,30461.0,30248.8119387595
忠孝敦化,2026-04-28,31587.0,31989.685793190656
忠孝敦化,2026-04-29,33074.0,32453.425756811084
忠孝敦化,2026-04-30,35190.0,33077.14559979928
忠孝敦化,2026-05-01,26628.0,24346.295056774074
忠孝敦化,2026-05-02,27000.0,25282.76740790898
忠孝敦化,2026-05-03,21043.0,22145.964445277503
忠孝敦化,2026-05-04,31002.0,30261.7928845908
忠孝敦化,2026-05-05,32995.0,31927.155488273147
忠孝敦化,2026-05-06,33216.0,33079.33155623156
忠孝敦化,2026-05-07,33381.0,33651.72405718698
忠孝敦化,2026-05-08,35824.0,36295.75390569219
忠孝敦化,2026-05-09,28957.0,29326.92512723074
忠孝敦化,2026-05-10,20600.0,22878.61843841997
忠孝敦化,2026-05-11,29979.0,30863.167921970635
忠孝敦化,2026-05-12,31535.0,31864.011857579517
忠孝敦化,2026-05-13,32396.0,32546.964263648682
忠孝敦化,2026-05-14,32207.0,33354.12992789342
忠孝敦化,2026-05-15,37909.0,34728.20882612665
忠孝敦化,2026-05-16,30336.0,30828.845325094808
忠孝敦化,2026-05-17,24571.0,21580.18654341071
忠孝敦化,2026-05-18,30065.0,30567.477430005445
忠孝敦化,2026-05-19,31576.0,31697.913571279372
忠孝敦化,2026-05-20,33374.0,32526.6933889989
忠孝敦化,2026-05-21,33144.0,33441.084172345734
忠孝敦化,2026-05-22,36294.0,37080.592751824115
忠孝敦化,2026-05-23,31047.0,29773.275360848624
忠孝敦化,2026-05-24,23301.0,24123.564658854742
忠孝敦化,2026-05-25,30124.0,30469.758144807485
忠孝敦化,2026-05-26,32081.0,31651.348213206318
忠孝敦化,2026-05-27,32846.0,32668.61408613588
忠孝敦化,2026-05-28,32870.0,33098.115533113414
忠孝敦化,2026-05-29,36095.0,36959.7229936908
忠孝敦化,2026-05-30,30254.0,30029.85183670087
忠孝敦化,2026-05-31,23292.0,23449.586197975823
忠孝新生,2026-01-01,28231.0,36174.32854796378
忠孝新生,2026-01-02,36806.0,41471.483159262185
忠孝新生,2026-01-03,33471.0,32540.95128067443
忠孝新生,2026-01-04,27681.0,28732.77839576132
忠孝新生,2026-01-05,35877.0,36152.337271687706
忠孝新生,2026-01-06,36232.0,39104.84643710307
忠孝新生,2026-01-07,36941.0,41748.7726169057
忠孝新生,2026-01-08,37072.0,36126.39142892673
忠孝新生,2026-01-09,40637.0,39924.83087582827
忠孝新生,2026-01-10,36408.0,36448.65852223495
忠孝新生,2026-01-11,29198.0,29749.27181675474
忠孝新生,2026-01-12,33285.0,34784.21487049653
忠孝新生,2026-01-13,33971.0,35697.93892396328
忠孝新生,2026-01-14,34668.0,36941.383474950984
忠孝新生,2026-01-15,35157.0,36381.36267381758
忠孝新生,2026-01-16,38997.0,38803.8203958056
忠孝新生,2026-01-17,38836.0,33291.34559959275
忠孝新生,2026-01-18,32125.0,30145.379570658108
忠孝新生,2026-01-19,34205.0,33489.89481328787
忠孝新生,2026-01-20,36252.0,34480.81221255717
忠孝新生,2026-01-21,34254.0,36432.952347313876
忠孝新生,2026-01-22,34066.0,34931.75532034027
忠孝新生,2026-01-23,37598.0,38813.209909274025
忠孝新生,2026-01-24,39291.0,35704.20053905755
忠孝新生,2026-01-25,33135.0,31548.41674716341
忠孝新生,2026-01-26,34710.0,33818.20609239033
忠孝新生,2026-01-27,34070.0,35257.590588135616
忠孝新生,2026-01-28,35527.0,34239.25875741682
忠孝新生,2026-01-29,37452.0,35794.79514576045
忠孝新生,2026-01-30,40568.0,39183.84060623859
忠孝新生,2026-01-31,37856.0,38084.4395711877
忠孝新生,2026-02-01,29859.0,31805.630447564126
忠孝新生,2026-02-02,32867.0,34671.95787605665
忠孝新生,2026-02-03,33931.0,33604.34365604394
忠孝新生,2026-02-04,34717.0,34631.890393157235
忠孝新生,2026-02-05,35610.0,35953.193987001236
忠孝新生,2026-02-06,39463.0,39124.75939109285
忠孝新生,2026-02-07,37214.0,36228.84635430776
忠孝新生,2026-02-08,30944.0,31014.30800439949
忠孝新生,2026-02-09,34767.0,33130.966771351996
忠孝新生,2026-02-10,35989.0,34761.50954151812
忠孝新生,2026-02-11,35912.0,36001.130271395814
忠孝新生,2026-02-12,36580.0,36592.78049633341
忠孝新生,2026-02-13,37252.0,39499.29601233084
忠孝新生,2026-02-14,29407.0,33914.8129833339
忠孝新生,2026-02-15,22999.0,25042.644956857686
忠孝新生,2026-02-16,10395.0,20592.857709094824
忠孝新生,2026-02-17,18409.0,15616.030925006702
忠孝新生,2026-02-18,20023.0,19746.626048477166
忠孝新生,2026-02-19,25848.0,23311.84167474742
忠孝新生,2026-02-20,27769.0,26747.93509724266
忠孝新生,2026-02-21,31078.0,27639.633351052264
忠孝新生,2026-02-22,25947.0,26039.63419801609
忠孝新生,2026-02-23,34542.0,31943.70124902202
忠孝新生,2026-02-24,35055.0,35605.471721796006
忠孝新生,2026-02-25,37440.0,35044.88985506856
忠孝新生,2026-02-26,39810.0,36661.392559682696
忠孝新生,2026-02-27,37029.0,35045.90258785278
忠孝新生,2026-02-28,37440.0,30354.04962625214
忠孝新生,2026-03-01,28350.0,26534.450797183195
忠孝新生,2026-03-02,34196.0,32772.14347070549
忠孝新生,2026-03-03,35025.0,35079.03971482774
忠孝新生,2026-03-04,36484.0,36195.9237227476
忠孝新生,2026-03-05,37619.0,38780.986593213835
忠孝新生,2026-03-06,40800.0,38309.26828726148
忠孝新生,2026-03-07,39373.0,35235.408328906786
忠孝新生,2026-03-08,32216.0,30864.100338931567
忠孝新生,2026-03-09,35060.0,34207.39634320995
忠孝新生,2026-03-10,36025.0,35477.04910634329
忠孝新生,2026-03-11,37915.0,36920.40813273054
忠孝新生,2026-03-12,38360.0,38583.30634196831
忠孝新生,2026-03-13,42230.0,39923.907104062375
忠孝新生,2026-03-14,41941.0,39070.12724965015
忠孝新生,2026-03-15,32794.0,32769.146347318376
忠孝新生,2026-03-16,36513.0,34768.982618515605
忠孝新生,2026-03-17,37278.0,36452.10588640556
忠孝新生,2026-03-18,38465.0,37579.76377461984
忠孝新生,2026-03-19,39403.0,38626.77034459034
忠孝新生,2026-03-20,44022.0,42202.63634452664
忠孝新生,2026-03-21,40754.0,41105.30680364961
忠孝新生,2026-03-22,32894.0,32793.614947539936
忠孝新生,2026-03-23,35812.0,35541.42532893395
忠孝新生,2026-03-24,36426.0,36779.04698454383
忠孝新生,2026-03-25,35980.0,37930.33854221255
忠孝新生,2026-03-26,37590.0,38862.2151708385
忠孝新生,2026-03-27,41079.0,42703.153281122104
忠孝新生,2026-03-28,37621.0,39340.781577620844
忠孝新生,2026-03-29,30195.0,31988.309831627215
忠孝新生,2026-03-30,35396.0,35045.411196729605
忠孝新生,2026-03-31,35951.0,36725.152068192925
忠孝新生,2026-04-01,37657.0,36949.58393483704
忠孝新生,2026-04-02,40128.0,38177.478744156804
忠孝新生,2026-04-03,34506.0,31772.640344124567
忠孝新生,2026-04-04,31118.0,31533.79985799489
忠孝新生,2026-04-05,29493.0,28089.955671340216
忠孝新生,2026-04-06,25673.0,24308.612432404276
忠孝新生,2026-04-07,35104.0,33970.57077931745
忠孝新生,2026-04-08,36314.0,36143.5222587695
忠孝新生,2026-04-09,37097.0,38616.911910903094
忠孝新生,2026-04-10,41221.0,39804.85175981375
忠孝新生,2026-04-11,37015.0,35940.989490073
忠孝新生,2026-04-12,31007.0,29689.62142038313
忠孝新生,2026-04-13,35142.0,34292.87052932006
忠孝新生,2026-04-14,35990.0,35749.570949976944
忠孝新生,2026-04-15,36208.0,37127.83717050642
忠孝新生,2026-04-16,37127.0,37738.70170510856
忠孝新生,2026-04-17,40559.0,40083.533421596156
忠孝新生,2026-04-18,39782.0,34919.65302394649
忠孝新生,2026-04-19,33048.0,31956.050594391716
忠孝新生,2026-04-20,33503.0,33948.07605472404
忠孝新生,2026-04-21,34249.0,35098.46309411341
忠孝新生,2026-04-22,35481.0,35374.35258125048
忠孝新生,2026-04-23,35218.0,36684.611162311674
忠孝新生,2026-04-24,39118.0,39533.19421879285
忠孝新生,2026-04-25,35905.0,37327.7375957624
忠孝新生,2026-04-26,32722.0,30883.005602434372
忠孝新生,2026-04-27,34328.0,33667.02793262365
忠孝新生,2026-04-28,35160.0,34987.33436831617
忠孝新生,2026-04-29,36530.0,35946.022847556356
忠孝新生,2026-04-30,39665.0,36822.6916123489
忠孝新生,2026-05-01,35387.0,32224.501227535
忠孝新生,2026-05-02,34324.0,32228.554974763498
忠孝新生,2026-05-03,28632.0,29873.714757569476
忠孝新生,2026-05-04,35032.0,34192.99165923239
忠孝新生,2026-05-05,36159.0,35717.25927454115
忠孝新生,2026-05-06,37738.0,36130.6849391584
忠孝新生,2026-05-07,36620.0,39204.96729487625
忠孝新生,2026-05-08,38866.0,38622.12246382395
忠孝新生,2026-05-09,32286.0,34596.024612837726
忠孝新生,2026-05-10,24810.0,28250.11093118511
忠孝新生,2026-05-11,33758.0,34165.014145740985
忠孝新生,2026-05-12,35172.0,34891.53234658379
忠孝新生,2026-05-13,35510.0,36398.04229248218
忠孝新生,2026-05-14,35906.0,37630.265063879655
忠孝新生,2026-05-15,41986.0,38836.61128785406
忠孝新生,2026-05-16,39811.0,33595.35855412304
忠孝新生,2026-05-17,33383.0,32282.096288941677
忠孝新生,2026-05-18,34504.0,34160.855002688826
忠孝新生,2026-05-19,35239.0,35373.28266647644
忠孝新生,2026-05-20,36092.0,36269.72240975744
忠孝新生,2026-05-21,36703.0,36207.44250422502
忠孝新生,2026-05-22,40278.0,40806.999247891516
忠孝新生,2026-05-23,36550.0,37839.168385707446
忠孝新生,2026-05-24,32004.0,30784.46471797761
忠孝新生,2026-05-25,35139.0,34162.84060528196
忠孝新生,2026-05-26,34597.0,35647.48443421589
忠孝新生,2026-05-27,36045.0,35420.83492347824
忠孝新生,2026-05-28,36383.0,36347.96833049876
忠孝新生,2026-05-29,39376.0,40199.83715141662
忠孝新生,2026-05-30,35811.0,35184.12975231197
忠孝新生,2026-05-31,29682.0,29707.413853746733
忠義,2026-01-01,1590.0,2711.97992383896
忠義,2026-01-02,2709.0,3248.388586143704
忠義,2026-01-03,1967.0,1826.1077655054642
忠義,2026-01-04,1623.0,1514.6782399803353
忠義,2026-01-05,3566.0,3297.9195527642146
忠義,2026-01-06,3630.0,3606.3915631506593
忠義,2026-01-07,3740.0,3665.799243052526
忠義,2026-01-08,3562.0,2337.7910415630113
忠義,2026-01-09,3642.0,3558.723464620964
忠義,2026-01-10,2052.0,1963.74204980477
忠義,2026-01-11,1609.0,1578.962031567747
忠義,2026-01-12,3450.0,3390.8960629406006
忠義,2026-01-13,3588.0,3551.041913642836
忠義,2026-01-14,3567.0,3611.0205188360405
忠義,2026-01-15,3587.0,3607.1901533345817
忠義,2026-01-16,3504.0,3646.853985210984
忠義,2026-01-17,2374.0,1954.0931294518741
忠義,2026-01-18,1719.0,1726.2818417866251
忠義,2026-01-19,3565.0,3393.687013004967
忠義,2026-01-20,3531.0,3611.7400541671527
忠義,2026-01-21,3451.0,3593.9529711198115
忠義,2026-01-22,3531.0,3487.7355712935164
忠義,2026-01-23,2952.0,3555.2465185944393
忠義,2026-01-24,2081.0,2226.113313633462
忠義,2026-01-25,1975.0,1679.4896461183152
忠義,2026-01-26,3507.0,3415.67545982187
忠義,2026-01-27,3467.0,3558.099937209685
忠義,2026-01-28,3511.0,3464.854649020758
忠義,2026-01-29,3653.0,3547.037945452424
忠義,2026-01-30,3632.0,3581.4974952404846
忠義,2026-01-31,1936.0,2451.1731374107894
忠義,2026-02-01,1598.0,1809.3304651809751
忠義,2026-02-02,3407.0,3436.8657895845986
忠義,2026-02-03,3508.0,3468.7076178042666
忠義,2026-02-04,3449.0,3496.8052629809704
忠義,2026-02-05,3573.0,3500.1287966551577
忠義,2026-02-06,3629.0,3590.296714569273
忠義,2026-02-07,1892.0,1995.3933402894977
忠義,2026-02-08,1588.0,1668.223006320205
忠義,2026-02-09,3384.0,3396.7187111285834
忠義,2026-02-10,3656.0,3480.6218932642
忠義,2026-02-11,3445.0,3519.797131149623
忠義,2026-02-12,3487.0,3526.8779931665017
忠義,2026-02-13,3216.0,3617.396030010738
忠義,2026-02-14,1567.0,1917.3716491196246
忠義,2026-02-15,1194.0,1464.4460868204471
忠義,2026-02-16,874.0,1653.8131797842539
忠義,2026-02-17,2294.0,1602.388437982871
忠義,2026-02-18,1728.0,1874.2373996616698
忠義,2026-02-19,1927.0,1693.5269777523533
忠義,2026-02-20,2191.0,1949.0592366507906
忠義,2026-02-21,2113.0,1735.7040181369196
忠義,2026-02-22,1704.0,1457.7146130140216
忠義,2026-02-23,3518.0,2947.980336185229
忠義,2026-02-24,3670.0,3586.9063470184415
忠義,2026-02-25,3841.0,3566.9996560409736
忠義,2026-02-26,3939.0,3641.6240027059453
忠義,2026-02-27,2545.0,2674.557351647665
忠義,2026-02-28,1964.0,2026.5795014332646
忠義,2026-03-01,1668.0,1543.4294977609536
忠義,2026-03-02,3401.0,3437.0106591279095
忠義,2026-03-03,3457.0,3520.543783558527
忠義,2026-03-04,3666.0,3612.810500358339
忠義,2026-03-05,3729.0,3690.7405435613277
忠義,2026-03-06,3732.0,3004.8888393783154
忠義,2026-03-07,2132.0,2032.0095246704757
忠義,2026-03-08,1775.0,1674.0542306790646
忠義,2026-03-09,3449.0,3369.2470510824173
忠義,2026-03-10,3602.0,3471.960473402949
忠義,2026-03-11,3748.0,3642.95718142116
忠義,2026-03-12,3617.0,3749.4423979589824
忠義,2026-03-13,3773.0,3677.3334798525475
忠義,2026-03-14,2131.0,2039.919655262566
忠義,2026-03-15,1893.0,1716.0162350847036
忠義,2026-03-16,3473.0,3375.7086532253425
忠義,2026-03-17,3611.0,3542.9074311784548
忠義,2026-03-18,3670.0,3642.839435962521
忠義,2026-03-19,3659.0,3656.7770224467213
忠義,2026-03-20,3742.0,3698.9464284207106
忠義,2026-03-21,2147.0,2106.6954049378846
忠義,2026-03-22,1735.0,1790.255942366457
忠義,2026-03-23,3454.0,3407.7191927139606
忠義,2026-03-24,3630.0,3516.3866366372326
忠義,2026-03-25,3683.0,3689.6558711790735
忠義,2026-03-26,3695.0,3678.706501528199
忠義,2026-03-27,3727.0,3754.6833081053787
忠義,2026-03-28,2024.0,2109.182081297745
忠義,2026-03-29,1644.0,1797.1126097124559
忠義,2026-03-30,3674.0,3410.324184763305
忠義,2026-03-31,3469.0,3654.977626382438
忠義,2026-04-01,3605.0,3556.798373207293
忠義,2026-04-02,3693.0,3647.916422316351
忠義,2026-04-03,2195.0,2520.5042041279444
忠義,2026-04-04,1485.0,1954.0543985372067
忠義,2026-04-05,1415.0,1511.146995328621
忠義,2026-04-06,1397.0,1575.092891855523
忠義,2026-04-07,3421.0,3330.321093409643
忠義,2026-04-08,3607.0,3498.0525719100424
忠義,2026-04-09,3636.0,3602.8045227804982
忠義,2026-04-10,3748.0,3716.678221867387
忠義,2026-04-11,2101.0,2024.6813844112835
忠義,2026-04-12,1728.0,1602.9623859171443
忠義,2026-04-13,3511.0,3395.5932439286576
忠義,2026-04-14,3544.0,3470.0106776061334
忠義,2026-04-15,3529.0,3585.261308225716
忠義,2026-04-16,3558.0,3574.1561474793552
忠義,2026-04-17,3706.0,3653.5550276432177
忠義,2026-04-18,2046.0,2041.2376880872398
忠義,2026-04-19,1625.0,1645.595276588951
忠義,2026-04-20,3393.0,3368.933606165936
忠義,2026-04-21,3499.0,3480.9810200980364
忠義,2026-04-22,3495.0,3552.4708873515283
忠義,2026-04-23,3458.0,3548.0820505034612
忠義,2026-04-24,3487.0,3579.607181443419
忠義,2026-04-25,1877.0,1992.6133432630454
忠義,2026-04-26,1675.0,1561.0950483710667
忠義,2026-04-27,3448.0,3393.828004149775
忠義,2026-04-28,3618.0,3528.812711084938
忠義,2026-04-29,3518.0,3521.3533700445278
忠義,2026-04-30,3498.0,3480.781274862878
忠義,2026-05-01,2490.0,2310.3977757136504
忠義,2026-05-02,1927.0,1929.7492133172989
忠義,2026-05-03,1490.0,1593.6137026364165
忠義,2026-05-04,3476.0,3385.6456304346534
忠義,2026-05-05,3553.0,3540.952916890732
忠義,2026-05-06,3660.0,3506.74573849163
忠義,2026-05-07,3794.0,3501.9053489759167
忠義,2026-05-08,3717.0,3634.0623936405887
忠義,2026-05-09,2269.0,1921.1924105417527
忠義,2026-05-10,1572.0,1730.1338286409161
忠義,2026-05-11,3410.0,3401.0532370963497
忠義,2026-05-12,3706.0,3537.0679393764344
忠義,2026-05-13,3574.0,3639.819588172141
忠義,2026-05-14,3429.0,3628.26934033665
忠義,2026-05-15,3816.0,3570.025586452845
忠義,2026-05-16,3097.0,2225.1878198316567
忠義,2026-05-17,1837.0,1720.7204385613236
忠義,2026-05-18,3446.0,3408.743008826055
忠義,2026-05-19,3553.0,3516.636618400118
忠義,2026-05-20,3547.0,3572.8860817326567
忠義,2026-05-21,3558.0,3606.9974857439597
忠義,2026-05-22,3707.0,3710.605123866042
忠義,2026-05-23,2030.0,2759.1389714591223
忠義,2026-05-24,1625.0,1710.1370298397137
忠義,2026-05-25,3431.0,3405.348123711886
忠義,2026-05-26,3510.0,3540.3528532891883
忠義,2026-05-27,3511.0,3535.1878680538734
忠義,2026-05-28,3534.0,3488.695874702798
忠義,2026-05-29,3593.0,3694.372963758978
忠義,2026-05-30,1901.0,2943.910900720726
忠義,2026-05-31,1541.0,1618.4327126802652
文德,2026-01-01,3465.0,7307.175989354598
文德,2026-01-02,6329.0,6359.804342590085
文德,2026-01-03,4137.0,4310.826949987334
文德,2026-01-04,3410.0,3524.6101331575655
文德,2026-01-05,6140.0,6247.533924487319
文德,2026-01-06,6200.0,6399.677295928742
文德,2026-01-07,6221.0,6685.606385915209
文德,2026-01-08,6259.0,4948.798992784166
文德,2026-01-09,6884.0,6430.752357653125
文德,2026-01-10,4548.0,4398.836556974662
文德,2026-01-11,3570.0,3574.0823164813773
文德,2026-01-12,6079.0,6044.825958115415
文德,2026-01-13,6179.0,6192.766720285346
文德,2026-01-14,6335.0,6183.858547942138
文德,2026-01-15,6265.0,6206.295519245737
文德,2026-01-16,7397.0,6592.657867692997
文德,2026-01-17,5194.0,4574.042186453139
文德,2026-01-18,4611.0,3724.679331843451
文德,2026-01-19,6022.0,5789.898249356381
文德,2026-01-20,6968.0,6140.4773782414595
文德,2026-01-21,6164.0,6505.331880015951
文德,2026-01-22,6437.0,6206.177647368172
文德,2026-01-23,6975.0,6713.632595512243
文德,2026-01-24,4473.0,4766.756714483775
文德,2026-01-25,3691.0,3975.716729948431
文德,2026-01-26,5684.0,5952.156004827012
文德,2026-01-27,5496.0,6278.826576281831
文德,2026-01-28,5294.0,5678.3750172572545
文德,2026-01-29,5394.0,5627.821421022691
文德,2026-01-30,5661.0,6260.125100180045
文德,2026-01-31,4468.0,4711.835242881975
文德,2026-02-01,3315.0,3946.829327663464
文德,2026-02-02,4945.0,5418.872097202646
文德,2026-02-03,5196.0,5484.397684647255
文德,2026-02-04,5321.0,5415.407088723681
文德,2026-02-05,5307.0,5421.358081643869
文德,2026-02-06,5498.0,5712.393297612305
文德,2026-02-07,4467.0,4380.2114702127665
文德,2026-02-08,3754.0,3634.326382214667
文德,2026-02-09,4953.0,5268.431566398203
文德,2026-02-10,5238.0,5290.535358970549
文德,2026-02-11,5123.0,5256.129677298333
文德,2026-02-12,5282.0,5199.533136906522
文德,2026-02-13,5186.0,5451.8614850645
文德,2026-02-14,3791.0,4396.495938882757
文德,2026-02-15,2856.0,3495.3046891089202
文德,2026-02-16,2028.0,2874.176692948477
文德,2026-02-17,2404.0,2477.5980854580557
文德,2026-02-18,2654.0,2562.71437998488
文德,2026-02-19,2916.0,2704.048153960088
文德,2026-02-20,3285.0,3036.9193589711363
文德,2026-02-21,3520.0,3187.31370832762
文德,2026-02-22,3247.0,3172.0224140857013
文德,2026-02-23,6306.0,4805.005348423291
文德,2026-02-24,6581.0,6127.624598477673
文德,2026-02-25,6688.0,6105.5385463423145
文德,2026-02-26,7277.0,6253.248157652428
文德,2026-02-27,4197.0,5452.934700236709
文德,2026-02-28,4207.0,3641.309618224371
文德,2026-03-01,3275.0,3261.100980830991
文德,2026-03-02,6481.0,6026.923361732491
文德,2026-03-03,6543.0,6544.323923237168
文德,2026-03-04,6738.0,6720.19370517609
文德,2026-03-05,6701.0,6802.934484205604
文德,2026-03-06,7220.0,5177.4706185275
文德,2026-03-07,4365.0,4503.182254551677
文德,2026-03-08,4534.0,3354.473536026609
文德,2026-03-09,6432.0,6124.7844454137185
文德,2026-03-10,6546.0,6616.293380081245
文德,2026-03-11,6881.0,6588.661489069995
文德,2026-03-12,6725.0,6858.577864557366
文德,2026-03-13,7217.0,6972.493838974478
文德,2026-03-14,4652.0,4583.476331773074
文德,2026-03-15,3818.0,3921.6544205412642
文德,2026-03-16,6469.0,6371.2833380024285
文德,2026-03-17,6713.0,6563.776376634484
文德,2026-03-18,6842.0,6682.954509640956
文德,2026-03-19,6706.0,6632.344464694026
文德,2026-03-20,7361.0,7108.321389632773
文德,2026-03-21,4663.0,4823.696099428621
文德,2026-03-22,3949.0,3905.608464474366
文德,2026-03-23,6324.0,6401.009699473475
文德,2026-03-24,6693.0,6498.826968687774
文德,2026-03-25,6880.0,6618.5382591250045
文德,2026-03-26,6912.0,6619.490944306075
文德,2026-03-27,7035.0,7086.365651124964
文德,2026-03-28,4424.0,4608.393087708865
文德,2026-03-29,3570.0,3786.4457941303044
文德,2026-03-30,6003.0,6339.596783391995
文德,2026-03-31,6185.0,6402.650768457391
文德,2026-04-01,6203.0,6534.675139899475
文德,2026-04-02,6909.0,6551.040255671472
文德,2026-04-03,3824.0,4052.2024414747502
文德,2026-04-04,3388.0,3715.862661683158
文德,2026-04-05,3358.0,3316.193531130091
文德,2026-04-06,3084.0,3139.0115952378083
文德,2026-04-07,6494.0,5967.783039242564
文德,2026-04-08,6686.0,6468.478217710935
文德,2026-04-09,6579.0,6827.296016258638
文德,2026-04-10,7313.0,6772.184955133834
文德,2026-04-11,4426.0,4778.846211250079
文德,2026-04-12,3824.0,3467.829409024542
文德,2026-04-13,6365.0,6033.855462155764
文德,2026-04-14,6563.0,6446.936803120368
文德,2026-04-15,6613.0,6570.03207212417
文德,2026-04-16,6617.0,6665.701084224713
文德,2026-04-17,6845.0,6752.780342215516
文德,2026-04-18,5107.0,4518.702073233401
文德,2026-04-19,3853.0,4084.1593644800187
文德,2026-04-20,6198.0,6241.025286267937
文德,2026-04-21,6451.0,6357.344923772461
文德,2026-04-22,6688.0,6639.268297324904
文德,2026-04-23,6350.0,6700.487717492198
文德,2026-04-24,7381.0,6907.138224776758
文德,2026-04-25,4254.0,4785.265295332936
文德,2026-04-26,3717.0,3726.2634626197396
文德,2026-04-27,6294.0,6114.3905092889845
文德,2026-04-28,6533.0,6474.485077025944
文德,2026-04-29,6610.0,6626.769996684802
文德,2026-04-30,7220.0,6533.958973349087
文德,2026-05-01,4146.0,4209.689060495604
文德,2026-05-02,4240.0,3893.2458691118495
文德,2026-05-03,3246.0,3756.2746199731046
文德,2026-05-04,6253.0,6121.059435412622
文德,2026-05-05,6421.0,6335.871658413195
文德,2026-05-06,6729.0,6558.8382311696005
文德,2026-05-07,6703.0,6843.952718284433
文德,2026-05-08,7007.0,6719.933740860632
文德,2026-05-09,4190.0,4439.680528880693
文德,2026-05-10,3617.0,3390.902530292966
文德,2026-05-11,6278.0,6137.417277554313
文德,2026-05-12,6381.0,6360.4224271483745
文德,2026-05-13,6223.0,6565.478450975812
文德,2026-05-14,6273.0,6466.7392355689
文德,2026-05-15,7319.0,6746.208740691562
文德,2026-05-16,5181.0,4542.983321855963
文德,2026-05-17,4425.0,3692.7454305288356
文德,2026-05-18,6096.0,6095.679604012803
文德,2026-05-19,6455.0,6268.882866845934
文德,2026-05-20,6343.0,6479.329105980166
文德,2026-05-21,6301.0,6422.338040725707
文德,2026-05-22,6830.0,6833.374059037284
文德,2026-05-23,4672.0,4698.229014526595
文德,2026-05-24,3441.0,4009.4654024537567
文德,2026-05-25,6090.0,6111.590481402225
文德,2026-05-26,6228.0,6310.559873253649
文德,2026-05-27,6402.0,6235.875963147862
文德,2026-05-28,6261.0,6305.608543467972
文德,2026-05-29,6763.0,6762.6728652298125
文德,2026-05-30,4352.0,5013.47035893136
文德,2026-05-31,3629.0,3787.7220627244633
新北投,2026-01-01,6464.0,8005.52468411157
新北投,2026-01-02,7718.0,6737.617179542965
新北投,2026-01-03,7364.0,6709.208951868662
新北投,2026-01-04,6647.0,6244.563918118892
新北投,2026-01-05,5368.0,6436.508571525035
新北投,2026-01-06,6381.0,6603.593015023789
新北投,2026-01-07,6246.0,6553.462670509156
新北投,2026-01-08,6448.0,6436.531964457067
新北投,2026-01-09,6900.0,7145.333416062614
新北投,2026-01-10,6760.0,6730.462812326835
新北投,2026-01-11,6481.0,6340.500600251261
新北投,2026-01-12,5395.0,6171.91320693173
新北投,2026-01-13,6347.0,6362.930368742287
新北投,2026-01-14,6065.0,6434.539599387838
新北投,2026-01-15,6473.0,6305.618489414135
新北投,2026-01-16,6969.0,7023.7748352119
新北投,2026-01-17,6747.0,6725.456479201599
新北投,2026-01-18,6607.0,6282.352981089964
新北投,2026-01-19,5286.0,5596.679797987403
新北投,2026-01-20,6776.0,6163.535304544445
新北投,2026-01-21,6340.0,6374.171061821349
新北投,2026-01-22,6880.0,6497.050336646152
新北投,2026-01-23,7173.0,7022.846653391398
新北投,2026-01-24,6600.0,6534.54484551879
新北投,2026-01-25,6642.0,6236.035670209663
新北投,2026-01-26,5781.0,5622.2733220738855
新北投,2026-01-27,6474.0,6363.755683620257
新北投,2026-01-28,6120.0,6409.5131529104265
新北投,2026-01-29,6578.0,6356.427722354671
新北投,2026-01-30,6924.0,6929.546855013724
新北投,2026-01-31,6206.0,6526.852821008984
新北投,2026-02-01,5666.0,6064.195435061987
新北投,2026-02-02,5069.0,5451.392873295548
新北投,2026-02-03,6254.0,6122.66492819242
新北投,2026-02-04,6118.0,6244.53675832242
新北投,2026-02-05,6110.0,6309.542225940997
新北投,2026-02-06,6653.0,6667.648460453905
新北投,2026-02-07,6103.0,6449.011100041572
新北投,2026-02-08,5956.0,6091.848943567095
新北投,2026-02-09,4702.0,5736.689554881662
新北投,2026-02-10,5312.0,5984.20487103093
新北投,2026-02-11,4831.0,5687.181346167335
新北投,2026-02-12,5338.0,5628.484753993844
新北投,2026-02-13,5130.0,5967.503860657754
新北投,2026-02-14,5398.0,5225.886813435072
新北投,2026-02-15,4532.0,5403.290849906641
新北投,2026-02-16,3112.0,4262.648676158699
新北投,2026-02-17,5929.0,3651.3145661291014
新北投,2026-02-18,7584.0,5569.747688704818
新北投,2026-02-19,8742.0,8359.24291506569
新北投,2026-02-20,8649.0,8656.36479739002
新北投,2026-02-21,8129.0,6775.540264509451
新北投,2026-02-22,6188.0,6248.734964743453
新北投,2026-02-23,5265.0,5340.437121610215
新北投,2026-02-24,5913.0,5533.242166520301
新北投,2026-02-25,5669.0,6329.155261206926
新北投,2026-02-26,6496.0,6186.919125171327
新北投,2026-02-27,6615.0,5061.068437353493
新北投,2026-02-28,7053.0,6318.209481833571
新北投,2026-03-01,5378.0,5993.567434664506
新北投,2026-03-02,5095.0,5258.771887473094
新北投,2026-03-03,5600.0,5646.823327721036
新北投,2026-03-04,5689.0,6070.371850283961
新北投,2026-03-05,6188.0,6269.896002050739
新北投,2026-03-06,6795.0,6615.52576608028
新北投,2026-03-07,7675.0,6998.585878958733
新北投,2026-03-08,6213.0,6689.729975394745
新北投,2026-03-09,5377.0,5262.540596244973
新北投,2026-03-10,6383.0,5648.635853295023
新北投,2026-03-11,6472.0,6007.113172416373
新北投,2026-03-12,6548.0,6469.39497788214
新北投,2026-03-13,7357.0,6812.46594699282
新北投,2026-03-14,7090.0,7255.567734963021
新北投,2026-03-15,6484.0,6084.725865236885
新北投,2026-03-16,5414.0,5478.452775241088
新北投,2026-03-17,6465.0,5864.560963514424
新北投,2026-03-18,6250.0,6482.737214510051
新北投,2026-03-19,6444.0,6379.732990455794
新北投,2026-03-20,7131.0,6661.325630098572
新北投,2026-03-21,7027.0,7154.3154842513195
新北投,2026-03-22,6488.0,6290.287425959406
新北投,2026-03-23,5384.0,5517.4077218829525
新北投,2026-03-24,5919.0,6148.698128332757
新北投,2026-03-25,5856.0,6253.148549155499
新北投,2026-03-26,6035.0,6223.21482995804
新北投,2026-03-27,6332.0,6893.54401212941
新北投,2026-03-28,6149.0,6368.852326277254
新北投,2026-03-29,5300.0,5940.512861587253
新北投,2026-03-30,5200.0,5386.667809599168
新北投,2026-03-31,6009.0,5786.266789037658
新北投,2026-04-01,5435.0,6073.529116985242
新北投,2026-04-02,6213.0,5830.227845226224
新北投,2026-04-03,5542.0,5950.775915712344
新北投,2026-04-04,5745.0,5774.245280514538
新北投,2026-04-05,6063.0,5445.786085972564
新北投,2026-04-06,4228.0,5196.088605561108
新北投,2026-04-07,5621.0,5211.8807475841595
新北投,2026-04-08,5762.0,5791.601575161638
新北投,2026-04-09,6049.0,5960.340239562997
新北投,2026-04-10,6350.0,5961.239455094014
新北投,2026-04-11,6203.0,6044.448205159762
新北投,2026-04-12,5331.0,5822.171234955344
新北投,2026-04-13,4971.0,4988.569338703491
新北投,2026-04-14,5759.0,5556.874054867046
新北投,2026-04-15,5501.0,5553.716665021795
新北投,2026-04-16,6158.0,5771.024524677392
新北投,2026-04-17,6037.0,6265.54817372839
新北投,2026-04-18,5988.0,5771.391976144359
新北投,2026-04-19,5408.0,5346.443840569144
新北投,2026-04-20,4894.0,5008.211537056131
新北投,2026-04-21,5654.0,5501.243468520084
新北投,2026-04-22,5450.0,5573.330775376456
新北投,2026-04-23,5757.0,5683.057926175907
新北投,2026-04-24,6299.0,6099.85986807728
新北投,2026-04-25,5790.0,6084.020489925204
新北投,2026-04-26,5936.0,5202.904305324252
新北投,2026-04-27,4985.0,4976.321621438734
新北投,2026-04-28,5659.0,5542.71364357098
新北投,2026-04-29,5386.0,5614.908509112617
新北投,2026-04-30,6260.0,5701.094133921806
新北投,2026-05-01,6582.0,5797.906384824931
新北投,2026-05-02,6417.0,6095.105295441301
新北投,2026-05-03,5451.0,5816.035773926432
新北投,2026-05-04,5307.0,5009.305380523601
新北投,2026-05-05,5851.0,5515.788530131958
新北投,2026-05-06,5528.0,5561.606600258673
新北投,2026-05-07,5624.0,5738.7279246233475
新北投,2026-05-08,5955.0,6059.859252550415
新北投,2026-05-09,5561.0,5742.553994122867
新北投,2026-05-10,5099.0,5193.175849169478
新北投,2026-05-11,4942.0,5270.718769935669
新北投,2026-05-12,5667.0,5403.615336905199
新北投,2026-05-13,5849.0,5540.18056879395
新北投,2026-05-14,5539.0,5807.856934673516
新北投,2026-05-15,6142.0,5957.860185142157
新北投,2026-05-16,6278.0,5887.444595912176
新北投,2026-05-17,5398.0,5270.930295728435
新北投,2026-05-18,4778.0,5048.425951526069
新北投,2026-05-19,5449.0,5541.155274334555
新北投,2026-05-20,5335.0,5536.427588207586
新北投,2026-05-21,5505.0,5429.599110923388
新北投,2026-05-22,5908.0,5822.261539261666
新北投,2026-05-23,5631.0,5679.346146339944
新北投,2026-05-24,5146.0,5098.751785347795
新北投,2026-05-25,4749.0,4924.060417980367
新北投,2026-05-26,5366.0,5440.317967174621
新北投,2026-05-27,4999.0,5516.902727704498
新北投,2026-05-28,5193.0,5246.294676291299
新北投,2026-05-29,6149.0,5681.323036051913
新北投,2026-05-30,5997.0,5739.231971733874
新北投,2026-05-31,5433.0,5217.417220531558
新北產業園區,2026-01-01,1116.0,1543.5800686596833
新北產業園區,2026-01-02,1966.0,2014.6538392531663
新北產業園區,2026-01-03,1322.0,1422.8842691344607
新北產業園區,2026-01-04,1082.0,1094.8581560920588
新北產業園區,2026-01-05,1902.0,1903.7505260940047
新北產業園區,2026-01-06,1936.0,1966.1274284136482
新北產業園區,2026-01-07,1979.0,2056.946473034032
新北產業園區,2026-01-08,1894.0,1435.3499881364196
新北產業園區,2026-01-09,2263.0,1989.7964127692915
新北產業園區,2026-01-10,1325.0,1428.7780500369668
新北產業園區,2026-01-11,1362.0,1091.3225056593733
新北產業園區,2026-01-12,1913.0,1933.723008691286
新北產業園區,2026-01-13,1970.0,1983.5780009070434
新北產業園區,2026-01-14,2016.0,2107.4175366218315
新北產業園區,2026-01-15,2056.0,2010.4039573577154
新北產業園區,2026-01-16,2126.0,2083.6054479401328
新北產業園區,2026-01-17,1435.0,1345.8145823098912
新北產業園區,2026-01-18,1166.0,1240.990026807071
新北產業園區,2026-01-19,2094.0,1926.6911175521102
新北產業園區,2026-01-20,2158.0,2011.2271073971592
新北產業園區,2026-01-21,2157.0,2063.3358691286653
新北產業園區,2026-01-22,2222.0,2091.8443688795287
新北產業園區,2026-01-23,2322.0,2209.000735325948
新北產業園區,2026-01-24,1575.0,1451.0415540525587
新北產業園區,2026-01-25,1227.0,1260.0918449396468
新北產業園區,2026-01-26,1949.0,1972.2008298509045
新北產業園區,2026-01-27,2049.0,1959.427161922028
新北產業園區,2026-01-28,2288.0,2041.0821907291631
新北產業園區,2026-01-29,2046.0,2211.7876453067643
新北產業園區,2026-01-30,2368.0,2122.0817263404115
新北產業園區,2026-01-31,1558.0,1644.7008797028127
新北產業園區,2026-02-01,1228.0,1258.0141392570554
新北產業園區,2026-02-02,1934.0,2007.0259582547078
新北產業園區,2026-02-03,2142.0,2042.2763881001902
新北產業園區,2026-02-04,2113.0,2204.2545116150645
新北產業園區,2026-02-05,2009.0,2096.5855668496292
新北產業園區,2026-02-06,2301.0,2218.676851501426
新北產業園區,2026-02-07,1621.0,1655.511406032234
新北產業園區,2026-02-08,1116.0,1267.1504008005522
新北產業園區,2026-02-09,2070.0,1968.2597630870157
新北產業園區,2026-02-10,2100.0,2109.1089009188104
新北產業園區,2026-02-11,2154.0,2152.523547129971
新北產業園區,2026-02-12,2034.0,2080.488983166472
新北產業園區,2026-02-13,2020.0,2164.7239853714987
新北產業園區,2026-02-14,960.0,1540.9096230533316
新北產業園區,2026-02-15,791.0,1007.969196289491
新北產業園區,2026-02-16,816.0,926.0819500867068
新北產業園區,2026-02-17,857.0,944.04754982738
新北產業園區,2026-02-18,996.0,969.7602556169609
新北產業園區,2026-02-19,1019.0,1079.649987641272
新北產業園區,2026-02-20,1141.0,1046.141293082405
新北產業園區,2026-02-21,1261.0,1078.5753518678168
新北產業園區,2026-02-22,1061.0,910.6517729626189
新北產業園區,2026-02-23,1886.0,1683.6310032368292
新北產業園區,2026-02-24,2012.0,1980.9458533391278
新北產業園區,2026-02-25,2042.0,2032.2711832918967
新北產業園區,2026-02-26,2164.0,2071.0197061236404
新北產業園區,2026-02-27,1358.0,1487.8716560699652
新北產業園區,2026-02-28,1440.0,1180.5249809432764
新北產業園區,2026-03-01,1024.0,1095.1651318360148
新北產業園區,2026-03-02,1916.0,1869.7355517293888
新北產業園區,2026-03-03,1999.0,1997.6190772488178
新北產業園區,2026-03-04,2051.0,2029.8469509248077
新北產業園區,2026-03-05,2058.0,2104.7466273848577
新北產業園區,2026-03-06,2176.0,1517.6785587334782
新北產業園區,2026-03-07,1592.0,1427.4987102434602
新北產業園區,2026-03-08,1294.0,1131.0402796087633
新北產業園區,2026-03-09,1991.0,1987.2005934780448
新北產業園區,2026-03-10,2219.0,1983.8347807003652
新北產業園區,2026-03-11,2200.0,2137.325975828436
新北產業園區,2026-03-12,2076.0,2173.148066083957
新北產業園區,2026-03-13,2129.0,2126.9764985082425
新北產業園區,2026-03-14,1529.0,1505.3525707136134
新北產業園區,2026-03-15,1206.0,1219.1903463083045
新北產業園區,2026-03-16,1925.0,1999.6841387333864
新北產業園區,2026-03-17,2117.0,2015.2429964929581
新北產業園區,2026-03-18,2052.0,2168.6068214875795
新北產業園區,2026-03-19,2048.0,2090.8904410923333
新北產業園區,2026-03-20,2231.0,2136.9465028033555
新北產業園區,2026-03-21,1587.0,1561.0601398727397
新北產業園區,2026-03-22,1206.0,1236.7099022298069
新北產業園區,2026-03-23,1946.0,1978.5954244209086
新北產業園區,2026-03-24,2044.0,2101.2253161707154
新北產業園區,2026-03-25,2043.0,2055.4742537674747
新北產業園區,2026-03-26,2044.0,2057.603790863175
新北產業園區,2026-03-27,2159.0,2126.609710008889
新北產業園區,2026-03-28,1391.0,1509.5927206725723
新北產業園區,2026-03-29,1002.0,1203.9114123534416
新北產業園區,2026-03-30,1989.0,1921.2127774789421
新北產業園區,2026-03-31,2023.0,2026.5655781252046
新北產業園區,2026-04-01,2095.0,2012.6363069107092
新北產業園區,2026-04-02,2122.0,2046.0401671974826
新北產業園區,2026-04-03,1137.0,1401.2232397603682
新北產業園區,2026-04-04,1212.0,1163.5120141549623
新北產業園區,2026-04-05,1002.0,1055.6709884005454
新北產業園區,2026-04-06,1000.0,964.5779149816758
新北產業園區,2026-04-07,2132.0,1840.925155127918
新北產業園區,2026-04-08,2090.0,2091.0660287734845
新北產業園區,2026-04-09,2099.0,2088.605036786928
新北產業園區,2026-04-10,2149.0,2135.7069093770856
新北產業園區,2026-04-11,1341.0,1358.754039316174
新北產業園區,2026-04-12,1114.0,1059.4754521834661
新北產業園區,2026-04-13,2130.0,1804.1227457040295
新北產業園區,2026-04-14,2035.0,2135.111598264821
新北產業園區,2026-04-15,2051.0,2077.9954012286735
新北產業園區,2026-04-16,2001.0,2092.5440792897057
新北產業園區,2026-04-17,2150.0,2051.124979941085
新北產業園區,2026-04-18,1372.0,1346.0171468614658
新北產業園區,2026-04-19,1244.0,1108.60882302447
新北產業園區,2026-04-20,1990.0,1996.6685552766942
新北產業園區,2026-04-21,2041.0,2037.7085246510012
新北產業園區,2026-04-22,2034.0,2046.2234662882406
新北產業園區,2026-04-23,2078.0,2037.6111318352127
新北產業園區,2026-04-24,2253.0,2187.6099885264634
新北產業園區,2026-04-25,1336.0,1376.8588969585915
新北產業園區,2026-04-26,1173.0,1181.1545840797635
新北產業園區,2026-04-27,1900.0,1989.9691672830668
新北產業園區,2026-04-28,2093.0,1987.1012474022782
新北產業園區,2026-04-29,2028.0,2061.8109172555314
新北產業園區,2026-04-30,2272.0,2045.3013855706279
新北產業園區,2026-05-01,1244.0,1456.429065116385
新北產業園區,2026-05-02,1258.0,1130.5688760897258
新北產業園區,2026-05-03,1004.0,1126.0215337567636
新北產業園區,2026-05-04,2017.0,1882.2238995403036
新北產業園區,2026-05-05,2170.0,2019.4774135339069
新北產業園區,2026-05-06,2088.0,2068.95173247782
新北產業園區,2026-05-07,2143.0,2148.2677047453903
新北產業園區,2026-05-08,2119.0,2186.9765214955023
新北產業園區,2026-05-09,1205.0,1325.6331344747425
新北產業園區,2026-05-10,1021.0,1053.861997544351
新北產業園區,2026-05-11,1944.0,1956.981998320466
新北產業園區,2026-05-12,2151.0,2039.6406757134357
新北產業園區,2026-05-13,2107.0,2101.94757728616
新北產業園區,2026-05-14,2002.0,2177.057938343448
新北產業園區,2026-05-15,2269.0,2010.9905234963999
新北產業園區,2026-05-16,1748.0,1331.833169791781
新北產業園區,2026-05-17,1355.0,1190.3564803902807
新北產業園區,2026-05-18,1929.0,1988.527768667606
新北產業園區,2026-05-19,2027.0,2090.562567930638
新北產業園區,2026-05-20,2023.0,2083.9204361956135
新北產業園區,2026-05-21,2024.0,2058.273102250692
新北產業園區,2026-05-22,2100.0,2096.266393368515
新北產業園區,2026-05-23,1451.0,1623.7720731765803
新北產業園區,2026-05-24,1179.0,1218.4469289297301
新北產業園區,2026-05-25,1934.0,1927.7018000911203
新北產業園區,2026-05-26,2027.0,2018.2078190058985
新北產業園區,2026-05-27,2029.0,2024.410465296413
新北產業園區,2026-05-28,2092.0,1988.070401085499
新北產業園區,2026-05-29,2286.0,2180.683726082884
新北產業園區,2026-05-30,1521.0,1621.0351393775088
新北產業園區,2026-05-31,1287.0,1261.4541964084392
新埔,2026-01-01,23748.0,39009.84918888819
新埔,2026-01-02,40307.0,42261.34144674198
新埔,2026-01-03,30597.0,30723.406253904588
新埔,2026-01-04,24495.0,24956.38414427802
新埔,2026-01-05,40162.0,39774.87229582119
新埔,2026-01-06,41124.0,41632.92329337618
新埔,2026-01-07,41354.0,44099.161445242644
新埔,2026-01-08,41209.0,31603.24645477956
新埔,2026-01-09,43832.0,41932.76033978692
新埔,2026-01-10,33427.0,31557.827296025618
新埔,2026-01-11,26282.0,26700.830034413335
新埔,2026-01-12,37903.0,40335.568775830056
新埔,2026-01-13,39939.0,40975.51432433463
新埔,2026-01-14,40202.0,42394.626291783345
新埔,2026-01-15,39716.0,40783.96031685772
新埔,2026-01-16,41992.0,42531.7387077577
新埔,2026-01-17,32651.0,31502.70064777499
新埔,2026-01-18,26192.0,25657.544601068643
新埔,2026-01-19,37744.0,38435.21054372985
新埔,2026-01-20,39951.0,39878.85655323803
新埔,2026-01-21,38873.0,40426.706419433605
新埔,2026-01-22,39180.0,39614.98570065387
新埔,2026-01-23,42019.0,41549.18424415806
新埔,2026-01-24,33082.0,30911.15466857474
新埔,2026-01-25,27052.0,25965.271457080737
新埔,2026-01-26,38067.0,37659.766932466926
新埔,2026-01-27,39162.0,39668.6721110278
新埔,2026-01-28,39185.0,39655.1614840322
新埔,2026-01-29,40168.0,39630.105049457474
新埔,2026-01-30,41992.0,41377.96137690183
新埔,2026-01-31,33306.0,31209.328661114327
新埔,2026-02-01,26301.0,26627.250165822214
新埔,2026-02-02,37606.0,37761.46283923168
新埔,2026-02-03,39788.0,39282.84134063533
新埔,2026-02-04,40424.0,39675.73370906989
新埔,2026-02-05,40544.0,40584.125439330026
新埔,2026-02-06,42724.0,41918.18251458306
新埔,2026-02-07,33987.0,31743.6234127483
新埔,2026-02-08,27788.0,26706.661981336576
新埔,2026-02-09,38840.0,37755.335424419936
新埔,2026-02-10,40812.0,39714.70625340563
新埔,2026-02-11,40194.0,40629.39316376023
新埔,2026-02-12,40700.0,40538.59652990735
新埔,2026-02-13,40898.0,42816.40501571958
新埔,2026-02-14,28049.0,30890.527252418167
新埔,2026-02-15,21556.0,24611.032320307906
新埔,2026-02-16,14035.0,19731.55818828426
新埔,2026-02-17,19867.0,16108.565575832023
新埔,2026-02-18,20079.0,19557.42438114114
新埔,2026-02-19,21433.0,19629.563909214914
新埔,2026-02-20,22988.0,19165.843920326275
新埔,2026-02-21,25810.0,23623.9340105618
新埔,2026-02-22,23283.0,23125.422069279968
新埔,2026-02-23,37278.0,36664.98644646959
新埔,2026-02-24,39018.0,38423.8754512373
新埔,2026-02-25,40288.0,39326.1652585333
新埔,2026-02-26,41319.0,40530.92722826099
新埔,2026-02-27,31051.0,38332.57129359828
新埔,2026-02-28,30302.0,25960.232462393793
新埔,2026-03-01,24645.0,23810.334870982766
新埔,2026-03-02,40400.0,37033.98984842337
新埔,2026-03-03,40569.0,40754.89300230786
新埔,2026-03-04,41135.0,40919.72536103664
新埔,2026-03-05,41795.0,41408.60351156801
新埔,2026-03-06,43489.0,40400.88611031588
新埔,2026-03-07,33706.0,31630.61359593577
新埔,2026-03-08,26436.0,24922.807012929734
新埔,2026-03-09,39976.0,40178.15395059107
新埔,2026-03-10,41338.0,40763.83740760631
新埔,2026-03-11,42543.0,41283.58580587268
新埔,2026-03-12,41988.0,42338.35131925955
新埔,2026-03-13,44108.0,43193.18110348582
新埔,2026-03-14,35315.0,32924.81186833839
新埔,2026-03-15,27813.0,27649.446338429338
新埔,2026-03-16,39900.0,40252.022375057815
新埔,2026-03-17,41452.0,41141.99625060113
新埔,2026-03-18,42002.0,41848.288135168994
新埔,2026-03-19,41151.0,42078.15343711457
新埔,2026-03-20,44223.0,43634.312439048175
新埔,2026-03-21,33845.0,33690.92813594697
新埔,2026-03-22,27716.0,27404.147765574988
新埔,2026-03-23,39904.0,39862.944933813924
新埔,2026-03-24,41289.0,41421.901425366326
新埔,2026-03-25,41710.0,42020.049086219515
新埔,2026-03-26,41139.0,41120.897334656416
新埔,2026-03-27,42777.0,43641.90799228253
新埔,2026-03-28,32742.0,32451.903894760297
新埔,2026-03-29,25634.0,26935.32076943551
新埔,2026-03-30,39698.0,39846.95850105876
新埔,2026-03-31,38990.0,40992.12749516928
新埔,2026-04-01,38845.0,40850.51231906761
新埔,2026-04-02,40412.0,39914.35545700611
新埔,2026-04-03,27803.0,27754.48915266164
新埔,2026-04-04,24703.0,28479.48505675206
新埔,2026-04-05,23684.0,21408.860211569172
新埔,2026-04-06,22497.0,21849.117850738377
新埔,2026-04-07,39927.0,39262.19629707285
新埔,2026-04-08,41069.0,40463.9095238001
新埔,2026-04-09,41226.0,40995.46993747828
新埔,2026-04-10,43702.0,42376.30707651402
新埔,2026-04-11,33399.0,32449.544246558504
新埔,2026-04-12,27224.0,26325.34299209672
新埔,2026-04-13,39585.0,38001.11873154116
新埔,2026-04-14,40900.0,39859.32293417503
新埔,2026-04-15,41480.0,40932.727446913086
新埔,2026-04-16,40919.0,41244.32369822574
新埔,2026-04-17,42941.0,43280.757393645035
新埔,2026-04-18,32448.0,32398.68940849402
新埔,2026-04-19,26624.0,27247.293584731175
新埔,2026-04-20,39871.0,38644.602912622526
新埔,2026-04-21,41175.0,40888.575513581294
新埔,2026-04-22,41409.0,41711.16218692529
新埔,2026-04-23,40743.0,41271.517942284416
新埔,2026-04-24,42899.0,42799.62631009644
新埔,2026-04-25,33480.0,31720.518835236162
新埔,2026-04-26,28294.0,26778.304175331356
新埔,2026-04-27,40088.0,39613.991812064756
新埔,2026-04-28,41579.0,40941.574180660195
新埔,2026-04-29,41762.0,41699.007739444794
新埔,2026-04-30,43470.0,41192.440925481256
新埔,2026-05-01,30829.0,28832.086863863202
新埔,2026-05-02,29909.0,29529.24464235093
新埔,2026-05-03,25415.0,25599.757411642226
新埔,2026-05-04,40008.0,39929.377300082815
新埔,2026-05-05,41030.0,41233.46630817115
新埔,2026-05-06,42331.0,41544.40353147107
新埔,2026-05-07,41490.0,42549.95406930307
新埔,2026-05-08,43688.0,43241.27585425671
新埔,2026-05-09,33117.0,32527.58933850885
新埔,2026-05-10,25607.0,26899.522755058995
新埔,2026-05-11,39741.0,40062.43502261135
新埔,2026-05-12,40793.0,40991.47675680178
新埔,2026-05-13,40608.0,41655.71997366603
新埔,2026-05-14,40306.0,41865.58068133036
新埔,2026-05-15,43749.0,43203.72154241489
新埔,2026-05-16,34150.0,32109.40630952
新埔,2026-05-17,28429.0,26291.693427495968
新埔,2026-05-18,39668.0,39432.743471705035
新埔,2026-05-19,40938.0,40974.437966819656
新埔,2026-05-20,41753.0,41362.05192336588
新埔,2026-05-21,41005.0,40845.737815464425
新埔,2026-05-22,42943.0,43593.602451291175
新埔,2026-05-23,34176.0,32399.68441556209
新埔,2026-05-24,27164.0,28328.582085521542
新埔,2026-05-25,39475.0,39039.11658117346
新埔,2026-05-26,41036.0,40620.93487150483
新埔,2026-05-27,40877.0,41577.591984566876
新埔,2026-05-28,40610.0,40948.759293132694
新埔,2026-05-29,42542.0,42888.00553964659
新埔,2026-05-30,33503.0,32251.513598910937
新埔,2026-05-31,27082.0,27370.111745759485
新埔民生,2026-01-01,486.0,706.9453883851503
新埔民生,2026-01-02,801.0,723.2231722482456
新埔民生,2026-01-03,596.0,671.9382639033076
新埔民生,2026-01-04,479.0,513.6824791279126
新埔民生,2026-01-05,687.0,689.673967774242
新埔民生,2026-01-06,718.0,752.7955735674998
新埔民生,2026-01-07,734.0,872.6279441677744
新埔民生,2026-01-08,719.0,715.8480307165601
新埔民生,2026-01-09,751.0,760.860205364624
新埔民生,2026-01-10,624.0,633.5560828729805
新埔民生,2026-01-11,552.0,511.3989775723928
新埔民生,2026-01-12,648.0,666.3632647117818
新埔民生,2026-01-13,680.0,708.9980333742768
新埔民生,2026-01-14,725.0,885.063453093075
新埔民生,2026-01-15,705.0,735.462061904742
新埔民生,2026-01-16,764.0,742.5441433723936
新埔民生,2026-01-17,653.0,653.6193587474762
新埔民生,2026-01-18,535.0,512.662529279816
新埔民生,2026-01-19,602.0,642.6261820475565
新埔民生,2026-01-20,680.0,650.6988779740924
新埔民生,2026-01-21,609.0,730.6064705247877
新埔民生,2026-01-22,636.0,647.2369639965582
新埔民生,2026-01-23,663.0,711.4356478145604
新埔民生,2026-01-24,647.0,602.2223472075311
新埔民生,2026-01-25,554.0,522.0355979529729
新埔民生,2026-01-26,661.0,606.7657639252734
新埔民生,2026-01-27,646.0,668.4246629938687
新埔民生,2026-01-28,655.0,668.4689010866726
新埔民生,2026-01-29,649.0,668.565097440299
新埔民生,2026-01-30,689.0,663.7145304166938
新埔民生,2026-01-31,635.0,622.0193143847466
新埔民生,2026-02-01,437.0,516.3471624211843
新埔民生,2026-02-02,626.0,618.4867098812207
新埔民生,2026-02-03,645.0,666.1913876453066
新埔民生,2026-02-04,660.0,661.6068221476237
新埔民生,2026-02-05,624.0,664.320856855176
新埔民生,2026-02-06,758.0,667.3288255399286
新埔民生,2026-02-07,651.0,658.3786561779294
新埔民生,2026-02-08,531.0,520.3401665284749
新埔民生,2026-02-09,638.0,597.2258761832138
新埔民生,2026-02-10,716.0,668.0033964730802
新埔民生,2026-02-11,633.0,688.6886116616585
新埔民生,2026-02-12,689.0,675.0022893433106
新埔民生,2026-02-13,722.0,734.7801348777926
新埔民生,2026-02-14,519.0,654.8576923676309
新埔民生,2026-02-15,399.0,448.8114680306076
新埔民生,2026-02-16,306.0,450.22573088866466
新埔民生,2026-02-17,318.0,410.18346211495464
新埔民生,2026-02-18,382.0,366.53579254160866
新埔民生,2026-02-19,433.0,408.69799321402985
新埔民生,2026-02-20,526.0,472.8361495391435
新埔民生,2026-02-21,667.0,463.36655864187975
新埔民生,2026-02-22,606.0,507.7994562312041
新埔民生,2026-02-23,679.0,641.6677399354458
新埔民生,2026-02-24,705.0,688.980013476237
新埔民生,2026-02-25,793.0,688.1213288087655
新埔民生,2026-02-26,861.0,730.0625360970727
新埔民生,2026-02-27,781.0,627.7157891935634
新埔民生,2026-02-28,877.0,647.4687172339754
新埔民生,2026-03-01,671.0,639.8917451421985
新埔民生,2026-03-02,822.0,759.1876090472276
新埔民生,2026-03-03,834.0,774.0558014740394
新埔民生,2026-03-04,810.0,807.5409608185361
新埔民生,2026-03-05,848.0,992.6588520681964
新埔民生,2026-03-06,918.0,775.2805960860462
新埔民生,2026-03-07,905.0,795.058480197363
新埔民生,2026-03-08,760.0,684.0441448443773
新埔民生,2026-03-09,797.0,799.2728351109105
新埔民生,2026-03-10,785.0,809.97960230967
新埔民生,2026-03-11,741.0,772.8852588759282
新埔民生,2026-03-12,837.0,791.6151517009824
新埔民生,2026-03-13,839.0,873.7239571716408
新埔民生,2026-03-14,721.0,750.145019222808
新埔民生,2026-03-15,560.0,652.4994768194772
新埔民生,2026-03-16,806.0,731.4331711687009
新埔民生,2026-03-17,814.0,763.5199480450464
新埔民生,2026-03-18,815.0,754.8424193600225
新埔民生,2026-03-19,819.0,792.1993034612591
新埔民生,2026-03-20,848.0,877.5455620042159
新埔民生,2026-03-21,769.0,731.2912697987289
新埔民生,2026-03-22,592.0,657.6671834084093
新埔民生,2026-03-23,789.0,747.8857260057481
新埔民生,2026-03-24,798.0,779.4027326886081
新埔民生,2026-03-25,821.0,809.4747032077543
新埔民生,2026-03-26,826.0,783.9896943244665
新埔民生,2026-03-27,814.0,790.859720271301
新埔民生,2026-03-28,731.0,683.8857804346493
新埔民生,2026-03-29,540.0,587.7471994714952
新埔民生,2026-03-30,738.0,730.2646381091675
新埔民生,2026-03-31,721.0,761.1905407898204
新埔民生,2026-04-01,748.0,776.2245143331617
新埔民生,2026-04-02,674.0,786.4879471103661
新埔民生,2026-04-03,598.0,654.2884100809893
新埔民生,2026-04-04,469.0,616.9001202509932
新埔民生,2026-04-05,443.0,440.18240050608426
新埔民生,2026-04-06,438.0,522.9705565640355
新埔民生,2026-04-07,701.0,600.9799955751454
新埔民生,2026-04-08,811.0,708.5765108167692
新埔民生,2026-04-09,780.0,711.8475454436347
新埔民生,2026-04-10,817.0,718.5057876602385
新埔民生,2026-04-11,699.0,622.0259275522089
新埔民生,2026-04-12,545.0,542.0736511821651
新埔民生,2026-04-13,818.0,671.8029807876162
新埔民生,2026-04-14,779.0,737.2061663502474
新埔民生,2026-04-15,850.0,801.5087528182745
新埔民生,2026-04-16,825.0,770.6111260196204
新埔民生,2026-04-17,851.0,781.2976608012871
新埔民生,2026-04-18,705.0,695.2723572029589
新埔民生,2026-04-19,542.0,550.6490841941137
新埔民生,2026-04-20,810.0,814.086988869533
新埔民生,2026-04-21,787.0,764.8228588480522
新埔民生,2026-04-22,779.0,779.9412896803774
新埔民生,2026-04-23,783.0,777.3270936386598
新埔民生,2026-04-24,863.0,785.4435665483899
新埔民生,2026-04-25,690.0,691.4624703997175
新埔民生,2026-04-26,629.0,549.7251922745003
新埔民生,2026-04-27,798.0,747.982006877654
新埔民生,2026-04-28,798.0,762.1580177692678
新埔民生,2026-04-29,841.0,773.7842505087505
新埔民生,2026-04-30,859.0,773.961485760427
新埔民生,2026-05-01,661.0,693.2051372389366
新埔民生,2026-05-02,592.0,594.1998958963148
新埔民生,2026-05-03,504.0,515.3040258736075
新埔民生,2026-05-04,819.0,714.6488648742327
新埔民生,2026-05-05,875.0,778.3789107732229
新埔民生,2026-05-06,855.0,804.2618219313368
新埔民生,2026-05-07,786.0,829.6227065674123
新埔民生,2026-05-08,847.0,772.1356177467756
新埔民生,2026-05-09,669.0,648.9993817040664
新埔民生,2026-05-10,509.0,548.1295277594925
新埔民生,2026-05-11,812.0,739.3892851353444
新埔民生,2026-05-12,801.0,835.2504954460169
新埔民生,2026-05-13,806.0,796.6435683613913
新埔民生,2026-05-14,754.0,796.3621042657321
新埔民生,2026-05-15,834.0,844.8952240199171
新埔民生,2026-05-16,738.0,679.7495152222651
新埔民生,2026-05-17,623.0,544.1233369462774
新埔民生,2026-05-18,762.0,760.0207101038941
新埔民生,2026-05-19,843.0,846.0201616115802
新埔民生,2026-05-20,826.0,793.6097369411634
新埔民生,2026-05-21,817.0,768.8657955279729
新埔民生,2026-05-22,852.0,797.9368620573472
新埔民生,2026-05-23,704.0,671.941579659424
新埔民生,2026-05-24,503.0,594.8054748514728
新埔民生,2026-05-25,764.0,717.2651920350605
新埔民生,2026-05-26,785.0,794.6509409278234
新埔民生,2026-05-27,769.0,791.1270154932357
新埔民生,2026-05-28,834.0,783.508149430091
新埔民生,2026-05-29,873.0,798.25147681405
新埔民生,2026-05-30,738.0,703.3208228617403
新埔民生,2026-05-31,526.0,584.9472464849961
新店,2026-01-01,8006.0,10903.135841231777
新店,2026-01-02,12549.0,12962.385865860348
新店,2026-01-03,10892.0,10909.940380873757
新店,2026-01-04,10811.0,9770.757688260128
新店,2026-01-05,12483.0,12327.312713702408
新店,2026-01-06,12230.0,13002.032838495536
新店,2026-01-07,12423.0,13287.532108646255
新店,2026-01-08,12579.0,11527.624373023482
新店,2026-01-09,13591.0,12945.518001351493
新店,2026-01-10,11497.0,10761.014421722284
新店,2026-01-11,9718.0,9740.664929159886
新店,2026-01-12,12120.0,12456.807296655421
新店,2026-01-13,13038.0,12826.882736452268
新店,2026-01-14,12879.0,13212.692926121374
新店,2026-01-15,13045.0,12855.27506059304
新店,2026-01-16,13424.0,13516.137475512995
新店,2026-01-17,11634.0,11524.629391481869
新店,2026-01-18,10649.0,10247.096203246798
新店,2026-01-19,12215.0,12268.828524525587
新店,2026-01-20,12590.0,12480.003036120203
新店,2026-01-21,12025.0,12637.645368253134
新店,2026-01-22,11985.0,12477.037556801439
新店,2026-01-23,13333.0,13180.435575775335
新店,2026-01-24,10324.0,11540.343510845129
新店,2026-01-25,10884.0,9432.754664796184
新店,2026-01-26,12466.0,12022.660411288889
新店,2026-01-27,12248.0,12689.61675785031
新店,2026-01-28,12470.0,12421.59760671574
新店,2026-01-29,12987.0,12578.663842393791
新店,2026-01-30,13535.0,13288.713673541059
新店,2026-01-31,10574.0,10992.747051905932
新店,2026-02-01,8450.0,10355.585474491689
新店,2026-02-02,11508.0,12359.486733479229
新店,2026-02-03,12777.0,12090.578648899027
新店,2026-02-04,13289.0,12750.74969955621
新店,2026-02-05,13305.0,13066.453189140657
新店,2026-02-06,13379.0,13606.297700087987
新店,2026-02-07,10339.0,10511.021904070478
新店,2026-02-08,9073.0,9539.907563698565
新店,2026-02-09,12114.0,12099.84738807658
新店,2026-02-10,12681.0,12399.318043659234
新店,2026-02-11,12432.0,12849.234090970778
新店,2026-02-12,12721.0,12866.726604084444
新店,2026-02-13,12399.0,13359.690769923567
新店,2026-02-14,9569.0,10611.867903999912
新店,2026-02-15,8299.0,8363.790659042283
新店,2026-02-16,6093.0,8995.318254127104
新店,2026-02-17,8244.0,5789.986898486699
新店,2026-02-18,9513.0,8668.55830182455
新店,2026-02-19,11677.0,10215.114967748577
新店,2026-02-20,10903.0,10555.560311145027
新店,2026-02-21,12222.0,9819.14354090807
新店,2026-02-22,10584.0,9279.333003688746
新店,2026-02-23,12206.0,12035.339996176628
新店,2026-02-24,12513.0,12428.995929836232
新店,2026-02-25,12795.0,12637.193070879264
新店,2026-02-26,13549.0,12182.915006898333
新店,2026-02-27,10239.0,11076.038444347616
新店,2026-02-28,11031.0,10091.91547390462
新店,2026-03-01,9348.0,9749.057012896463
新店,2026-03-02,12388.0,12088.772128303932
新店,2026-03-03,12067.0,12525.531480899466
新店,2026-03-04,12349.0,12434.293941557487
新店,2026-03-05,12868.0,12922.308600529028
新店,2026-03-06,13455.0,12249.173772735407
新店,2026-03-07,11540.0,10586.335199303005
新店,2026-03-08,9947.0,10011.375487774796
新店,2026-03-09,12254.0,12291.955401201069
新店,2026-03-10,12206.0,12448.676611124112
新店,2026-03-11,13221.0,12430.21346877159
新店,2026-03-12,13176.0,13033.082607516937
新店,2026-03-13,13955.0,13405.988316645713
新店,2026-03-14,12365.0,11856.276888684702
新店,2026-03-15,11260.0,9540.867236144846
新店,2026-03-16,12611.0,12250.67286218901
新店,2026-03-17,13446.0,12706.721201370248
新店,2026-03-18,13301.0,13298.516540325698
新店,2026-03-19,12996.0,12969.307204298042
新店,2026-03-20,13758.0,13637.92623361551
新店,2026-03-21,11872.0,11479.550446163961
新店,2026-03-22,13295.0,10164.437416537161
新店,2026-03-23,12747.0,13161.638925212534
新店,2026-03-24,13092.0,13100.053046763362
新店,2026-03-25,13179.0,13071.57186820809
新店,2026-03-26,13287.0,12943.348966718959
新店,2026-03-27,13069.0,13707.681960002961
新店,2026-03-28,11409.0,11405.355329481885
新店,2026-03-29,10343.0,10973.455899804443
新店,2026-03-30,12624.0,12379.480149313633
新店,2026-03-31,12938.0,12963.164026914259
新店,2026-04-01,12475.0,13032.501856698458
新店,2026-04-02,13711.0,12887.515675968343
新店,2026-04-03,9959.0,10848.881429703475
新店,2026-04-04,8592.0,10026.570576672642
新店,2026-04-05,10195.0,8767.329314457898
新店,2026-04-06,8643.0,10215.576421519012
新店,2026-04-07,12074.0,12744.457663722487
新店,2026-04-08,12456.0,12555.621414804975
新店,2026-04-09,13432.0,12908.484579732085
新店,2026-04-10,14252.0,13498.941755401693
新店,2026-04-11,12608.0,10999.872674388771
新店,2026-04-12,11268.0,10247.391748527069
新店,2026-04-13,12639.0,12508.886392499642
新店,2026-04-14,12996.0,12905.069140967978
新店,2026-04-15,12849.0,12438.80804581121
新店,2026-04-16,13055.0,13428.489499731322
新店,2026-04-17,14213.0,13665.01705028624
新店,2026-04-18,11855.0,10643.611917265223
新店,2026-04-19,11789.0,10268.606773733885
新店,2026-04-20,12698.0,12811.139880752704
新店,2026-04-21,13022.0,12881.129026394352
新店,2026-04-22,13311.0,12897.873648390814
新店,2026-04-23,12693.0,13165.398012255113
新店,2026-04-24,13177.0,13903.709277452119
新店,2026-04-25,11467.0,11589.457966588472
新店,2026-04-26,12117.0,11074.719126182623
新店,2026-04-27,13023.0,12524.574550497702
新店,2026-04-28,13529.0,12991.253318669567
新店,2026-04-29,12957.0,13291.888136295354
新店,2026-04-30,13152.0,12895.240019231976
新店,2026-05-01,14719.0,10571.466403962753
新店,2026-05-02,14962.0,11609.389163593494
新店,2026-05-03,11268.0,11666.473852185038
新店,2026-05-04,12047.0,12468.866222219416
新店,2026-05-05,12368.0,13105.739827546166
新店,2026-05-06,13695.0,12815.285309496718
新店,2026-05-07,13510.0,13492.615391147789
新店,2026-05-08,13670.0,13851.301350087248
新店,2026-05-09,11475.0,12051.512169422756
新店,2026-05-10,11189.0,10647.677587172093
新店,2026-05-11,12825.0,12474.870641769325
新店,2026-05-12,13162.0,13215.1975753688
新店,2026-05-13,12638.0,13273.445327617106
新店,2026-05-14,12272.0,12982.933033564432
新店,2026-05-15,14210.0,13921.968243823902
新店,2026-05-16,14175.0,12490.90731219836
新店,2026-05-17,12912.0,11322.476091429857
新店,2026-05-18,12933.0,12994.570051715391
新店,2026-05-19,13055.0,12975.563782453572
新店,2026-05-20,13414.0,13160.36892268978
新店,2026-05-21,13097.0,13613.984061720954
新店,2026-05-22,13954.0,13802.056674001746
新店,2026-05-23,14146.0,11940.303802650636
新店,2026-05-24,11854.0,11669.604529493166
新店,2026-05-25,12650.0,12651.220530111217
新店,2026-05-26,13000.0,12943.41961098172
新店,2026-05-27,12960.0,12993.941438734737
新店,2026-05-28,12848.0,12909.923647615364
新店,2026-05-29,13419.0,13810.145906189948
新店,2026-05-30,13545.0,11974.662648670248
新店,2026-05-31,11458.0,11606.467882086738
新店區公所,2026-01-01,7030.0,8341.967623225904
新店區公所,2026-01-02,12491.0,12876.912936423318
新店區公所,2026-01-03,9004.0,9632.53360751742
新店區公所,2026-01-04,7767.0,7524.673892523876
新店區公所,2026-01-05,12312.0,12313.384544040928
新店區公所,2026-01-06,12439.0,12739.889068022025
新店區公所,2026-01-07,12733.0,13660.104188332585
新店區公所,2026-01-08,12773.0,11647.273882601274
新店區公所,2026-01-09,13350.0,12922.907186534674
新店區公所,2026-01-10,9969.0,9584.684646542632
新店區公所,2026-01-11,7957.0,8010.62297756313
新店區公所,2026-01-12,12317.0,12300.890447746695
新店區公所,2026-01-13,12532.0,12500.297510497856
新店區公所,2026-01-14,12751.0,12889.902809544972
新店區公所,2026-01-15,12688.0,12840.76627177169
新店區公所,2026-01-16,13367.0,13130.662811597382
新店區公所,2026-01-17,10377.0,9462.087950992356
新店區公所,2026-01-18,8249.0,8218.455097526925
新店區公所,2026-01-19,12360.0,12320.634867358436
新店區公所,2026-01-20,13126.0,12508.040575755573
新店區公所,2026-01-21,12463.0,13043.937491211633
新店區公所,2026-01-22,12410.0,12546.847981467017
新店區公所,2026-01-23,13585.0,13280.858650103406
新店區公所,2026-01-24,9713.0,10154.752504737175
新店區公所,2026-01-25,8492.0,7902.682521854265
新店區公所,2026-01-26,12379.0,12388.097559169453
新店區公所,2026-01-27,12445.0,12706.264790838835
新店區公所,2026-01-28,12610.0,12466.53461301539
新店區公所,2026-01-29,12833.0,12580.014368398997
新店區公所,2026-01-30,13877.0,13463.385705197436
新店區公所,2026-01-31,9855.0,10151.712459761484
新店區公所,2026-02-01,8042.0,7923.1420253986225
新店區公所,2026-02-02,12257.0,12417.168917969284
新店區公所,2026-02-03,12978.0,12528.864389883993
新店區公所,2026-02-04,12912.0,12902.778667495531
新店區公所,2026-02-05,13049.0,12995.003735277913
新店區公所,2026-02-06,13609.0,13580.371859225186
新店區公所,2026-02-07,10010.0,9769.227780522166
新店區公所,2026-02-08,8081.0,8170.409858278435
新店區公所,2026-02-09,12469.0,12428.18750914554
新店區公所,2026-02-10,13210.0,12739.035846373987
新店區公所,2026-02-11,13005.0,13109.581182858754
新店區公所,2026-02-12,12883.0,13051.272853150676
新店區公所,2026-02-13,12888.0,13692.818574595136
新店區公所,2026-02-14,8528.0,9859.357650685708
新店區公所,2026-02-15,6674.0,7509.313041473778
新店區公所,2026-02-16,4945.0,5781.694987691429
新店區公所,2026-02-17,5743.0,6607.287279084346
新店區公所,2026-02-18,6660.0,6645.7797935653125
新店區公所,2026-02-19,7187.0,7183.639563273056
新店區公所,2026-02-20,7279.0,7229.733978742446
新店區公所,2026-02-21,8375.0,7242.404999415069
新店區公所,2026-02-22,7733.0,7114.690987798146
新店區公所,2026-02-23,12275.0,11663.6963464289
新店區公所,2026-02-24,12497.0,12483.29925857291
新店區公所,2026-02-25,13068.0,12709.865580373487
新店區公所,2026-02-26,13465.0,13202.744640097155
新店區公所,2026-02-27,9586.0,8415.809868727949
新店區公所,2026-02-28,9457.0,7952.80311184272
新店區公所,2026-03-01,7920.0,7555.324618801837
新店區公所,2026-03-02,12408.0,11897.964022572867
新店區公所,2026-03-03,12392.0,12528.687952544466
新店區公所,2026-03-04,12696.0,12674.185327346437
新店區公所,2026-03-05,13032.0,13194.384965954972
新店區公所,2026-03-06,13728.0,12477.146145195491
新店區公所,2026-03-07,10238.0,9086.376803514322
新店區公所,2026-03-08,8404.0,8108.588874779848
新店區公所,2026-03-09,12571.0,12366.367190801613
新店區公所,2026-03-10,12654.0,12590.944416094033
新店區公所,2026-03-11,13201.0,12759.983095400357
新店區公所,2026-03-12,13008.0,13043.096935241341
新店區公所,2026-03-13,13771.0,13616.686849476544
新店區公所,2026-03-14,10627.0,10000.272896627448
新店區公所,2026-03-15,8569.0,8405.63605679571
新店區公所,2026-03-16,12497.0,12529.23672034828
新店區公所,2026-03-17,12852.0,12661.78047312858
新店區公所,2026-03-18,13089.0,13080.176347754805
新店區公所,2026-03-19,12848.0,13031.315625543033
新店區公所,2026-03-20,13804.0,13764.22761901961
新店區公所,2026-03-21,10540.0,10412.711244248525
新店區公所,2026-03-22,8626.0,8492.833583487876
新店區公所,2026-03-23,12581.0,12657.317745217137
新店區公所,2026-03-24,12771.0,12749.3025173876
新店區公所,2026-03-25,12974.0,13042.017058858355
新店區公所,2026-03-26,12994.0,13008.05738052689
新店區公所,2026-03-27,13463.0,13707.814131538677
新店區公所,2026-03-28,10372.0,10282.485382745264
新店區公所,2026-03-29,8342.0,8484.495267369011
新店區公所,2026-03-30,12422.0,12511.697366937098
新店區公所,2026-03-31,12739.0,12721.38778314959
新店區公所,2026-04-01,12749.0,12941.112131840819
新店區公所,2026-04-02,13415.0,12847.25701530192
新店區公所,2026-04-03,8826.0,8791.407968654737
新店區公所,2026-04-04,7556.0,8721.13597454125
新店區公所,2026-04-05,7527.0,7268.822636825307
新店區公所,2026-04-06,7070.0,6767.055341458249
新店區公所,2026-04-07,12469.0,12434.086729375242
新店區公所,2026-04-08,12900.0,12719.89358794576
新店區公所,2026-04-09,12936.0,13027.896219032747
新店區公所,2026-04-10,13632.0,13465.438332652095
新店區公所,2026-04-11,10260.0,9918.710275635074
新店區公所,2026-04-12,8367.0,8199.27855707711
新店區公所,2026-04-13,12328.0,12030.971099547134
新店區公所,2026-04-14,12670.0,12523.245740055025
新店區公所,2026-04-15,12853.0,12812.476806357858
新店區公所,2026-04-16,12799.0,12946.672458946132
新店區公所,2026-04-17,13210.0,13426.733340984294
新店區公所,2026-04-18,10746.0,10363.227900467715
新店區公所,2026-04-19,8707.0,8433.883530634284
新店區公所,2026-04-20,12337.0,12257.075155984785
新店區公所,2026-04-21,12737.0,12612.09757992388
新店區公所,2026-04-22,12768.0,12940.795878826139
新店區公所,2026-04-23,12608.0,12941.484954712447
新店區公所,2026-04-24,13544.0,13279.809376004983
新店區公所,2026-04-25,10183.0,10507.419972050582
新店區公所,2026-04-26,8855.0,8350.252911572632
新店區公所,2026-04-27,12530.0,12394.613075121497
新店區公所,2026-04-28,13062.0,12625.210589930508
新店區公所,2026-04-29,13156.0,12990.492139337513
新店區公所,2026-04-30,13636.0,12919.274288031362
新店區公所,2026-05-01,9968.0,9328.000493119878
新店區公所,2026-05-02,9663.0,9309.551179359916
新店區公所,2026-05-03,7880.0,8451.98573769868
新店區公所,2026-05-04,13124.0,12313.032604856362
新店區公所,2026-05-05,13096.0,13106.039939772376
新店區公所,2026-05-06,13449.0,13145.72629175784
新店區公所,2026-05-07,13180.0,13398.030008691607
新店區公所,2026-05-08,13855.0,13483.450378528172
新店區公所,2026-05-09,9746.0,10041.242225711667
新店區公所,2026-05-10,8115.0,7966.59944476088
新店區公所,2026-05-11,12620.0,12794.620025338765
新店區公所,2026-05-12,13012.0,13056.615791497457
新店區公所,2026-05-13,12904.0,13185.180769199871
新店區公所,2026-05-14,12436.0,13237.10359168161
新店區公所,2026-05-15,13808.0,13331.895079659247
新店區公所,2026-05-16,10337.0,9781.38800814229
新店區公所,2026-05-17,8836.0,8299.917019055292
新店區公所,2026-05-18,12577.0,12501.437005462469
新店區公所,2026-05-19,12868.0,12978.84470522724
新店區公所,2026-05-20,13005.0,12961.595737921152
新店區公所,2026-05-21,12741.0,12892.389007342616
新店區公所,2026-05-22,13604.0,13637.024856082135
新店區公所,2026-05-23,10699.0,10167.891273717052
新店區公所,2026-05-24,8658.0,8613.939087998544
新店區公所,2026-05-25,12432.0,12603.261137051257
新店區公所,2026-05-26,12788.0,12898.618765213601
新店區公所,2026-05-27,13005.0,12967.441485901321
新店區公所,2026-05-28,12864.0,12921.058879056876
新店區公所,2026-05-29,13303.0,13750.308375948509
新店區公所,2026-05-30,10319.0,10421.0526505247
新店區公所,2026-05-31,8295.0,8485.081091563778
新莊,2026-01-01,5413.0,7382.59031535458
新莊,2026-01-02,11342.0,11124.355149999654
新莊,2026-01-03,8307.0,8368.578283082426
新莊,2026-01-04,6581.0,6912.345428908798
新莊,2026-01-05,11234.0,11042.0536215596
新莊,2026-01-06,11294.0,11488.794786274364
新莊,2026-01-07,11446.0,11912.787452468081
新莊,2026-01-08,11402.0,10685.90293020437
新莊,2026-01-09,11895.0,11414.63769629254
新莊,2026-01-10,8478.0,8073.007776288992
新莊,2026-01-11,6731.0,6880.207394433152
新莊,2026-01-12,10912.0,11060.815411042793
新莊,2026-01-13,11399.0,11186.886957060307
新莊,2026-01-14,11509.0,11566.027345618933
新莊,2026-01-15,11466.0,11388.546031697893
新莊,2026-01-16,11878.0,11641.18180966765
新莊,2026-01-17,8242.0,8166.786045913505
新莊,2026-01-18,6546.0,6546.566408417701
新莊,2026-01-19,10669.0,10967.919713968133
新莊,2026-01-20,11685.0,10979.96477602609
新莊,2026-01-21,11166.0,11665.544424886652
新莊,2026-01-22,11028.0,11290.078106131345
新莊,2026-01-23,11858.0,11488.339195843915
新莊,2026-01-24,9289.0,7989.024975803086
新莊,2026-01-25,8014.0,7016.399323211922
新莊,2026-01-26,10686.0,10775.64690373854
新莊,2026-01-27,10622.0,11261.901349700676
新莊,2026-01-28,10758.0,10871.73272117131
新莊,2026-01-29,11217.0,10970.043191616656
新莊,2026-01-30,11574.0,11605.564512892528
新莊,2026-01-31,8182.0,8578.335144594454
新莊,2026-02-01,6258.0,6753.310032058571
新莊,2026-02-02,10093.0,10703.77971136602
新莊,2026-02-03,10621.0,10534.239204561554
新莊,2026-02-04,10631.0,10986.54821945987
新莊,2026-02-05,11399.0,10879.494842014934
新莊,2026-02-06,11918.0,11565.611383824915
新莊,2026-02-07,9275.0,8483.717017581315
新莊,2026-02-08,7259.0,7666.628146053548
新莊,2026-02-09,10194.0,10539.297232766963
新莊,2026-02-10,11484.0,10575.997085015439
新莊,2026-02-11,11348.0,11259.928765879864
新莊,2026-02-12,11614.0,11409.311568389292
新莊,2026-02-13,10509.0,11711.522277012034
新莊,2026-02-14,7083.0,8776.20417582662
新莊,2026-02-15,5358.0,6160.42902545974
新莊,2026-02-16,3265.0,5485.446509259258
新莊,2026-02-17,4977.0,4281.416428226041
新莊,2026-02-18,5292.0,4954.417375711619
新莊,2026-02-19,5983.0,5228.354683172433
新莊,2026-02-20,6357.0,6118.028287563022
新莊,2026-02-21,6805.0,6869.994461928966
新莊,2026-02-22,5980.0,6122.160305130468
新莊,2026-02-23,11191.0,9892.541500967774
新莊,2026-02-24,11744.0,11301.61303071982
新莊,2026-02-25,11732.0,11733.04478772826
新莊,2026-02-26,13647.0,11701.683039794547
新莊,2026-02-27,7864.0,7368.301377211684
新莊,2026-02-28,7953.0,6718.435394953455
新莊,2026-03-01,6426.0,5948.396418907433
新莊,2026-03-02,11364.0,10782.442083300839
新莊,2026-03-03,11486.0,11516.37964409448
新莊,2026-03-04,12094.0,11589.460354124285
新莊,2026-03-05,11882.0,13001.716472441072
新莊,2026-03-06,12603.0,11857.748411774463
新莊,2026-03-07,9548.0,8124.176600278395
新莊,2026-03-08,7199.0,6967.860934365586
新莊,2026-03-09,11314.0,11265.685019276472
新莊,2026-03-10,11578.0,11628.025743015482
新莊,2026-03-11,12128.0,11801.914873172076
新莊,2026-03-12,12366.0,12253.317591717103
新莊,2026-03-13,12850.0,12707.56147987814
新莊,2026-03-14,9516.0,9242.192544384578
新莊,2026-03-15,7005.0,7141.786822118513
新莊,2026-03-16,11344.0,11199.725299113243
新莊,2026-03-17,11883.0,11607.02229114779
新莊,2026-03-18,12000.0,12011.56858746118
新莊,2026-03-19,11868.0,12091.017752295966
新莊,2026-03-20,12330.0,12280.188249586325
新莊,2026-03-21,9413.0,9285.047139829507
新莊,2026-03-22,7762.0,7387.118251075147
新莊,2026-03-23,11332.0,11220.145992728516
新莊,2026-03-24,11881.0,11713.537592229111
新莊,2026-03-25,11975.0,11956.077001894406
新莊,2026-03-26,11964.0,12038.297728180623
新莊,2026-03-27,11778.0,12427.772984597319
新莊,2026-03-28,8310.0,9189.69780624529
新莊,2026-03-29,6349.0,6951.473429804042
新莊,2026-03-30,11386.0,11126.744399039953
新莊,2026-03-31,11648.0,11651.75135448702
新莊,2026-04-01,11797.0,11582.012826891632
新莊,2026-04-02,11780.0,11636.724971557767
新莊,2026-04-03,8361.0,7552.941185412803
新莊,2026-04-04,6769.0,7438.078057347118
新莊,2026-04-05,8246.0,6262.9476361065945
新莊,2026-04-06,7164.0,7526.075191403671
新莊,2026-04-07,11236.0,11198.739492618002
新莊,2026-04-08,11815.0,11420.40509477252
新莊,2026-04-09,11869.0,11776.742408960985
新莊,2026-04-10,12211.0,12032.657889791642
新莊,2026-04-11,9125.0,8629.845926312211
新莊,2026-04-12,6776.0,7064.590068649747
新莊,2026-04-13,11212.0,11113.118048792665
新莊,2026-04-14,12401.0,11386.145003383328
新莊,2026-04-15,12367.0,12338.815894822237
新莊,2026-04-16,11661.0,12241.12908921823
新莊,2026-04-17,13213.0,11976.731150483276
新莊,2026-04-18,10967.0,8633.740613928281
新莊,2026-04-19,8693.0,8409.361986163274
新莊,2026-04-20,11096.0,11359.374451068348
新莊,2026-04-21,11553.0,11684.74991999707
新莊,2026-04-22,11702.0,11903.833238142948
新莊,2026-04-23,11412.0,11695.36001787329
新莊,2026-04-24,12273.0,11942.162892955053
新莊,2026-04-25,7947.0,9500.067340525486
新莊,2026-04-26,7229.0,6892.097578196859
新莊,2026-04-27,11156.0,11081.539666050201
新莊,2026-04-28,12547.0,11539.263748374948
新莊,2026-04-29,12526.0,12215.336055638505
新莊,2026-04-30,11601.0,12212.418767987472
新莊,2026-05-01,7485.0,7138.717906189188
新莊,2026-05-02,8166.0,7350.865592269673
新莊,2026-05-03,6741.0,7047.168331740459
新莊,2026-05-04,11308.0,10933.882169054095
新莊,2026-05-05,11524.0,11763.645183665592
新莊,2026-05-06,12694.0,11788.853779972209
新莊,2026-05-07,11918.0,12444.287624195207
新莊,2026-05-08,13116.0,12274.16258427969
新莊,2026-05-09,9748.0,8248.479323541136
新莊,2026-05-10,7220.0,7505.2244002787975
新莊,2026-05-11,11431.0,11183.491395030547
新莊,2026-05-12,12882.0,11677.683370007451
新莊,2026-05-13,11329.0,12784.046731408584
新莊,2026-05-14,11114.0,11580.041532483581
新莊,2026-05-15,13414.0,11996.4554842489
新莊,2026-05-16,10740.0,9334.063605021365
新莊,2026-05-17,8784.0,7385.217822081247
新莊,2026-05-18,11218.0,11301.461579046654
新莊,2026-05-19,11522.0,11778.963286176511
新莊,2026-05-20,12780.0,11593.88132553204
新莊,2026-05-21,12820.0,12001.782444112248
新莊,2026-05-22,11911.0,13193.778755034014
新莊,2026-05-23,10112.0,9814.529084339953
新莊,2026-05-24,6685.0,8212.312114597917
新莊,2026-05-25,10814.0,11148.918082509037
新莊,2026-05-26,11463.0,11542.360428597814
新莊,2026-05-27,11713.0,11708.31234178743
新莊,2026-05-28,11546.0,11776.217545892134
新莊,2026-05-29,12597.0,12278.03727791043
新莊,2026-05-30,8362.0,11007.17512427866
新莊,2026-05-31,7690.0,7147.579430086756
昆陽,2026-01-01,7032.0,8906.74076473617
昆陽,2026-01-02,16023.0,16405.405849827184
昆陽,2026-01-03,9000.0,10819.138420497147
昆陽,2026-01-04,8142.0,7575.841621939855
昆陽,2026-01-05,16660.0,16196.721917121826
昆陽,2026-01-06,16960.0,17163.249256136463
昆陽,2026-01-07,16718.0,17202.73498591495
昆陽,2026-01-08,17117.0,12273.901956940175
昆陽,2026-01-09,17667.0,16803.523757180177
昆陽,2026-01-10,10818.0,12145.753558127997
昆陽,2026-01-11,8644.0,8498.46087310742
昆陽,2026-01-12,16459.0,16195.622885401646
昆陽,2026-01-13,16775.0,16895.156366924544
昆陽,2026-01-14,17214.0,16900.034212057835
昆陽,2026-01-15,17164.0,17208.126117292486
昆陽,2026-01-16,17459.0,17351.78394187216
昆陽,2026-01-17,11763.0,11290.075067270585
昆陽,2026-01-18,9395.0,8667.626049825853
昆陽,2026-01-19,16451.0,16229.357183512651
昆陽,2026-01-20,17139.0,16755.82069810242
昆陽,2026-01-21,16751.0,16936.112362636693
昆陽,2026-01-22,16792.0,17059.065969358715
昆陽,2026-01-23,17465.0,17344.54859455088
昆陽,2026-01-24,10571.0,11116.815629914747
昆陽,2026-01-25,8297.0,8750.089912796795
昆陽,2026-01-26,16012.0,16193.458042807957
昆陽,2026-01-27,16425.0,16450.335160406605
昆陽,2026-01-28,16306.0,16697.99479519514
昆陽,2026-01-29,17103.0,16623.550230239554
昆陽,2026-01-30,19167.0,17400.19328473607
昆陽,2026-01-31,13395.0,11423.300650932617
昆陽,2026-02-01,9340.0,9345.807413391369
昆陽,2026-02-02,16166.0,15995.428375946762
昆陽,2026-02-03,16251.0,16500.045174546874
昆陽,2026-02-04,17543.0,16392.047020329617
昆陽,2026-02-05,18177.0,17350.59694269192
昆陽,2026-02-06,18210.0,18491.189214146798
昆陽,2026-02-07,12539.0,13597.75293586172
昆陽,2026-02-08,9785.0,9325.171390339145
昆陽,2026-02-09,16429.0,15890.584813451425
昆陽,2026-02-10,16753.0,16275.321985304005
昆陽,2026-02-11,16338.0,17241.309313486785
昆陽,2026-02-12,16982.0,17430.31928296942
昆陽,2026-02-13,15961.0,17662.56614574607
昆陽,2026-02-14,7466.0,12464.689264149833
昆陽,2026-02-15,5977.0,7731.53569863003
昆陽,2026-02-16,4167.0,5299.913861387297
昆陽,2026-02-17,4711.0,5085.479955181573
昆陽,2026-02-18,5303.0,5709.164326621134
昆陽,2026-02-19,5862.0,5813.115629279217
昆陽,2026-02-20,6243.0,6000.973023931679
昆陽,2026-02-21,7209.0,7835.7396593240555
昆陽,2026-02-22,6896.0,6726.099253544513
昆陽,2026-02-23,16055.0,14625.380256131668
昆陽,2026-02-24,16396.0,16328.919947126853
昆陽,2026-02-25,16952.0,16617.97025366025
昆陽,2026-02-26,17625.0,17012.177944504856
昆陽,2026-02-27,11292.0,8261.390082746866
昆陽,2026-02-28,8528.0,7756.595071563947
昆陽,2026-03-01,7229.0,6918.616501968568
昆陽,2026-03-02,16408.0,15319.276940671256
昆陽,2026-03-03,16630.0,16685.40499629782
昆陽,2026-03-04,17022.0,16771.24776933096
昆陽,2026-03-05,17764.0,16985.501140291624
昆陽,2026-03-06,19769.0,16404.74262386875
昆陽,2026-03-07,12117.0,8651.86425568202
昆陽,2026-03-08,7733.0,7934.74160158326
昆陽,2026-03-09,16847.0,15796.7444138171
昆陽,2026-03-10,16883.0,16601.61510318846
昆陽,2026-03-11,17188.0,16773.284879728748
昆陽,2026-03-12,17351.0,17580.88863981054
昆陽,2026-03-13,17619.0,16747.02060631626
昆陽,2026-03-14,11538.0,11413.857230378775
昆陽,2026-03-15,8523.0,8104.3121551267395
昆陽,2026-03-16,16382.0,16306.115307692566
昆陽,2026-03-17,17093.0,16558.955785336384
昆陽,2026-03-18,17252.0,17192.0946722679
昆陽,2026-03-19,17265.0,17358.434448203043
昆陽,2026-03-20,18060.0,17296.207883361847
昆陽,2026-03-21,11654.0,11091.333478709474
昆陽,2026-03-22,9693.0,8726.057879158183
昆陽,2026-03-23,16685.0,16174.820915159986
昆陽,2026-03-24,17352.0,16928.714398338343
昆陽,2026-03-25,17184.0,17295.926383125825
昆陽,2026-03-26,17261.0,17349.82069536982
昆陽,2026-03-27,17354.0,17792.252820537775
昆陽,2026-03-28,11419.0,11018.286270638404
昆陽,2026-03-29,8175.0,9159.244382162235
昆陽,2026-03-30,17041.0,16153.052637542476
昆陽,2026-03-31,16877.0,17286.41906340255
昆陽,2026-04-01,17220.0,17070.12364310921
昆陽,2026-04-02,17947.0,17095.905127632886
昆陽,2026-04-03,8112.0,9133.933786466458
昆陽,2026-04-04,7580.0,9072.960049145575
昆陽,2026-04-05,8118.0,6928.22631336202
昆陽,2026-04-06,6506.0,7896.169007900983
昆陽,2026-04-07,16686.0,16281.857524793288
昆陽,2026-04-08,17230.0,16866.926249719923
昆陽,2026-04-09,17608.0,17244.31602188843
昆陽,2026-04-10,18272.0,17695.306405908916
昆陽,2026-04-11,11041.0,10071.770650269662
昆陽,2026-04-12,7738.0,8568.134922754121
昆陽,2026-04-13,16559.0,15879.445721511607
昆陽,2026-04-14,17106.0,16678.096733024027
昆陽,2026-04-15,17295.0,17155.031213039078
昆陽,2026-04-16,17650.0,17493.00615919235
昆陽,2026-04-17,17732.0,17549.067491153965
昆陽,2026-04-18,11531.0,11395.678438346738
昆陽,2026-04-19,9657.0,8369.048680803655
昆陽,2026-04-20,16518.0,15993.739926440308
昆陽,2026-04-21,17117.0,16822.611531078866
昆陽,2026-04-22,17274.0,17309.960191195725
昆陽,2026-04-23,17064.0,17460.28822592218
昆陽,2026-04-24,18130.0,17809.91610918683
昆陽,2026-04-25,10534.0,11190.9443430268
昆陽,2026-04-26,9467.0,8818.805821865126
昆陽,2026-04-27,16724.0,16262.247662709302
昆陽,2026-04-28,17688.0,17011.76952340615
昆陽,2026-04-29,17247.0,17527.846996125514
昆陽,2026-04-30,18639.0,17372.492051297104
昆陽,2026-05-01,10006.0,9264.120969443065
昆陽,2026-05-02,10953.0,9307.120016681032
昆陽,2026-05-03,10347.0,9162.319503863513
昆陽,2026-05-04,17567.0,16205.06512652408
昆陽,2026-05-05,17708.0,17432.05002551546
昆陽,2026-05-06,17545.0,17380.70119072694
昆陽,2026-05-07,17896.0,17445.88308112593
昆陽,2026-05-08,18202.0,18261.015246780385
昆陽,2026-05-09,11582.0,11865.6854539403
昆陽,2026-05-10,7610.0,9321.525904069827
昆陽,2026-05-11,16459.0,16614.82699610113
昆陽,2026-05-12,17305.0,17248.714454292152
昆陽,2026-05-13,17098.0,17390.96941162835
昆陽,2026-05-14,17127.0,17678.296798645595
昆陽,2026-05-15,17688.0,17092.972918136737
昆陽,2026-05-16,12296.0,11125.372850053001
昆陽,2026-05-17,9369.0,9583.460329595782
昆陽,2026-05-18,16671.0,16700.693181677023
昆陽,2026-05-19,17141.0,17278.361352012267
昆陽,2026-05-20,17236.0,17349.960421412088
昆陽,2026-05-21,17668.0,17427.893474287255
昆陽,2026-05-22,18792.0,17954.505035058388
昆陽,2026-05-23,12414.0,12038.81461534222
昆陽,2026-05-24,9395.0,9296.608446929971
昆陽,2026-05-25,16511.0,16347.357007931083
昆陽,2026-05-26,17454.0,17060.990668593648
昆陽,2026-05-27,17226.0,17236.06900354769
昆陽,2026-05-28,17468.0,17353.000454212062
昆陽,2026-05-29,17435.0,18083.755026514107
昆陽,2026-05-30,9542.0,11575.250516914304
昆陽,2026-05-31,7760.0,8582.147667843234
明德,2026-01-01,6887.0,9515.996179382719
明德,2026-01-02,13757.0,14236.272900744241
明德,2026-01-03,9521.0,9860.30882088321
明德,2026-01-04,7554.0,7493.0113551246495
明德,2026-01-05,14179.0,13808.678416365372
明德,2026-01-06,14355.0,14267.366286649756
明德,2026-01-07,14218.0,14754.520279633685
明德,2026-01-08,14241.0,11899.5125605547
明德,2026-01-09,14828.0,14378.001308626328
明德,2026-01-10,10327.0,9581.162240011749
明德,2026-01-11,7468.0,7767.254176281017
明德,2026-01-12,14023.0,13916.396353870005
明德,2026-01-13,14479.0,14367.176859823472
明德,2026-01-14,14271.0,14194.480793858978
明德,2026-01-15,14324.0,14103.214825687386
明德,2026-01-16,14571.0,14469.203753606993
明德,2026-01-17,10064.0,9943.589850501838
明德,2026-01-18,7642.0,7627.420778738838
明德,2026-01-19,13391.0,13858.169196710152
明德,2026-01-20,14235.0,14012.920909062863
明德,2026-01-21,13957.0,14284.559169575827
明德,2026-01-22,13796.0,14228.227431267022
明德,2026-01-23,14713.0,14303.915934229617
明德,2026-01-24,10278.0,9998.372236312562
明德,2026-01-25,8116.0,7636.268119940053
明德,2026-01-26,12942.0,13472.564471434063
明德,2026-01-27,12951.0,13809.113949909846
明德,2026-01-28,13265.0,13649.353052593737
明德,2026-01-29,13181.0,13685.713097424443
明德,2026-01-30,13596.0,14194.642322430589
明德,2026-01-31,10007.0,10059.530525318905
明德,2026-02-01,7542.0,7813.34306113855
明德,2026-02-02,12493.0,12701.318218949638
明德,2026-02-03,12973.0,13157.05437678961
明德,2026-02-04,13132.0,13449.73537437976
明德,2026-02-05,13139.0,13354.724679359248
明德,2026-02-06,13431.0,13750.994194021881
明德,2026-02-07,9956.0,9873.117091499447
明德,2026-02-08,7591.0,7803.13974737251
明德,2026-02-09,12853.0,12438.412994631526
明德,2026-02-10,13104.0,12908.845766175416
明德,2026-02-11,13138.0,13155.473934868676
明德,2026-02-12,13057.0,13141.846380265446
明德,2026-02-13,12560.0,13482.182340975209
明德,2026-02-14,8248.0,9932.14948359646
明德,2026-02-15,6269.0,6949.930108897254
明德,2026-02-16,4819.0,5884.1954178738315
明德,2026-02-17,5663.0,7037.7200659434575
明德,2026-02-18,5884.0,6636.9386740029295
明德,2026-02-19,6266.0,6931.540942287834
明德,2026-02-20,6868.0,7122.947023616379
明德,2026-02-21,7405.0,7033.058097451292
明德,2026-02-22,7074.0,6427.990113171799
明德,2026-02-23,14020.0,11785.294660833171
明德,2026-02-24,14404.0,13988.252055407951
明德,2026-02-25,14574.0,14212.316043785597
明德,2026-02-26,15321.0,14195.236728131205
明德,2026-02-27,9189.0,9903.743088331492
明德,2026-02-28,8831.0,7550.619751370776
明德,2026-03-01,7274.0,6888.080645260853
明德,2026-03-02,14280.0,13053.086791432368
明德,2026-03-03,14078.0,14063.204630816082
明德,2026-03-04,14522.0,14021.35447725205
明德,2026-03-05,14598.0,14443.314679583566
明德,2026-03-06,15491.0,12718.685441328205
明德,2026-03-07,10531.0,8710.5777546495
明德,2026-03-08,7972.0,7651.625274176934
明德,2026-03-09,14257.0,13972.509793295367
明德,2026-03-10,14321.0,14315.75005830418
明德,2026-03-11,14991.0,14521.872816254754
明德,2026-03-12,14779.0,14777.820777520705
明德,2026-03-13,15144.0,15032.50376475927
明德,2026-03-14,10679.0,10690.449502600992
明德,2026-03-15,8124.0,8262.778119630286
明德,2026-03-16,14206.0,14136.042728335991
明德,2026-03-17,14546.0,14318.47150245406
明德,2026-03-18,14805.0,14806.877402681268
明德,2026-03-19,14346.0,14744.060130195754
明德,2026-03-20,15340.0,14876.319104857423
明德,2026-03-21,10651.0,10545.23039116758
明德,2026-03-22,8139.0,8429.192287056154
明德,2026-03-23,14370.0,14188.094926369042
明德,2026-03-24,14703.0,14517.420484243421
明德,2026-03-25,14616.0,14702.855757259484
明德,2026-03-26,14437.0,14530.048425036855
明德,2026-03-27,14739.0,14977.758858048426
明德,2026-03-28,10113.0,10357.394608141489
明德,2026-03-29,7892.0,8084.5982190444865
明德,2026-03-30,14393.0,14013.905346486066
明德,2026-03-31,14495.0,14522.381727193979
明德,2026-04-01,14369.0,14602.12423786264
明德,2026-04-02,14959.0,14447.644907321706
明德,2026-04-03,8003.0,9016.906531557499
明德,2026-04-04,7410.0,8275.965230956408
明德,2026-04-05,6906.0,6875.8220874196095
明德,2026-04-06,7116.0,6731.666378557645
明德,2026-04-07,14351.0,14116.696031033756
明德,2026-04-08,14617.0,14494.612847657585
明德,2026-04-09,14889.0,14592.877081397872
明德,2026-04-10,15027.0,14806.165801380506
明德,2026-04-11,10343.0,9706.879716375946
明德,2026-04-12,7853.0,7771.2311689076305
明德,2026-04-13,14256.0,13640.92741407814
明德,2026-04-14,14350.0,14394.867110646162
明德,2026-04-15,14465.0,14400.28622000541
明德,2026-04-16,14216.0,14686.197517694995
明德,2026-04-17,14789.0,14525.11438703005
明德,2026-04-18,10322.0,10592.360804369922
明德,2026-04-19,7945.0,7898.585118984689
明德,2026-04-20,14177.0,13641.337200967339
明德,2026-04-21,14357.0,14355.953657832639
明德,2026-04-22,14352.0,14488.532227281148
明德,2026-04-23,13990.0,14430.616509089497
明德,2026-04-24,14725.0,14502.319019991852
明德,2026-04-25,10036.0,10158.182276860838
明德,2026-04-26,8256.0,7913.063694797849
明德,2026-04-27,14276.0,13985.939101037631
明德,2026-04-28,14581.0,14469.37374212443
明德,2026-04-29,14588.0,14360.620556987997
明德,2026-04-30,15120.0,13686.427123702571
明德,2026-05-01,9148.0,8838.742785816952
明德,2026-05-02,8737.0,8326.501294829624
明德,2026-05-03,7565.0,7305.028646172461
明德,2026-05-04,14384.0,13926.294169520295
明德,2026-05-05,14403.0,14412.220932227077
明德,2026-05-06,14949.0,14430.932409412333
明德,2026-05-07,14525.0,14766.033893252938
明德,2026-05-08,15079.0,14833.134440768097
明德,2026-05-09,10446.0,9804.766007227596
明德,2026-05-10,7629.0,8264.689777565014
明德,2026-05-11,13985.0,14125.239627211635
明德,2026-05-12,13997.0,14410.987509758215
明德,2026-05-13,14109.0,14428.430879396197
明德,2026-05-14,13742.0,14575.73384571895
明德,2026-05-15,14828.0,14403.83600932289
明德,2026-05-16,10248.0,10571.510046137695
明德,2026-05-17,8406.0,7675.517445686752
明德,2026-05-18,14082.0,14002.784828372805
明德,2026-05-19,14358.0,14145.092067114907
明德,2026-05-20,14498.0,14377.309015182247
明德,2026-05-21,14270.0,14026.614557333185
明德,2026-05-22,14472.0,14779.969443981601
明德,2026-05-23,10488.0,10371.899849028336
明德,2026-05-24,7588.0,8301.373738917888
明德,2026-05-25,13939.0,13882.566258208755
明德,2026-05-26,14145.0,14309.159100343277
明德,2026-05-27,14180.0,14288.676648187557
明德,2026-05-28,14041.0,14201.746044202348
明德,2026-05-29,14336.0,14564.10723776442
明德,2026-05-30,10470.0,10085.483184171237
明德,2026-05-31,7687.0,8269.446912834881
景安,2026-01-01,13311.0,16001.568369065437
景安,2026-01-02,23207.0,24060.273962409057
景安,2026-01-03,17082.0,17407.861913695797
景安,2026-01-04,14230.0,14249.091784221331
景安,2026-01-05,23265.0,23272.390605452714
景安,2026-01-06,23787.0,24068.426852400837
景安,2026-01-07,23805.0,24747.545096717597
景安,2026-01-08,23984.0,17548.607840544802
景安,2026-01-09,25003.0,24526.164741555836
景安,2026-01-10,18812.0,17941.9077619045
景安,2026-01-11,14401.0,14620.086111494064
景安,2026-01-12,23121.0,23303.119263099714
景安,2026-01-13,23681.0,23933.027621757716
景安,2026-01-14,23831.0,24387.738017909556
景安,2026-01-15,24051.0,23829.19225451656
景安,2026-01-16,25095.0,25020.875866395603
景安,2026-01-17,18573.0,18155.264450124
景安,2026-01-18,15110.0,14591.428000081009
景安,2026-01-19,23111.0,23033.67395470815
景安,2026-01-20,23832.0,23649.368674182304
景安,2026-01-21,23549.0,23812.129187395974
景安,2026-01-22,23578.0,23785.141742481374
景安,2026-01-23,25231.0,24824.67394860223
景安,2026-01-24,18977.0,18461.312802999033
景安,2026-01-25,15732.0,15151.425501686332
景安,2026-01-26,23164.0,23020.091011802167
景安,2026-01-27,23435.0,23796.803659612142
景安,2026-01-28,23809.0,23479.56896399352
景安,2026-01-29,24236.0,23822.90169070939
景安,2026-01-30,24992.0,25163.138724003125
景安,2026-01-31,18962.0,18479.087653623068
景安,2026-02-01,14519.0,15031.49455389246
景安,2026-02-02,22966.0,23030.420288643538
景安,2026-02-03,24128.0,23363.052290799136
景安,2026-02-04,24384.0,24172.848390945117
景安,2026-02-05,24623.0,24227.318284574358
景安,2026-02-06,25519.0,25117.523185454254
景安,2026-02-07,19022.0,18495.920926470044
景安,2026-02-08,15499.0,15527.027989940525
景安,2026-02-09,23186.0,23157.07407199418
景安,2026-02-10,24437.0,23980.235796509118
景安,2026-02-11,23796.0,24420.962785283173
景安,2026-02-12,24305.0,24211.504156445902
景安,2026-02-13,23983.0,25368.947850166704
景安,2026-02-14,15307.0,17969.42049429819
景安,2026-02-15,12131.0,13220.132144978536
景安,2026-02-16,8855.0,10348.220256614464
景安,2026-02-17,11218.0,10823.871805371738
景安,2026-02-18,12200.0,10814.250978015265
景安,2026-02-19,13209.0,12333.683233717265
景安,2026-02-20,13607.0,13509.270491712656
景安,2026-02-21,15922.0,13681.197021919112
景安,2026-02-22,13514.0,13405.63984512954
景安,2026-02-23,22768.0,21736.903558665337
景安,2026-02-24,23625.0,23342.260180115754
景安,2026-02-25,24592.0,24134.25621990775
景安,2026-02-26,25044.0,24744.353434907436
景安,2026-02-27,17950.0,15596.857953381676
景安,2026-02-28,17700.0,15053.496869527806
景安,2026-03-01,14143.0,13876.049614249858
景安,2026-03-02,23242.0,22403.24953392116
景安,2026-03-03,23808.0,23778.568304922504
景安,2026-03-04,23895.0,24407.521461352306
景安,2026-03-05,24516.0,24590.933216642276
景安,2026-03-06,25350.0,20326.777287548502
景安,2026-03-07,19801.0,17955.577710119964
景安,2026-03-08,15545.0,14425.453934468293
景安,2026-03-09,23441.0,23398.758729182537
景安,2026-03-10,24302.0,24026.84838193833
景安,2026-03-11,24705.0,24509.640145726204
景安,2026-03-12,24244.0,24733.082545090296
景安,2026-03-13,25361.0,25296.08893192397
景安,2026-03-14,20180.0,19230.43032880655
景安,2026-03-15,15910.0,15412.028469530114
景安,2026-03-16,23272.0,23438.42787019749
景安,2026-03-17,24370.0,24199.68429913067
景安,2026-03-18,24591.0,24518.20679041729
景安,2026-03-19,24036.0,24572.01557504927
景安,2026-03-20,25382.0,25297.791168033316
景安,2026-03-21,19576.0,19243.11058250464
景安,2026-03-22,16124.0,15666.510839366692
景安,2026-03-23,23215.0,23444.624003734953
景安,2026-03-24,24203.0,24115.468463727324
景安,2026-03-25,24169.0,24538.805943799747
景安,2026-03-26,24138.0,24165.497178332258
景安,2026-03-27,25137.0,25343.206407671307
景安,2026-03-28,18977.0,18942.258663793462
景安,2026-03-29,14738.0,15692.633307066175
景安,2026-03-30,23219.0,23244.345593486374
景安,2026-03-31,24033.0,24292.839328738522
景安,2026-04-01,24115.0,24328.881950883
景安,2026-04-02,24429.0,24092.113630888718
景安,2026-04-03,16181.0,16134.516572892417
景安,2026-04-04,14134.0,15419.914221456424
景安,2026-04-05,14014.0,13616.219718643762
景安,2026-04-06,12837.0,12914.162111923337
景安,2026-04-07,23108.0,23619.183521126113
景安,2026-04-08,24135.0,23433.520837072145
景安,2026-04-09,24296.0,24114.40092686366
景安,2026-04-10,25267.0,25015.512799006832
景安,2026-04-11,19513.0,18126.075351326777
景安,2026-04-12,15167.0,15220.621869205625
景安,2026-04-13,23084.0,23101.10672356405
景安,2026-04-14,23520.0,23446.035539946457
景安,2026-04-15,23728.0,23901.44696686112
景安,2026-04-16,23881.0,24162.62995103112
景安,2026-04-17,24742.0,25073.46268529945
景安,2026-04-18,18391.0,18706.020307717074
景安,2026-04-19,15306.0,14398.312830337693
景安,2026-04-20,22950.0,22874.55465364811
景安,2026-04-21,23548.0,23365.764305683984
景安,2026-04-22,23741.0,23890.720591489924
景安,2026-04-23,23726.0,23944.33850888761
景安,2026-04-24,24942.0,24624.400490322292
景安,2026-04-25,18406.0,18379.81802036192
景安,2026-04-26,16205.0,14824.391997948145
景安,2026-04-27,23354.0,23023.834763395684
景安,2026-04-28,24151.0,23606.34888968229
景安,2026-04-29,24075.0,24127.52216596557
景安,2026-04-30,25129.0,24143.264219330784
景安,2026-05-01,17651.0,15955.402723029305
景安,2026-05-02,17386.0,15754.713035877397
景安,2026-05-03,14239.0,14959.089205972929
景安,2026-05-04,23547.0,23007.551420260297
景安,2026-05-05,24267.0,24007.690109715713
景安,2026-05-06,24647.0,24135.839435944272
景安,2026-05-07,24468.0,24750.647312325713
景安,2026-05-08,25009.0,25001.652894064813
景安,2026-05-09,18295.0,18076.581298670422
景安,2026-05-10,14642.0,14756.021957149316
景安,2026-05-11,23250.0,23211.07934670292
景安,2026-05-12,23940.0,24059.231736783076
景安,2026-05-13,23840.0,24141.37809244285
景安,2026-05-14,23760.0,24309.541339395935
景安,2026-05-15,25604.0,24971.26865539902
景安,2026-05-16,19090.0,18240.221692456355
景安,2026-05-17,15949.0,15184.998713178662
景安,2026-05-18,22850.0,23344.920842476444
景安,2026-05-19,23763.0,23807.843548737223
景安,2026-05-20,23828.0,24027.909390001347
景安,2026-05-21,23766.0,24012.549445459168
景安,2026-05-22,24891.0,25240.175370064837
景安,2026-05-23,19092.0,18352.832752734234
景安,2026-05-24,15410.0,15226.668931903057
景安,2026-05-25,22687.0,23020.73043313252
景安,2026-05-26,23403.0,23559.364589706736
景安,2026-05-27,23613.0,23647.21529331453
景安,2026-05-28,23503.0,23655.034920495582
景安,2026-05-29,24845.0,25005.117720651073
景安,2026-05-30,18860.0,18496.33376123517
景安,2026-05-31,15087.0,15636.263603257314
景平,2026-01-01,1329.0,1394.580566380787
景平,2026-01-02,1991.0,1943.8266802328938
景平,2026-01-03,1459.0,1499.6773357271811
景平,2026-01-04,1427.0,1311.8558983148914
景平,2026-01-05,1875.0,1923.9895747610965
景平,2026-01-06,1903.0,1959.0970386691195
景平,2026-01-07,1946.0,2298.4609594455096
景平,2026-01-08,1893.0,1664.9230274322517
景平,2026-01-09,2010.0,1971.3185890582727
景平,2026-01-10,1585.0,1551.9124979943517
景平,2026-01-11,1398.0,1379.1721793331217
景平,2026-01-12,1785.0,1911.831799003629
景平,2026-01-13,1908.0,1923.978954799843
景平,2026-01-14,1950.0,2216.7398342481956
景平,2026-01-15,1931.0,1910.7081784072052
景平,2026-01-16,1993.0,1949.1489413332474
景平,2026-01-17,1575.0,1512.7252249624014
景平,2026-01-18,1329.0,1400.1171395695362
景平,2026-01-19,1904.0,1830.0788952039104
景平,2026-01-20,2014.0,1938.3958246426769
景平,2026-01-21,2010.0,2004.901581938687
景平,2026-01-22,2053.0,2022.4624661254632
景平,2026-01-23,2039.0,2025.25325356744
景平,2026-01-24,1673.0,1524.513079252732
景平,2026-01-25,1394.0,1372.3643116589
景平,2026-01-26,1858.0,1932.325806175078
景平,2026-01-27,1974.0,1984.4451053363143
景平,2026-01-28,1926.0,2020.8458109393025
景平,2026-01-29,1965.0,1987.5408790569163
景平,2026-01-30,2122.0,2019.7601320579727
景平,2026-01-31,1668.0,1518.611659050372
景平,2026-02-01,1488.0,1381.080260885528
景平,2026-02-02,1892.0,1943.2883289866606
景平,2026-02-03,2023.0,1973.910142756752
景平,2026-02-04,1932.0,1994.5665391760785
景平,2026-02-05,2030.0,2004.672782061347
景平,2026-02-06,2135.0,2077.597899659951
景平,2026-02-07,1674.0,1605.6062044730875
景平,2026-02-08,1586.0,1424.887342300373
景平,2026-02-09,1961.0,1960.7893427321746
景平,2026-02-10,2045.0,2030.427424227603
景平,2026-02-11,1971.0,2032.556980585849
景平,2026-02-12,2019.0,2012.286964398891
景平,2026-02-13,1949.0,2084.5772553687143
景平,2026-02-14,1408.0,1568.3515741628946
景平,2026-02-15,1213.0,1341.0657431751245
景平,2026-02-16,895.0,1161.568399732878
景平,2026-02-17,1150.0,1039.5756076309165
景平,2026-02-18,1176.0,1198.8745419520428
景平,2026-02-19,1230.0,1201.423941549679
景平,2026-02-20,1237.0,1290.5408380791189
景平,2026-02-21,1537.0,1285.1801833408965
景平,2026-02-22,1339.0,1390.752933199354
景平,2026-02-23,1853.0,1748.670636211712
景平,2026-02-24,1925.0,1985.1862454196703
景平,2026-02-25,2108.0,1998.9206601517535
景平,2026-02-26,2124.0,2100.939895280615
景平,2026-02-27,1643.0,1459.6445630432816
景平,2026-02-28,1531.0,1453.1594233446
景平,2026-03-01,1393.0,1308.427714932327
景平,2026-03-02,1919.0,1928.4879307218555
景平,2026-03-03,1997.0,1971.996593041792
景平,2026-03-04,2069.0,1995.962775846733
景平,2026-03-05,2162.0,2071.4661276894053
景平,2026-03-06,2097.0,1781.9998174063649
景平,2026-03-07,1697.0,1555.7424113557856
景平,2026-03-08,1358.0,1378.6811983470604
景平,2026-03-09,1916.0,1974.952485048462
景平,2026-03-10,2106.0,1994.6931449392414
景平,2026-03-11,2050.0,2123.6276752185727
景平,2026-03-12,2033.0,2071.088145518955
景平,2026-03-13,2100.0,2068.066955698885
景平,2026-03-14,1693.0,1566.694409974213
景平,2026-03-15,1412.0,1373.424529795339
景平,2026-03-16,1942.0,1987.34718812958
景平,2026-03-17,1982.0,2006.219429498606
景平,2026-03-18,2073.0,2050.4584840262937
景平,2026-03-19,1958.0,2101.808947484434
景平,2026-03-20,2132.0,2056.904727493982
景平,2026-03-21,1555.0,1654.5389215842206
景平,2026-03-22,1487.0,1366.089787564531
景平,2026-03-23,1917.0,1960.9926732991232
景平,2026-03-24,1929.0,2004.7263014135976
景平,2026-03-25,2025.0,2022.641443042965
景平,2026-03-26,1992.0,2015.5471500106637
景平,2026-03-27,2151.0,2061.0729642743586
景平,2026-03-28,1595.0,1582.0718955567845
景平,2026-03-29,1319.0,1421.5404454026364
景平,2026-03-30,1915.0,1938.4329558378927
景平,2026-03-31,1927.0,1979.5554225370718
景平,2026-04-01,2007.0,1993.9021952890594
景平,2026-04-02,1987.0,1994.4092595217242
景平,2026-04-03,1456.0,1384.7016536472781
景平,2026-04-04,1275.0,1384.9992347191553
景平,2026-04-05,1448.0,1133.3934018172226
景平,2026-04-06,1186.0,1211.7318567863454
景平,2026-04-07,2016.0,1875.4311320230206
景平,2026-04-08,2071.0,2008.1634917972171
景平,2026-04-09,2051.0,2004.162912188703
景平,2026-04-10,2080.0,2073.300507101258
景平,2026-04-11,1713.0,1461.9281004003021
景平,2026-04-12,1386.0,1405.4931919504359
景平,2026-04-13,1862.0,1835.4695657709594
景平,2026-04-14,1986.0,1991.2169678050016
景平,2026-04-15,2013.0,1993.4564728806035
景平,2026-04-16,2036.0,2016.9674942508188
景平,2026-04-17,2114.0,2044.6119133749223
景平,2026-04-18,1570.0,1584.5782620621424
景平,2026-04-19,1412.0,1394.8395940129683
景平,2026-04-20,1883.0,1958.4100774353653
景平,2026-04-21,1943.0,1979.2234538127993
景平,2026-04-22,2023.0,2007.2519364448178
景平,2026-04-23,2043.0,2024.9499880829371
景平,2026-04-24,2227.0,2093.8921735720132
景平,2026-04-25,1688.0,1613.3687674980386
景平,2026-04-26,1540.0,1395.1230004216343
景平,2026-04-27,1904.0,1964.5204575294147
景平,2026-04-28,2065.0,1981.5508873961987
景平,2026-04-29,2104.0,2005.041718060835
景平,2026-04-30,2197.0,2087.8909106540605
景平,2026-05-01,1588.0,1457.1627760104677
景平,2026-05-02,1571.0,1460.4222818074454
景平,2026-05-03,1390.0,1446.2673297320864
景平,2026-05-04,2008.0,1926.8618691585198
景平,2026-05-05,2235.0,2013.1292499133867
景平,2026-05-06,2094.0,2119.0858372041316
景平,2026-05-07,2059.0,2129.0130163286867
景平,2026-05-08,2159.0,2026.1587970782366
景平,2026-05-09,1623.0,1610.9237398745051
景平,2026-05-10,1390.0,1420.9131650419156
景平,2026-05-11,1951.0,1995.7432916760029
景平,2026-05-12,2015.0,2005.6013067528881
景平,2026-05-13,2092.0,2040.3273164571779
景平,2026-05-14,2127.0,2119.584521819182
景平,2026-05-15,2204.0,2113.2569094783776
景平,2026-05-16,1680.0,1616.3814075560954
景平,2026-05-17,1573.0,1373.9669931075973
景平,2026-05-18,1971.0,1990.459300331476
景平,2026-05-19,1980.0,2027.3185726762063
景平,2026-05-20,2047.0,2005.954733406914
景平,2026-05-21,1985.0,2039.3928906486378
景平,2026-05-22,2026.0,2104.7306648140443
景平,2026-05-23,1778.0,1610.570179337074
景平,2026-05-24,1435.0,1445.2635642072783
景平,2026-05-25,1947.0,1969.7638507009272
景平,2026-05-26,1918.0,1979.420974033218
景平,2026-05-27,1974.0,2012.7581630082882
景平,2026-05-28,1968.0,2013.807281923686
景平,2026-05-29,2220.0,2038.0196144941378
景平,2026-05-30,1677.0,1668.155405499715
景平,2026-05-31,1497.0,1441.0404324264914
景美,2026-01-01,10142.0,12128.302377357117
景美,2026-01-02,14926.0,16736.29782788634
景美,2026-01-03,12900.0,13200.21620730925
景美,2026-01-04,11208.0,11051.559548535946
景美,2026-01-05,14550.0,14994.255035792912
景美,2026-01-06,15038.0,15525.583939008982
景美,2026-01-07,15170.0,17003.113461929468
景美,2026-01-08,15277.0,15198.336159907632
景美,2026-01-09,16271.0,15867.247486705917
景美,2026-01-10,13897.0,13226.476337604117
景美,2026-01-11,11772.0,11285.193631520948
景美,2026-01-12,14350.0,14747.956903786358
景美,2026-01-13,14993.0,15028.012392514373
景美,2026-01-14,15286.0,16005.0717970605
景美,2026-01-15,15296.0,15549.459871245557
景美,2026-01-16,16102.0,15866.8946407275
景美,2026-01-17,13448.0,13348.091653195655
景美,2026-01-18,11641.0,11059.602381869494
景美,2026-01-19,14224.0,14476.007888401346
景美,2026-01-20,15378.0,14668.541495619302
景美,2026-01-21,14988.0,15444.039302212006
景美,2026-01-22,14815.0,15083.596123646177
景美,2026-01-23,16115.0,15890.304421350163
景美,2026-01-24,13005.0,13490.939946862234
景美,2026-01-25,12057.0,11120.182763940655
景美,2026-01-26,14460.0,14456.102563422415
景美,2026-01-27,14782.0,14917.781826713022
景美,2026-01-28,14986.0,14998.333261024783
景美,2026-01-29,15191.0,15142.664910666092
景美,2026-01-30,16040.0,15948.14761979398
景美,2026-01-31,13425.0,13316.748699487202
景美,2026-02-01,10963.0,11248.984707234758
景美,2026-02-02,14116.0,14342.979952539281
景美,2026-02-03,15088.0,14686.36730487024
景美,2026-02-04,15456.0,15151.741362379184
景美,2026-02-05,15559.0,15345.404010565364
景美,2026-02-06,16359.0,16037.787501384337
景美,2026-02-07,13923.0,13406.87801443573
景美,2026-02-08,11465.0,11439.487593841925
景美,2026-02-09,14335.0,14416.691974979338
景美,2026-02-10,15290.0,14878.907697162776
景美,2026-02-11,15420.0,15382.328971368832
景美,2026-02-12,15509.0,15527.906175632157
景美,2026-02-13,15475.0,16161.467655074783
景美,2026-02-14,11857.0,12862.931307062521
景美,2026-02-15,10085.0,10716.550468628855
景美,2026-02-16,6868.0,9831.862122932305
景美,2026-02-17,7487.0,6825.374214407054
景美,2026-02-18,7884.0,7717.389210878176
景美,2026-02-19,9196.0,8402.690422820142
景美,2026-02-20,9552.0,9256.533757293879
景美,2026-02-21,11171.0,10160.397661909445
景美,2026-02-22,10552.0,10171.104621083321
景美,2026-02-23,15881.0,13728.329322617847
景美,2026-02-24,17223.0,16204.213464795861
景美,2026-02-25,16987.0,16916.21685610468
景美,2026-02-26,18298.0,16479.057812863168
景美,2026-02-27,13278.0,10800.867706807003
景美,2026-02-28,13203.0,11061.169566173505
景美,2026-03-01,11129.0,10490.609308134235
景美,2026-03-02,16294.0,16056.44484616843
景美,2026-03-03,16608.0,16835.287207815865
景美,2026-03-04,16562.0,16969.686701792467
景美,2026-03-05,17240.0,17349.78053286473
景美,2026-03-06,18166.0,14827.567794354614
景美,2026-03-07,14675.0,13715.94673133847
景美,2026-03-08,12259.0,11719.133574182024
景美,2026-03-09,16535.0,16075.625878201428
景美,2026-03-10,16995.0,16958.370578516224
景美,2026-03-11,17321.0,16951.20589396714
景美,2026-03-12,17430.0,17537.50138372315
景美,2026-03-13,18414.0,17976.319813620055
景美,2026-03-14,15560.0,14936.820495255
景美,2026-03-15,12601.0,12164.971184537135
景美,2026-03-16,16126.0,16395.730540262703
景美,2026-03-17,17224.0,16709.72920007879
景美,2026-03-18,17377.0,17262.285828920325
景美,2026-03-19,17119.0,17411.797823640718
景美,2026-03-20,18272.0,18149.025545824767
景美,2026-03-21,14636.0,14683.060101132485
景美,2026-03-22,12679.0,11985.06723777477
景美,2026-03-23,16186.0,16237.676695259846
景美,2026-03-24,17053.0,16812.903255509158
景美,2026-03-25,16938.0,17342.427714726768
景美,2026-03-26,16809.0,17327.471567201792
景美,2026-03-27,17639.0,18141.32165087934
景美,2026-03-28,14417.0,14471.097499855056
景美,2026-03-29,11310.0,12091.907236624924
景美,2026-03-30,16098.0,15998.378505517328
景美,2026-03-31,17007.0,16717.38389614729
景美,2026-04-01,15322.0,17214.278798607716
景美,2026-04-02,15876.0,16301.386564853294
景美,2026-04-03,11768.0,12016.681948570924
景美,2026-04-04,10325.0,11275.16802252075
景美,2026-04-05,10452.0,10630.804376143471
景美,2026-04-06,9338.0,9229.053875221642
景美,2026-04-07,15876.0,16031.711551169412
景美,2026-04-08,16406.0,16304.415050456897
景美,2026-04-09,17002.0,16651.056347739137
景美,2026-04-10,18151.0,17757.72360770522
景美,2026-04-11,14982.0,13543.428291831806
景美,2026-04-12,11838.0,11751.439706607796
景美,2026-04-13,15947.0,15662.97309081389
景美,2026-04-14,17102.0,16481.258817137
景美,2026-04-15,16604.0,16914.60886970034
景美,2026-04-16,16892.0,16703.968700845748
景美,2026-04-17,17762.0,18114.166698522444
景美,2026-04-18,14312.0,14649.02767108907
景美,2026-04-19,12454.0,11822.518404586264
景美,2026-04-20,15939.0,15783.58195188748
景美,2026-04-21,16902.0,16461.975401871405
景美,2026-04-22,17014.0,16631.652963240464
景美,2026-04-23,16526.0,16997.779087873656
景美,2026-04-24,17536.0,17822.9785925285
景美,2026-04-25,14324.0,14260.756694378433
景美,2026-04-26,12785.0,11891.594718057195
景美,2026-04-27,16112.0,15966.76840253291
景美,2026-04-28,17060.0,16778.005350381267
景美,2026-04-29,17233.0,16873.502708092292
景美,2026-04-30,17964.0,16887.55713908016
景美,2026-05-01,13743.0,12297.919670931187
景美,2026-05-02,13399.0,12398.924479686759
景美,2026-05-03,11504.0,11334.560168763976
景美,2026-05-04,15981.0,15962.403391694044
景美,2026-05-05,16336.0,16617.876700453413
景美,2026-05-06,17467.0,16814.07423434928
景美,2026-05-07,17637.0,17375.257908119678
景美,2026-05-08,18060.0,17830.13654634309
景美,2026-05-09,13970.0,14276.895079318556
景美,2026-05-10,11752.0,11434.585938063841
景美,2026-05-11,16021.0,16104.344350334779
景美,2026-05-12,16944.0,16497.291070977277
景美,2026-05-13,16495.0,17230.444723351437
景美,2026-05-14,16567.0,17391.83011059174
景美,2026-05-15,18137.0,17847.82925957505
景美,2026-05-16,15292.0,13754.901536590201
景美,2026-05-17,13030.0,11974.613732540407
景美,2026-05-18,15734.0,16139.409728549237
景美,2026-05-19,16674.0,16520.487029534983
景美,2026-05-20,16605.0,16962.2379104547
景美,2026-05-21,16862.0,16977.181053083073
景美,2026-05-22,17478.0,17942.312746080162
景美,2026-05-23,14789.0,14195.277952606839
景美,2026-05-24,12311.0,12273.048840466723
景美,2026-05-25,15798.0,15637.814190432864
景美,2026-05-26,16499.0,16450.933155908904
景美,2026-05-27,16634.0,16587.54811915753
景美,2026-05-28,16550.0,16711.035672807415
景美,2026-05-29,17644.0,17876.45399625291
景美,2026-05-30,14880.0,14161.357633606356
景美,2026-05-31,12496.0,12343.359566722762
木柵,2026-01-01,2304.0,4081.8166353855963
木柵,2026-01-02,4881.0,4311.202129519259
木柵,2026-01-03,3525.0,3708.2227887240742
木柵,2026-01-04,3162.0,2900.7552639902233
木柵,2026-01-05,4744.0,4777.325643610202
木柵,2026-01-06,4760.0,4831.549127559536
木柵,2026-01-07,4874.0,5029.136260167725
木柵,2026-01-08,4767.0,3414.6349725893306
木柵,2026-01-09,5103.0,4862.39871184582
木柵,2026-01-10,3660.0,3578.817658901556
木柵,2026-01-11,2963.0,3081.518585817235
木柵,2026-01-12,4642.0,4671.586225753292
木柵,2026-01-13,4718.0,4770.960659935523
木柵,2026-01-14,4845.0,4963.8318625833945
木柵,2026-01-15,4754.0,4844.358514659287
木柵,2026-01-16,5309.0,4882.560029427821
木柵,2026-01-17,4038.0,3738.950063435058
木柵,2026-01-18,3560.0,3278.22795434943
木柵,2026-01-19,4357.0,4654.54790979981
木柵,2026-01-20,4597.0,4633.552641659266
木柵,2026-01-21,4606.0,4798.585604885742
木柵,2026-01-22,4437.0,4715.087881757246
木柵,2026-01-23,4908.0,4898.363917502089
木柵,2026-01-24,3221.0,3788.3219513736044
木柵,2026-01-25,3034.0,2887.4009453387876
木柵,2026-01-26,4185.0,4409.750207580274
木柵,2026-01-27,4018.0,4394.708247311712
木柵,2026-01-28,3908.0,4399.745011555651
木柵,2026-01-29,4077.0,4273.520321728594
木柵,2026-01-30,4235.0,4664.301186410999
木柵,2026-01-31,3396.0,3489.5062785019995
木柵,2026-02-01,2463.0,3026.6121021431313
木柵,2026-02-02,3825.0,4146.315601154664
木柵,2026-02-03,4068.0,4038.2759780194438
木柵,2026-02-04,4127.0,4240.769651065165
木柵,2026-02-05,4157.0,4241.626075936435
木柵,2026-02-06,4163.0,4376.916894924246
木柵,2026-02-07,3134.0,3339.726328423355
木柵,2026-02-08,2639.0,2588.1581891428664
木柵,2026-02-09,3729.0,3945.293081807325
木柵,2026-02-10,3896.0,3945.8479732521228
木柵,2026-02-11,4012.0,4009.220492105448
木柵,2026-02-12,3777.0,4067.0973605264576
木柵,2026-02-13,3677.0,4020.389924808536
木柵,2026-02-14,3031.0,3326.874382582135
木柵,2026-02-15,2417.0,2611.9529230223525
木柵,2026-02-16,1503.0,2373.4142503577596
木柵,2026-02-17,2008.0,2021.4417509917848
木柵,2026-02-18,2493.0,2220.2702199934574
木柵,2026-02-19,3569.0,2592.5242463900486
木柵,2026-02-20,3145.0,3344.0200579848324
木柵,2026-02-21,3292.0,2914.4152567922292
木柵,2026-02-22,2830.0,2759.1555420944587
木柵,2026-02-23,4633.0,3564.918072539002
木柵,2026-02-24,4788.0,4315.691663706407
木柵,2026-02-25,4755.0,4362.396224421003
木柵,2026-02-26,5168.0,4291.637318416332
木柵,2026-02-27,3740.0,3917.3726914273216
木柵,2026-02-28,3347.0,3327.6116473462475
木柵,2026-03-01,2720.0,2715.495576203222
木柵,2026-03-02,4710.0,4280.21060339288
木柵,2026-03-03,4699.0,4539.722734643281
木柵,2026-03-04,4589.0,4518.360619138143
木柵,2026-03-05,4752.0,4753.942828716289
木柵,2026-03-06,4992.0,4370.012708596557
木柵,2026-03-07,3545.0,3679.3308644579824
木柵,2026-03-08,3005.0,2875.700070042889
木柵,2026-03-09,4662.0,4502.695460868094
木柵,2026-03-10,4701.0,4718.9326792517395
木柵,2026-03-11,4908.0,4686.5962486097815
木柵,2026-03-12,4932.0,4877.071057726113
木柵,2026-03-13,5195.0,4914.17580342334
木柵,2026-03-14,4255.0,3650.2891441061656
木柵,2026-03-15,3368.0,3127.5119075837024
木柵,2026-03-16,4717.0,4642.6386037130105
木柵,2026-03-17,4860.0,4740.637312528288
木柵,2026-03-18,4898.0,4942.772446848772
木柵,2026-03-19,4740.0,4931.156924671402
木柵,2026-03-20,5063.0,5023.732195104193
木柵,2026-03-21,3872.0,3917.2114681709186
木柵,2026-03-22,3309.0,3182.7785081027355
木柵,2026-03-23,4631.0,4637.322617626372
木柵,2026-03-24,4775.0,4800.828507146533
木柵,2026-03-25,4886.0,4873.417454466561
木柵,2026-03-26,4835.0,4853.069667961283
木柵,2026-03-27,4876.0,4975.915650726579
木柵,2026-03-28,3591.0,3886.466985657315
木柵,2026-03-29,2861.0,3171.0890961591163
木柵,2026-03-30,4734.0,4551.555913054184
木柵,2026-03-31,4960.0,4836.667048182197
木柵,2026-04-01,4707.0,5050.0210512280255
木柵,2026-04-02,4984.0,4811.272764284263
木柵,2026-04-03,3116.0,3757.4451893085266
木柵,2026-04-04,2549.0,3088.944014395187
木柵,2026-04-05,2990.0,2617.450290334222
木柵,2026-04-06,2288.0,2789.1935269252585
木柵,2026-04-07,4513.0,4597.585320314486
木柵,2026-04-08,4853.0,4657.175833568821
木柵,2026-04-09,4846.0,4896.284385515639
木柵,2026-04-10,5039.0,4827.5962298429995
木柵,2026-04-11,3888.0,3612.9016400552077
木柵,2026-04-12,3785.0,3064.823577975344
木柵,2026-04-13,4703.0,4536.4390566395095
木柵,2026-04-14,4642.0,4723.143954205382
木柵,2026-04-15,4628.0,4795.260643520136
木柵,2026-04-16,4650.0,4839.067320324583
木柵,2026-04-17,4944.0,4788.117955090391
木柵,2026-04-18,3458.0,3597.2289725430087
木柵,2026-04-19,3236.0,3167.146854359664
木柵,2026-04-20,4684.0,4518.621879120148
木柵,2026-04-21,4789.0,4748.061348807895
木柵,2026-04-22,4737.0,4717.639673911731
木柵,2026-04-23,4604.0,4711.290365440162
木柵,2026-04-24,4801.0,4854.373171281607
木柵,2026-04-25,3381.0,3633.5483547159765
木柵,2026-04-26,3206.0,3075.0112915515874
木柵,2026-04-27,4756.0,4553.785190453351
木柵,2026-04-28,4955.0,4776.3747977841485
木柵,2026-04-29,4789.0,4913.765575854529
木柵,2026-04-30,4942.0,4687.315826484146
木柵,2026-05-01,3685.0,3880.139024198525
木柵,2026-05-02,3989.0,3246.2385337503356
木柵,2026-05-03,2737.0,3291.7633314626537
木柵,2026-05-04,4617.0,4635.704112376831
木柵,2026-05-05,4737.0,4809.4501216778435
木柵,2026-05-06,4651.0,4798.806043074732
木柵,2026-05-07,4737.0,4832.96355639281
木柵,2026-05-08,4916.0,4785.813361332484
木柵,2026-05-09,3366.0,3676.8130449594278
木柵,2026-05-10,2814.0,2943.9155398410485
木柵,2026-05-11,4666.0,4556.593443354574
木柵,2026-05-12,4646.0,4781.093271158709
木柵,2026-05-13,4653.0,4718.301569913387
木柵,2026-05-14,4570.0,4766.561117984585
木柵,2026-05-15,5009.0,4795.770179432224
木柵,2026-05-16,4005.0,3758.8221328588584
木柵,2026-05-17,3557.0,3047.8854679072506
木柵,2026-05-18,4562.0,4585.5534412431
木柵,2026-05-19,4652.0,4624.562560756254
木柵,2026-05-20,4667.0,4686.571601027699
木柵,2026-05-21,4667.0,4668.453280701686
木柵,2026-05-22,4922.0,4857.842765265577
木柵,2026-05-23,3978.0,3688.407484475307
木柵,2026-05-24,2952.0,3331.4496979210303
木柵,2026-05-25,4559.0,4493.987709250117
木柵,2026-05-26,4607.0,4610.612388240187
木柵,2026-05-27,4649.0,4635.0664664705055
木柵,2026-05-28,4570.0,4669.829582505213
木柵,2026-05-29,4720.0,4842.889330885974
木柵,2026-05-30,3654.0,3906.805716031592
木柵,2026-05-31,2950.0,2991.418785800849
東湖,2026-01-01,4903.0,5700.379579041818
東湖,2026-01-02,9144.0,9527.580221487195
東湖,2026-01-03,6546.0,6602.123227369537
東湖,2026-01-04,5551.0,5344.542435495547
東湖,2026-01-05,8936.0,8951.271848667036
東湖,2026-01-06,9210.0,9382.735814358326
東湖,2026-01-07,9335.0,9733.66428332666
東湖,2026-01-08,9324.0,8605.792543581902
東湖,2026-01-09,10030.0,9523.42307152553
東湖,2026-01-10,7164.0,6625.0718248591265
東湖,2026-01-11,5527.0,5699.515908762103
東湖,2026-01-12,9034.0,8950.92607619917
東湖,2026-01-13,9343.0,9261.536761308145
東湖,2026-01-14,9208.0,9357.16142817686
東湖,2026-01-15,9449.0,9163.890794127985
東湖,2026-01-16,9981.0,9803.91352532922
東湖,2026-01-17,7089.0,6844.42035152226
東湖,2026-01-18,5577.0,5657.572857570252
東湖,2026-01-19,8901.0,8979.531571159418
東湖,2026-01-20,10121.0,9155.623313999624
東湖,2026-01-21,9310.0,9671.923461956061
東湖,2026-01-22,9481.0,9337.74636109552
東湖,2026-01-23,10235.0,9938.567545071153
東湖,2026-01-24,6978.0,6879.628516099858
東湖,2026-01-25,5987.0,5620.5241729105865
東湖,2026-01-26,8216.0,9034.12087510657
東湖,2026-01-27,8454.0,9411.994491613676
東湖,2026-01-28,8431.0,8792.69772362022
東湖,2026-01-29,9064.0,8910.109014659169
東湖,2026-01-30,9694.0,9738.970943213379
東湖,2026-01-31,7225.0,6717.911191419578
東湖,2026-02-01,5570.0,5722.186357379005
東湖,2026-02-02,8134.0,8749.511673779345
東湖,2026-02-03,8747.0,8734.476033432373
東湖,2026-02-04,9127.0,8810.634579719906
東湖,2026-02-05,9306.0,9134.143634783282
東湖,2026-02-06,9453.0,9870.770744318797
東湖,2026-02-07,7839.0,6937.453640560547
東湖,2026-02-08,6789.0,6093.214024271262
東湖,2026-02-09,8649.0,8157.451155828141
東湖,2026-02-10,9634.0,8756.55704196444
東湖,2026-02-11,9334.0,9492.615041387056
東湖,2026-02-12,9632.0,9313.594848234952
東湖,2026-02-13,9718.0,9723.302787327351
東湖,2026-02-14,7875.0,7580.298393109952
東湖,2026-02-15,6952.0,6243.359762565591
東湖,2026-02-16,4699.0,6343.831312977815
東湖,2026-02-17,6935.0,4429.622271778949
東湖,2026-02-18,7618.0,5229.738578707942
東湖,2026-02-19,9310.0,5403.9492092354785
東湖,2026-02-20,8243.0,5863.543997404884
東湖,2026-02-21,8942.0,7332.922668296279
東湖,2026-02-22,7480.0,6842.899720732925
東湖,2026-02-23,9619.0,8391.157829361868
東湖,2026-02-24,9998.0,9562.504484405303
東湖,2026-02-25,9837.0,9801.21614666244
東湖,2026-02-26,10390.0,9376.669458026796
東湖,2026-02-27,7111.0,5960.991126074464
東湖,2026-02-28,7211.0,6969.869265986463
東湖,2026-03-01,5690.0,6480.918757563518
東湖,2026-03-02,9406.0,9215.848233857649
東湖,2026-03-03,9402.0,9806.45864356861
東湖,2026-03-04,9622.0,9584.817718656988
東湖,2026-03-05,10044.0,9845.20160480515
東湖,2026-03-06,10385.0,9162.168249253624
東湖,2026-03-07,7290.0,7583.087032051937
東湖,2026-03-08,5818.0,6150.687038210815
東湖,2026-03-09,9277.0,9316.68064961809
東湖,2026-03-10,9565.0,9599.809916826183
東湖,2026-03-11,9880.0,9621.243813150171
東湖,2026-03-12,9775.0,10060.710587962334
東湖,2026-03-13,10135.0,10276.36046512502
東湖,2026-03-14,7351.0,7170.1797375284805
東湖,2026-03-15,6153.0,5884.024813913133
東湖,2026-03-16,9317.0,9232.77526539855
東湖,2026-03-17,9732.0,9537.381253428432
東湖,2026-03-18,9921.0,9779.99077645651
東湖,2026-03-19,9632.0,9964.6568956878
東湖,2026-03-20,10315.0,10099.69989608611
東湖,2026-03-21,7236.0,7266.808001680278
東湖,2026-03-22,6036.0,5889.788629685732
東湖,2026-03-23,9145.0,9190.756217412541
東湖,2026-03-24,9749.0,9475.655373155594
東湖,2026-03-25,9697.0,9838.562137052702
東湖,2026-03-26,9521.0,9697.96832409494
東湖,2026-03-27,10266.0,10211.663477434327
東湖,2026-03-28,6946.0,7070.833261431153
東湖,2026-03-29,5652.0,5871.342175187829
東湖,2026-03-30,9241.0,9134.439467012835
東湖,2026-03-31,9448.0,9604.440750560472
東湖,2026-04-01,9345.0,9610.371713524217
東湖,2026-04-02,9844.0,9551.096617330757
東湖,2026-04-03,5905.0,6115.942815418343
東湖,2026-04-04,5245.0,5646.945357079467
東湖,2026-04-05,5200.0,4923.597999828519
東湖,2026-04-06,5058.0,4798.916663886953
東湖,2026-04-07,9324.0,9276.217143378884
東湖,2026-04-08,9669.0,9485.135446359753
東湖,2026-04-09,9691.0,9713.762129718063
東湖,2026-04-10,10149.0,10224.2248916471
東湖,2026-04-11,7139.0,6724.775227866132
東湖,2026-04-12,5869.0,5601.980677109656
東湖,2026-04-13,9118.0,8983.80764415256
東湖,2026-04-14,9163.0,9330.979724923762
東湖,2026-04-15,9154.0,9414.220648734501
東湖,2026-04-16,9131.0,9418.209827518343
東湖,2026-04-17,9948.0,9843.938882767883
東湖,2026-04-18,7092.0,7051.75775609295
東湖,2026-04-19,5763.0,5631.513812698744
東湖,2026-04-20,8990.0,8978.422451423658
東湖,2026-04-21,9402.0,9079.384985300014
東湖,2026-04-22,9504.0,9524.626576220202
東湖,2026-04-23,9323.0,9500.627820739997
東湖,2026-04-24,10099.0,9980.449442741623
東湖,2026-04-25,6993.0,6881.834333112233
東湖,2026-04-26,6323.0,5761.336985462697
東湖,2026-04-27,9204.0,9092.511170532252
東湖,2026-04-28,9519.0,9287.389515451867
東湖,2026-04-29,9597.0,9556.478075161762
東湖,2026-04-30,9908.0,9374.797619846115
東湖,2026-05-01,6918.0,6010.57972956149
東湖,2026-05-02,6683.0,6192.699704019044
東湖,2026-05-03,5461.0,5704.55901499545
東湖,2026-05-04,9146.0,8993.422611635384
東湖,2026-05-05,9483.0,9344.66071357739
東湖,2026-05-06,9630.0,9509.178003567033
東湖,2026-05-07,9756.0,9691.529965804077
東湖,2026-05-08,10152.0,10169.25878019909
東湖,2026-05-09,7027.0,6749.539911042519
東湖,2026-05-10,5569.0,5727.016926661419
東湖,2026-05-11,8902.0,9114.462342345185
東湖,2026-05-12,9368.0,9244.30405038498
東湖,2026-05-13,9228.0,9495.095387086023
東湖,2026-05-14,9284.0,9552.34179277284
東湖,2026-05-15,10094.0,9853.185270368509
東湖,2026-05-16,7189.0,6700.044934851331
東湖,2026-05-17,6001.0,5631.8080738018725
東湖,2026-05-18,8996.0,9080.148621418912
東湖,2026-05-19,9575.0,9240.30836257152
東湖,2026-05-20,9421.0,9509.074272744147
東湖,2026-05-21,9532.0,9499.034373288257
東湖,2026-05-22,10206.0,10072.229110359061
東湖,2026-05-23,7244.0,6856.630917349208
東湖,2026-05-24,5843.0,5740.682624615039
東湖,2026-05-25,8940.0,9077.218148350195
東湖,2026-05-26,9227.0,9326.57564377155
東湖,2026-05-27,9177.0,9303.649948177377
東湖,2026-05-28,9192.0,9327.352095318784
東湖,2026-05-29,9606.0,9927.252745853004
東湖,2026-05-30,6991.0,7099.2094878131975
東湖,2026-05-31,5629.0,5750.4090174533485
東門,2026-01-01,21746.0,28370.580694513817
東門,2026-01-02,30633.0,30344.954562263993
東門,2026-01-03,26076.0,26038.726226865874
東門,2026-01-04,21346.0,22185.507214457473
東門,2026-01-05,27187.0,27506.138018184938
東門,2026-01-06,27811.0,29063.2962840722
東門,2026-01-07,28285.0,29870.255389173373
東門,2026-01-08,28489.0,26431.73487810175
東門,2026-01-09,30893.0,30687.917580846493
東門,2026-01-10,26388.0,26085.914739801516
東門,2026-01-11,23131.0,21321.63193316036
東門,2026-01-12,26698.0,26557.420495245504
東門,2026-01-13,28334.0,28381.349101734057
東門,2026-01-14,27845.0,29233.390293030887
東門,2026-01-15,28802.0,28088.88655339337
東門,2026-01-16,30679.0,30843.241774505903
東門,2026-01-17,25880.0,25443.14630820134
東門,2026-01-18,21749.0,21913.72313073696
東門,2026-01-19,26537.0,26725.64025642323
東門,2026-01-20,27989.0,27489.11573536191
東門,2026-01-21,27854.0,28112.498310820156
東門,2026-01-22,27441.0,28103.032111516783
東門,2026-01-23,29784.0,30327.02988856736
東門,2026-01-24,26519.0,25481.615336484945
東門,2026-01-25,22346.0,21360.510620189354
東門,2026-01-26,26088.0,26680.3215834634
東門,2026-01-27,26922.0,27787.70000496808
東門,2026-01-28,27156.0,27474.555816760498
東門,2026-01-29,27741.0,27742.46725383119
東門,2026-01-30,28896.0,29967.682456962062
東門,2026-01-31,25380.0,25489.96585681123
東門,2026-02-01,20934.0,20519.84819938981
東門,2026-02-02,25603.0,26265.446303521316
東門,2026-02-03,27304.0,26980.505389221897
東門,2026-02-04,28190.0,27605.036688657317
東門,2026-02-05,28397.0,28140.671543950364
東門,2026-02-06,30240.0,29968.002974552874
東門,2026-02-07,26669.0,25728.997927311673
東門,2026-02-08,22569.0,21527.271243004034
東門,2026-02-09,25923.0,25866.241958867824
東門,2026-02-10,27902.0,26855.613010925616
東門,2026-02-11,27402.0,28176.778425114746
東門,2026-02-12,28389.0,27895.791430763697
東門,2026-02-13,28342.0,29959.36746229322
東門,2026-02-14,22251.0,26098.574970137128
東門,2026-02-15,18400.0,18587.298648073054
東門,2026-02-16,10606.0,16355.605805246727
東門,2026-02-17,11412.0,12311.277553941185
東門,2026-02-18,13898.0,11809.860558403198
東門,2026-02-19,15984.0,13932.700412727796
東門,2026-02-20,17610.0,16154.535720466723
東門,2026-02-21,19943.0,18205.43350019646
東門,2026-02-22,18768.0,18425.712871182433
東門,2026-02-23,24768.0,23875.26902989975
東門,2026-02-24,26472.0,26944.400183804162
東門,2026-02-25,27197.0,27240.489500039283
東門,2026-02-26,28920.0,27900.98118044471
東門,2026-02-27,24342.0,21443.84271381237
東門,2026-02-28,25140.0,19774.201460303284
東門,2026-03-01,20915.0,19068.94108862939
東門,2026-03-02,26431.0,24119.834595417393
東門,2026-03-03,27368.0,26852.459354430757
東門,2026-03-04,28033.0,27403.934559579913
東門,2026-03-05,28971.0,28212.480538536907
東門,2026-03-06,31876.0,29009.097763703066
東門,2026-03-07,28503.0,26498.182543344177
東門,2026-03-08,23649.0,22035.573139093318
東門,2026-03-09,27461.0,26217.70443859179
東門,2026-03-10,28274.0,27336.128281681707
東門,2026-03-11,29201.0,28236.86395477197
東門,2026-03-12,30004.0,29376.004757290633
東門,2026-03-13,32543.0,32200.16866632653
東門,2026-03-14,30005.0,29093.32224786895
東門,2026-03-15,25869.0,23879.21652134738
東門,2026-03-16,27923.0,27095.23749157222
東門,2026-03-17,29735.0,28433.072101254482
東門,2026-03-18,30072.0,29385.974361223158
東門,2026-03-19,30070.0,30209.445221431564
東門,2026-03-20,33265.0,31760.671667057333
東門,2026-03-21,31230.0,29262.290437562013
東門,2026-03-22,25036.0,26551.700843961604
東門,2026-03-23,27788.0,28054.082150230148
東門,2026-03-24,29590.0,29287.320815520517
東門,2026-03-25,29318.0,30193.70947530762
東門,2026-03-26,29767.0,30175.954986660392
東門,2026-03-27,31323.0,32583.196234633284
東門,2026-03-28,28816.0,28331.78443481899
東門,2026-03-29,23966.0,24148.295745203315
東門,2026-03-30,27478.0,27745.06235335342
東門,2026-03-31,28157.0,29704.458819597872
東門,2026-04-01,27729.0,29296.64364824307
東門,2026-04-02,29598.0,29159.755618592735
東門,2026-04-03,21736.0,21175.515737843587
東門,2026-04-04,21432.0,21444.22617991894
東門,2026-04-05,20469.0,19788.734924573524
東門,2026-04-06,18070.0,17837.370339832483
東門,2026-04-07,26380.0,28333.684910994118
東門,2026-04-08,27722.0,27631.667837324174
東門,2026-04-09,28401.0,28531.047561655665
東門,2026-04-10,30755.0,30864.28678040521
東門,2026-04-11,27257.0,26669.07150529284
東門,2026-04-12,22509.0,22553.11447457333
東門,2026-04-13,26867.0,26025.723111021114
東門,2026-04-14,27990.0,27653.586377515338
東門,2026-04-15,28630.0,28161.07751939863
東門,2026-04-16,28565.0,29026.45200409446
東門,2026-04-17,31243.0,30823.379991063626
東門,2026-04-18,27452.0,28357.212955622705
東門,2026-04-19,22656.0,22370.921695704634
東門,2026-04-20,26398.0,26296.049928974855
東門,2026-04-21,27863.0,27606.936071195432
東門,2026-04-22,28240.0,28230.775978577523
東門,2026-04-23,28037.0,28501.022330710664
東門,2026-04-24,31361.0,30515.800903747062
東門,2026-04-25,27610.0,26736.88344139374
東門,2026-04-26,23698.0,22926.585509849294
東門,2026-04-27,26730.0,26573.997396092243
東門,2026-04-28,27802.0,27668.67908774626
東門,2026-04-29,28189.0,28184.497283924633
東門,2026-04-30,30167.0,28037.38240150649
東門,2026-05-01,24451.0,21401.593126970813
東門,2026-05-02,26793.0,23147.09428685015
東門,2026-05-03,23912.0,22546.495456625787
東門,2026-05-04,29404.0,26495.373196251134
東門,2026-05-05,28940.0,28915.00959657396
東門,2026-05-06,28727.0,28916.709311456303
東門,2026-05-07,28531.0,29413.35647398306
東門,2026-05-08,30186.0,31004.885796706094
東門,2026-05-09,25911.0,26203.101145255037
東門,2026-05-10,21556.0,22241.380152635753
東門,2026-05-11,26184.0,27201.218055164558
東門,2026-05-12,27435.0,27700.88748221741
東門,2026-05-13,27474.0,27924.242085446982
東門,2026-05-14,27264.0,28789.575837111428
東門,2026-05-15,30277.0,29707.64328792831
東門,2026-05-16,27590.0,25701.243506445564
東門,2026-05-17,22795.0,22982.558087051624
東門,2026-05-18,26333.0,26483.0127181269
東門,2026-05-19,27312.0,27413.295658031562
東門,2026-05-20,27961.0,27814.88881800977
東門,2026-05-21,28078.0,28105.476269817693
東門,2026-05-22,30400.0,29900.498331702183
東門,2026-05-23,27959.0,27161.762521703295
東門,2026-05-24,23034.0,22808.073048944527
東門,2026-05-25,26623.0,26103.822718966698
東門,2026-05-26,27175.0,27146.89225453875
東門,2026-05-27,27784.0,27520.12599439785
東門,2026-05-28,28177.0,27910.107304929432
東門,2026-05-29,30450.0,30105.176966357292
東門,2026-05-30,27151.0,26481.399441428886
東門,2026-05-31,21798.0,22871.79525303998
松山,2026-01-01,18799.0,23291.19689817753
松山,2026-01-02,30783.0,28778.07940974549
松山,2026-01-03,22133.0,21027.853021726773
松山,2026-01-04,18002.0,18769.045351037574
松山,2026-01-05,28710.0,28393.29896109436
松山,2026-01-06,28406.0,29593.624900703308
松山,2026-01-07,29326.0,29862.888671953584
松山,2026-01-08,29054.0,19575.167424653286
松山,2026-01-09,31231.0,30466.01479683958
松山,2026-01-10,22071.0,22053.3737561087
松山,2026-01-11,18198.0,17268.370409092007
松山,2026-01-12,28136.0,28601.606244496503
松山,2026-01-13,28498.0,29042.61770202685
松山,2026-01-14,29064.0,29365.37679426033
松山,2026-01-15,29042.0,28858.322759685732
松山,2026-01-16,30512.0,30298.23813563317
松山,2026-01-17,22150.0,21639.291936954396
松山,2026-01-18,18230.0,17412.854520396428
松山,2026-01-19,27319.0,28082.904192011425
松山,2026-01-20,28599.0,27896.965190666095
松山,2026-01-21,28237.0,28936.992130414594
松山,2026-01-22,27381.0,28596.52718463601
松山,2026-01-23,30581.0,29865.722865370364
松山,2026-01-24,20958.0,21527.222616502924
松山,2026-01-25,17941.0,17285.030790650893
松山,2026-01-26,28519.0,26847.27085572934
松山,2026-01-27,27413.0,28629.641498604546
松山,2026-01-28,28635.0,28259.473370993222
松山,2026-01-29,29195.0,28836.671804151636
松山,2026-01-30,31229.0,30304.744983443834
松山,2026-01-31,20332.0,21984.03790719706
松山,2026-02-01,15887.0,16512.976711469924
松山,2026-02-02,28250.0,27390.846662045395
松山,2026-02-03,29259.0,28403.004742246474
松山,2026-02-04,30093.0,29040.347559867972
松山,2026-02-05,29763.0,29622.487979458652
松山,2026-02-06,30023.0,30689.56108962742
松山,2026-02-07,20781.0,20830.11258393703
松山,2026-02-08,17556.0,16336.110064960598
松山,2026-02-09,28076.0,28117.722307937696
松山,2026-02-10,28821.0,28771.44048492146
松山,2026-02-11,28116.0,29337.082195327264
松山,2026-02-12,28460.0,28949.59143639861
松山,2026-02-13,28257.0,30092.54114988209
松山,2026-02-14,17209.0,20538.86248602859
松山,2026-02-15,14135.0,15136.339514008276
松山,2026-02-16,10267.0,11500.936793852385
松山,2026-02-17,21468.0,13830.101220164424
松山,2026-02-18,20135.0,18882.92763022139
松山,2026-02-19,23032.0,18614.962848496725
松山,2026-02-20,23644.0,19295.81170960048
松山,2026-02-21,23445.0,19260.713251555968
松山,2026-02-22,17281.0,17245.22383449263
松山,2026-02-23,26797.0,26004.733253312013
松山,2026-02-24,27137.0,27702.539412651102
松山,2026-02-25,28924.0,27852.386223224956
松山,2026-02-26,29408.0,28937.105584071178
松山,2026-02-27,20313.0,19608.296489466695
松山,2026-02-28,20687.0,17886.90742703088
松山,2026-03-01,17024.0,16760.703513998433
松山,2026-03-02,28032.0,26187.709898335368
松山,2026-03-03,27770.0,27734.887654444963
松山,2026-03-04,27928.0,28025.83577590476
松山,2026-03-05,29290.0,28336.454539313923
松山,2026-03-06,30647.0,25404.365191125064
松山,2026-03-07,23053.0,22453.952481026474
松山,2026-03-08,18731.0,17555.370452121984
松山,2026-03-09,28175.0,27515.917230863637
松山,2026-03-10,28235.0,28302.698646396362
松山,2026-03-11,30975.0,28545.360123340964
松山,2026-03-12,29957.0,30650.533717052807
松山,2026-03-13,31549.0,31368.76200000398
松山,2026-03-14,24120.0,23757.138309627495
松山,2026-03-15,19725.0,18973.06224200962
松山,2026-03-16,28817.0,28101.2831909724
松山,2026-03-17,29808.0,28904.383163075316
松山,2026-03-18,30262.0,30525.677075510837
松山,2026-03-19,29645.0,30324.421127879414
松山,2026-03-20,32022.0,30753.35237079613
松山,2026-03-21,23966.0,23651.847362158293
松山,2026-03-22,20731.0,18686.33242250359
松山,2026-03-23,29226.0,27931.765544408147
松山,2026-03-24,28756.0,29274.755801698368
松山,2026-03-25,29196.0,30074.009845166573
松山,2026-03-26,29258.0,29633.701183238296
松山,2026-03-27,31954.0,30552.877650979062
松山,2026-03-28,21463.0,24590.08273665678
松山,2026-03-29,17839.0,18408.133614881845
松山,2026-03-30,28280.0,28606.26209346944
松山,2026-03-31,28061.0,28945.552745812118
松山,2026-04-01,28179.0,28937.606487692756
松山,2026-04-02,29891.0,28781.512989938128
松山,2026-04-03,19607.0,21287.16021159688
松山,2026-04-04,17310.0,18659.252528171713
松山,2026-04-05,19275.0,17234.865469397246
松山,2026-04-06,16067.0,18666.862486509326
松山,2026-04-07,26507.0,28021.41307465883
松山,2026-04-08,28188.0,27958.09490439271
松山,2026-04-09,28772.0,28755.650743959926
松山,2026-04-10,31488.0,30588.44477927864
松山,2026-04-11,22982.0,22719.516793206112
松山,2026-04-12,18250.0,18629.643322785723
松山,2026-04-13,27937.0,26447.334870303715
松山,2026-04-14,28152.0,27859.980288410894
松山,2026-04-15,28098.0,28208.92460827799
松山,2026-04-16,28097.0,28585.631959616083
松山,2026-04-17,30075.0,30688.630280962778
松山,2026-04-18,21205.0,22034.503571541103
松山,2026-04-19,18128.0,17731.120595294815
松山,2026-04-20,27627.0,27248.614687600242
松山,2026-04-21,28137.0,27808.718786362126
松山,2026-04-22,28254.0,28097.86305277011
松山,2026-04-23,26277.0,28230.62002096782
松山,2026-04-24,28373.0,29541.855929338682
松山,2026-04-25,20582.0,21886.84099739029
松山,2026-04-26,19276.0,17209.78399862783
松山,2026-04-27,28046.0,27190.0305092048
松山,2026-04-28,28540.0,28209.985656673238
松山,2026-04-29,27717.0,28385.90756147911
松山,2026-04-30,28596.0,27623.6186304759
松山,2026-05-01,22636.0,19142.65765438201
松山,2026-05-02,22047.0,19641.785766599816
松山,2026-05-03,17785.0,18335.246903110816
松山,2026-05-04,27645.0,27584.866890785423
松山,2026-05-05,26869.0,27895.100206891708
松山,2026-05-06,28755.0,27504.02420979049
松山,2026-05-07,28472.0,28533.71203902443
松山,2026-05-08,29518.0,29160.46872273411
松山,2026-05-09,21470.0,21445.482796726694
松山,2026-05-10,17596.0,17750.454972009735
松山,2026-05-11,27803.0,26867.850115009704
松山,2026-05-12,28368.0,28141.02309311481
松山,2026-05-13,26216.0,28445.13965582105
松山,2026-05-14,27294.0,27652.655977245155
松山,2026-05-15,30505.0,29034.608064196425
松山,2026-05-16,22271.0,22010.699312646757
松山,2026-05-17,18935.0,17729.708630193047
松山,2026-05-18,27219.0,27521.492563938944
松山,2026-05-19,27533.0,27553.91861070575
松山,2026-05-20,28216.0,27900.592096371343
松山,2026-05-21,27805.0,28172.491401458377
松山,2026-05-22,29819.0,29796.6243202556
松山,2026-05-23,22073.0,21406.994636091935
松山,2026-05-24,17655.0,18230.9633938717
松山,2026-05-25,27290.0,26986.99427338756
松山,2026-05-26,27591.0,27732.745889665675
松山,2026-05-27,27790.0,27769.901632987945
松山,2026-05-28,27928.0,27918.385104099452
松山,2026-05-29,29062.0,29611.842416647884
松山,2026-05-30,21647.0,21568.57897305208
松山,2026-05-31,18157.0,17654.53453688432
松山機場,2026-01-01,4056.0,5146.162870390875
松山機場,2026-01-02,5025.0,5401.169250227484
松山機場,2026-01-03,4173.0,4126.69422505364
松山機場,2026-01-04,4520.0,4137.732283738591
松山機場,2026-01-05,5193.0,5331.184785883908
松山機場,2026-01-06,4895.0,5192.4525767901805
松山機場,2026-01-07,4831.0,5388.128834621218
松山機場,2026-01-08,4948.0,4767.977921464203
松山機場,2026-01-09,5654.0,5374.608155696161
松山機場,2026-01-10,4553.0,4216.2945979923325
松山機場,2026-01-11,4118.0,4341.839056607711
松山機場,2026-01-12,4893.0,5363.709323001001
松山機場,2026-01-13,4934.0,4916.348301211659
松山機場,2026-01-14,4957.0,5348.299011683034
松山機場,2026-01-15,5116.0,5039.876500259307
松山機場,2026-01-16,5439.0,5421.847069103595
松山機場,2026-01-17,4554.0,4090.9752517709485
松山機場,2026-01-18,4061.0,4195.341247497329
松山機場,2026-01-19,5123.0,4997.054667997742
松山機場,2026-01-20,5146.0,4951.565633748475
松山機場,2026-01-21,5000.0,5017.339398687581
松山機場,2026-01-22,5237.0,5105.725196624061
松山機場,2026-01-23,5912.0,5506.624780206178
松山機場,2026-01-24,4412.0,4538.974953200032
松山機場,2026-01-25,4527.0,4115.981842775712
松山機場,2026-01-26,5241.0,5166.709487231682
松山機場,2026-01-27,5403.0,5144.704211228213
松山機場,2026-01-28,5228.0,5268.5538816910375
松山機場,2026-01-29,5673.0,5278.728275612961
松山機場,2026-01-30,6012.0,5829.305682618417
松山機場,2026-01-31,4160.0,4522.430588987176
松山機場,2026-02-01,3952.0,4120.1083613282135
松山機場,2026-02-02,5132.0,5276.60334713088
松山機場,2026-02-03,5162.0,5210.252699956894
松山機場,2026-02-04,5523.0,5236.3943371928935
松山機場,2026-02-05,5428.0,5594.051928023505
松山機場,2026-02-06,5695.0,5784.3188091318
松山機場,2026-02-07,4070.0,4233.575861529638
松山機場,2026-02-08,3883.0,4063.0243125907873
松山機場,2026-02-09,5214.0,5221.185365288036
松山機場,2026-02-10,5406.0,5245.839643909637
松山機場,2026-02-11,5183.0,5437.179251897069
松山機場,2026-02-12,5218.0,5349.664744924052
松山機場,2026-02-13,5270.0,5682.108695477183
松山機場,2026-02-14,3723.0,4032.6021451933284
松山機場,2026-02-15,3238.0,3716.058708885458
松山機場,2026-02-16,2683.0,3546.00220268209
松山機場,2026-02-17,3815.0,2844.107413763565
松山機場,2026-02-18,4283.0,3807.4867336618468
松山機場,2026-02-19,4659.0,3809.450100534625
松山機場,2026-02-20,4354.0,3784.976790779838
松山機場,2026-02-21,4463.0,3928.4774647154513
松山機場,2026-02-22,4669.0,3644.964601119897
松山機場,2026-02-23,5682.0,5057.985732476373
松山機場,2026-02-24,5439.0,5794.198441995942
松山機場,2026-02-25,5351.0,5287.084441538853
松山機場,2026-02-26,5810.0,5260.757140848947
松山機場,2026-02-27,3958.0,4948.115487540737
松山機場,2026-02-28,4194.0,3919.3749710828392
松山機場,2026-03-01,4338.0,3971.6715778725616
松山機場,2026-03-02,5164.0,5423.481997898885
松山機場,2026-03-03,5222.0,5255.496340559292
松山機場,2026-03-04,5478.0,5260.4662535831585
松山機場,2026-03-05,5334.0,5597.912613266092
松山機場,2026-03-06,5671.0,4859.306209724102
松山機場,2026-03-07,4419.0,4264.0255862290105
松山機場,2026-03-08,3977.0,4293.844111664953
松山機場,2026-03-09,5257.0,5304.436684937185
松山機場,2026-03-10,5174.0,5317.766516420467
松山機場,2026-03-11,5531.0,5304.431967138554
松山機場,2026-03-12,5703.0,5570.302718134808
松山機場,2026-03-13,5948.0,5822.494078687382
松山機場,2026-03-14,4563.0,4272.31124464655
松山機場,2026-03-15,4653.0,4099.635188349807
松山機場,2026-03-16,5627.0,5332.618800282174
松山機場,2026-03-17,5686.0,5387.952276461094
松山機場,2026-03-18,5677.0,5616.478037688876
松山機場,2026-03-19,5758.0,5648.308600054072
松山機場,2026-03-20,6328.0,5944.804312993783
松山機場,2026-03-21,4763.0,4648.636835221452
松山機場,2026-03-22,4797.0,4240.460886060289
松山機場,2026-03-23,5564.0,5579.911919401643
松山機場,2026-03-24,5446.0,5603.599671337377
松山機場,2026-03-25,5710.0,5613.326674719982
松山機場,2026-03-26,5941.0,5589.242036684175
松山機場,2026-03-27,6342.0,6157.08719790667
松山機場,2026-03-28,4771.0,4723.383330737347
松山機場,2026-03-29,4344.0,4373.359258368839
松山機場,2026-03-30,5485.0,5492.512217371849
松山機場,2026-03-31,5474.0,5561.277130305283
松山機場,2026-04-01,5787.0,5641.778638490607
松山機場,2026-04-02,5931.0,5747.214789475819
松山機場,2026-04-03,4016.0,3968.0708027283163
松山機場,2026-04-04,4112.0,4141.447156972615
松山機場,2026-04-05,4654.0,4146.84274335718
松山機場,2026-04-06,4657.0,4155.035803226326
松山機場,2026-04-07,6442.0,5243.455929667756
松山機場,2026-04-08,6038.0,6032.640315903602
松山機場,2026-04-09,5944.0,5973.461386513899
松山機場,2026-04-10,6422.0,6142.519932628203
松山機場,2026-04-11,4720.0,4405.008223964218
松山機場,2026-04-12,4564.0,4216.2779323501745
松山機場,2026-04-13,5587.0,5441.852446067665
松山機場,2026-04-14,5523.0,5948.8248360228645
松山機場,2026-04-15,5585.0,5755.193288654704
松山機場,2026-04-16,5527.0,5811.13040156992
松山機場,2026-04-17,6099.0,5910.022489822769
松山機場,2026-04-18,4399.0,4446.105126089716
松山機場,2026-04-19,4635.0,4382.875048206808
松山機場,2026-04-20,5569.0,5535.214319409302
松山機場,2026-04-21,5625.0,5720.860527142684
松山機場,2026-04-22,5735.0,5729.328399739293
松山機場,2026-04-23,6015.0,5763.867753698644
松山機場,2026-04-24,6630.0,6215.613255792784
松山機場,2026-04-25,4820.0,4545.060345812997
松山機場,2026-04-26,4764.0,4188.803547666501
松山機場,2026-04-27,5778.0,5564.439960675761
松山機場,2026-04-28,6070.0,5639.570293365805
松山機場,2026-04-29,6211.0,5968.401664774253
松山機場,2026-04-30,6863.0,6075.080122857701
松山機場,2026-05-01,4925.0,4543.8369630458565
松山機場,2026-05-02,4568.0,4335.025959019825
松山機場,2026-05-03,4589.0,4208.351291846611
松山機場,2026-05-04,6112.0,5538.230890104549
松山機場,2026-05-05,6365.0,6110.895391150762
松山機場,2026-05-06,5717.0,6262.035041598248
松山機場,2026-05-07,5437.0,6229.672512243432
松山機場,2026-05-08,5889.0,5792.892904263861
松山機場,2026-05-09,4355.0,4681.4076897500945
松山機場,2026-05-10,4371.0,4194.352452567224
松山機場,2026-05-11,5709.0,5579.794033870536
松山機場,2026-05-12,5634.0,6042.968792994672
松山機場,2026-05-13,6120.0,5770.698549608688
松山機場,2026-05-14,5786.0,6072.733979270877
松山機場,2026-05-15,6380.0,5729.532742306712
松山機場,2026-05-16,5251.0,4459.026918270757
松山機場,2026-05-17,5002.0,4510.170808524452
松山機場,2026-05-18,5957.0,5644.06778114757
松山機場,2026-05-19,5743.0,5855.957517736568
松山機場,2026-05-20,5984.0,5845.010155360752
松山機場,2026-05-21,5967.0,5909.032513867122
松山機場,2026-05-22,6287.0,6142.368465430797
松山機場,2026-05-23,5359.0,4880.506174464693
松山機場,2026-05-24,4914.0,4704.536706463013
松山機場,2026-05-25,5648.0,5644.298620549056
松山機場,2026-05-26,5989.0,5657.019943330376
松山機場,2026-05-27,5855.0,5956.572454988006
松山機場,2026-05-28,5797.0,5878.597888292312
松山機場,2026-05-29,6176.0,6086.395405849427
松山機場,2026-05-30,5061.0,4982.583475904817
松山機場,2026-05-31,4968.0,4700.822068033381
松江南京,2026-01-01,18367.0,38651.15118507255
松江南京,2026-01-02,43514.0,44820.46716064381
松江南京,2026-01-03,21065.0,22246.064067636446
松江南京,2026-01-04,15770.0,17327.336283771456
松江南京,2026-01-05,42825.0,42229.84395765757
松江南京,2026-01-06,44550.0,43797.542659733066
松江南京,2026-01-07,44135.0,45503.03092313298
松江南京,2026-01-08,44463.0,27303.10858560539
松江南京,2026-01-09,45759.0,45176.862106446984
松江南京,2026-01-10,22423.0,30056.284433988607
松江南京,2026-01-11,17174.0,17078.074440187742
松江南京,2026-01-12,42574.0,42511.05416406632
松江南京,2026-01-13,43481.0,44023.39473290163
松江南京,2026-01-14,43774.0,44476.935881600424
松江南京,2026-01-15,43863.0,44137.4050504544
松江南京,2026-01-16,46047.0,44720.27759096494
松江南京,2026-01-17,23499.0,24201.86748882164
松江南京,2026-01-18,18628.0,17487.17363540687
松江南京,2026-01-19,42844.0,42270.46777336378
松江南京,2026-01-20,43524.0,43515.358761675656
松江南京,2026-01-21,43538.0,43773.76132821306
松江南京,2026-01-22,44839.0,43831.13405703652
松江南京,2026-01-23,45737.0,45954.10285809508
松江南京,2026-01-24,23053.0,23317.96036878169
松江南京,2026-01-25,17059.0,18047.796515866285
松江南京,2026-01-26,40569.0,42348.06460104293
松江南京,2026-01-27,43408.0,42553.830511448316
松江南京,2026-01-28,42869.0,43677.655076976
松江南京,2026-01-29,42920.0,43730.17536779163
松江南京,2026-01-30,43909.0,44781.54203782927
松江南京,2026-01-31,22861.0,22258.59293494609
松江南京,2026-02-01,17150.0,18396.763147883317
松江南京,2026-02-02,42113.0,41472.52714090203
松江南京,2026-02-03,43612.0,43414.92877882996
松江南京,2026-02-04,43248.0,43311.9958397747
松江南京,2026-02-05,43944.0,43346.485530031765
松江南京,2026-02-06,45890.0,44428.530585346154
松江南京,2026-02-07,23431.0,23803.516247657873
松江南京,2026-02-08,17565.0,17345.909521091184
松江南京,2026-02-09,42178.0,41627.52155113884
松江南京,2026-02-10,43807.0,43400.490100303854
松江南京,2026-02-11,43200.0,42920.10814209113
松江南京,2026-02-12,42568.0,43862.80482955454
松江南京,2026-02-13,39861.0,44158.735828394456
松江南京,2026-02-14,17195.0,22096.098657729086
松江南京,2026-02-15,12339.0,15357.22008634552
松江南京,2026-02-16,8332.0,11809.819468968912
松江南京,2026-02-17,10156.0,11029.250563921787
松江南京,2026-02-18,11118.0,11243.507625055101
松江南京,2026-02-19,12909.0,11420.483320668853
松江南京,2026-02-20,14228.0,13388.08676647398
松江南京,2026-02-21,16086.0,16761.54739781238
松江南京,2026-02-22,14109.0,14291.57636952579
松江南京,2026-02-23,40407.0,38590.39809767683
松江南京,2026-02-24,41638.0,42051.50235945738
松江南京,2026-02-25,43721.0,42065.61169113949
松江南京,2026-02-26,44110.0,43374.54502624914
松江南京,2026-02-27,21336.0,27931.817235698385
松江南京,2026-02-28,19879.0,16645.66119691346
松江南京,2026-03-01,15277.0,15041.204566714043
松江南京,2026-03-02,41660.0,40486.69226854208
松江南京,2026-03-03,43013.0,41521.31539143099
松江南京,2026-03-04,45004.0,43114.397286455365
松江南京,2026-03-05,44570.0,44918.75740045503
松江南京,2026-03-06,46437.0,32158.378054364093
松江南京,2026-03-07,23213.0,31649.950637478127
松江南京,2026-03-08,17270.0,16389.059138999204
松江南京,2026-03-09,42846.0,41623.56651856585
松江南京,2026-03-10,44320.0,43051.47447097774
松江南京,2026-03-11,44460.0,43287.39908957274
松江南京,2026-03-12,44602.0,44114.402497866766
松江南京,2026-03-13,45452.0,45703.04021131944
松江南京,2026-03-14,22874.0,23731.860109653968
松江南京,2026-03-15,17551.0,17372.310766828534
松江南京,2026-03-16,42395.0,41890.092713524864
松江南京,2026-03-17,43780.0,43519.70071095351
松江南京,2026-03-18,43748.0,43598.38989441439
松江南京,2026-03-19,44302.0,44050.6445335716
松江南京,2026-03-20,44896.0,45020.34003170033
松江南京,2026-03-21,23598.0,23099.68622672342
松江南京,2026-03-22,17695.0,17896.122007606133
松江南京,2026-03-23,42230.0,42236.17332769241
松江南京,2026-03-24,43646.0,43340.62528579472
松江南京,2026-03-25,43813.0,43803.94975739176
松江南京,2026-03-26,43880.0,44186.08782784557
松江南京,2026-03-27,45479.0,44854.81289665415
松江南京,2026-03-28,22736.0,23558.542607819207
松江南京,2026-03-29,16508.0,17855.104763815252
松江南京,2026-03-30,42159.0,42110.57758191319
松江南京,2026-03-31,43061.0,43461.350717101304
松江南京,2026-04-01,43208.0,43546.490902131576
松江南京,2026-04-02,43175.0,43760.15102393625
松江南京,2026-04-03,19418.0,20959.586259140528
松江南京,2026-04-04,18120.0,18197.054342668605
松江南京,2026-04-05,15150.0,15711.866785944063
松江南京,2026-04-06,15354.0,14090.217874450373
松江南京,2026-04-07,42926.0,42181.60443074005
松江南京,2026-04-08,43627.0,43093.99178042406
松江南京,2026-04-09,43623.0,43045.359272270915
松江南京,2026-04-10,45341.0,44224.02136427641
松江南京,2026-04-11,23752.0,24155.168966102796
松江南京,2026-04-12,17175.0,17209.49654685851
松江南京,2026-04-13,41288.0,39316.33959412131
松江南京,2026-04-14,42764.0,42636.44291595138
松江南京,2026-04-15,43059.0,43404.72863415221
松江南京,2026-04-16,43227.0,43385.49232890953
松江南京,2026-04-17,43883.0,44448.43430547936
松江南京,2026-04-18,21785.0,24217.706048662116
松江南京,2026-04-19,16119.0,16605.870630315916
松江南京,2026-04-20,40781.0,41094.7002411366
松江南京,2026-04-21,42343.0,42252.922557562
松江南京,2026-04-22,42493.0,42919.58461017795
松江南京,2026-04-23,43712.0,43079.73155247449
松江南京,2026-04-24,45868.0,43805.987668022266
松江南京,2026-04-25,22686.0,28835.896856556505
松江南京,2026-04-26,17367.0,16856.740666484886
松江南京,2026-04-27,41680.0,40872.87768499201
松江南京,2026-04-28,42870.0,42562.08536048772
松江南京,2026-04-29,43776.0,43070.47053518398
松江南京,2026-04-30,46143.0,43421.72511093683
松江南京,2026-05-01,21292.0,22544.241402121865
松江南京,2026-05-02,21473.0,18349.497717897706
松江南京,2026-05-03,16618.0,16968.66202570967
松江南京,2026-05-04,43772.0,40733.386040632264
松江南京,2026-05-05,45491.0,41408.99835743143
松江南京,2026-05-06,43832.0,44506.70074170981
松江南京,2026-05-07,43987.0,44339.099981099804
松江南京,2026-05-08,45044.0,45533.54255643372
松江南京,2026-05-09,21963.0,29343.333800640467
松江南京,2026-05-10,15458.0,16932.01380567572
松江南京,2026-05-11,40933.0,42556.713445337235
松江南京,2026-05-12,42794.0,43251.99385665289
松江南京,2026-05-13,44066.0,43381.69295495999
松江南京,2026-05-14,43191.0,43761.743899223366
松江南京,2026-05-15,45580.0,43964.10481541751
松江南京,2026-05-16,23316.0,29257.755847688124
松江南京,2026-05-17,18299.0,16844.72800200054
松江南京,2026-05-18,40722.0,42050.93750793082
松江南京,2026-05-19,42216.0,42491.98674022586
松江南京,2026-05-20,42959.0,43373.533640303074
松江南京,2026-05-21,42894.0,43216.4090549132
松江南京,2026-05-22,43838.0,44051.57563833035
松江南京,2026-05-23,22792.0,22517.224406747624
松江南京,2026-05-24,16646.0,18054.333271356914
松江南京,2026-05-25,40699.0,40891.34070893685
松江南京,2026-05-26,42797.0,42064.56868800603
松江南京,2026-05-27,42782.0,43115.246270787735
松江南京,2026-05-28,42536.0,43015.09547081482
松江南京,2026-05-29,44240.0,43811.16427069662
松江南京,2026-05-30,21928.0,22579.73751159932
松江南京,2026-05-31,16848.0,17497.409331626728
板新,2026-01-01,746.0,903.6443546061777
板新,2026-01-02,1498.0,1419.181316806388
板新,2026-01-03,956.0,1088.3840072796718
板新,2026-01-04,759.0,734.4463698793894
板新,2026-01-05,1370.0,1418.1116160138884
板新,2026-01-06,1459.0,1423.055251913693
板新,2026-01-07,1451.0,1658.021928872125
板新,2026-01-08,1380.0,1239.5735242706648
板新,2026-01-09,1434.0,1427.9296161484144
板新,2026-01-10,993.0,993.2033657075503
板新,2026-01-11,762.0,741.7172445833893
板新,2026-01-12,1340.0,1351.4444720853053
板新,2026-01-13,1376.0,1381.7199353529595
板新,2026-01-14,1391.0,1548.0441014519386
板新,2026-01-15,1390.0,1438.090994529449
板新,2026-01-16,1450.0,1432.5512232594258
板新,2026-01-17,1047.0,1019.0181210224961
板新,2026-01-18,833.0,781.788478347361
板新,2026-01-19,1393.0,1320.1709625727165
板新,2026-01-20,1525.0,1436.9709304037315
板新,2026-01-21,1429.0,1480.5531062322175
板新,2026-01-22,1438.0,1419.9404089799093
板新,2026-01-23,1496.0,1431.3608071778588
板新,2026-01-24,1028.0,1041.957660281997
板新,2026-01-25,850.0,794.6836236916685
板新,2026-01-26,1356.0,1365.4301137996
板新,2026-01-27,1370.0,1401.7370766660104
板新,2026-01-28,1431.0,1420.0353346973939
板新,2026-01-29,1490.0,1418.8760998557111
板新,2026-01-30,1470.0,1466.2197680206789
板新,2026-01-31,1173.0,1043.7216039222355
板新,2026-02-01,814.0,863.340442058343
板新,2026-02-02,1329.0,1342.521206237935
板新,2026-02-03,1356.0,1388.307784534637
板新,2026-02-04,1444.0,1431.1533047933053
板新,2026-02-05,1390.0,1424.4331535877122
板新,2026-02-06,1441.0,1432.1253839003296
板新,2026-02-07,1004.0,1101.8870506395913
板新,2026-02-08,788.0,784.5300295891473
板新,2026-02-09,1359.0,1316.428594734271
板新,2026-02-10,1398.0,1392.0193162658495
板新,2026-02-11,1414.0,1420.5309356790322
板新,2026-02-12,1327.0,1429.075348844827
板新,2026-02-13,1260.0,1396.3994633490738
板新,2026-02-14,789.0,997.0618319618977
板新,2026-02-15,593.0,700.6981858698002
板新,2026-02-16,455.0,645.6667954311627
板新,2026-02-17,493.0,606.7799097106312
板新,2026-02-18,611.0,617.6997196172708
板新,2026-02-19,751.0,656.7819658889729
板新,2026-02-20,806.0,699.8539314637031
板新,2026-02-21,926.0,730.6244950364676
板新,2026-02-22,767.0,725.427981109078
板新,2026-02-23,1343.0,1285.76185439085
板新,2026-02-24,1412.0,1360.6447584090743
板新,2026-02-25,1604.0,1418.7297064849624
板新,2026-02-26,1508.0,1479.0485109242602
板新,2026-02-27,1062.0,770.5841599861412
板新,2026-02-28,1055.0,872.7094470276454
板新,2026-03-01,840.0,733.1771175429192
板新,2026-03-02,1467.0,1376.9684816759182
板新,2026-03-03,1497.0,1507.7942444861494
板新,2026-03-04,1505.0,1751.0941098562728
板新,2026-03-05,1547.0,1559.2283495744007
板新,2026-03-06,1537.0,1218.128827140781
板新,2026-03-07,1157.0,1066.6919466512725
板新,2026-03-08,868.0,841.4631806360852
板新,2026-03-09,1461.0,1445.4639198609557
板新,2026-03-10,1569.0,1483.5612591301892
板新,2026-03-11,1578.0,1547.2399063925836
板新,2026-03-12,1548.0,1562.041089496445
板新,2026-03-13,1470.0,1534.864978322188
板新,2026-03-14,1216.0,1086.175659685487
板新,2026-03-15,872.0,899.3332840457456
板新,2026-03-16,1496.0,1457.8727777026895
板新,2026-03-17,1516.0,1559.7206601100424
板新,2026-03-18,1522.0,1550.1268744839042
板新,2026-03-19,1473.0,1538.8320801751565
板新,2026-03-20,1540.0,1499.4014799102263
板新,2026-03-21,1023.0,1207.4813428972554
板新,2026-03-22,911.0,858.5344029566495
板新,2026-03-23,1441.0,1471.2161633580274
板新,2026-03-24,1549.0,1409.3845731575357
板新,2026-03-25,1519.0,1515.5461321455446
板新,2026-03-26,1454.0,1514.9185551562014
板新,2026-03-27,1535.0,1467.5100392128375
板新,2026-03-28,1014.0,1100.9166913450613
板新,2026-03-29,678.0,868.294249249661
板新,2026-03-30,1475.0,1430.19451459746
板新,2026-03-31,1489.0,1459.5445301273935
板新,2026-04-01,1506.0,1444.0015923931155
板新,2026-04-02,1439.0,1461.0569661364048
板新,2026-04-03,848.0,699.8473937868399
板新,2026-04-04,782.0,808.0384508157103
板新,2026-04-05,767.0,708.1246878721263
板新,2026-04-06,733.0,667.7401006211277
板新,2026-04-07,1410.0,1232.2063906043788
板新,2026-04-08,1492.0,1249.473111683996
板新,2026-04-09,1521.0,1386.4563839052819
板新,2026-04-10,1494.0,1519.2533094136675
板新,2026-04-11,1031.0,945.2209163127181
板新,2026-04-12,770.0,737.2068156837307
板新,2026-04-13,1449.0,1343.6077045437935
板新,2026-04-14,1561.0,1449.544183436131
板新,2026-04-15,1507.0,1512.4448195655539
板新,2026-04-16,1452.0,1481.6711454888843
板新,2026-04-17,1535.0,1435.6259964220212
板新,2026-04-18,1031.0,1034.198430466506
板新,2026-04-19,831.0,775.1011156604977
板新,2026-04-20,1393.0,1454.785719749749
板新,2026-04-21,1449.0,1420.6243273144132
板新,2026-04-22,1531.0,1406.1900314857146
板新,2026-04-23,1444.0,1486.7750406384844
板新,2026-04-24,1642.0,1417.2893536238162
板新,2026-04-25,1079.0,1084.4270430387885
板新,2026-04-26,920.0,807.365093702322
板新,2026-04-27,1438.0,1375.3502615217037
板新,2026-04-28,1559.0,1469.9523768654803
板新,2026-04-29,1516.0,1523.9224813881647
板新,2026-04-30,1623.0,1500.0792543305226
板新,2026-05-01,961.0,705.0683318076973
板新,2026-05-02,1008.0,913.7083117021866
板新,2026-05-03,801.0,856.0682584094757
板新,2026-05-04,1561.0,1389.1535695362008
板新,2026-05-05,1729.0,1522.0197205348552
板新,2026-05-06,1519.0,1563.0434246989676
板新,2026-05-07,1540.0,1501.4759126591366
板新,2026-05-08,1594.0,1516.0646333354891
板新,2026-05-09,1078.0,1070.643634003279
板新,2026-05-10,782.0,847.6514830746027
板新,2026-05-11,1502.0,1485.0807553787938
板新,2026-05-12,1566.0,1573.041636548178
板新,2026-05-13,1620.0,1523.489113981248
板新,2026-05-14,1519.0,1588.520356121002
板新,2026-05-15,1669.0,1520.7919803490424
板新,2026-05-16,1034.0,1154.3515403923411
板新,2026-05-17,911.0,798.2172709833452
板新,2026-05-18,1446.0,1520.8071984168366
板新,2026-05-19,1458.0,1564.3697857786208
板新,2026-05-20,1529.0,1512.0045423742781
板新,2026-05-21,1503.0,1518.3962351113787
板新,2026-05-22,1528.0,1567.0150292525236
板新,2026-05-23,1089.0,1053.959083840122
板新,2026-05-24,886.0,893.2499528420926
板新,2026-05-25,1431.0,1449.6640295538377
板新,2026-05-26,1530.0,1451.0947208782502
板新,2026-05-27,1505.0,1544.374737937229
板新,2026-05-28,1458.0,1527.4824690831606
板新,2026-05-29,1637.0,1520.1119099310274
板新,2026-05-30,1026.0,1148.9493019952174
板新,2026-05-31,840.0,882.5486316382419
橋和,2026-01-01,465.0,666.6040556284672
橋和,2026-01-02,1341.0,1347.2401853632412
橋和,2026-01-03,534.0,548.7662650537884
橋和,2026-01-04,412.0,413.56166069727453
橋和,2026-01-05,1487.0,1275.688805202967
橋和,2026-01-06,1448.0,1322.589583186722
橋和,2026-01-07,1507.0,1371.1568807083727
橋和,2026-01-08,1469.0,918.4862580029044
橋和,2026-01-09,1525.0,1434.4718593482114
橋和,2026-01-10,620.0,591.4034163644808
橋和,2026-01-11,461.0,459.47490160547517
橋和,2026-01-12,1496.0,1438.1754010436737
橋和,2026-01-13,1441.0,1497.8340485304598
橋和,2026-01-14,1474.0,1511.5929980928659
橋和,2026-01-15,1476.0,1636.7281772833421
橋和,2026-01-16,1551.0,1478.348936837915
橋和,2026-01-17,716.0,626.7912428682571
橋和,2026-01-18,486.0,503.57471124522425
橋和,2026-01-19,1496.0,1441.7259410832837
橋和,2026-01-20,1516.0,1491.007633306193
橋和,2026-01-21,1455.0,1527.8558653767257
橋和,2026-01-22,1570.0,1466.6475571297033
橋和,2026-01-23,1559.0,1559.5022853141159
橋和,2026-01-24,600.0,704.7567878702109
橋和,2026-01-25,487.0,487.9505517053896
橋和,2026-01-26,1523.0,1439.7056481909913
橋和,2026-01-27,1497.0,1500.9301461839095
橋和,2026-01-28,1525.0,1468.8042918399258
橋和,2026-01-29,1508.0,1533.920969019299
橋和,2026-01-30,1588.0,1537.415274020671
橋和,2026-01-31,666.0,629.1018464898535
橋和,2026-02-01,464.0,514.6750713820925
橋和,2026-02-02,1497.0,1438.7001675743854
橋和,2026-02-03,1525.0,1490.3787732112949
橋和,2026-02-04,1523.0,1505.1437430777567
橋和,2026-02-05,1518.0,1512.6557397074894
橋和,2026-02-06,1645.0,1553.0997501923748
橋和,2026-02-07,664.0,659.2797007925136
橋和,2026-02-08,547.0,514.3497161077371
橋和,2026-02-09,1484.0,1440.002952615053
橋和,2026-02-10,1540.0,1482.5879163331515
橋和,2026-02-11,1562.0,1528.2996120815744
橋和,2026-02-12,1466.0,1521.7433292070416
橋和,2026-02-13,1395.0,1498.1613177487284
橋和,2026-02-14,434.0,663.0838493293201
橋和,2026-02-15,362.0,403.5184948626505
橋和,2026-02-16,301.0,303.45116157562495
橋和,2026-02-17,247.0,282.120345683184
橋和,2026-02-18,378.0,245.26855093789655
橋和,2026-02-19,403.0,320.5515982843408
橋和,2026-02-20,371.0,528.108923750226
橋和,2026-02-21,479.0,376.9771551896532
橋和,2026-02-22,383.0,404.76359340340036
橋和,2026-02-23,1314.0,1217.938110062324
橋和,2026-02-24,1351.0,1302.5397134311766
橋和,2026-02-25,1394.0,1366.7559621625649
橋和,2026-02-26,1413.0,1390.81033019105
橋和,2026-02-27,590.0,582.880075882179
橋和,2026-02-28,517.0,481.18225199419334
橋和,2026-03-01,379.0,411.19781025308527
橋和,2026-03-02,1388.0,1230.3650441122068
橋和,2026-03-03,1397.0,1330.1209042977578
橋和,2026-03-04,1440.0,1325.3714087350415
橋和,2026-03-05,1576.0,1378.897405984581
橋和,2026-03-06,1519.0,924.6120573207895
橋和,2026-03-07,633.0,537.1467212039055
橋和,2026-03-08,490.0,457.4763729984616
橋和,2026-03-09,1359.0,1376.9722050811827
橋和,2026-03-10,1483.0,1407.492063064659
橋和,2026-03-11,1433.0,1466.9441718347014
橋和,2026-03-12,1457.0,1459.5702897784188
橋和,2026-03-13,1567.0,1735.4817712456088
橋和,2026-03-14,633.0,634.1823772195578
橋和,2026-03-15,469.0,479.8885077399381
橋和,2026-03-16,1454.0,1375.3664822615187
橋和,2026-03-17,1477.0,1449.476811552926
橋和,2026-03-18,1458.0,1466.8830412003717
橋和,2026-03-19,1472.0,1456.2828729726152
橋和,2026-03-20,1526.0,1500.9222615160036
橋和,2026-03-21,594.0,626.5983814687487
橋和,2026-03-22,502.0,477.96641773878025
橋和,2026-03-23,1422.0,1406.3981932321503
橋和,2026-03-24,1477.0,1454.9767506547178
橋和,2026-03-25,1449.0,1447.108837231411
橋和,2026-03-26,1455.0,1452.1651299033356
橋和,2026-03-27,1588.0,1433.1082223887506
橋和,2026-03-28,535.0,623.0748073497848
橋和,2026-03-29,415.0,452.0438113470495
橋和,2026-03-30,1419.0,1382.7407470579353
橋和,2026-03-31,1459.0,1439.4354594931071
橋和,2026-04-01,1460.0,1423.8660940767036
橋和,2026-04-02,1491.0,1423.880664408877
橋和,2026-04-03,532.0,618.8186932003896
橋和,2026-04-04,338.0,493.2887991394573
橋和,2026-04-05,368.0,368.94301514510005
橋和,2026-04-06,397.0,359.26918408411905
橋和,2026-04-07,1414.0,1157.3021359944523
橋和,2026-04-08,1476.0,1292.322006953028
橋和,2026-04-09,1438.0,1271.0838379170275
橋和,2026-04-10,1528.0,1469.135684646823
橋和,2026-04-11,636.0,514.2558192937665
橋和,2026-04-12,455.0,465.24805235205974
橋和,2026-04-13,1440.0,1316.3281818441696
橋和,2026-04-14,1432.0,1443.8437948503015
橋和,2026-04-15,1489.0,1426.554891293633
橋和,2026-04-16,1525.0,1460.5193505086534
橋和,2026-04-17,1545.0,1744.8521410620672
橋和,2026-04-18,566.0,645.5969862510061
橋和,2026-04-19,397.0,441.0941749764252
橋和,2026-04-20,1395.0,1395.653739247952
橋和,2026-04-21,1413.0,1413.7411832429123
橋和,2026-04-22,1453.0,1426.0854231196506
橋和,2026-04-23,1544.0,1441.797516831766
橋和,2026-04-24,1587.0,1556.09536164734
橋和,2026-04-25,589.0,616.609902701286
橋和,2026-04-26,479.0,448.31987068779193
橋和,2026-04-27,1454.0,1367.878494584202
橋和,2026-04-28,1415.0,1452.0549785244705
橋和,2026-04-29,1491.0,1419.5481178365553
橋和,2026-04-30,1566.0,1501.7855112123707
橋和,2026-05-01,563.0,619.1750227548221
橋和,2026-05-02,498.0,515.3382469329774
橋和,2026-05-03,443.0,425.0366197021935
橋和,2026-05-04,1481.0,1313.6779448648472
橋和,2026-05-05,1555.0,1429.8390247369307
橋和,2026-05-06,1485.0,1395.580884898655
橋和,2026-05-07,1510.0,1349.50866604779
橋和,2026-05-08,1478.0,1523.4319112113803
橋和,2026-05-09,673.0,603.8856321147894
橋和,2026-05-10,466.0,510.2637782852109
橋和,2026-05-11,1474.0,1402.8555915146956
橋和,2026-05-12,1482.0,1459.9783621586823
橋和,2026-05-13,1580.0,1464.2318050103493
橋和,2026-05-14,1482.0,1531.4994351060452
橋和,2026-05-15,1527.0,1659.0723673698158
橋和,2026-05-16,637.0,652.3367238317096
橋和,2026-05-17,520.0,489.9518524492935
橋和,2026-05-18,1421.0,1405.3086843529572
橋和,2026-05-19,1468.0,1441.0502431963746
橋和,2026-05-20,1537.0,1474.2146675423255
橋和,2026-05-21,1442.0,1513.004241902505
橋和,2026-05-22,1571.0,1447.9559333983448
橋和,2026-05-23,631.0,622.6979028369431
橋和,2026-05-24,459.0,497.9893212906375
橋和,2026-05-25,1442.0,1378.9948865845315
橋和,2026-05-26,1491.0,1436.9457285806582
橋和,2026-05-27,1466.0,1491.0819119228006
橋和,2026-05-28,1454.0,1436.8863954436376
橋和,2026-05-29,1534.0,1459.5019081640467
橋和,2026-05-30,605.0,619.8320022254288
橋和,2026-05-31,497.0,500.33097326856193
民權西路,2026-01-01,15178.0,21162.346277924975
民權西路,2026-01-02,26052.0,26958.02539724449
民權西路,2026-01-03,18891.0,18773.819402379373
民權西路,2026-01-04,17109.0,16423.027758010485
民權西路,2026-01-05,25838.0,26018.875838634085
民權西路,2026-01-06,26008.0,26821.24708756446
民權西路,2026-01-07,26360.0,27251.352322037448
民權西路,2026-01-08,26457.0,18657.355293938916
民權西路,2026-01-09,27912.0,27236.809192059023
民權西路,2026-01-10,19935.0,19086.072292251065
民權西路,2026-01-11,18057.0,16862.590097230102
民權西路,2026-01-12,25359.0,25442.54542202218
民權西路,2026-01-13,25890.0,25917.838151802982
民權西路,2026-01-14,26373.0,26460.84897437965
民權西路,2026-01-15,26645.0,26726.720931157197
民權西路,2026-01-16,28448.0,27594.054297569193
民權西路,2026-01-17,20096.0,19125.68679908577
民權西路,2026-01-18,18620.0,16634.342839281217
民權西路,2026-01-19,25054.0,25037.41550609257
民權西路,2026-01-20,25917.0,25908.875916279165
民權西路,2026-01-21,25866.0,26141.057332432418
民權西路,2026-01-22,25809.0,26232.171006665394
民權西路,2026-01-23,26918.0,27150.702118497775
民權西路,2026-01-24,19572.0,19093.630399698057
民權西路,2026-01-25,18370.0,17217.41693390787
民權西路,2026-01-26,24931.0,24739.249558300464
民權西路,2026-01-27,24811.0,25654.219782170996
民權西路,2026-01-28,25132.0,25441.501395046133
民權西路,2026-01-29,25688.0,25723.94242956905
民權西路,2026-01-30,26550.0,27136.946819300083
民權西路,2026-01-31,19408.0,18688.97516663675
民權西路,2026-02-01,16546.0,17163.92655226963
民權西路,2026-02-02,24248.0,25107.348166298783
民權西路,2026-02-03,24828.0,25422.475409217142
民權西路,2026-02-04,25687.0,25229.592082183968
民權西路,2026-02-05,25882.0,25794.38241914322
民權西路,2026-02-06,27549.0,26813.133190457193
民權西路,2026-02-07,20625.0,19056.12200398825
民權西路,2026-02-08,17446.0,16929.556355019697
民權西路,2026-02-09,24586.0,24678.204005652646
民權西路,2026-02-10,25491.0,25172.959631100653
民權西路,2026-02-11,25313.0,25669.847093586388
民權西路,2026-02-12,25249.0,25642.764220250174
民權西路,2026-02-13,24100.0,26482.543049458975
民權西路,2026-02-14,15603.0,18525.268627309506
民權西路,2026-02-15,12626.0,14711.601684950854
民權西路,2026-02-16,7256.0,10748.185895959843
民權西路,2026-02-17,10327.0,8619.912678374692
民權西路,2026-02-18,10951.0,8599.453861559006
民權西路,2026-02-19,12522.0,10031.002794799393
民權西路,2026-02-20,13527.0,12302.424040795542
民權西路,2026-02-21,15081.0,14822.27128751616
民權西路,2026-02-22,15808.0,12741.606485157004
民權西路,2026-02-23,25010.0,22009.569839548498
民權西路,2026-02-24,25830.0,25374.693453656917
民權西路,2026-02-25,26986.0,26033.05715171657
民權西路,2026-02-26,28009.0,26720.177962930116
民權西路,2026-02-27,17940.0,15817.468109874011
民權西路,2026-02-28,18927.0,15008.582318161074
民權西路,2026-03-01,16640.0,15479.050255404956
民權西路,2026-03-02,25691.0,24633.65274843976
民權西路,2026-03-03,25901.0,26087.65334591581
民權西路,2026-03-04,26717.0,26394.403489300737
民權西路,2026-03-05,26879.0,26963.905781838206
民權西路,2026-03-06,28346.0,20760.154343737693
民權西路,2026-03-07,20180.0,18624.13036379808
民權西路,2026-03-08,17866.0,16416.520902207532
民權西路,2026-03-09,26200.0,25330.503535734144
民權西路,2026-03-10,26155.0,26049.426166468777
民權西路,2026-03-11,27307.0,26947.068259812873
民權西路,2026-03-12,27130.0,27134.909401143013
民權西路,2026-03-13,28321.0,27899.07924756313
民權西路,2026-03-14,21307.0,20186.952774894115
民權西路,2026-03-15,19118.0,17066.400206012368
民權西路,2026-03-16,25836.0,25699.06359840848
民權西路,2026-03-17,27058.0,26410.275755360795
民權西路,2026-03-18,27678.0,27068.07031605839
民權西路,2026-03-19,27672.0,27539.987964932723
民權西路,2026-03-20,29231.0,29492.981742916752
民權西路,2026-03-21,21707.0,19607.143043330812
民權西路,2026-03-22,17973.0,18181.60994133026
民權西路,2026-03-23,26295.0,25780.89043613125
民權西路,2026-03-24,27217.0,26892.505126704073
民權西路,2026-03-25,27333.0,27505.434120449132
民權西路,2026-03-26,27314.0,27642.212059026584
民權西路,2026-03-27,28235.0,29450.984989765853
民權西路,2026-03-28,20245.0,20904.29869083007
民權西路,2026-03-29,17933.0,17022.145357750636
民權西路,2026-03-30,26122.0,25947.11283250064
民權西路,2026-03-31,26721.0,26876.206157002016
民權西路,2026-04-01,26446.0,26945.196523836847
民權西路,2026-04-02,27868.0,26851.975279470655
民權西路,2026-04-03,16092.0,15389.80467961271
民權西路,2026-04-04,14896.0,15714.338019605317
民權西路,2026-04-05,16037.0,14225.537223086667
民權西路,2026-04-06,13869.0,13577.727493056253
民權西路,2026-04-07,26047.0,25782.619286588153
民權西路,2026-04-08,26829.0,26393.83920163649
民權西路,2026-04-09,27307.0,27118.378221617
民權西路,2026-04-10,28480.0,27946.468270208705
民權西路,2026-04-11,21302.0,19604.828098314367
民權西路,2026-04-12,18854.0,16932.91624597843
民權西路,2026-04-13,25572.0,24856.423342079233
民權西路,2026-04-14,26483.0,26142.669104098775
民權西路,2026-04-15,26449.0,26406.134732546863
民權西路,2026-04-16,27315.0,27020.527540995266
民權西路,2026-04-17,28359.0,28746.451047941042
民權西路,2026-04-18,21191.0,18950.645786464273
民權西路,2026-04-19,18879.0,16917.98507236746
民權西路,2026-04-20,25956.0,24481.64495857002
民權西路,2026-04-21,26168.0,26465.055921515777
民權西路,2026-04-22,26518.0,26241.587859790583
民權西路,2026-04-23,26337.0,26739.550146503196
民權西路,2026-04-24,27790.0,27972.619999723764
民權西路,2026-04-25,19520.0,21178.007449667162
民權西路,2026-04-26,18974.0,17382.97489439959
民權西路,2026-04-27,26306.0,25552.701915641046
民權西路,2026-04-28,26875.0,26414.22021205608
民權西路,2026-04-29,26893.0,26701.380311931425
民權西路,2026-04-30,28609.0,26824.618087907093
民權西路,2026-05-01,18880.0,15205.35187509866
民權西路,2026-05-02,18601.0,17543.376551042562
民權西路,2026-05-03,16859.0,17504.65230401693
民權西路,2026-05-04,26647.0,26157.09334320736
民權西路,2026-05-05,26615.0,26733.81484877564
民權西路,2026-05-06,27145.0,26628.739697586483
民權西路,2026-05-07,27684.0,27499.193696385086
民權西路,2026-05-08,28901.0,28312.794489377695
民權西路,2026-05-09,20641.0,18161.49249060762
民權西路,2026-05-10,16487.0,17018.754743819092
民權西路,2026-05-11,26106.0,26389.805583334353
民權西路,2026-05-12,26678.0,26525.43455855391
民權西路,2026-05-13,26347.0,26812.939609346326
民權西路,2026-05-14,26305.0,27292.160525260926
民權西路,2026-05-15,28776.0,28230.847488467953
民權西路,2026-05-16,22017.0,19784.911465589896
民權西路,2026-05-17,19537.0,16842.013391049764
民權西路,2026-05-18,25322.0,25885.63017252459
民權西路,2026-05-19,26309.0,26243.144676467542
民權西路,2026-05-20,26629.0,26338.634388750525
民權西路,2026-05-21,26772.0,26672.747262899302
民權西路,2026-05-22,27658.0,28442.179815308595
民權西路,2026-05-23,21298.0,20582.279550108848
民權西路,2026-05-24,18568.0,17284.29540984769
民權西路,2026-05-25,25497.0,25214.347884660252
民權西路,2026-05-26,26039.0,26229.068758652782
民權西路,2026-05-27,26112.0,26277.932486320165
民權西路,2026-05-28,26057.0,26351.208078211937
民權西路,2026-05-29,27356.0,27555.84097168244
民權西路,2026-05-30,20503.0,21897.903938430576
民權西路,2026-05-31,17071.0,17316.690812188703
永安市場,2026-01-01,15033.0,20168.79210283288
永安市場,2026-01-02,24711.0,25352.220361590516
永安市場,2026-01-03,19290.0,19753.661948957524
永安市場,2026-01-04,16037.0,15954.6861881116
永安市場,2026-01-05,24334.0,24302.830077282673
永安市場,2026-01-06,25153.0,25483.564093456473
永安市場,2026-01-07,25197.0,26675.52954364915
永安市場,2026-01-08,25283.0,18565.6701716624
永安市場,2026-01-09,26766.0,25561.052972322064
永安市場,2026-01-10,21051.0,19587.042002211165
永安市場,2026-01-11,16576.0,16414.77922526954
永安市場,2026-01-12,24073.0,24581.100764395313
永安市場,2026-01-13,25539.0,25473.589551581314
永安市場,2026-01-14,25698.0,26298.922936641888
永安市場,2026-01-15,25815.0,26010.859243508294
永安市場,2026-01-16,26780.0,26843.679153849316
永安市場,2026-01-17,20196.0,20308.356394846487
永安市場,2026-01-18,16748.0,16218.210312661196
永安市場,2026-01-19,23393.0,24177.633674474695
永安市場,2026-01-20,26265.0,24640.982671233473
永安市場,2026-01-21,24945.0,25916.639624170006
永安市場,2026-01-22,24981.0,25243.282847528568
永安市場,2026-01-23,26572.0,26314.252380383103
永安市場,2026-01-24,20481.0,20332.568311723066
永安市場,2026-01-25,17419.0,16433.026901635934
永安市場,2026-01-26,23945.0,23773.87131742293
永安市場,2026-01-27,25018.0,25522.9099769683
永安市場,2026-01-28,24782.0,25085.576549173576
永安市場,2026-01-29,25802.0,25165.12597793375
永安市場,2026-01-30,26824.0,26757.82957283017
永安市場,2026-01-31,20463.0,20344.77922013056
永安市場,2026-02-01,16135.0,16446.552894840996
永安市場,2026-02-02,23853.0,24117.787247352102
永安市場,2026-02-03,25423.0,25201.67597760365
永安市場,2026-02-04,25594.0,25040.314682177304
永安市場,2026-02-05,25711.0,25684.101220416702
永安市場,2026-02-06,26509.0,26641.833251464235
永安市場,2026-02-07,20991.0,20166.623670469988
永安市場,2026-02-08,17011.0,16841.68686356863
永安市場,2026-02-09,24575.0,24001.81565113589
永安市場,2026-02-10,25947.0,25221.44165756554
永安市場,2026-02-11,25097.0,25931.833137159152
永安市場,2026-02-12,26043.0,25516.317983090274
永安市場,2026-02-13,25309.0,26996.40534111825
永安市場,2026-02-14,17684.0,19631.54955221989
永安市場,2026-02-15,13553.0,15590.356502451534
永安市場,2026-02-16,9819.0,13096.315698372644
永安市場,2026-02-17,12288.0,11020.820263613841
永安市場,2026-02-18,13445.0,12002.187009367626
永安市場,2026-02-19,14422.0,13681.429910007748
永安市場,2026-02-20,14972.0,15075.688551870131
永安市場,2026-02-21,17337.0,15980.368382636796
永安市場,2026-02-22,15415.0,14868.484768860433
永安市場,2026-02-23,23826.0,22677.06767005436
永安市場,2026-02-24,25276.0,24764.51526857383
永安市場,2026-02-25,25862.0,25501.437706531877
永安市場,2026-02-26,26503.0,26058.280405611553
永安市場,2026-02-27,19566.0,18285.718489595634
永安市場,2026-02-28,19374.0,16798.754240512757
永安市場,2026-03-01,16240.0,15270.306031594102
永安市場,2026-03-02,24559.0,23617.478197579898
永安市場,2026-03-03,25233.0,25126.54557278948
永安市場,2026-03-04,25404.0,25793.82805095023
永安市場,2026-03-05,25757.0,25838.931021191675
永安市場,2026-03-06,26950.0,22984.055955493855
永安市場,2026-03-07,21406.0,19682.80875322699
永安市場,2026-03-08,17296.0,16686.648556900822
永安市場,2026-03-09,24632.0,24336.86257409856
永安市場,2026-03-10,25450.0,25371.00439734166
永安市場,2026-03-11,26458.0,25616.660086850803
永安市場,2026-03-12,26157.0,26202.219745139624
永安市場,2026-03-13,27086.0,27180.54486922212
永安市場,2026-03-14,22461.0,21055.313665276437
永安市場,2026-03-15,17759.0,17184.599052190264
永安市場,2026-03-16,24599.0,24515.255898874122
永安市場,2026-03-17,25845.0,25345.951594528364
永安市場,2026-03-18,26204.0,26376.36967468695
永安市場,2026-03-19,25770.0,26353.75445817834
永安市場,2026-03-20,27086.0,26951.71594092673
永安市場,2026-03-21,21333.0,21538.186463187645
永安市場,2026-03-22,17627.0,16966.118420544863
永安市場,2026-03-23,24650.0,24516.74663454618
永安市場,2026-03-24,25881.0,25691.14051594165
永安市場,2026-03-25,25898.0,26238.10576731269
永安市場,2026-03-26,25851.0,26063.837747234207
永安市場,2026-03-27,27068.0,26982.886837946648
永安市場,2026-03-28,20551.0,21866.603331403334
永安市場,2026-03-29,16670.0,17109.258225756817
永安市場,2026-03-30,24394.0,24564.74103200455
永安市場,2026-03-31,25410.0,25766.518632469673
永安市場,2026-04-01,25815.0,25779.229293951423
永安市場,2026-04-02,26475.0,25855.257766174196
永安市場,2026-04-03,17969.0,17105.020916009064
永安市場,2026-04-04,15452.0,17003.34648130111
永安市場,2026-04-05,15226.0,14467.63735558546
永安市場,2026-04-06,14071.0,14362.951590688232
永安市場,2026-04-07,24522.0,24920.850890369507
永安市場,2026-04-08,25574.0,25253.430076179895
永安市場,2026-04-09,25637.0,25929.812708724952
永安市場,2026-04-10,26976.0,26587.664471587155
永安市場,2026-04-11,21366.0,20037.809958864644
永安市場,2026-04-12,17027.0,16501.394570116874
永安市場,2026-04-13,24089.0,23750.04322665352
永安市場,2026-04-14,25396.0,25000.9084117367
永安市場,2026-04-15,25305.0,25521.594327090923
永安市場,2026-04-16,25248.0,25823.038131531237
永安市場,2026-04-17,26796.0,26425.550044615902
永安市場,2026-04-18,20991.0,21117.686731496146
永安市場,2026-04-19,17574.0,16616.170699585087
永安市場,2026-04-20,24087.0,23720.896613423534
永安市場,2026-04-21,25493.0,25017.30999576104
永安市場,2026-04-22,25467.0,25459.445739623105
永安市場,2026-04-23,24976.0,25333.763098379557
永安市場,2026-04-24,26581.0,26745.04373287963
永安市場,2026-04-25,21152.0,20915.89574023445
永安市場,2026-04-26,18009.0,16871.08841402388
永安市場,2026-04-27,24852.0,23900.229737640348
永安市場,2026-04-28,25993.0,25459.819645786676
永安市場,2026-04-29,25511.0,25951.70459362018
永安市場,2026-04-30,26814.0,25141.607991626555
永安市場,2026-05-01,19767.0,17424.166167522748
永安市場,2026-05-02,19654.0,18597.354965181858
永安市場,2026-05-03,16351.0,16795.52084466762
永安市場,2026-05-04,24731.0,24309.26239594067
永安市場,2026-05-05,25825.0,25576.940301828432
永安市場,2026-05-06,26573.0,25578.308228529113
永安市場,2026-05-07,26012.0,26641.189028378467
永安市場,2026-05-08,27119.0,27210.84344252159
永安市場,2026-05-09,20696.0,21136.04745831105
永安市場,2026-05-10,16533.0,16896.05630463732
永安市場,2026-05-11,24743.0,24859.110112758444
永安市場,2026-05-12,25668.0,25737.242518852883
永安市場,2026-05-13,25275.0,26114.944119551936
永安市場,2026-05-14,25144.0,25887.87661511273
永安市場,2026-05-15,27100.0,26423.11729039137
永安市場,2026-05-16,21534.0,20614.564568262995
永安市場,2026-05-17,17886.0,16927.21867951031
永安市場,2026-05-18,24217.0,24546.972925196857
永安市場,2026-05-19,25509.0,25675.39005897336
永安市場,2026-05-20,25552.0,25767.539476481932
永安市場,2026-05-21,25277.0,25599.489025361338
永安市場,2026-05-22,26218.0,26851.839713556845
永安市場,2026-05-23,21195.0,20948.167167068757
永安市場,2026-05-24,17168.0,16760.381649762065
永安市場,2026-05-25,24161.0,24449.9104189004
永安市場,2026-05-26,25015.0,25287.15491755413
永安市場,2026-05-27,25282.0,25134.481981862464
永安市場,2026-05-28,25010.0,25275.84657159545
永安市場,2026-05-29,26260.0,26527.90392956498
永安市場,2026-05-30,20722.0,20757.961431023487
永安市場,2026-05-31,17347.0,17128.70731548676
永寧,2026-01-01,7740.0,9844.92536279192
永寧,2026-01-02,13701.0,14834.874885654108
永寧,2026-01-03,10713.0,11069.943239709639
永寧,2026-01-04,10131.0,9487.427001179387
永寧,2026-01-05,14214.0,14382.523236593288
永寧,2026-01-06,14182.0,14640.02532842941
永寧,2026-01-07,14450.0,15592.285935156047
永寧,2026-01-08,14358.0,12358.761174822454
永寧,2026-01-09,15608.0,14751.64969780312
永寧,2026-01-10,12261.0,11082.66998281609
永寧,2026-01-11,9920.0,10035.9184177236
永寧,2026-01-12,14187.0,14129.58563484848
永寧,2026-01-13,14439.0,14390.2607223817
永寧,2026-01-14,14751.0,14866.410030442641
永寧,2026-01-15,14526.0,14983.649702577051
永寧,2026-01-16,15811.0,15373.186734462139
永寧,2026-01-17,12065.0,11226.343093034202
永寧,2026-01-18,10693.0,10183.349879940892
永寧,2026-01-19,14375.0,14194.401448448549
永寧,2026-01-20,14474.0,14405.325378079368
永寧,2026-01-21,13801.0,14544.33771761414
永寧,2026-01-22,13702.0,14142.222854459804
永寧,2026-01-23,15375.0,15242.249604696262
永寧,2026-01-24,12245.0,11347.377567671236
永寧,2026-01-25,11076.0,9788.970726832193
永寧,2026-01-26,14114.0,14162.105239852111
永寧,2026-01-27,14017.0,14393.390058451283
永寧,2026-01-28,13884.0,14222.030659152126
永寧,2026-01-29,15060.0,14168.193563048988
永寧,2026-01-30,15414.0,15470.72044319376
永寧,2026-01-31,11892.0,11361.08990979698
永寧,2026-02-01,9695.0,10546.589084097932
永寧,2026-02-02,13194.0,14040.517716575378
永寧,2026-02-03,14322.0,14008.757672933738
永寧,2026-02-04,14857.0,14205.95019309829
永寧,2026-02-05,15120.0,15033.580424725149
永寧,2026-02-06,15882.0,15404.515617000734
永寧,2026-02-07,12065.0,11364.19010665973
永寧,2026-02-08,9992.0,10335.077161497791
永寧,2026-02-09,14292.0,13610.736499439285
永寧,2026-02-10,14545.0,14347.620903333007
永寧,2026-02-11,14411.0,14715.176165964265
永寧,2026-02-12,14868.0,14755.595682701702
永寧,2026-02-13,14124.0,15585.327206842725
永寧,2026-02-14,9282.0,11109.363542260375
永寧,2026-02-15,7190.0,8476.135540922389
永寧,2026-02-16,4543.0,6208.651380963901
永寧,2026-02-17,7715.0,6388.099865886016
永寧,2026-02-18,8451.0,8141.744671775019
永寧,2026-02-19,10312.0,8789.076161625539
永寧,2026-02-20,10641.0,9505.23873388182
永寧,2026-02-21,11621.0,10085.120487053435
永寧,2026-02-22,10448.0,9256.368153838457
永寧,2026-02-23,14623.0,13313.074472694901
永寧,2026-02-24,14259.0,14679.685718105222
永寧,2026-02-25,14394.0,14421.529374680016
永寧,2026-02-26,15698.0,14457.94008231502
永寧,2026-02-27,11432.0,11070.842405165391
永寧,2026-02-28,11702.0,10136.577720247342
永寧,2026-03-01,9544.0,9558.926582139538
永寧,2026-03-02,14289.0,13995.08974392792
永寧,2026-03-03,13860.0,14248.6347267327
永寧,2026-03-04,14335.0,14135.726684043095
永寧,2026-03-05,14460.0,14776.534515012738
永寧,2026-03-06,15838.0,12781.192712705162
永寧,2026-03-07,12779.0,11490.980917274996
永寧,2026-03-08,10821.0,10337.101875907789
永寧,2026-03-09,14210.0,14089.010743914137
永寧,2026-03-10,14050.0,14317.353801206142
永寧,2026-03-11,15007.0,14303.775886836018
永寧,2026-03-12,15042.0,14936.870686472837
永寧,2026-03-13,15617.0,15647.13936377296
永寧,2026-03-14,12825.0,12275.86431143937
永寧,2026-03-15,11344.0,10722.226038346722
永寧,2026-03-16,14480.0,14160.687742091306
永寧,2026-03-17,14785.0,14288.572477916796
永寧,2026-03-18,14661.0,14899.124844450162
永寧,2026-03-19,14376.0,14886.818610675831
永寧,2026-03-20,16091.0,15397.676550900327
永寧,2026-03-21,12918.0,12552.839579941996
永寧,2026-03-22,11933.0,11012.663322767206
永寧,2026-03-23,14416.0,14249.888566398738
永寧,2026-03-24,14715.0,14519.880106492661
永寧,2026-03-25,14418.0,14817.194058785395
永寧,2026-03-26,14800.0,14708.161327802909
永寧,2026-03-27,15783.0,15672.619739841854
永寧,2026-03-28,12591.0,12569.81416827274
永寧,2026-03-29,10444.0,10844.712469672608
永寧,2026-03-30,14534.0,14413.955824259498
永寧,2026-03-31,14447.0,14749.388632735743
永寧,2026-04-01,14334.0,14655.361737729585
永寧,2026-04-02,15306.0,14455.937377704593
永寧,2026-04-03,9861.0,10576.141907596628
永寧,2026-04-04,8490.0,10780.55503306422
永寧,2026-04-05,9822.0,8644.851422379403
永寧,2026-04-06,8898.0,8757.610252645232
永寧,2026-04-07,13991.0,14243.64049137601
永寧,2026-04-08,14426.0,14254.377670491913
永寧,2026-04-09,15208.0,14854.274300734243
永寧,2026-04-10,16169.0,15454.71761080146
永寧,2026-04-11,12438.0,10029.916985003078
永寧,2026-04-12,10854.0,10343.305961743594
永寧,2026-04-13,14419.0,14182.376746428177
永寧,2026-04-14,14741.0,14420.91977869725
永寧,2026-04-15,14673.0,14662.266626963967
永寧,2026-04-16,14615.0,15052.08954376199
永寧,2026-04-17,15498.0,15630.992794900052
永寧,2026-04-18,12354.0,10560.094183686539
永寧,2026-04-19,11767.0,10247.447633423262
永寧,2026-04-20,14678.0,14072.543723226612
永寧,2026-04-21,14796.0,14726.565901777163
永寧,2026-04-22,15010.0,14697.94120665761
永寧,2026-04-23,14398.0,15014.54944570436
永寧,2026-04-24,14844.0,15339.48270659623
永寧,2026-04-25,11918.0,11714.567105653618
永寧,2026-04-26,12296.0,10507.308066904945
永寧,2026-04-27,14812.0,14260.129625828204
永寧,2026-04-28,14913.0,14855.062007001798
永寧,2026-04-29,14947.0,14923.88546258534
永寧,2026-04-30,15532.0,14862.494361204524
永寧,2026-05-01,12562.0,9317.087303756702
永寧,2026-05-02,12031.0,10944.06977209627
永寧,2026-05-03,10792.0,10763.411622195044
永寧,2026-05-04,14019.0,14465.367756160873
永寧,2026-05-05,14003.0,14465.219326169476
永寧,2026-05-06,14699.0,14505.493888848167
永寧,2026-05-07,15405.0,14929.731519679675
永寧,2026-05-08,15618.0,14921.950145604496
永寧,2026-05-09,11458.0,11371.0041892112
永寧,2026-05-10,10831.0,10253.622904990643
永寧,2026-05-11,14355.0,14372.591349768149
永寧,2026-05-12,14372.0,14444.27694497199
永寧,2026-05-13,14007.0,14689.578591812566
永寧,2026-05-14,13816.0,15113.804329438377
永寧,2026-05-15,15937.0,14861.2743591342
永寧,2026-05-16,12707.0,11116.144666234371
永寧,2026-05-17,11865.0,10620.060799416751
永寧,2026-05-18,14287.0,14033.782367235997
永寧,2026-05-19,14579.0,14273.458883995116
永寧,2026-05-20,14697.0,14224.980246100637
永寧,2026-05-21,14634.0,14657.312001068558
永寧,2026-05-22,16047.0,15569.336683873205
永寧,2026-05-23,12761.0,12126.265295434148
永寧,2026-05-24,11720.0,10831.881814017217
永寧,2026-05-25,14185.0,14401.004793879309
永寧,2026-05-26,14288.0,14382.868889755666
永寧,2026-05-27,14265.0,14137.160467950096
永寧,2026-05-28,14538.0,14160.207080323069
永寧,2026-05-29,15345.0,15706.006220345007
永寧,2026-05-30,12317.0,12341.212567081679
永寧,2026-05-31,10217.0,10560.719992897884
永春,2026-01-01,15186.0,17105.452330093412
永春,2026-01-02,21842.0,23290.85681915198
永春,2026-01-03,16419.0,16438.986843306084
永春,2026-01-04,13206.0,13772.697137204246
永春,2026-01-05,20979.0,21337.715716852235
永春,2026-01-06,22201.0,22057.35019353353
永春,2026-01-07,22008.0,23245.91949383025
永春,2026-01-08,22025.0,17978.66228423623
永春,2026-01-09,23749.0,22367.26528669256
永春,2026-01-10,17505.0,16369.865649229332
永春,2026-01-11,14055.0,13716.475477381278
永春,2026-01-12,20522.0,21135.961463501353
永春,2026-01-13,22005.0,22424.6852352957
永春,2026-01-14,22138.0,22506.158685723884
永春,2026-01-15,22327.0,22259.233524606105
永春,2026-01-16,23740.0,23189.908790717287
永春,2026-01-17,17792.0,17059.284288841234
永春,2026-01-18,14094.0,14169.608733273257
永春,2026-01-19,20901.0,20986.988033423
永春,2026-01-20,22539.0,21679.885280451406
永春,2026-01-21,21949.0,22570.317541461838
永春,2026-01-22,22108.0,22291.33652759658
永春,2026-01-23,23963.0,23569.96487256997
永春,2026-01-24,17642.0,17303.24050357785
永春,2026-01-25,14503.0,14021.478869622493
永春,2026-01-26,18662.0,20973.4101213689
永春,2026-01-27,20328.0,21710.82735243086
永春,2026-01-28,20097.0,21420.21901060582
永春,2026-01-29,20557.0,21632.2221658381
永春,2026-01-30,22046.0,23060.66626087685
永春,2026-01-31,18252.0,16569.03074683669
永春,2026-02-01,14111.0,14221.76422788559
永春,2026-02-02,19341.0,19873.56794502266
永春,2026-02-03,20280.0,21125.62427652633
永春,2026-02-04,20350.0,20927.758080262483
永春,2026-02-05,21560.0,21140.116815175043
永春,2026-02-06,22351.0,22223.02753230025
永春,2026-02-07,18094.0,17525.509022578462
永春,2026-02-08,14742.0,14328.430951412138
永春,2026-02-09,19875.0,19113.595554706248
永春,2026-02-10,21106.0,20689.51104229601
永春,2026-02-11,20970.0,21015.39766909211
永春,2026-02-12,21628.0,21288.165173556972
永春,2026-02-13,21771.0,22143.754711923713
永春,2026-02-14,15857.0,17407.61621440361
永春,2026-02-15,12677.0,13367.672709739965
永春,2026-02-16,8584.0,10139.635506898743
永春,2026-02-17,8528.0,9242.444003267314
永春,2026-02-18,9170.0,9225.066841117645
永春,2026-02-19,9953.0,9638.261270854759
永春,2026-02-20,11029.0,10967.636345233846
永春,2026-02-21,12718.0,11792.348757521628
永春,2026-02-22,12291.0,11714.80174113896
永春,2026-02-23,20042.0,18294.099965174482
永春,2026-02-24,21841.0,19889.467761164706
永春,2026-02-25,22194.0,21481.986514678127
永春,2026-02-26,23252.0,22746.43027768484
永春,2026-02-27,16255.0,14534.542447553571
永春,2026-02-28,15894.0,13783.615201378632
永春,2026-03-01,13170.0,12435.145619589744
永春,2026-03-02,20987.0,19812.730700734774
永春,2026-03-03,21527.0,21468.069908200087
永春,2026-03-04,21909.0,22072.42937333891
永春,2026-03-05,22722.0,22341.338696124676
永春,2026-03-06,24020.0,19774.00821979805
永春,2026-03-07,18068.0,16802.08744222163
永春,2026-03-08,13881.0,13753.045270705581
永春,2026-03-09,20987.0,21073.45869350561
永春,2026-03-10,22240.0,21807.815615368658
永春,2026-03-11,22729.0,22597.01567711879
永春,2026-03-12,22910.0,23181.282131301046
永春,2026-03-13,24291.0,23975.176642438004
永春,2026-03-14,17710.0,17471.52377044416
永春,2026-03-15,14790.0,13937.690420350884
永春,2026-03-16,20473.0,21084.454821290874
永春,2026-03-17,22180.0,22046.337055135496
永春,2026-03-18,22474.0,22589.705530188487
永春,2026-03-19,22393.0,22756.667350238207
永春,2026-03-20,24692.0,23694.75627541393
永春,2026-03-21,18607.0,17481.919362483655
永春,2026-03-22,14761.0,14814.238142405948
永春,2026-03-23,20696.0,21042.26324444225
永春,2026-03-24,22216.0,21958.687584408894
永春,2026-03-25,22248.0,22625.434221301577
永春,2026-03-26,22203.0,22449.6740541607
永春,2026-03-27,23172.0,23857.854379077606
永春,2026-03-28,17723.0,18121.58424724732
永春,2026-03-29,13709.0,14412.926684392383
永春,2026-03-30,20942.0,20787.499018803348
永春,2026-03-31,22417.0,21902.701467082316
永春,2026-04-01,21908.0,22417.43129247024
永春,2026-04-02,23122.0,22166.23194769974
永春,2026-04-03,14875.0,14655.372108875848
永春,2026-04-04,13555.0,14328.697813329762
永春,2026-04-05,12395.0,11833.675974712793
永春,2026-04-06,11533.0,11220.800754992186
永春,2026-04-07,21627.0,21791.542857243956
永春,2026-04-08,22271.0,22059.290436047337
永春,2026-04-09,22632.0,22508.012661130986
永春,2026-04-10,23619.0,23065.844875554965
永春,2026-04-11,17487.0,16619.19525371224
永春,2026-04-12,14567.0,13612.326446724175
永春,2026-04-13,20449.0,20477.423937371677
永春,2026-04-14,21897.0,21627.08680338067
永春,2026-04-15,22049.0,22298.127431753193
永春,2026-04-16,21927.0,22667.468540074522
永春,2026-04-17,23201.0,23176.87613898148
永春,2026-04-18,17430.0,17571.757956442663
永春,2026-04-19,13933.0,14134.597416502433
永春,2026-04-20,20497.0,20525.175721615808
永春,2026-04-21,21607.0,21478.977676613045
永春,2026-04-22,21809.0,22043.359745996382
永春,2026-04-23,21647.0,22075.233284500035
永春,2026-04-24,23585.0,23099.965544329585
永春,2026-04-25,17328.0,16878.240280454713
永春,2026-04-26,15407.0,14504.725391564443
永春,2026-04-27,20723.0,20648.32426679487
永春,2026-04-28,22364.0,21708.70830565287
永春,2026-04-29,22398.0,22307.77595027118
永春,2026-04-30,23479.0,21962.535631454495
永春,2026-05-01,15757.0,14834.662454899417
永春,2026-05-02,15851.0,14409.71793500722
永春,2026-05-03,13326.0,13560.190643175994
永春,2026-05-04,21204.0,20297.34665022042
永春,2026-05-05,22702.0,21759.20110726213
永春,2026-05-06,22434.0,22279.66776158782
永春,2026-05-07,22390.0,22574.57237843693
永春,2026-05-08,23538.0,23837.844976119726
永春,2026-05-09,19975.0,16740.55152751646
永春,2026-05-10,13529.0,15427.075922765722
永春,2026-05-11,18794.0,21321.467542208495
永春,2026-05-12,21424.0,22002.60408779622
永春,2026-05-13,21011.0,21986.81231962129
永春,2026-05-14,21247.0,22399.819936887365
永春,2026-05-15,23246.0,22666.55592422087
永春,2026-05-16,17227.0,18301.653138307258
永春,2026-05-17,14568.0,13754.003062347876
永春,2026-05-18,20293.0,20366.325401606817
永春,2026-05-19,21494.0,21433.12104627007
永春,2026-05-20,21892.0,21664.905302005263
永春,2026-05-21,21629.0,22026.458374652786
永春,2026-05-22,23098.0,23184.3521886627
永春,2026-05-23,17392.0,17734.152900786852
永春,2026-05-24,14384.0,14134.056608191455
永春,2026-05-25,20228.0,20435.333476569733
永春,2026-05-26,21561.0,21209.50797243649
永春,2026-05-27,21831.0,21724.851993969598
永春,2026-05-28,21652.0,21820.005854959356
永春,2026-05-29,22862.0,23036.86235955826
永春,2026-05-30,17231.0,16979.301788527493
永春,2026-05-31,14132.0,14321.982538792507
江子翠,2026-01-01,17467.0,27525.255049618045
江子翠,2026-01-02,29092.0,29965.4621151221
江子翠,2026-01-03,22753.0,24118.442527855477
江子翠,2026-01-04,18925.0,18505.93070995609
江子翠,2026-01-05,29028.0,28676.208913741193
江子翠,2026-01-06,29738.0,29741.238104882475
江子翠,2026-01-07,29986.0,30917.463022910066
江子翠,2026-01-08,30076.0,27099.358614095323
江子翠,2026-01-09,31865.0,30730.972630523815
江子翠,2026-01-10,24944.0,23391.19726557944
江子翠,2026-01-11,19736.0,19405.410456426896
江子翠,2026-01-12,28494.0,29005.842913230594
江子翠,2026-01-13,29581.0,29815.221212839402
江子翠,2026-01-14,29910.0,30469.049083319635
江子翠,2026-01-15,30034.0,30013.554760907293
江子翠,2026-01-16,31665.0,32004.58199487732
江子翠,2026-01-17,24734.0,24789.066584057397
江子翠,2026-01-18,19525.0,18969.32451902744
江子翠,2026-01-19,28647.0,28684.40175544287
江子翠,2026-01-20,30299.0,29405.70055491051
江子翠,2026-01-21,29667.0,30144.22599193584
江子翠,2026-01-22,29829.0,29945.174942666516
江子翠,2026-01-23,31485.0,31496.456081665176
江子翠,2026-01-24,24745.0,25274.804075132077
江子翠,2026-01-25,20565.0,19199.784749325954
江子翠,2026-01-26,29186.0,28268.911870251217
江子翠,2026-01-27,30023.0,29937.677257662384
江子翠,2026-01-28,29805.0,29984.46046013518
江子翠,2026-01-29,30633.0,29717.722498883493
江子翠,2026-01-30,31706.0,31860.591485165936
江子翠,2026-01-31,24774.0,24859.666862561695
江子翠,2026-02-01,19491.0,19622.215896602305
江子翠,2026-02-02,28811.0,28839.214877445094
江子翠,2026-02-03,30745.0,29838.063315492534
江子翠,2026-02-04,30908.0,29890.198357988455
江子翠,2026-02-05,30711.0,30421.45976782011
江子翠,2026-02-06,32472.0,31772.817285894067
江子翠,2026-02-07,25592.0,25168.996173872154
江子翠,2026-02-08,21263.0,20114.92463609824
江子翠,2026-02-09,29559.0,28907.752406830146
江子翠,2026-02-10,30851.0,30306.94917782383
江子翠,2026-02-11,30885.0,30481.939513135076
江子翠,2026-02-12,31062.0,30376.151741438134
江子翠,2026-02-13,30900.0,32532.09877125568
江子翠,2026-02-14,20903.0,25108.153542989592
江子翠,2026-02-15,16135.0,18025.264615633012
江子翠,2026-02-16,11007.0,13480.209438693624
江子翠,2026-02-17,14524.0,12898.916756715023
江子翠,2026-02-18,15043.0,14309.118008381025
江子翠,2026-02-19,15709.0,15391.62757770471
江子翠,2026-02-20,17133.0,15955.56729893827
江子翠,2026-02-21,19716.0,17041.556383840714
江子翠,2026-02-22,17622.0,16767.842954643664
江子翠,2026-02-23,28023.0,26391.84523316036
江子翠,2026-02-24,29023.0,28957.627914012788
江子翠,2026-02-25,30078.0,29620.728140451007
江子翠,2026-02-26,31277.0,30290.277120666044
江子翠,2026-02-27,23101.0,23108.821361812796
江子翠,2026-02-28,22024.0,19408.419488736123
江子翠,2026-03-01,18471.0,17157.36610499762
江子翠,2026-03-02,28801.0,27674.118593909836
江子翠,2026-03-03,29551.0,29291.618166536366
江子翠,2026-03-04,29824.0,29807.510698502723
江子翠,2026-03-05,30329.0,30189.451921321855
江子翠,2026-03-06,31664.0,27160.615406045334
江子翠,2026-03-07,25273.0,22240.781751408555
江子翠,2026-03-08,20059.0,19236.69118895398
江子翠,2026-03-09,29057.0,28281.761335014056
江子翠,2026-03-10,29882.0,29285.775542475232
江子翠,2026-03-11,30896.0,29558.43057643557
江子翠,2026-03-12,30517.0,30767.88969647894
江子翠,2026-03-13,32067.0,31598.44452597475
江子翠,2026-03-14,26426.0,26217.207306356224
江子翠,2026-03-15,20996.0,20213.337724928588
江子翠,2026-03-16,28852.0,28967.673211999416
江子翠,2026-03-17,30045.0,29956.65578248494
江子翠,2026-03-18,30316.0,30296.909407219508
江子翠,2026-03-19,30185.0,30245.71287549265
江子翠,2026-03-20,32196.0,31748.43862612382
江子翠,2026-03-21,26708.0,26399.587113707585
江子翠,2026-03-22,21269.0,21557.28295428273
江子翠,2026-03-23,29017.0,28881.170017660737
江子翠,2026-03-24,29722.0,29986.71288222105
江子翠,2026-03-25,30386.0,30190.786781474915
江子翠,2026-03-26,29915.0,30067.33516140847
江子翠,2026-03-27,31093.0,31771.716932461455
江子翠,2026-03-28,25089.0,26650.801972273457
江子翠,2026-03-29,19193.0,20936.629961434122
江子翠,2026-03-30,28798.0,28915.386456324974
江子翠,2026-03-31,29660.0,29720.579497485094
江子翠,2026-04-01,29938.0,30091.69001520666
江子翠,2026-04-02,31141.0,30328.101356671974
江子翠,2026-04-03,20488.0,21791.889166322268
江子翠,2026-04-04,18286.0,20420.175002881824
江子翠,2026-04-05,17466.0,17839.48154700147
江子翠,2026-04-06,17129.0,17368.318529644654
江子翠,2026-04-07,28674.0,28899.814711562824
江子翠,2026-04-08,29871.0,29223.23206335308
江子翠,2026-04-09,30232.0,30104.695401329795
江子翠,2026-04-10,31824.0,31307.446260623336
江子翠,2026-04-11,25647.0,23798.25326146408
江子翠,2026-04-12,20057.0,19592.384975389807
江子翠,2026-04-13,28501.0,27260.264603582415
江子翠,2026-04-14,29427.0,29214.14518264088
江子翠,2026-04-15,29831.0,29866.898164659397
江子翠,2026-04-16,30108.0,30101.382118057063
江子翠,2026-04-17,31048.0,32164.77341414045
江子翠,2026-04-18,25113.0,25455.936601310263
江子翠,2026-04-19,19933.0,19493.547455971373
江子翠,2026-04-20,28737.0,28213.084848836537
江子翠,2026-04-21,29471.0,29149.646046605034
江子翠,2026-04-22,30116.0,29589.330846993165
江子翠,2026-04-23,29727.0,30189.12934558213
江子翠,2026-04-24,31547.0,31525.241116330202
江子翠,2026-04-25,25150.0,25333.400843797277
江子翠,2026-04-26,21294.0,19591.074357623034
江子翠,2026-04-27,29152.0,28210.107077268833
江子翠,2026-04-28,29983.0,29372.391609719278
江子翠,2026-04-29,30294.0,30089.701696156524
江子翠,2026-04-30,31267.0,29862.930454991896
江子翠,2026-05-01,23280.0,21205.013344650637
江子翠,2026-05-02,22628.0,20942.190393021032
江子翠,2026-05-03,19202.0,19703.258706909368
江子翠,2026-05-04,29212.0,28709.527144277283
江子翠,2026-05-05,30018.0,29781.755007133786
江子翠,2026-05-06,30955.0,30178.721036892577
江子翠,2026-05-07,31025.0,30754.24168580534
江子翠,2026-05-08,31883.0,31903.93583514465
江子翠,2026-05-09,25565.0,24895.883624988168
江子翠,2026-05-10,19807.0,20455.69695459876
江子翠,2026-05-11,28951.0,28907.24879852309
江子翠,2026-05-12,29900.0,29943.449394854593
江子翠,2026-05-13,29897.0,30358.239807556147
江子翠,2026-05-14,29855.0,30748.07808973658
江子翠,2026-05-15,32185.0,32290.63587469308
江子翠,2026-05-16,26225.0,26057.926901046754
江子翠,2026-05-17,21394.0,20167.589779353006
江子翠,2026-05-18,28937.0,28977.717566439293
江子翠,2026-05-19,29438.0,30014.236818425084
江子翠,2026-05-20,30205.0,30084.570872681506
江子翠,2026-05-21,29576.0,30108.692077379386
江子翠,2026-05-22,31087.0,31622.119338918757
江子翠,2026-05-23,25604.0,25691.397535782486
江子翠,2026-05-24,20592.0,20880.79779066522
江子翠,2026-05-25,28721.0,28958.53722094709
江子翠,2026-05-26,29390.0,29445.200679167243
江子翠,2026-05-27,29832.0,29920.116759498305
江子翠,2026-05-28,29438.0,29650.833842732955
江子翠,2026-05-29,30689.0,31571.297620764555
江子翠,2026-05-30,25002.0,25638.098060881995
江子翠,2026-05-31,20104.0,20452.31827355256
海山,2026-01-01,13649.0,15902.500008537323
海山,2026-01-02,23872.0,24380.47107817761
海山,2026-01-03,17768.0,18125.117588201836
海山,2026-01-04,14981.0,14683.654727795873
海山,2026-01-05,24446.0,24031.8055412965
海山,2026-01-06,24693.0,25008.09911208144
海山,2026-01-07,24752.0,25698.81108166431
海山,2026-01-08,24704.0,18476.9401903328
海山,2026-01-09,26257.0,25246.89406253115
海山,2026-01-10,19846.0,18225.63687274612
海山,2026-01-11,15455.0,15342.80475545653
海山,2026-01-12,24048.0,24203.372135182617
海山,2026-01-13,24814.0,24654.473684747376
海山,2026-01-14,25051.0,25762.232402758866
海山,2026-01-15,24905.0,25140.660328612143
海山,2026-01-16,26283.0,25716.899522045216
海山,2026-01-17,19530.0,18695.96681217557
海山,2026-01-18,15743.0,15089.166450698292
海山,2026-01-19,24007.0,24107.992843333148
海山,2026-01-20,25141.0,24548.692179374902
海山,2026-01-21,24540.0,25123.250634180553
海山,2026-01-22,24396.0,24973.51997055635
海山,2026-01-23,26276.0,25918.285233721337
海山,2026-01-24,20100.0,18760.773924414654
海山,2026-01-25,16857.0,15485.71484628528
海山,2026-01-26,23555.0,23972.011980891304
海山,2026-01-27,23986.0,24687.275128740777
海山,2026-01-28,24216.0,24496.668626017636
海山,2026-01-29,24809.0,24595.747095177172
海山,2026-01-30,25823.0,26067.254382325184
海山,2026-01-31,20231.0,18744.604189131675
海山,2026-02-01,14929.0,16336.496226398656
海山,2026-02-02,23281.0,23626.288221053688
海山,2026-02-03,24586.0,24342.28859064993
海山,2026-02-04,24846.0,24727.728349036264
海山,2026-02-05,25333.0,24767.786628357775
海山,2026-02-06,26108.0,26241.04935499259
海山,2026-02-07,20339.0,19098.654682302727
海山,2026-02-08,16538.0,16236.75126032232
海山,2026-02-09,23936.0,23258.776423890096
海山,2026-02-10,25012.0,24358.77169511642
海山,2026-02-11,24690.0,24890.589609936018
海山,2026-02-12,25339.0,24947.893385578478
海山,2026-02-13,24786.0,26358.09533180501
海山,2026-02-14,16869.0,19049.547918673317
海山,2026-02-15,13763.0,14641.142629534761
海山,2026-02-16,10005.0,12557.45124093608
海山,2026-02-17,13987.0,9705.448922768737
海山,2026-02-18,13860.0,12364.295128728847
海山,2026-02-19,14992.0,12917.479492249311
海山,2026-02-20,15509.0,15025.711058043009
海山,2026-02-21,16929.0,14882.622463590596
海山,2026-02-22,14453.0,14363.379059953717
海山,2026-02-23,23893.0,22536.32082004444
海山,2026-02-24,24580.0,24530.007196716386
海山,2026-02-25,25286.0,24748.39558443463
海山,2026-02-26,26377.0,25514.385294482872
海山,2026-02-27,18789.0,15564.427696867486
海山,2026-02-28,18465.0,15900.313464927698
海山,2026-03-01,15536.0,14354.854887320356
海山,2026-03-02,24702.0,23514.446394137074
海山,2026-03-03,24654.0,24886.941287320773
海山,2026-03-04,24782.0,25071.290695826287
海山,2026-03-05,25262.0,25493.59364281271
海山,2026-03-06,26654.0,19068.125447468658
海山,2026-03-07,20688.0,18236.12187058367
海山,2026-03-08,16317.0,15644.204588934512
海山,2026-03-09,24670.0,24330.629484846377
海山,2026-03-10,24839.0,25022.81762937504
海山,2026-03-11,26210.0,24946.85630839989
海山,2026-03-12,25806.0,25481.36076398492
海山,2026-03-13,26976.0,26696.242442839397
海山,2026-03-14,20961.0,19687.134619874923
海山,2026-03-15,16918.0,16548.8685744878
海山,2026-03-16,24756.0,24666.617461338526
海山,2026-03-17,25474.0,25032.237224838118
海山,2026-03-18,25784.0,25819.35171237359
海山,2026-03-19,25731.0,25779.77221265981
海山,2026-03-20,27170.0,26603.120164638745
海山,2026-03-21,20661.0,20104.836620684026
海山,2026-03-22,16958.0,16750.509059428736
海山,2026-03-23,24788.0,24669.501779583683
海山,2026-03-24,25461.0,25250.833409036837
海山,2026-03-25,25530.0,25873.27183684354
海山,2026-03-26,25461.0,25819.60282818989
海山,2026-03-27,25915.0,26741.72175790359
海山,2026-03-28,19858.0,20058.958809860294
海山,2026-03-29,15576.0,16202.346268940199
海山,2026-03-30,24789.0,24680.2346903638
海山,2026-03-31,25021.0,25432.836334079304
海山,2026-04-01,24667.0,25132.151287374778
海山,2026-04-02,25911.0,24868.19725409314
海山,2026-04-03,17247.0,16559.860021161854
海山,2026-04-04,14776.0,16752.65711013074
海山,2026-04-05,15288.0,13707.665994232568
海山,2026-04-06,13959.0,14553.021097338113
海山,2026-04-07,24228.0,24485.55904513947
海山,2026-04-08,25191.0,24825.436787383653
海山,2026-04-09,25728.0,25413.38844797942
海山,2026-04-10,26665.0,26259.59492070837
海山,2026-04-11,20193.0,18931.132945643967
海山,2026-04-12,17003.0,15780.552150853444
海山,2026-04-13,24366.0,24484.851302862404
海山,2026-04-14,25161.0,24718.738914772362
海山,2026-04-15,25037.0,25267.970322139772
海山,2026-04-16,24974.0,25464.347012378672
海山,2026-04-17,26391.0,26092.989517561193
海山,2026-04-18,20370.0,19205.049641074886
海山,2026-04-19,16362.0,16486.81480129886
海山,2026-04-20,24386.0,24209.449587228166
海山,2026-04-21,25124.0,24963.84262479938
海山,2026-04-22,25350.0,25191.48775471398
海山,2026-04-23,24816.0,25222.938344612874
海山,2026-04-24,25626.0,26178.988137792127
海山,2026-04-25,19492.0,19350.201714603485
海山,2026-04-26,17305.0,16069.759528027556
海山,2026-04-27,24671.0,24052.285374937852
海山,2026-04-28,25277.0,25182.155068451186
海山,2026-04-29,25162.0,25297.870226685372
海山,2026-04-30,25740.0,25047.885181815713
海山,2026-05-01,20427.0,16494.993418619517
海山,2026-05-02,18653.0,17423.4390497745
海山,2026-05-03,15921.0,16356.246598282205
海山,2026-05-04,23524.0,24222.140766831697
海山,2026-05-05,24784.0,24840.904628598808
海山,2026-05-06,25670.0,24984.091278333366
海山,2026-05-07,25777.0,25713.319326389308
海山,2026-05-08,26622.0,26916.931444257556
海山,2026-05-09,20263.0,18480.36604590962
海山,2026-05-10,15895.0,16283.655521143057
海山,2026-05-11,24556.0,23691.609674837142
海山,2026-05-12,25144.0,25075.43150118041
海山,2026-05-13,24802.0,25428.924790684086
海山,2026-05-14,24568.0,25358.537011496683
海山,2026-05-15,26946.0,25706.899124767835
海山,2026-05-16,20768.0,19449.971138504385
海山,2026-05-17,17111.0,16312.310672624673
海山,2026-05-18,24661.0,24083.385100685715
海山,2026-05-19,25084.0,25137.01802250631
海山,2026-05-20,25311.0,25144.95969883095
海山,2026-05-21,25080.0,25248.47192281324
海山,2026-05-22,26338.0,26600.703066975777
海山,2026-05-23,20582.0,19858.67522087551
海山,2026-05-24,16878.0,16606.21301780629
海山,2026-05-25,24518.0,24235.473355270267
海山,2026-05-26,25117.0,25078.07844554966
海山,2026-05-27,24738.0,25236.701936449266
海山,2026-05-28,24853.0,24928.291778865758
海山,2026-05-29,25933.0,26300.458719553837
海山,2026-05-30,19988.0,20031.738131231454
海山,2026-05-31,16170.0,16070.8531135463
淡水,2026-01-01,27884.0,39268.60183712884
淡水,2026-01-02,34107.0,32520.998189435017
淡水,2026-01-03,33733.0,31203.26606997902
淡水,2026-01-04,35074.0,29190.062169876423
淡水,2026-01-05,31382.0,35004.06765611141
淡水,2026-01-06,30390.0,33209.373743827535
淡水,2026-01-07,31388.0,33447.53034793306
淡水,2026-01-08,31956.0,31079.065721965788
淡水,2026-01-09,35904.0,35004.635727777095
淡水,2026-01-10,34960.0,29586.129234890126
淡水,2026-01-11,30325.0,28844.96267877519
淡水,2026-01-12,30204.0,32726.366681673742
淡水,2026-01-13,32686.0,31882.62150934908
淡水,2026-01-14,33016.0,33105.68625855399
淡水,2026-01-15,33967.0,33268.56239857252
淡水,2026-01-16,34656.0,36468.79362670737
淡水,2026-01-17,36935.0,31177.852620529935
淡水,2026-01-18,33382.0,31288.523593096474
淡水,2026-01-19,30242.0,32701.198236886157
淡水,2026-01-20,29803.0,31556.354376488813
淡水,2026-01-21,28044.0,31633.121994482764
淡水,2026-01-22,28489.0,30940.304475798155
淡水,2026-01-23,33049.0,31898.301667986176
淡水,2026-01-24,31452.0,31526.47284106428
淡水,2026-01-25,35070.0,28712.205818597246
淡水,2026-01-26,32157.0,32046.630057119903
淡水,2026-01-27,29451.0,32522.333217059368
淡水,2026-01-28,29561.0,30479.977521786404
淡水,2026-01-29,34034.0,30441.235930713905
淡水,2026-01-30,35215.0,35747.40222156165
淡水,2026-01-31,27864.0,32527.81398800696
淡水,2026-02-01,22986.0,28460.141011995085
淡水,2026-02-02,27133.0,29822.51710723538
淡水,2026-02-03,31572.0,29416.434711599184
淡水,2026-02-04,34676.0,31727.62933297883
淡水,2026-02-05,34487.0,34940.694794563424
淡水,2026-02-06,33047.0,35874.672525653645
淡水,2026-02-07,27116.0,30059.23083223952
淡水,2026-02-08,25476.0,27458.398963200307
淡水,2026-02-09,29979.0,28807.09402266416
淡水,2026-02-10,33751.0,30938.500999662527
淡水,2026-02-11,30449.0,34002.75805873019
淡水,2026-02-12,32848.0,32431.746382256177
淡水,2026-02-13,33123.0,34374.75551826535
淡水,2026-02-14,31989.0,27119.259889932127
淡水,2026-02-15,29892.0,25241.617668722425
淡水,2026-02-16,18930.0,26175.394346820725
淡水,2026-02-17,39418.0,19234.460385926686
淡水,2026-02-18,45079.0,32434.348466569743
淡水,2026-02-19,61463.0,37154.07101816463
淡水,2026-02-20,51113.0,50969.93945635344
淡水,2026-02-21,52191.0,45541.50766555748
淡水,2026-02-22,37914.0,43869.16697381651
淡水,2026-02-23,33899.0,35440.060730723526
淡水,2026-02-24,33278.0,34946.21347239393
淡水,2026-02-25,32851.0,34411.44723969421
淡水,2026-02-26,39444.0,33164.38501073883
淡水,2026-02-27,33867.0,32304.083321783946
淡水,2026-02-28,37608.0,33371.8592944652
淡水,2026-03-01,28262.0,33398.314720676724
淡水,2026-03-02,32092.0,31424.52997788002
淡水,2026-03-03,30121.0,33267.898308206
淡水,2026-03-04,30773.0,31743.486571232603
淡水,2026-03-05,33375.0,34357.14704790262
淡水,2026-03-06,37011.0,36535.11337698305
淡水,2026-03-07,33961.0,34105.30733598826
淡水,2026-03-08,31817.0,31595.605299705814
淡水,2026-03-09,31423.0,32778.185540117855
淡水,2026-03-10,30467.0,32343.70853921265
淡水,2026-03-11,36169.0,31246.855589146453
淡水,2026-03-12,36091.0,36496.42058483662
淡水,2026-03-13,41034.0,37139.387764954605
淡水,2026-03-14,42211.0,36390.03355160664
淡水,2026-03-15,37694.0,40558.34852957334
淡水,2026-03-16,34794.0,35196.48828346273
淡水,2026-03-17,35188.0,33140.425672234654
淡水,2026-03-18,36825.0,35349.67981928485
淡水,2026-03-19,34515.0,36638.11678038883
淡水,2026-03-20,40203.0,38760.21480656827
淡水,2026-03-21,37542.0,39378.66511557123
淡水,2026-03-22,39672.0,33664.41792487586
淡水,2026-03-23,33806.0,36355.742509377276
淡水,2026-03-24,34259.0,34048.50270996559
淡水,2026-03-25,35713.0,35172.08627904149
淡水,2026-03-26,36105.0,35729.598100974334
淡水,2026-03-27,35841.0,40774.58315509768
淡水,2026-03-28,36822.0,31449.88928293168
淡水,2026-03-29,32285.0,34015.685062039876
淡水,2026-03-30,36366.0,33464.563889878096
淡水,2026-03-31,32829.0,35946.49376855264
淡水,2026-04-01,30179.0,33447.76003005628
淡水,2026-04-02,35448.0,32916.032862039334
淡水,2026-04-03,31125.0,34085.04583625505
淡水,2026-04-04,25713.0,30000.627005985745
淡水,2026-04-05,36198.0,26287.266287728122
淡水,2026-04-06,26331.0,30487.493397585255
淡水,2026-04-07,28924.0,31482.032862986252
淡水,2026-04-08,31902.0,30733.40431849928
淡水,2026-04-09,35366.0,33452.255884046135
淡水,2026-04-10,39503.0,35606.86277403147
淡水,2026-04-11,38724.0,36527.91009519922
淡水,2026-04-12,34548.0,34570.686408705056
淡水,2026-04-13,32587.0,35912.55628910523
淡水,2026-04-14,33528.0,32323.419270042592
淡水,2026-04-15,32804.0,33668.98168239979
淡水,2026-04-16,33172.0,33626.078690495306
淡水,2026-04-17,38112.0,36966.110478468254
淡水,2026-04-18,35812.0,34611.09826368163
淡水,2026-04-19,36482.0,31698.19951707956
淡水,2026-04-20,33286.0,34248.617848493006
淡水,2026-04-21,34037.0,33732.367632768386
淡水,2026-04-22,33879.0,34390.81971354209
淡水,2026-04-23,31693.0,34273.732276738636
淡水,2026-04-24,34483.0,36176.394830187746
淡水,2026-04-25,32257.0,33444.49729111942
淡水,2026-04-26,45143.0,29942.210476348097
淡水,2026-04-27,34212.0,36388.157297472266
淡水,2026-04-28,34690.0,34395.3011926028
淡水,2026-04-29,33435.0,34907.63600993956
淡水,2026-04-30,35758.0,33473.60477092808
淡水,2026-05-01,43951.0,31876.327269627134
淡水,2026-05-02,48120.0,36033.74955828513
淡水,2026-05-03,37656.0,42415.393555784336
淡水,2026-05-04,31541.0,36082.31494117355
淡水,2026-05-05,29188.0,33436.18912240643
淡水,2026-05-06,34858.0,32518.73483319867
淡水,2026-05-07,35852.0,35217.39145731774
淡水,2026-05-08,37281.0,39385.32300077544
淡水,2026-05-09,33075.0,34048.17139541639
淡水,2026-05-10,33758.0,30712.819004725137
淡水,2026-05-11,34126.0,33684.344254871474
淡水,2026-05-12,34876.0,33939.4742679604
淡水,2026-05-13,32023.0,35378.07638582941
淡水,2026-05-14,31199.0,33185.58851284955
淡水,2026-05-15,39460.0,36094.42141802513
淡水,2026-05-16,49583.0,35015.73579690607
淡水,2026-05-17,46257.0,38750.35031001052
淡水,2026-05-18,35184.0,35964.64268362379
淡水,2026-05-19,35796.0,35097.2221584292
淡水,2026-05-20,36465.0,36022.746848224015
淡水,2026-05-21,35095.0,36259.8851307547
淡水,2026-05-22,39193.0,39294.42797765563
淡水,2026-05-23,43904.0,36125.92393762911
淡水,2026-05-24,38819.0,41044.27674668458
淡水,2026-05-25,32939.0,36805.20982896027
淡水,2026-05-26,33164.0,34405.42674616669
淡水,2026-05-27,33891.0,33457.73129849908
淡水,2026-05-28,33503.0,34133.236115778134
淡水,2026-05-29,36134.0,37975.458529476506
淡水,2026-05-30,40627.0,33485.86764854689
淡水,2026-05-31,37345.0,37802.36613716331
港墘,2026-01-01,5190.0,5364.345228911065
港墘,2026-01-02,18517.0,19186.146306048122
港墘,2026-01-03,7027.0,7618.91210725942
港墘,2026-01-04,5637.0,5637.050200098821
港墘,2026-01-05,19962.0,19360.208468918012
港墘,2026-01-06,20755.0,20366.166884104685
港墘,2026-01-07,20952.0,20403.06145195937
港墘,2026-01-08,20758.0,12710.406033600766
港墘,2026-01-09,21119.0,20126.4960340921
港墘,2026-01-10,7999.0,7828.3674347066335
港墘,2026-01-11,5651.0,5811.07138174439
港墘,2026-01-12,19700.0,19496.6937363157
港墘,2026-01-13,20276.0,20404.489830378778
港墘,2026-01-14,20561.0,21004.849605376057
港墘,2026-01-15,20513.0,20484.850301413106
港墘,2026-01-16,20481.0,20935.149535527333
港墘,2026-01-17,7444.0,7659.373810804339
港墘,2026-01-18,6557.0,5768.557776246085
港墘,2026-01-19,20100.0,19703.410121988476
港墘,2026-01-20,21284.0,20277.552308641534
港墘,2026-01-21,20525.0,20789.703411906943
港墘,2026-01-22,20288.0,20532.88519339366
港墘,2026-01-23,20776.0,20482.639245902028
港墘,2026-01-24,7295.0,7743.456448411727
港墘,2026-01-25,5775.0,5660.027199556122
港墘,2026-01-26,18013.0,19489.483667388373
港墘,2026-01-27,19567.0,19874.204426683853
港墘,2026-01-28,19206.0,20119.097234890258
港墘,2026-01-29,18937.0,19706.59668019396
港墘,2026-01-30,18934.0,19928.917616667084
港墘,2026-01-31,7281.0,7336.365780862997
港墘,2026-02-01,5909.0,6097.955836896662
港墘,2026-02-02,18127.0,18762.092701971775
港墘,2026-02-03,18905.0,19851.1046001036
港墘,2026-02-04,19116.0,19475.568598029146
港墘,2026-02-05,18894.0,19172.533867212303
港墘,2026-02-06,19108.0,19517.730133634606
港墘,2026-02-07,7485.0,7305.054015812144
港墘,2026-02-08,6076.0,5925.783368257803
港墘,2026-02-09,18196.0,17725.72731981225
港墘,2026-02-10,19283.0,18616.646755139966
港墘,2026-02-11,18842.0,19280.388968361887
港墘,2026-02-12,18690.0,18933.78981802511
港墘,2026-02-13,17356.0,19027.851688003993
港墘,2026-02-14,5833.0,7169.364093838809
港墘,2026-02-15,4367.0,5069.297417262188
港墘,2026-02-16,2937.0,4416.194225539422
港墘,2026-02-17,3390.0,3584.2907243527884
港墘,2026-02-18,3600.0,3380.8214105133065
港墘,2026-02-19,4289.0,3658.0836393159348
港墘,2026-02-20,4645.0,4148.701757538086
港墘,2026-02-21,5341.0,5389.444382742261
港墘,2026-02-22,4837.0,5131.483629171243
港墘,2026-02-23,19379.0,16809.332530105265
港墘,2026-02-24,20239.0,19227.46817337487
港墘,2026-02-25,20343.0,19933.216116124357
港墘,2026-02-26,20546.0,19940.596844354724
港墘,2026-02-27,6388.0,4839.966474495279
港墘,2026-02-28,6223.0,5354.719459037807
港墘,2026-03-01,5624.0,4932.417845218323
港墘,2026-03-02,20005.0,18095.677138462845
港墘,2026-03-03,21114.0,19276.97709981849
港墘,2026-03-04,21241.0,19816.40521490452
港墘,2026-03-05,20840.0,20323.0803951562
港墘,2026-03-06,21198.0,13656.155633739796
港墘,2026-03-07,7525.0,6397.985235967692
港墘,2026-03-08,5579.0,5692.804628817758
港墘,2026-03-09,20260.0,19183.80944557729
港墘,2026-03-10,20838.0,20337.299132897704
港墘,2026-03-11,21076.0,20494.677927181194
港墘,2026-03-12,20843.0,20455.8885581615
港墘,2026-03-13,21342.0,20559.697772779247
港墘,2026-03-14,8086.0,7476.466572374281
港墘,2026-03-15,7503.0,6093.909376700844
港墘,2026-03-16,20140.0,19728.55333333551
港墘,2026-03-17,20999.0,20293.04950171181
港墘,2026-03-18,21096.0,20898.23476819397
港墘,2026-03-19,20347.0,20828.670934638765
港墘,2026-03-20,20561.0,20946.052797632106
港墘,2026-03-21,7784.0,7716.406047998957
港墘,2026-03-22,6024.0,5875.106587137681
港墘,2026-03-23,19873.0,19665.063952902623
港墘,2026-03-24,20729.0,20639.052475282697
港墘,2026-03-25,20847.0,21041.858654012336
港墘,2026-03-26,20271.0,20528.233494725973
港墘,2026-03-27,20571.0,20794.028290100367
港墘,2026-03-28,7484.0,7802.140524805921
港墘,2026-03-29,5849.0,6453.637313378313
港墘,2026-03-30,19702.0,19742.87142550109
港墘,2026-03-31,20778.0,20494.579121625942
港墘,2026-04-01,20615.0,20760.519652273262
港墘,2026-04-02,20412.0,20474.999088091103
港墘,2026-04-03,6124.0,6310.141647026464
港墘,2026-04-04,5456.0,6622.554618789808
港墘,2026-04-05,4939.0,5110.863424948505
港墘,2026-04-06,4845.0,5581.942779087686
港墘,2026-04-07,20566.0,19418.859077278936
港墘,2026-04-08,20816.0,20559.129562149083
港墘,2026-04-09,20397.0,20151.90494542948
港墘,2026-04-10,21061.0,20145.10646850782
港墘,2026-04-11,7877.0,7715.217953043021
港墘,2026-04-12,6839.0,6149.808984785055
港墘,2026-04-13,19822.0,18901.852832464494
港墘,2026-04-14,20868.0,20385.61086802428
港墘,2026-04-15,20683.0,20701.302802166945
港墘,2026-04-16,20506.0,20483.154782205766
港墘,2026-04-17,20303.0,20809.696716205894
港墘,2026-04-18,9285.0,7495.339914783392
港墘,2026-04-19,6383.0,7081.737615356349
港墘,2026-04-20,18633.0,19635.962457533253
港墘,2026-04-21,20399.0,19803.877070928804
港墘,2026-04-22,20615.0,20580.580884285304
港墘,2026-04-23,20317.0,20464.240803708606
港墘,2026-04-24,20804.0,20536.6051828352
港墘,2026-04-25,8072.0,9960.705767616197
港墘,2026-04-26,7191.0,6791.297110263107
港墘,2026-04-27,19581.0,18830.53710744944
港墘,2026-04-28,20317.0,20245.895131559355
港墘,2026-04-29,20464.0,20529.958946692514
港墘,2026-04-30,21181.0,20461.46140990018
港墘,2026-05-01,7049.0,6262.171117898185
港墘,2026-05-02,6537.0,6931.314906047654
港墘,2026-05-03,5778.0,6158.990332589553
港墘,2026-05-04,20032.0,18981.940369416257
港墘,2026-05-05,21046.0,20233.731696633906
港墘,2026-05-06,20993.0,20523.055468026752
港墘,2026-05-07,20541.0,20767.604853034758
港墘,2026-05-08,20779.0,20721.111800524788
港墘,2026-05-09,7729.0,8223.640347969766
港墘,2026-05-10,5638.0,6223.500847172224
港墘,2026-05-11,19736.0,19508.833082118
港墘,2026-05-12,20332.0,20550.037391217054
港墘,2026-05-13,20607.0,20536.19471564245
港墘,2026-05-14,20293.0,20622.982555310195
港墘,2026-05-15,20204.0,20597.257608507094
港墘,2026-05-16,7880.0,7487.232958303954
港墘,2026-05-17,6888.0,6205.962008690081
港墘,2026-05-18,19349.0,19730.25610978675
港墘,2026-05-19,19829.0,20288.869571465944
港墘,2026-05-20,19880.0,20395.203928052077
港墘,2026-05-21,19699.0,20262.98655207484
港墘,2026-05-22,19651.0,20280.06348550469
港墘,2026-05-23,7811.0,7397.307316562032
港墘,2026-05-24,5731.0,5992.3917872206775
港墘,2026-05-25,19540.0,19133.89756000098
港墘,2026-05-26,20154.0,19783.24764494764
港墘,2026-05-27,20225.0,20289.995565610032
港墘,2026-05-28,20150.0,20106.74884536611
港墘,2026-05-29,20468.0,20140.800456906803
港墘,2026-05-30,7467.0,7621.707037400505
港墘,2026-05-31,5836.0,6103.514635397542
石牌,2026-01-01,15855.0,24480.23343852356
石牌,2026-01-02,29272.0,30337.38806704425
石牌,2026-01-03,21129.0,21082.422539330204
石牌,2026-01-04,17082.0,16689.3934532188
石牌,2026-01-05,30478.0,30050.619902783907
石牌,2026-01-06,30857.0,31878.831335141007
石牌,2026-01-07,31045.0,32573.640936329743
石牌,2026-01-08,31602.0,22391.54197390679
石牌,2026-01-09,32471.0,32054.10158050578
石牌,2026-01-10,24177.0,21994.45612330706
石牌,2026-01-11,17270.0,17281.43931068944
石牌,2026-01-12,29698.0,30352.442617549834
石牌,2026-01-13,30376.0,31105.982120379544
石牌,2026-01-14,31068.0,31253.27756562033
石牌,2026-01-15,30892.0,31371.415772421187
石牌,2026-01-16,31818.0,32444.47235260147
石牌,2026-01-17,22574.0,23659.051029808412
石牌,2026-01-18,17832.0,16966.936993860076
石牌,2026-01-19,29611.0,29743.945120214557
石牌,2026-01-20,30784.0,30459.88480716536
石牌,2026-01-21,30155.0,31025.13493481356
石牌,2026-01-22,29240.0,30897.48807803863
石牌,2026-01-23,31876.0,31256.7060215098
石牌,2026-01-24,22527.0,24364.8538065285
石牌,2026-01-25,18363.0,17117.243618468943
石牌,2026-01-26,29932.0,29659.095986595123
石牌,2026-01-27,29813.0,30410.590052068022
石牌,2026-01-28,30018.0,30414.41230997439
石牌,2026-01-29,30701.0,30030.249344199965
石牌,2026-01-30,31420.0,32036.82044099388
石牌,2026-01-31,21784.0,21817.432003717113
石牌,2026-02-01,16098.0,17409.175666129628
石牌,2026-02-02,29345.0,29538.660544461156
石牌,2026-02-03,30182.0,29932.460016117966
石牌,2026-02-04,31216.0,30599.64559028081
石牌,2026-02-05,30618.0,31138.31430974918
石牌,2026-02-06,31297.0,31926.750322364413
石牌,2026-02-07,22460.0,22260.075687953435
石牌,2026-02-08,17542.0,17276.92533257075
石牌,2026-02-09,29496.0,29524.17207172326
石牌,2026-02-10,30817.0,30042.991102653476
石牌,2026-02-11,30187.0,30705.83416754871
石牌,2026-02-12,30235.0,30525.616213650686
石牌,2026-02-13,29300.0,31663.476552383334
石牌,2026-02-14,18442.0,21655.5492226857
石牌,2026-02-15,13709.0,16525.6373675434
石牌,2026-02-16,9834.0,11575.38366148201
石牌,2026-02-17,12327.0,14044.147572271477
石牌,2026-02-18,13997.0,11889.681796290597
石牌,2026-02-19,14619.0,14330.605468543436
石牌,2026-02-20,16764.0,15614.723317088681
石牌,2026-02-21,17977.0,15716.135538558923
石牌,2026-02-22,16151.0,15233.567830342465
石牌,2026-02-23,31146.0,27071.73685614497
石牌,2026-02-24,32110.0,32246.46589505183
石牌,2026-02-25,32633.0,32992.07512912687
石牌,2026-02-26,34663.0,33847.88933465614
石牌,2026-02-27,20915.0,22539.95119562725
石牌,2026-02-28,20244.0,17110.81927694566
石牌,2026-03-01,16645.0,15951.06368544396
石牌,2026-03-02,31615.0,29857.760630376873
石牌,2026-03-03,31101.0,31862.65370253312
石牌,2026-03-04,32248.0,31667.12168379549
石牌,2026-03-05,32243.0,33293.22796789439
石牌,2026-03-06,35078.0,27452.797683340086
石牌,2026-03-07,24355.0,22647.305733257377
石牌,2026-03-08,18448.0,17082.7393945594
石牌,2026-03-09,31514.0,30698.268429679312
石牌,2026-03-10,31505.0,31967.906850236046
石牌,2026-03-11,33748.0,32299.13260699218
石牌,2026-03-12,32975.0,33972.65485654665
石牌,2026-03-13,35545.0,34192.696584410216
石牌,2026-03-14,26131.0,26744.398430514517
石牌,2026-03-15,19056.0,18920.31662391559
石牌,2026-03-16,32014.0,30941.4933706115
石牌,2026-03-17,32304.0,32448.010854882046
石牌,2026-03-18,33468.0,33152.25213411838
石牌,2026-03-19,32378.0,33343.49147449124
石牌,2026-03-20,34729.0,35096.87560864617
石牌,2026-03-21,24432.0,26866.983165849866
石牌,2026-03-22,20024.0,18850.98507527339
石牌,2026-03-23,31564.0,31048.113105674125
石牌,2026-03-24,32289.0,32191.881133553386
石牌,2026-03-25,32653.0,33067.25010521308
石牌,2026-03-26,32134.0,32693.102839103067
石牌,2026-03-27,33425.0,34420.25998662182
石牌,2026-03-28,24800.0,25024.25601188742
石牌,2026-03-29,19152.0,18918.583489787376
石牌,2026-03-30,32104.0,30966.133678582584
石牌,2026-03-31,31862.0,32562.81358384668
石牌,2026-04-01,32094.0,32723.092650987084
石牌,2026-04-02,33438.0,32212.83082959351
石牌,2026-04-03,20159.0,21308.45341763064
石牌,2026-04-04,17388.0,20124.562693137595
石牌,2026-04-05,16874.0,16473.917116748777
石牌,2026-04-06,15661.0,16824.77648068899
石牌,2026-04-07,30460.0,30267.481385895597
石牌,2026-04-08,32360.0,31966.67334456855
石牌,2026-04-09,32719.0,32967.846733485996
石牌,2026-04-10,34389.0,34078.35248862045
石牌,2026-04-11,24206.0,23179.953716123313
石牌,2026-04-12,18565.0,19348.760202406796
石牌,2026-04-13,31513.0,29887.59296811561
石牌,2026-04-14,31609.0,31622.868244523797
石牌,2026-04-15,31792.0,32038.552390811754
石牌,2026-04-16,31424.0,32709.896189658928
石牌,2026-04-17,33253.0,33321.8393545613
石牌,2026-04-18,24725.0,24201.88140197819
石牌,2026-04-19,19194.0,18931.455934252204
石牌,2026-04-20,31019.0,29903.701929456107
石牌,2026-04-21,31668.0,31538.13365749469
石牌,2026-04-22,31529.0,31876.27014461534
石牌,2026-04-23,31295.0,31915.12974033125
石牌,2026-04-24,33107.0,33508.92115397746
石牌,2026-04-25,22817.0,24514.279243355017
石牌,2026-04-26,20935.0,18849.447738955194
石牌,2026-04-27,31559.0,30904.362549825142
石牌,2026-04-28,32112.0,31702.98921326996
石牌,2026-04-29,32747.0,32236.544229961517
石牌,2026-04-30,33981.0,32284.12585831409
石牌,2026-05-01,21042.0,21637.224227997973
石牌,2026-05-02,20832.0,19615.814204525617
石牌,2026-05-03,17485.0,17846.79190407823
石牌,2026-05-04,31428.0,30588.87382830046
石牌,2026-05-05,31415.0,31603.054206545577
石牌,2026-05-06,33317.0,31874.34837566353
石牌,2026-05-07,32415.0,33876.21086600696
石牌,2026-05-08,34240.0,33759.80226266026
石牌,2026-05-09,23720.0,23011.279278256596
石牌,2026-05-10,17896.0,19558.6801271596
石牌,2026-05-11,30939.0,30855.651188123375
石牌,2026-05-12,31638.0,31790.234706703646
石牌,2026-05-13,31232.0,32770.75394505547
石牌,2026-05-14,30308.0,32040.796366041774
石牌,2026-05-15,34001.0,32768.56304059897
石牌,2026-05-16,24852.0,24298.663637647132
石牌,2026-05-17,20160.0,18591.800154807697
石牌,2026-05-18,31045.0,30829.567547439485
石牌,2026-05-19,31439.0,31639.11976533724
石牌,2026-05-20,32199.0,31929.27753751327
石牌,2026-05-21,31634.0,31781.743286635017
石牌,2026-05-22,33316.0,33704.04919062358
石牌,2026-05-23,24587.0,24412.60058844885
石牌,2026-05-24,19820.0,19167.642779792863
石牌,2026-05-25,30416.0,30787.732238678323
石牌,2026-05-26,30962.0,31564.171503082533
石牌,2026-05-27,31727.0,31687.748293973425
石牌,2026-05-28,31027.0,31428.71620688258
石牌,2026-05-29,32558.0,33223.64828448469
石牌,2026-05-30,23445.0,24609.3643575387
石牌,2026-05-31,18643.0,18813.125642720355
秀朗橋,2026-01-01,993.0,1106.325295848486
秀朗橋,2026-01-02,1626.0,1510.0644265316298
秀朗橋,2026-01-03,1359.0,1205.4671542052
秀朗橋,2026-01-04,1097.0,1068.2884438773299
秀朗橋,2026-01-05,1380.0,1452.1811345456383
秀朗橋,2026-01-06,1449.0,1535.3163692953226
秀朗橋,2026-01-07,1449.0,1822.320386887444
秀朗橋,2026-01-08,1434.0,1365.969128522765
秀朗橋,2026-01-09,1568.0,1542.830131061205
秀朗橋,2026-01-10,1329.0,1265.0717747051283
秀朗橋,2026-01-11,1076.0,1101.3126936640108
秀朗橋,2026-01-12,1423.0,1394.6092922548592
秀朗橋,2026-01-13,1460.0,1495.580206536899
秀朗橋,2026-01-14,1454.0,1705.0780565659695
秀朗橋,2026-01-15,1463.0,1444.5814412298364
秀朗橋,2026-01-16,1542.0,1551.6142126642856
秀朗橋,2026-01-17,1359.0,1313.5324443251388
秀朗橋,2026-01-18,1019.0,1095.9935514108358
秀朗橋,2026-01-19,1447.0,1418.1300397991354
秀朗橋,2026-01-20,1509.0,1478.7664932885468
秀朗橋,2026-01-21,1491.0,1497.8987579579014
秀朗橋,2026-01-22,1510.0,1465.4196386822834
秀朗橋,2026-01-23,1579.0,1538.6231081803905
秀朗橋,2026-01-24,1285.0,1323.9576449391693
秀朗橋,2026-01-25,1133.0,1030.9258535310576
秀朗橋,2026-01-26,1418.0,1456.0557246228723
秀朗橋,2026-01-27,1443.0,1507.0217067972594
秀朗橋,2026-01-28,1425.0,1501.0462162404306
秀朗橋,2026-01-29,1506.0,1504.2459386306853
秀朗橋,2026-01-30,1574.0,1571.359294075923
秀朗橋,2026-01-31,1328.0,1303.8207635614592
秀朗橋,2026-02-01,1122.0,1107.484942661913
秀朗橋,2026-02-02,1421.0,1452.748093918764
秀朗橋,2026-02-03,1479.0,1489.5762179773135
秀朗橋,2026-02-04,1491.0,1476.4419484825755
秀朗橋,2026-02-05,1575.0,1523.0834179696292
秀朗橋,2026-02-06,1635.0,1573.7806941601427
秀朗橋,2026-02-07,1387.0,1297.6223823806913
秀朗橋,2026-02-08,1130.0,1147.1038535811597
秀朗橋,2026-02-09,1414.0,1452.3575430143296
秀朗橋,2026-02-10,1587.0,1492.4761929791055
秀朗橋,2026-02-11,1498.0,1503.6036093286934
秀朗橋,2026-02-12,1512.0,1551.156438117883
秀朗橋,2026-02-13,1509.0,1573.9038144060112
秀朗橋,2026-02-14,1125.0,1334.837661065786
秀朗橋,2026-02-15,836.0,1074.7472829814524
秀朗橋,2026-02-16,729.0,951.7180099493155
秀朗橋,2026-02-17,1032.0,862.8717093350117
秀朗橋,2026-02-18,1151.0,1034.7302781110072
秀朗橋,2026-02-19,1091.0,1076.6639487295763
秀朗橋,2026-02-20,1208.0,1060.038805274834
秀朗橋,2026-02-21,1252.0,1134.8287902807542
秀朗橋,2026-02-22,1024.0,959.9482899390912
秀朗橋,2026-02-23,1398.0,1335.2446565465543
秀朗橋,2026-02-24,1475.0,1420.7043772393477
秀朗橋,2026-02-25,1591.0,1478.1912226292654
秀朗橋,2026-02-26,1616.0,1555.597560400427
秀朗橋,2026-02-27,1363.0,1058.7682400189678
秀朗橋,2026-02-28,1456.0,1209.2870226034865
秀朗橋,2026-03-01,1098.0,1048.7617486209176
秀朗橋,2026-03-02,1458.0,1457.711298677129
秀朗橋,2026-03-03,1586.0,1457.488009913876
秀朗橋,2026-03-04,1578.0,1528.6415194519248
秀朗橋,2026-03-05,1570.0,1550.8932822629006
秀朗橋,2026-03-06,1711.0,1384.113839292788
秀朗橋,2026-03-07,1446.0,1367.9602763956475
秀朗橋,2026-03-08,1172.0,1109.047023193127
秀朗橋,2026-03-09,1475.0,1453.352771959794
秀朗橋,2026-03-10,1683.0,1554.2686529055175
秀朗橋,2026-03-11,1500.0,1634.7520983028405
秀朗橋,2026-03-12,1556.0,1577.2926880665627
秀朗橋,2026-03-13,1628.0,1584.2099160961166
秀朗橋,2026-03-14,1394.0,1432.3709033558043
秀朗橋,2026-03-15,1181.0,1142.1301066235972
秀朗橋,2026-03-16,1686.0,1495.2633171515447
秀朗橋,2026-03-17,1550.0,1631.7773840424284
秀朗橋,2026-03-18,1522.0,1547.0008509426295
秀朗橋,2026-03-19,1502.0,1583.072778886862
秀朗橋,2026-03-20,1711.0,1610.0698930762942
秀朗橋,2026-03-21,1383.0,1387.0070669003774
秀朗橋,2026-03-22,1162.0,1155.8197835362955
秀朗橋,2026-03-23,1493.0,1551.0070903166898
秀朗橋,2026-03-24,1491.0,1597.1950328622906
秀朗橋,2026-03-25,1563.0,1519.7635989668368
秀朗橋,2026-03-26,1567.0,1550.953604579387
秀朗橋,2026-03-27,1713.0,1634.2838537270404
秀朗橋,2026-03-28,1331.0,1355.058745871231
秀朗橋,2026-03-29,1061.0,1140.376467743772
秀朗橋,2026-03-30,1469.0,1551.1011190005388
秀朗橋,2026-03-31,1478.0,1506.495843394322
秀朗橋,2026-04-01,1545.0,1532.3536184967422
秀朗橋,2026-04-02,1469.0,1556.6411063776845
秀朗橋,2026-04-03,1195.0,1112.2495530903855
秀朗橋,2026-04-04,1140.0,1162.5411894428537
秀朗橋,2026-04-05,1072.0,1082.0302473539095
秀朗橋,2026-04-06,946.0,1056.8847648408669
秀朗橋,2026-04-07,1543.0,1362.6842689634502
秀朗橋,2026-04-08,1465.0,1498.9048790337627
秀朗橋,2026-04-09,1508.0,1385.0391854645895
秀朗橋,2026-04-10,1632.0,1511.0615046216385
秀朗橋,2026-04-11,1291.0,1239.20116245207
秀朗橋,2026-04-12,1085.0,1077.923745530488
秀朗橋,2026-04-13,1387.0,1347.1961425584936
秀朗橋,2026-04-14,1515.0,1506.3216588458981
秀朗橋,2026-04-15,1483.0,1514.4668364755596
秀朗橋,2026-04-16,1501.0,1513.3620417620596
秀朗橋,2026-04-17,1552.0,1517.940679286358
秀朗橋,2026-04-18,1371.0,1225.4629760214984
秀朗橋,2026-04-19,1137.0,1104.5121596390545
秀朗橋,2026-04-20,1432.0,1354.0114228731934
秀朗橋,2026-04-21,1407.0,1506.0040910141063
秀朗橋,2026-04-22,1487.0,1492.029457849312
秀朗橋,2026-04-23,1489.0,1533.5618606840212
秀朗橋,2026-04-24,1757.0,1560.03786984985
秀朗橋,2026-04-25,1314.0,1334.6275480268648
秀朗橋,2026-04-26,1218.0,1118.586757636584
秀朗橋,2026-04-27,1450.0,1428.6521954275477
秀朗橋,2026-04-28,1516.0,1469.8771287084378
秀朗橋,2026-04-29,1515.0,1527.7897963449957
秀朗橋,2026-04-30,1746.0,1527.5163247404046
秀朗橋,2026-05-01,1337.0,1101.7312838919909
秀朗橋,2026-05-02,1330.0,1221.2003571099526
秀朗橋,2026-05-03,1100.0,1173.9266575195106
秀朗橋,2026-05-04,1521.0,1470.5942312238424
秀朗橋,2026-05-05,1709.0,1499.0704711150267
秀朗橋,2026-05-06,1537.0,1622.7326877991297
秀朗橋,2026-05-07,1502.0,1582.7100643993374
秀朗橋,2026-05-08,1627.0,1540.5038269876973
秀朗橋,2026-05-09,1289.0,1305.0894799816203
秀朗橋,2026-05-10,1090.0,1142.232300987912
秀朗橋,2026-05-11,1518.0,1514.1480889520992
秀朗橋,2026-05-12,1568.0,1580.2228122150184
秀朗橋,2026-05-13,1489.0,1550.8467954969867
秀朗橋,2026-05-14,1604.0,1569.0915017544814
秀朗橋,2026-05-15,1651.0,1561.0900828546105
秀朗橋,2026-05-16,1322.0,1302.6158580282813
秀朗橋,2026-05-17,1202.0,1118.7770131973143
秀朗橋,2026-05-18,1462.0,1506.9038090141003
秀朗橋,2026-05-19,1550.0,1593.890930041092
秀朗橋,2026-05-20,1522.0,1532.61038774352
秀朗橋,2026-05-21,1500.0,1567.6840079429955
秀朗橋,2026-05-22,1597.0,1593.2980091543886
秀朗橋,2026-05-23,1436.0,1290.2518077918817
秀朗橋,2026-05-24,1059.0,1196.3014945574582
秀朗橋,2026-05-25,1444.0,1465.3446506796586
秀朗橋,2026-05-26,1435.0,1537.3402547522142
秀朗橋,2026-05-27,1460.0,1514.983800062153
秀朗橋,2026-05-28,1498.0,1525.2402702207498
秀朗橋,2026-05-29,1745.0,1579.7802803164623
秀朗橋,2026-05-30,1280.0,1376.726747853584
秀朗橋,2026-05-31,1099.0,1099.8323517302847
科技大樓,2026-01-01,7629.0,8545.298194405628
科技大樓,2026-01-02,14001.0,15933.6125523711
科技大樓,2026-01-03,10557.0,10163.545667804392
科技大樓,2026-01-04,8664.0,8614.18934234533
科技大樓,2026-01-05,14385.0,14593.297143731716
科技大樓,2026-01-06,15781.0,15155.394917930116
科技大樓,2026-01-07,14851.0,16439.93584084672
科技大樓,2026-01-08,14959.0,12092.45156396817
科技大樓,2026-01-09,15240.0,15429.02153208289
科技大樓,2026-01-10,10758.0,10072.33817821567
科技大樓,2026-01-11,8937.0,8590.59990559374
科技大樓,2026-01-12,13685.0,14416.179689481252
科技大樓,2026-01-13,14274.0,15405.986419655783
科技大樓,2026-01-14,14740.0,15352.148537389618
科技大樓,2026-01-15,14572.0,15139.859542779566
科技大樓,2026-01-16,14841.0,15179.229515159446
科技大樓,2026-01-17,10246.0,10441.406495280286
科技大樓,2026-01-18,8424.0,8654.420196555553
科技大樓,2026-01-19,14113.0,13929.118913091554
科技大樓,2026-01-20,14879.0,14553.538617785387
科技大樓,2026-01-21,14646.0,14891.540093850403
科技大樓,2026-01-22,14835.0,14725.695453515438
科技大樓,2026-01-23,14579.0,15030.334356852702
科技大樓,2026-01-24,11118.0,10344.473138523124
科技大樓,2026-01-25,9247.0,8931.71394771773
科技大樓,2026-01-26,14274.0,13801.989906308014
科技大樓,2026-01-27,14856.0,14623.432282983356
科技大樓,2026-01-28,14457.0,14870.388908494817
科技大樓,2026-01-29,14641.0,14752.410603864677
科技大樓,2026-01-30,14545.0,14784.431320819798
科技大樓,2026-01-31,9769.0,10611.631867291753
科技大樓,2026-02-01,8396.0,8453.731569888445
科技大樓,2026-02-02,14103.0,14002.934545471755
科技大樓,2026-02-03,14435.0,14406.46706465347
科技大樓,2026-02-04,14639.0,14674.887063306242
科技大樓,2026-02-05,14891.0,14676.681130156334
科技大樓,2026-02-06,15380.0,14967.22004234768
科技大樓,2026-02-07,10981.0,10443.862980310896
科技大樓,2026-02-08,9132.0,8955.307159605078
科技大樓,2026-02-09,13614.0,14105.385922193005
科技大樓,2026-02-10,14426.0,14380.241334211858
科技大樓,2026-02-11,14874.0,14604.089683611324
科技大樓,2026-02-12,13834.0,14940.17521530708
科技大樓,2026-02-13,12885.0,14792.552015084566
科技大樓,2026-02-14,7378.0,10547.990174795246
科技大樓,2026-02-15,5769.0,7302.214075154968
科技大樓,2026-02-16,3996.0,5606.563502563383
科技大樓,2026-02-17,4431.0,6326.221743628962
科技大樓,2026-02-18,5210.0,6709.438618013251
科技大樓,2026-02-19,5768.0,5706.055934718056
科技大樓,2026-02-20,6242.0,6225.604736128523
科技大樓,2026-02-21,7632.0,7058.998365536695
科技大樓,2026-02-22,7553.0,7022.771007262206
科技大樓,2026-02-23,14685.0,12957.71354647586
科技大樓,2026-02-24,15629.0,14719.160459619487
科技大樓,2026-02-25,16235.0,15785.2413304508
科技大樓,2026-02-26,17513.0,15228.297475723484
科技大樓,2026-02-27,10514.0,11056.830611288935
科技大樓,2026-02-28,10164.0,7962.836597625432
科技大樓,2026-03-01,8978.0,8050.539705285726
科技大樓,2026-03-02,15363.0,14495.708760864138
科技大樓,2026-03-03,16380.0,15864.193910033626
科技大樓,2026-03-04,16728.0,16469.098308413533
科技大樓,2026-03-05,16917.0,16813.52163315885
科技大樓,2026-03-06,16985.0,15972.089580370619
科技大樓,2026-03-07,11286.0,10828.05382040863
科技大樓,2026-03-08,8960.0,9166.38874209897
科技大樓,2026-03-09,15685.0,15122.116122490046
科技大樓,2026-03-10,16697.0,15989.66368040597
科技大樓,2026-03-11,16636.0,16482.498646461558
科技大樓,2026-03-12,17664.0,16874.05127048678
科技大樓,2026-03-13,17356.0,17443.39178584651
科技大樓,2026-03-14,12447.0,11877.469130252268
科技大樓,2026-03-15,10311.0,9367.122879211109
科技大樓,2026-03-16,15619.0,15687.31927056633
科技大樓,2026-03-17,16074.0,16422.622174904893
科技大樓,2026-03-18,16378.0,16603.219982182512
科技大樓,2026-03-19,16495.0,17039.38368713355
科技大樓,2026-03-20,16913.0,17162.20726095945
科技大樓,2026-03-21,12092.0,11478.968495946809
科技大樓,2026-03-22,9530.0,9740.279102552395
科技大樓,2026-03-23,15306.0,15600.916352560303
科技大樓,2026-03-24,16337.0,16164.3830326211
科技大樓,2026-03-25,16168.0,16566.301753966596
科技大樓,2026-03-26,16514.0,16532.66546288405
科技大樓,2026-03-27,16939.0,16929.951101578106
科技大樓,2026-03-28,11456.0,11978.430460872736
科技大樓,2026-03-29,9232.0,9227.794713147963
科技大樓,2026-03-30,15556.0,15135.697998978145
科技大樓,2026-03-31,16398.0,16163.388544315907
科技大樓,2026-04-01,16554.0,16432.490596521628
科技大樓,2026-04-02,15529.0,16538.05619852293
科技大樓,2026-04-03,8379.0,8950.397431776646
科技大樓,2026-04-04,7515.0,9308.03282690676
科技大樓,2026-04-05,7729.0,7349.7780050959345
科技大樓,2026-04-06,7264.0,7482.877446648626
科技大樓,2026-04-07,16280.0,15928.915906802826
科技大樓,2026-04-08,16238.0,16347.52169229627
科技大樓,2026-04-09,16453.0,16279.942753408433
科技大樓,2026-04-10,17016.0,16820.159041950425
科技大樓,2026-04-11,10931.0,10117.34878176171
科技大樓,2026-04-12,8967.0,9021.045045833484
科技大樓,2026-04-13,15092.0,14968.619288674832
科技大樓,2026-04-14,15705.0,16247.767151937518
科技大樓,2026-04-15,16110.0,16271.56059440152
科技大樓,2026-04-16,16433.0,16300.875158036959
科技大樓,2026-04-17,16603.0,16727.628315417784
科技大樓,2026-04-18,11199.0,11371.798028527026
科技大樓,2026-04-19,9863.0,8966.057960265092
科技大樓,2026-04-20,15234.0,15144.183276089581
科技大樓,2026-04-21,15929.0,15892.212461097255
科技大樓,2026-04-22,15931.0,16062.970507447793
科技大樓,2026-04-23,16783.0,16430.012855511475
科技大樓,2026-04-24,17585.0,16902.398884009497
科技大樓,2026-04-25,12089.0,11685.85915019794
科技大樓,2026-04-26,9813.0,9699.58381550218
科技大樓,2026-04-27,15455.0,15088.68641418425
科技大樓,2026-04-28,16248.0,15833.197019655025
科技大樓,2026-04-29,16611.0,16249.697010288999
科技大樓,2026-04-30,18237.0,16659.038764190227
科技大樓,2026-05-01,9558.0,9136.0896524224
科技大樓,2026-05-02,9160.0,9716.436042521493
科技大樓,2026-05-03,8352.0,8187.650129019731
科技大樓,2026-05-04,16304.0,15237.796812657589
科技大樓,2026-05-05,17281.0,16430.93320079891
科技大樓,2026-05-06,16987.0,16843.058531138926
科技大樓,2026-05-07,17029.0,17148.333134449604
科技大樓,2026-05-08,17048.0,17402.076489833158
科技大樓,2026-05-09,10691.0,11560.323610431624
科技大樓,2026-05-10,8366.0,8823.953109288106
科技大樓,2026-05-11,15445.0,15832.4233691633
科技大樓,2026-05-12,16401.0,16280.6018463562
科技大樓,2026-05-13,16751.0,16479.885273116524
科技大樓,2026-05-14,16743.0,17137.180157685434
科技大樓,2026-05-15,17415.0,16995.629426321313
科技大樓,2026-05-16,11556.0,10938.621404427016
科技大樓,2026-05-17,9658.0,8931.616696957677
科技大樓,2026-05-18,15452.0,15738.737795537905
科技大樓,2026-05-19,15989.0,16391.771642646683
科技大樓,2026-05-20,16361.0,16533.223761988294
科技大樓,2026-05-21,16584.0,16601.87164057064
科技大樓,2026-05-22,17163.0,17177.647116275424
科技大樓,2026-05-23,12648.0,11709.732508113073
科技大樓,2026-05-24,9332.0,9560.277230443564
科技大樓,2026-05-25,15184.0,15489.031807228834
科技大樓,2026-05-26,15881.0,16036.932886040835
科技大樓,2026-05-27,16155.0,16469.556477444396
科技大樓,2026-05-28,16016.0,16572.740732473136
科技大樓,2026-05-29,16905.0,16879.929450867756
科技大樓,2026-05-30,12201.0,12211.009099666744
科技大樓,2026-05-31,8886.0,9620.218130391024
竹圍,2026-01-01,6273.0,7270.600281203689
竹圍,2026-01-02,9223.0,9866.161514172374
竹圍,2026-01-03,7965.0,7910.396142181984
竹圍,2026-01-04,7117.0,6534.386210074239
竹圍,2026-01-05,9453.0,9422.487103291414
竹圍,2026-01-06,9613.0,9949.04745647281
竹圍,2026-01-07,9836.0,10347.632870486173
竹圍,2026-01-08,9673.0,9423.624628202042
竹圍,2026-01-09,10438.0,9863.513164489377
竹圍,2026-01-10,8633.0,7989.13846555732
竹圍,2026-01-11,6828.0,6854.79228906143
竹圍,2026-01-12,9313.0,9609.371066693924
竹圍,2026-01-13,9711.0,9682.01597357828
竹圍,2026-01-14,9900.0,10058.408026453182
竹圍,2026-01-15,9832.0,9770.806316911028
竹圍,2026-01-16,10114.0,10067.336226247957
竹圍,2026-01-17,8542.0,8197.61804510184
竹圍,2026-01-18,7083.0,6887.77785884768
竹圍,2026-01-19,9364.0,9348.253287129806
竹圍,2026-01-20,9776.0,9596.826053788098
竹圍,2026-01-21,9281.0,9815.279229389902
竹圍,2026-01-22,9084.0,9541.242496616442
竹圍,2026-01-23,10363.0,9831.196116945488
竹圍,2026-01-24,8248.0,8384.080639605025
竹圍,2026-01-25,7236.0,6693.155662578437
竹圍,2026-01-26,9443.0,9286.130236256122
竹圍,2026-01-27,9291.0,9609.311324297925
竹圍,2026-01-28,9592.0,9583.55762196284
竹圍,2026-01-29,9734.0,9588.554166095475
竹圍,2026-01-30,10087.0,10207.000087112734
竹圍,2026-01-31,8100.0,8299.080743824095
竹圍,2026-02-01,6298.0,6805.268171741518
竹圍,2026-02-02,8825.0,9364.211108573103
竹圍,2026-02-03,9792.0,9264.697787477688
竹圍,2026-02-04,9977.0,9690.879828242325
竹圍,2026-02-05,9975.0,9867.297281823134
竹圍,2026-02-06,10023.0,10193.990253970707
竹圍,2026-02-07,8320.0,8128.773324074346
竹圍,2026-02-08,6529.0,6795.403300826983
竹圍,2026-02-09,9230.0,9046.641373063907
竹圍,2026-02-10,9930.0,9565.83713856776
竹圍,2026-02-11,9554.0,9892.941815907983
竹圍,2026-02-12,9766.0,9694.102432148897
竹圍,2026-02-13,9591.0,10110.063142894418
竹圍,2026-02-14,7665.0,8039.708874429767
竹圍,2026-02-15,5851.0,6106.926095797245
竹圍,2026-02-16,4534.0,6660.164604788829
竹圍,2026-02-17,5885.0,4370.100924031161
竹圍,2026-02-18,6313.0,5723.645158699288
竹圍,2026-02-19,6775.0,6157.89987634827
竹圍,2026-02-20,7475.0,6892.73059905073
竹圍,2026-02-21,8000.0,7323.6389604430415
竹圍,2026-02-22,6739.0,6475.954462399442
竹圍,2026-02-23,9477.0,8784.343402775867
竹圍,2026-02-24,9841.0,9663.029595427908
竹圍,2026-02-25,10030.0,9564.631534920454
竹圍,2026-02-26,10482.0,9811.546924620865
竹圍,2026-02-27,7505.0,7102.047116873322
竹圍,2026-02-28,7790.0,7005.080163400021
竹圍,2026-03-01,6582.0,6225.6564977699345
竹圍,2026-03-02,9671.0,9319.417901608738
竹圍,2026-03-03,9473.0,9683.257187669162
竹圍,2026-03-04,9652.0,9872.22636205889
竹圍,2026-03-05,9826.0,10221.600004565153
竹圍,2026-03-06,10497.0,9350.279721824805
竹圍,2026-03-07,8757.0,8091.176378176018
竹圍,2026-03-08,7059.0,6816.222847607828
竹圍,2026-03-09,9700.0,9540.219255090462
竹圍,2026-03-10,9663.0,9791.867776920923
竹圍,2026-03-11,10429.0,9718.416147472168
竹圍,2026-03-12,10203.0,10314.471860673913
竹圍,2026-03-13,10674.0,10497.767254764838
竹圍,2026-03-14,9364.0,8338.871724016471
竹圍,2026-03-15,7446.0,7055.760371700698
竹圍,2026-03-16,9852.0,9701.524346025688
竹圍,2026-03-17,10295.0,9869.096724556322
竹圍,2026-03-18,10347.0,10281.965519156229
竹圍,2026-03-19,9939.0,10281.381836820858
竹圍,2026-03-20,10716.0,10458.421230694616
竹圍,2026-03-21,9238.0,8646.760050444245
竹圍,2026-03-22,7563.0,7354.055002141919
竹圍,2026-03-23,9703.0,9734.021896999822
竹圍,2026-03-24,10125.0,9980.432521914556
竹圍,2026-03-25,10254.0,10296.509307876446
竹圍,2026-03-26,10122.0,10133.461965209905
竹圍,2026-03-27,10084.0,10673.66577097106
竹圍,2026-03-28,8766.0,8852.615032874575
竹圍,2026-03-29,7123.0,7245.072005628318
竹圍,2026-03-30,9799.0,9679.167350293532
竹圍,2026-03-31,9973.0,10091.013773577257
竹圍,2026-04-01,9662.0,10023.180050525283
竹圍,2026-04-02,10454.0,9862.723003420673
竹圍,2026-04-03,7002.0,6757.625034057718
竹圍,2026-04-04,6407.0,7311.03091494489
竹圍,2026-04-05,6695.0,6154.565342397826
竹圍,2026-04-06,6067.0,6673.6621267577975
竹圍,2026-04-07,9245.0,9676.945604868748
竹圍,2026-04-08,9948.0,9635.621654502545
竹圍,2026-04-09,10084.0,9972.898431000822
竹圍,2026-04-10,10645.0,10160.407860682246
竹圍,2026-04-11,8975.0,8428.678860043841
竹圍,2026-04-12,7068.0,7262.742770138903
竹圍,2026-04-13,9580.0,9529.291105063785
竹圍,2026-04-14,10028.0,9760.663355849212
竹圍,2026-04-15,9870.0,9936.548486633805
竹圍,2026-04-16,9974.0,10119.928121678167
竹圍,2026-04-17,10590.0,10449.037236481652
竹圍,2026-04-18,9090.0,8474.890596849773
竹圍,2026-04-19,7321.0,7037.297485300332
竹圍,2026-04-20,9614.0,9398.053009808496
竹圍,2026-04-21,9870.0,9833.723603739178
竹圍,2026-04-22,9967.0,9910.908267536386
竹圍,2026-04-23,9462.0,9999.84870392885
竹圍,2026-04-24,9879.0,10441.634544275052
竹圍,2026-04-25,8445.0,8737.41348823846
竹圍,2026-04-26,8370.0,7000.843245146902
竹圍,2026-04-27,9766.0,9618.71910131623
竹圍,2026-04-28,10048.0,10000.42169965731
竹圍,2026-04-29,10008.0,10015.502876108229
竹圍,2026-04-30,10151.0,9805.1112084057
竹圍,2026-05-01,8147.0,6692.56186878209
竹圍,2026-05-02,8178.0,7407.384092417713
竹圍,2026-05-03,7201.0,7042.011788469572
竹圍,2026-05-04,9693.0,9468.407417345237
竹圍,2026-05-05,9565.0,9917.264012254356
竹圍,2026-05-06,10528.0,9834.75917596646
竹圍,2026-05-07,10227.0,10249.289987357759
竹圍,2026-05-08,10527.0,9989.311855647853
竹圍,2026-05-09,8752.0,8351.79559607561
竹圍,2026-05-10,7243.0,7198.3029632207445
竹圍,2026-05-11,9650.0,9666.170842556865
竹圍,2026-05-12,9929.0,9785.886492803222
竹圍,2026-05-13,9550.0,10012.684205227308
竹圍,2026-05-14,9403.0,9941.782327486959
竹圍,2026-05-15,10518.0,10063.433730742274
竹圍,2026-05-16,9269.0,8513.95918075688
竹圍,2026-05-17,7729.0,7258.167757656402
竹圍,2026-05-18,9480.0,9674.48135281779
竹圍,2026-05-19,9952.0,9660.800656648697
竹圍,2026-05-20,9990.0,10047.116634984399
竹圍,2026-05-21,9604.0,9979.527326613843
竹圍,2026-05-22,10160.0,10380.440974693365
竹圍,2026-05-23,9013.0,8573.752978651937
竹圍,2026-05-24,7048.0,7454.143768091112
竹圍,2026-05-25,9394.0,9573.673158218335
竹圍,2026-05-26,9695.0,9805.831579881715
竹圍,2026-05-27,9659.0,9790.534695815182
竹圍,2026-05-28,9457.0,9625.006357678494
竹圍,2026-05-29,9901.0,10090.858210086088
竹圍,2026-05-30,8502.0,8853.40376274611
竹圍,2026-05-31,7008.0,7111.885792601731
紅樹林,2026-01-01,9380.0,11536.56101778369
紅樹林,2026-01-02,14285.0,15365.922462371775
紅樹林,2026-01-03,11060.0,11115.435774598238
紅樹林,2026-01-04,10034.0,9707.179026858932
紅樹林,2026-01-05,14132.0,14324.905265807314
紅樹林,2026-01-06,14218.0,14936.01113416185
紅樹林,2026-01-07,14425.0,17634.97931661425
紅樹林,2026-01-08,14560.0,12293.423543392728
紅樹林,2026-01-09,15568.0,14741.522921177813
紅樹林,2026-01-10,11818.0,11180.723293656578
紅樹林,2026-01-11,9577.0,9421.876936978051
紅樹林,2026-01-12,13931.0,14398.945460279521
紅樹林,2026-01-13,14496.0,14464.343397576331
紅樹林,2026-01-14,14682.0,15729.14163563962
紅樹林,2026-01-15,14732.0,14932.145282334555
紅樹林,2026-01-16,15438.0,15243.57298513135
紅樹林,2026-01-17,11951.0,10879.821981617513
紅樹林,2026-01-18,10509.0,9698.037898219267
紅樹林,2026-01-19,13763.0,14080.91414134149
紅樹林,2026-01-20,14327.0,14168.237204149827
紅樹林,2026-01-21,13816.0,14433.293556553348
紅樹林,2026-01-22,13690.0,14358.78875290513
紅樹林,2026-01-23,14929.0,15205.723856574088
紅樹林,2026-01-24,10986.0,11209.429632847568
紅樹林,2026-01-25,10362.0,9378.768526014937
紅樹林,2026-01-26,14166.0,13699.342308716065
紅樹林,2026-01-27,13771.0,14411.329154135463
紅樹林,2026-01-28,13975.0,14270.80680001256
紅樹林,2026-01-29,15091.0,14269.088343102525
紅樹林,2026-01-30,15179.0,15151.222959328223
紅樹林,2026-01-31,10877.0,11269.78439831357
紅樹林,2026-02-01,9188.0,9751.635048765938
紅樹林,2026-02-02,13396.0,13753.527723431254
紅樹林,2026-02-03,14341.0,13947.006672660606
紅樹林,2026-02-04,14956.0,14329.349429967353
紅樹林,2026-02-05,14859.0,15136.27959778194
紅樹林,2026-02-06,15087.0,15203.951292937534
紅樹林,2026-02-07,11025.0,10781.276102406444
紅樹林,2026-02-08,9638.0,9368.215764387303
紅樹林,2026-02-09,13678.0,13925.48419344762
紅樹林,2026-02-10,14749.0,13989.973765935041
紅樹林,2026-02-11,14220.0,15004.027261411054
紅樹林,2026-02-12,14856.0,14664.604690054972
紅樹林,2026-02-13,14539.0,15104.74850387165
紅樹林,2026-02-14,10662.0,10964.201387443034
紅樹林,2026-02-15,9246.0,9398.255156443178
紅樹林,2026-02-16,7116.0,9311.61740688172
紅樹林,2026-02-17,8565.0,6031.193967469346
紅樹林,2026-02-18,9803.0,8635.30292209827
紅樹林,2026-02-19,11990.0,9386.692173915148
紅樹林,2026-02-20,11792.0,10978.115488908465
紅樹林,2026-02-21,12570.0,10614.661400940631
紅樹林,2026-02-22,10167.0,10201.200107992388
紅樹林,2026-02-23,14073.0,12932.64019181428
紅樹林,2026-02-24,14416.0,14330.13357069262
紅樹林,2026-02-25,14778.0,14459.540544563857
紅樹林,2026-02-26,15836.0,14679.635551903006
紅樹林,2026-02-27,11644.0,11429.464961953789
紅樹林,2026-02-28,11706.0,10447.352400332156
紅樹林,2026-03-01,9414.0,9765.65590902127
紅樹林,2026-03-02,14285.0,13720.70393569371
紅樹林,2026-03-03,14145.0,14379.347652584287
紅樹林,2026-03-04,14217.0,14507.58125455297
紅樹林,2026-03-05,14871.0,14739.959251085482
紅樹林,2026-03-06,16451.0,13072.44104672891
紅樹林,2026-03-07,11864.0,11629.785883834033
紅樹林,2026-03-08,10460.0,9684.122809940643
紅樹林,2026-03-09,14273.0,14060.406863632546
紅樹林,2026-03-10,14328.0,14436.066498989318
紅樹林,2026-03-11,15336.0,14614.451286042395
紅樹林,2026-03-12,15545.0,15165.612942498068
紅樹林,2026-03-13,17045.0,15815.243542065835
紅樹林,2026-03-14,14332.0,11757.263023161995
紅樹林,2026-03-15,11633.0,10562.349522846629
紅樹林,2026-03-16,14719.0,14395.891050928658
紅樹林,2026-03-17,15109.0,14646.864240137522
紅樹林,2026-03-18,15602.0,15390.946799289928
紅樹林,2026-03-19,15534.0,15602.089203702593
紅樹林,2026-03-20,16752.0,16416.822420824785
紅樹林,2026-03-21,14318.0,13627.196844930897
紅樹林,2026-03-22,12605.0,11285.642149559431
紅樹林,2026-03-23,15127.0,14659.001630040773
紅樹林,2026-03-24,15196.0,15434.534784729984
紅樹林,2026-03-25,15832.0,15570.382761441399
紅樹林,2026-03-26,16140.0,15859.645577541549
紅樹林,2026-03-27,16605.0,16815.492283717424
紅樹林,2026-03-28,15219.0,14115.510146546332
紅樹林,2026-03-29,12245.0,11901.16362314619
紅樹林,2026-03-30,15512.0,14860.980709419282
紅樹林,2026-03-31,15433.0,15614.343697184979
紅樹林,2026-04-01,14805.0,15683.262178783098
紅樹林,2026-04-02,16288.0,15797.747187867735
紅樹林,2026-04-03,12029.0,11510.583427556758
紅樹林,2026-04-04,10695.0,11369.292055135948
紅樹林,2026-04-05,11892.0,10083.055120753661
紅樹林,2026-04-06,9267.0,10637.385910509127
紅樹林,2026-04-07,14164.0,14930.000823884287
紅樹林,2026-04-08,14957.0,14806.600034026675
紅樹林,2026-04-09,15350.0,15797.470041919662
紅樹林,2026-04-10,16831.0,16310.866588240608
紅樹林,2026-04-11,13190.0,13344.749593036822
紅樹林,2026-04-12,10953.0,11124.668006250915
紅樹林,2026-04-13,14600.0,14957.134782867462
紅樹林,2026-04-14,14793.0,14769.725457813693
紅樹林,2026-04-15,14763.0,14919.972150648515
紅樹林,2026-04-16,15180.0,15332.563828313298
紅樹林,2026-04-17,16442.0,15739.253649263053
紅樹林,2026-04-18,16067.0,12825.639092778281
紅樹林,2026-04-19,11713.0,12060.070494719877
紅樹林,2026-04-20,14613.0,14465.89336254851
紅樹林,2026-04-21,14970.0,14964.841921634761
紅樹林,2026-04-22,15079.0,15221.453348213072
紅樹林,2026-04-23,14686.0,15379.880131342517
紅樹林,2026-04-24,15893.0,16154.946206472941
紅樹林,2026-04-25,12502.0,13885.789371291832
紅樹林,2026-04-26,15775.0,10693.631696541519
紅樹林,2026-04-27,15098.0,16836.561496258364
紅樹林,2026-04-28,15333.0,15394.00560157082
紅樹林,2026-04-29,15174.0,15432.934044771533
紅樹林,2026-04-30,16405.0,15326.022167904464
紅樹林,2026-05-01,13288.0,11356.913559421233
紅樹林,2026-05-02,16121.0,12666.784591275773
紅樹林,2026-05-03,13277.0,13583.977355491414
紅樹林,2026-05-04,14614.0,14834.871181407525
紅樹林,2026-05-05,14578.0,15107.676541871122
紅樹林,2026-05-06,15823.0,15017.431222524236
紅樹林,2026-05-07,15852.0,15888.588290714453
紅樹林,2026-05-08,16534.0,15661.017699277578
紅樹林,2026-05-09,13519.0,13954.383171129208
紅樹林,2026-05-10,11083.0,12317.456123016515
紅樹林,2026-05-11,15120.0,14810.407496737593
紅樹林,2026-05-12,15585.0,15408.709389033622
紅樹林,2026-05-13,14701.0,15695.933132080283
紅樹林,2026-05-14,14556.0,15568.392300121566
紅樹林,2026-05-15,17070.0,15447.81374409225
紅樹林,2026-05-16,15848.0,14436.941983932042
紅樹林,2026-05-17,14193.0,12140.986051517375
紅樹林,2026-05-18,15463.0,14919.687166446456
紅樹林,2026-05-19,15525.0,15701.562842204363
紅樹林,2026-05-20,15918.0,15593.373377211292
紅樹林,2026-05-21,15217.0,15505.18304017415
紅樹林,2026-05-22,16783.0,16228.55868954015
紅樹林,2026-05-23,14721.0,14122.579801071752
紅樹林,2026-05-24,12503.0,11907.63245906004
紅樹林,2026-05-25,14786.0,15309.26919206933
紅樹林,2026-05-26,15216.0,15477.32057562199
紅樹林,2026-05-27,15173.0,15524.5752038937
紅樹林,2026-05-28,15147.0,15414.647059215295
紅樹林,2026-05-29,15923.0,16260.207708161404
紅樹林,2026-05-30,14422.0,13616.575031084796
紅樹林,2026-05-31,12001.0,12384.609903289544
芝山,2026-01-01,16224.0,18167.229768665544
芝山,2026-01-02,23647.0,24732.32260446749
芝山,2026-01-03,19241.0,19058.928857562638
芝山,2026-01-04,16436.0,15741.586301664012
芝山,2026-01-05,23441.0,23490.967292556852
芝山,2026-01-06,24097.0,24625.9875431823
芝山,2026-01-07,24138.0,25625.721783248508
芝山,2026-01-08,24293.0,18192.815315278996
芝山,2026-01-09,26798.0,25321.711295122863
芝山,2026-01-10,20599.0,19733.475633279846
芝山,2026-01-11,17152.0,16758.261407767393
芝山,2026-01-12,23232.0,23263.195202678227
芝山,2026-01-13,24476.0,24481.869017187517
芝山,2026-01-14,24865.0,25527.659721262393
芝山,2026-01-15,24679.0,25041.716008244817
芝山,2026-01-16,26549.0,25895.98586511065
芝山,2026-01-17,20486.0,19833.883861784496
芝山,2026-01-18,17195.0,16535.070453689834
芝山,2026-01-19,22930.0,23052.25701568701
芝山,2026-01-20,24429.0,24010.86807190357
芝山,2026-01-21,23786.0,24680.779208930504
芝山,2026-01-22,23701.0,24240.722603520702
芝山,2026-01-23,26352.0,25597.19537736838
芝山,2026-01-24,20870.0,20008.852181832313
芝山,2026-01-25,17955.0,16531.51602580446
芝山,2026-01-26,23253.0,23012.10936748045
芝山,2026-01-27,24422.0,24109.245648842512
芝山,2026-01-28,24459.0,24720.001808109915
芝山,2026-01-29,25204.0,24823.62098726106
芝山,2026-01-30,26360.0,26294.99380176415
芝山,2026-01-31,20015.0,20006.072442271223
芝山,2026-02-01,16138.0,16568.918065769656
芝山,2026-02-02,22875.0,22916.065880385726
芝山,2026-02-03,24289.0,23869.75830038291
芝山,2026-02-04,25076.0,24491.61119464525
芝山,2026-02-05,25251.0,25242.522098846544
芝山,2026-02-06,26295.0,26327.388515057395
芝山,2026-02-07,20501.0,20028.976279347215
芝山,2026-02-08,16731.0,16607.1358312929
芝山,2026-02-09,23699.0,23038.4830006943
芝山,2026-02-10,24866.0,24396.210863950204
芝山,2026-02-11,24983.0,25083.887700826162
芝山,2026-02-12,25161.0,25240.13399499207
芝山,2026-02-13,24871.0,26426.177337270314
芝山,2026-02-14,17657.0,19271.933168262283
芝山,2026-02-15,14986.0,15543.99499502092
芝山,2026-02-16,9946.0,14481.489794879835
芝山,2026-02-17,12445.0,9880.164976440446
芝山,2026-02-18,14377.0,10489.94525147525
芝山,2026-02-19,15151.0,14465.197057896356
芝山,2026-02-20,15486.0,15290.64538312232
芝山,2026-02-21,17186.0,15216.786528718314
芝山,2026-02-22,15939.0,14864.793145815882
芝山,2026-02-23,22716.0,22520.53923691467
芝山,2026-02-24,24119.0,23590.711886277953
芝山,2026-02-25,24647.0,24300.81389227528
芝山,2026-02-26,25954.0,24852.14086685913
芝山,2026-02-27,19659.0,15747.127820789861
芝山,2026-02-28,19377.0,16919.557601716624
芝山,2026-03-01,16231.0,15628.191461817854
芝山,2026-03-02,23284.0,22301.734458961375
芝山,2026-03-03,23625.0,23997.564100265132
芝山,2026-03-04,24203.0,24301.07557695665
芝山,2026-03-05,24544.0,25066.348644208156
芝山,2026-03-06,26199.0,22700.617951944576
芝山,2026-03-07,21411.0,19187.121537292056
芝山,2026-03-08,17731.0,16796.96763008596
芝山,2026-03-09,23231.0,22953.07076444846
芝山,2026-03-10,24139.0,23891.043307468535
芝山,2026-03-11,25382.0,24307.45616792042
芝山,2026-03-12,25229.0,25422.285349493868
芝山,2026-03-13,26726.0,26287.707391038955
芝山,2026-03-14,21806.0,19802.163193913617
芝山,2026-03-15,17753.0,17160.03808179643
芝山,2026-03-16,23830.0,22954.284746423516
芝山,2026-03-17,24793.0,24253.149550691018
芝山,2026-03-18,25115.0,25043.898565578824
芝山,2026-03-19,24677.0,25380.81324062909
芝山,2026-03-20,27075.0,26999.587449624643
芝山,2026-03-21,22187.0,21144.440585530487
芝山,2026-03-22,18294.0,17771.771133573384
芝山,2026-03-23,23187.0,23607.389720617153
芝山,2026-03-24,24441.0,24274.773664499495
芝山,2026-03-25,25198.0,24974.984763996028
芝山,2026-03-26,25586.0,25122.261823128945
芝山,2026-03-27,25989.0,26962.381388371363
芝山,2026-03-28,21146.0,20624.439275824043
芝山,2026-03-29,18094.0,17529.522244404267
芝山,2026-03-30,23528.0,23509.149958960654
芝山,2026-03-31,24344.0,24664.44651387146
芝山,2026-04-01,24035.0,24701.135756064195
芝山,2026-04-02,25374.0,24640.34187656899
芝山,2026-04-03,18283.0,17101.727341966052
芝山,2026-04-04,16774.0,17554.62204481224
芝山,2026-04-05,17483.0,15140.325934250537
芝山,2026-04-06,14910.0,14910.204753203023
芝山,2026-04-07,23038.0,23514.19974511032
芝山,2026-04-08,24212.0,23967.77127931192
芝山,2026-04-09,24669.0,24918.544103609893
芝山,2026-04-10,26664.0,26018.849254293644
芝山,2026-04-11,21354.0,18835.874558128373
芝山,2026-04-12,17601.0,17646.562614000108
芝山,2026-04-13,23397.0,23141.474755943007
芝山,2026-04-14,24423.0,23966.306123170172
芝山,2026-04-15,24482.0,24350.452951228017
芝山,2026-04-16,24164.0,25012.90988569115
芝山,2026-04-17,27078.0,25931.41893805316
芝山,2026-04-18,21730.0,19459.07556663168
芝山,2026-04-19,18509.0,17682.673897112687
芝山,2026-04-20,23136.0,23084.060937077804
芝山,2026-04-21,24001.0,23974.752238933652
芝山,2026-04-22,24689.0,24275.292682929765
芝山,2026-04-23,23827.0,24740.07304932595
芝山,2026-04-24,26173.0,25882.128100196685
芝山,2026-04-25,22175.0,20688.244861312527
芝山,2026-04-26,19129.0,17791.601881279177
芝山,2026-04-27,23508.0,22917.211574720994
芝山,2026-04-28,25217.0,24363.249695682105
芝山,2026-04-29,25621.0,25293.744047518667
芝山,2026-04-30,25954.0,25039.60981860379
芝山,2026-05-01,21055.0,16973.592045591136
芝山,2026-05-02,21006.0,18453.231376063744
芝山,2026-05-03,17822.0,18495.750948726436
芝山,2026-05-04,23677.0,23139.372991466582
芝山,2026-05-05,24044.0,24501.642485135973
芝山,2026-05-06,25606.0,24610.762057016003
芝山,2026-05-07,25116.0,25811.92572091516
芝山,2026-05-08,26588.0,26083.779130653653
芝山,2026-05-09,20808.0,21294.58223400659
芝山,2026-05-10,17497.0,17203.41641528624
芝山,2026-05-11,23189.0,23552.098377308415
芝山,2026-05-12,24271.0,24358.37726810173
芝山,2026-05-13,23823.0,25051.28335546324
芝山,2026-05-14,23795.0,25101.536599344694
芝山,2026-05-15,27111.0,25422.938152431117
芝山,2026-05-16,22445.0,20880.71747884561
芝山,2026-05-17,18777.0,17814.2338121685
芝山,2026-05-18,23217.0,23245.245528102037
芝山,2026-05-19,23950.0,24117.227134984554
芝山,2026-05-20,24729.0,24608.31899757443
芝山,2026-05-21,24529.0,24889.865337091742
芝山,2026-05-22,26258.0,26411.823782119027
芝山,2026-05-23,21184.0,20447.679629655395
芝山,2026-05-24,17809.0,18264.55107371495
芝山,2026-05-25,23081.0,23066.722669148152
芝山,2026-05-26,24000.0,24004.572123220434
芝山,2026-05-27,24320.0,24309.82654384777
芝山,2026-05-28,24067.0,24400.3781342184
芝山,2026-05-29,26088.0,25941.253940405153
芝山,2026-05-30,21868.0,20866.982423880047
芝山,2026-05-31,17734.0,17957.08201799129
菜寮,2026-01-01,6151.0,6159.327976799429
菜寮,2026-01-02,11453.0,10829.097395068207
菜寮,2026-01-03,7474.0,7961.042539506213
菜寮,2026-01-04,6103.0,6246.043811160213
菜寮,2026-01-05,10952.0,10820.818893387119
菜寮,2026-01-06,11203.0,11317.474385693995
菜寮,2026-01-07,11141.0,11466.852854818924
菜寮,2026-01-08,11376.0,10274.575321429473
菜寮,2026-01-09,11615.0,11536.842537384286
菜寮,2026-01-10,8174.0,8123.925714026581
菜寮,2026-01-11,6795.0,6291.20039872476
菜寮,2026-01-12,10745.0,10892.752583861906
菜寮,2026-01-13,11281.0,11068.727430990037
菜寮,2026-01-14,11144.0,11137.108496930152
菜寮,2026-01-15,11384.0,11309.534284181802
菜寮,2026-01-16,11452.0,11607.199868143838
菜寮,2026-01-17,8443.0,7981.634379883189
菜寮,2026-01-18,6625.0,6645.057238764103
菜寮,2026-01-19,10616.0,10831.111547358076
菜寮,2026-01-20,11342.0,11060.745321673854
菜寮,2026-01-21,11103.0,11202.274795409265
菜寮,2026-01-22,11173.0,11171.486019566222
菜寮,2026-01-23,11932.0,11682.554761601676
菜寮,2026-01-24,8128.0,8143.537035248284
菜寮,2026-01-25,6798.0,6484.15960087539
菜寮,2026-01-26,10413.0,10783.643899567855
菜寮,2026-01-27,10549.0,11000.607463683744
菜寮,2026-01-28,10621.0,10862.517863151803
菜寮,2026-01-29,10648.0,10909.611797949214
菜寮,2026-01-30,10978.0,11115.258431694543
菜寮,2026-01-31,8150.0,7950.748604779585
菜寮,2026-02-01,6452.0,6558.074725638743
菜寮,2026-02-02,10124.0,10355.631471447516
菜寮,2026-02-03,10582.0,10525.319237900878
菜寮,2026-02-04,10815.0,10772.274313436883
菜寮,2026-02-05,10836.0,10885.439038733766
菜寮,2026-02-06,11356.0,11166.720659478322
菜寮,2026-02-07,8575.0,7911.426173487755
菜寮,2026-02-08,7159.0,6570.186763088793
菜寮,2026-02-09,10195.0,10253.474319694227
菜寮,2026-02-10,10593.0,10521.687511294876
菜寮,2026-02-11,10509.0,10705.329370389878
菜寮,2026-02-12,10445.0,10672.7750793953
菜寮,2026-02-13,10426.0,11126.083203035672
菜寮,2026-02-14,6812.0,8092.012751588036
菜寮,2026-02-15,5181.0,6178.484411957366
菜寮,2026-02-16,3951.0,5154.086303267221
菜寮,2026-02-17,5375.0,4161.965707510638
菜寮,2026-02-18,5502.0,5327.80619107028
菜寮,2026-02-19,5971.0,5732.733095682938
菜寮,2026-02-20,6178.0,5988.638608511169
菜寮,2026-02-21,7002.0,6751.299112329352
菜寮,2026-02-22,6124.0,6218.983807584371
菜寮,2026-02-23,11011.0,9448.258181572512
菜寮,2026-02-24,11248.0,10999.515498127577
菜寮,2026-02-25,11824.0,11008.913452869021
菜寮,2026-02-26,11913.0,11239.052621479828
菜寮,2026-02-27,7994.0,6717.185021830667
菜寮,2026-02-28,9264.0,6654.335767222975
菜寮,2026-03-01,6790.0,6175.567191552958
菜寮,2026-03-02,11219.0,10831.722868907133
菜寮,2026-03-03,11505.0,11249.520850694915
菜寮,2026-03-04,11791.0,11617.292030038774
菜寮,2026-03-05,11933.0,11858.110237890996
菜寮,2026-03-06,12193.0,10899.026300752948
菜寮,2026-03-07,9440.0,8509.416319349064
菜寮,2026-03-08,7094.0,6882.795682069433
菜寮,2026-03-09,11197.0,11095.101685811847
菜寮,2026-03-10,11938.0,11712.244126784963
菜寮,2026-03-11,11705.0,12155.669068111292
菜寮,2026-03-12,11565.0,11784.396027985853
菜寮,2026-03-13,11985.0,11867.334710710717
菜寮,2026-03-14,9387.0,9180.247444104929
菜寮,2026-03-15,7138.0,7013.8592209944145
菜寮,2026-03-16,11198.0,11134.394961989374
菜寮,2026-03-17,11512.0,11686.388081041267
菜寮,2026-03-18,11564.0,11638.334703230414
菜寮,2026-03-19,11463.0,11550.19790026994
菜寮,2026-03-20,11938.0,11874.591723994254
菜寮,2026-03-21,8635.0,8911.614154035362
菜寮,2026-03-22,6885.0,6877.93906521185
菜寮,2026-03-23,10970.0,11094.35473471904
菜寮,2026-03-24,11700.0,11290.74288978177
菜寮,2026-03-25,11612.0,11576.73554818591
菜寮,2026-03-26,11364.0,11553.759646184864
菜寮,2026-03-27,11925.0,11716.121460003618
菜寮,2026-03-28,8705.0,8544.454337436056
菜寮,2026-03-29,6319.0,6936.054347535361
菜寮,2026-03-30,11168.0,11019.851442769375
菜寮,2026-03-31,11302.0,11465.111522058636
菜寮,2026-04-01,11354.0,11449.418516913805
菜寮,2026-04-02,11411.0,11319.766206538292
菜寮,2026-04-03,6770.0,6449.185598348907
菜寮,2026-04-04,6108.0,7027.324713275374
菜寮,2026-04-05,6151.0,5722.966335469914
菜寮,2026-04-06,5671.0,5524.195371804882
菜寮,2026-04-07,11049.0,10928.10200360914
菜寮,2026-04-08,11412.0,11361.476094980988
菜寮,2026-04-09,11404.0,11556.41557319335
菜寮,2026-04-10,11880.0,11895.874445929348
菜寮,2026-04-11,8550.0,8576.553684279277
菜寮,2026-04-12,6932.0,6446.215510756543
菜寮,2026-04-13,10962.0,10479.67776364839
菜寮,2026-04-14,11242.0,11167.937098661685
菜寮,2026-04-15,11374.0,11345.508268787033
菜寮,2026-04-16,11118.0,11384.117869004538
菜寮,2026-04-17,11737.0,11425.940912933527
菜寮,2026-04-18,8623.0,8177.400933271938
菜寮,2026-04-19,7044.0,6752.442295713824
菜寮,2026-04-20,10865.0,10779.23777777848
菜寮,2026-04-21,11264.0,11178.451654462904
菜寮,2026-04-22,11431.0,11238.329291509686
菜寮,2026-04-23,11456.0,11188.232447580269
菜寮,2026-04-24,12327.0,11674.741714729169
菜寮,2026-04-25,8267.0,8326.130481280165
菜寮,2026-04-26,6993.0,6720.9414377281355
菜寮,2026-04-27,10988.0,10835.46149388019
菜寮,2026-04-28,12041.0,11232.132589267583
菜寮,2026-04-29,11511.0,11813.48481140809
菜寮,2026-04-30,12468.0,11549.849877582035
菜寮,2026-05-01,7614.0,6274.697652652623
菜寮,2026-05-02,7392.0,6997.625471973087
菜寮,2026-05-03,6421.0,6020.767632352509
菜寮,2026-05-04,11182.0,10785.757591120142
菜寮,2026-05-05,11935.0,11681.431930698558
菜寮,2026-05-06,11580.0,11710.966183250077
菜寮,2026-05-07,11603.0,11868.03217130716
菜寮,2026-05-08,11880.0,11994.55874895706
菜寮,2026-05-09,8327.0,8254.321592690565
菜寮,2026-05-10,6383.0,6696.294433713348
菜寮,2026-05-11,10914.0,10854.062475156656
菜寮,2026-05-12,11358.0,11406.311863011731
菜寮,2026-05-13,11090.0,11454.480025330342
菜寮,2026-05-14,11438.0,11411.75072001746
菜寮,2026-05-15,12026.0,11441.60014600336
菜寮,2026-05-16,9293.0,8089.083381843762
菜寮,2026-05-17,7224.0,6916.166537860835
菜寮,2026-05-18,10947.0,11003.259056871502
菜寮,2026-05-19,11128.0,11293.81252879368
菜寮,2026-05-20,11032.0,11137.77542209931
菜寮,2026-05-21,11015.0,11346.211551718392
菜寮,2026-05-22,11581.0,11599.059631195434
菜寮,2026-05-23,9401.0,8378.739989449434
菜寮,2026-05-24,6658.0,7068.672165512529
菜寮,2026-05-25,10718.0,10836.442241394227
菜寮,2026-05-26,11102.0,11063.569830986497
菜寮,2026-05-27,11234.0,11103.898021128107
菜寮,2026-05-28,11139.0,11170.08767612725
菜寮,2026-05-29,11934.0,11531.88443652931
菜寮,2026-05-30,8499.0,8926.824681566657
菜寮,2026-05-31,6620.0,6848.006964869018
萬芳社區,2026-01-01,1498.0,2102.0153124622907
萬芳社區,2026-01-02,2539.0,2681.9165765917082
萬芳社區,2026-01-03,1997.0,1891.7692853963213
萬芳社區,2026-01-04,1723.0,1669.7444692641234
萬芳社區,2026-01-05,2764.0,2710.7395366048777
萬芳社區,2026-01-06,2847.0,2855.6406095867346
萬芳社區,2026-01-07,2801.0,2943.413602722871
萬芳社區,2026-01-08,2805.0,2227.233399121575
萬芳社區,2026-01-09,2965.0,2706.269393078069
萬芳社區,2026-01-10,2078.0,1980.8422466403424
萬芳社區,2026-01-11,1672.0,1664.7388946323276
萬芳社區,2026-01-12,2749.0,2728.964357547195
萬芳社區,2026-01-13,2921.0,2802.892093030605
萬芳社區,2026-01-14,2889.0,2916.962510897183
萬芳社區,2026-01-15,2898.0,2852.1862094947414
萬芳社區,2026-01-16,2861.0,2882.26403266323
萬芳社區,2026-01-17,2065.0,2060.5982930001715
萬芳社區,2026-01-18,1725.0,1682.9374236357332
萬芳社區,2026-01-19,2620.0,2724.0976419868816
萬芳社區,2026-01-20,2785.0,2795.0469108054253
萬芳社區,2026-01-21,2761.0,2830.305490606601
萬芳社區,2026-01-22,2901.0,2836.117353501304
萬芳社區,2026-01-23,2871.0,2885.0090598948973
萬芳社區,2026-01-24,1884.0,2026.7027388120869
萬芳社區,2026-01-25,1798.0,1596.2868151081516
萬芳社區,2026-01-26,2638.0,2648.646798220099
萬芳社區,2026-01-27,2760.0,2809.361872423916
萬芳社區,2026-01-28,2693.0,2808.0928418754006
萬芳社區,2026-01-29,2830.0,2830.293483607867
萬芳社區,2026-01-30,2947.0,2868.6293085309376
萬芳社區,2026-01-31,2026.0,2027.8518716458275
萬芳社區,2026-02-01,1417.0,1701.8901954494445
萬芳社區,2026-02-02,2626.0,2607.2833865882712
萬芳社區,2026-02-03,2841.0,2750.931223467179
萬芳社區,2026-02-04,2813.0,2793.0977622189175
萬芳社區,2026-02-05,2736.0,2848.9572935803435
萬芳社區,2026-02-06,2860.0,2874.189528443304
萬芳社區,2026-02-07,1966.0,1953.9319235585676
萬芳社區,2026-02-08,1616.0,1584.6221971971515
萬芳社區,2026-02-09,2607.0,2634.8594276630233
萬芳社區,2026-02-10,2830.0,2713.375022243267
萬芳社區,2026-02-11,2764.0,2795.17089213305
萬芳社區,2026-02-12,2797.0,2796.1948981649143
萬芳社區,2026-02-13,2733.0,2857.8702197829257
萬芳社區,2026-02-14,1792.0,1993.725170757203
萬芳社區,2026-02-15,1521.0,1513.6116382532723
萬芳社區,2026-02-16,1131.0,1452.8503325275212
萬芳社區,2026-02-17,1347.0,1254.2508457068236
萬芳社區,2026-02-18,1518.0,1362.2792540196438
萬芳社區,2026-02-19,1829.0,1441.680068719836
萬芳社區,2026-02-20,1598.0,1694.6102634550844
萬芳社區,2026-02-21,1936.0,1615.2549800982458
萬芳社區,2026-02-22,1640.0,1560.6308845353992
萬芳社區,2026-02-23,2769.0,2562.68405341196
萬芳社區,2026-02-24,2842.0,2740.151748433514
萬芳社區,2026-02-25,2870.0,2757.392540562594
萬芳社區,2026-02-26,2987.0,2789.697057688499
萬芳社區,2026-02-27,1948.0,1985.843062738087
萬芳社區,2026-02-28,1904.0,1807.1235435932565
萬芳社區,2026-03-01,1643.0,1543.610862769511
萬芳社區,2026-03-02,2777.0,2709.3270292303005
萬芳社區,2026-03-03,2771.0,2798.842467600182
萬芳社區,2026-03-04,2804.0,2778.184575302779
萬芳社區,2026-03-05,2869.0,2817.050187311441
萬芳社區,2026-03-06,2873.0,2248.7601627349827
萬芳社區,2026-03-07,2126.0,1973.4635484861005
萬芳社區,2026-03-08,1837.0,1695.5427122749106
萬芳社區,2026-03-09,2799.0,2683.052225215042
萬芳社區,2026-03-10,2772.0,2814.435549585863
萬芳社區,2026-03-11,2854.0,2803.9130013181266
萬芳社區,2026-03-12,2958.0,2808.90603927126
萬芳社區,2026-03-13,3000.0,2876.276595128425
萬芳社區,2026-03-14,2225.0,2098.5445204313837
萬芳社區,2026-03-15,1986.0,1755.0899735547675
萬芳社區,2026-03-16,2799.0,2738.672566293785
萬芳社區,2026-03-17,2984.0,2845.642572304572
萬芳社區,2026-03-18,2953.0,2827.132677167389
萬芳社區,2026-03-19,2872.0,2924.5354364310583
萬芳社區,2026-03-20,2928.0,2961.402328234975
萬芳社區,2026-03-21,2110.0,2148.128897284576
萬芳社區,2026-03-22,1947.0,1894.6548900491928
萬芳社區,2026-03-23,2764.0,2789.475718241168
萬芳社區,2026-03-24,2895.0,2878.069411714087
萬芳社區,2026-03-25,2987.0,2915.3910879028376
萬芳社區,2026-03-26,2908.0,2875.2610611873356
萬芳社區,2026-03-27,2851.0,2920.693528774688
萬芳社區,2026-03-28,2207.0,2075.856648983584
萬芳社區,2026-03-29,1775.0,1938.9723069862566
萬芳社區,2026-03-30,2781.0,2777.822019305028
萬芳社區,2026-03-31,2821.0,2923.6889418894225
萬芳社區,2026-04-01,2828.0,2913.542046828959
萬芳社區,2026-04-02,2991.0,2877.4388847618948
萬芳社區,2026-04-03,1794.0,2158.656951170804
萬芳社區,2026-04-04,1629.0,1719.7449444356948
萬芳社區,2026-04-05,1600.0,1633.164322808425
萬芳社區,2026-04-06,1425.0,1572.3773255450537
萬芳社區,2026-04-07,2748.0,2670.7443226324035
萬芳社區,2026-04-08,2884.0,2814.2340438327574
萬芳社區,2026-04-09,2896.0,2892.133101780402
萬芳社區,2026-04-10,2960.0,2831.178022158971
萬芳社區,2026-04-11,2229.0,2002.0105298097312
萬芳社區,2026-04-12,1919.0,1707.6491147639767
萬芳社區,2026-04-13,2756.0,2696.4429364918997
萬芳社區,2026-04-14,2856.0,2817.2918832387663
萬芳社區,2026-04-15,2792.0,2863.446559019068
萬芳社區,2026-04-16,2746.0,2880.7748470846454
萬芳社區,2026-04-17,2904.0,2845.2401604505026
萬芳社區,2026-04-18,2078.0,2018.891308698225
萬芳社區,2026-04-19,1774.0,1720.5503472631306
萬芳社區,2026-04-20,2716.0,2707.4285046546597
萬芳社區,2026-04-21,2843.0,2776.7856905628937
萬芳社區,2026-04-22,2884.0,2841.6034173024536
萬芳社區,2026-04-23,2763.0,2806.8637791887754
萬芳社區,2026-04-24,2886.0,2848.6610239874512
萬芳社區,2026-04-25,1932.0,2088.2728566313717
萬芳社區,2026-04-26,1859.0,1730.4262320080445
萬芳社區,2026-04-27,2819.0,2704.0326186431234
萬芳社區,2026-04-28,2905.0,2840.7624565320143
萬芳社區,2026-04-29,2879.0,2811.7710736082927
萬芳社區,2026-04-30,2913.0,2825.657215887428
萬芳社區,2026-05-01,1947.0,2043.0142174215534
萬芳社區,2026-05-02,1989.0,1857.3558384888106
萬芳社區,2026-05-03,1682.0,1705.820100440037
萬芳社區,2026-05-04,2754.0,2712.141748041153
萬芳社區,2026-05-05,2714.0,2833.5496620359204
萬芳社區,2026-05-06,2952.0,2836.181693717602
萬芳社區,2026-05-07,2896.0,2812.8952384956674
萬芳社區,2026-05-08,2984.0,2893.4547641638705
萬芳社區,2026-05-09,1950.0,2021.3845332127735
萬芳社區,2026-05-10,1654.0,1700.3101124907519
萬芳社區,2026-05-11,2713.0,2753.9468369489714
萬芳社區,2026-05-12,2882.0,2810.236030454725
萬芳社區,2026-05-13,2809.0,2896.5777756859165
萬芳社區,2026-05-14,2710.0,2844.546946536622
萬芳社區,2026-05-15,2989.0,2773.0308427526784
萬芳社區,2026-05-16,2217.0,2026.5573413030322
萬芳社區,2026-05-17,1809.0,1677.1636602255387
萬芳社區,2026-05-18,2691.0,2707.264371796776
萬芳社區,2026-05-19,2823.0,2793.423273121102
萬芳社區,2026-05-20,2826.0,2840.4326949869596
萬芳社區,2026-05-21,2922.0,2843.520624373578
萬芳社區,2026-05-22,2925.0,2925.9430884003195
萬芳社區,2026-05-23,2160.0,2061.947575932252
萬芳社區,2026-05-24,1733.0,1719.812124461323
萬芳社區,2026-05-25,2762.0,2691.822488164254
萬芳社區,2026-05-26,2847.0,2820.0197634340343
萬芳社區,2026-05-27,2825.0,2873.6909412711334
萬芳社區,2026-05-28,2790.0,2848.7533928030034
萬芳社區,2026-05-29,2830.0,2880.70332473452
萬芳社區,2026-05-30,1997.0,2130.1289107438834
萬芳社區,2026-05-31,1665.0,1736.2933864749073
萬芳醫院,2026-01-01,5785.0,7678.515038255864
萬芳醫院,2026-01-02,13769.0,14002.343229187363
萬芳醫院,2026-01-03,7692.0,8230.161678401804
萬芳醫院,2026-01-04,5888.0,6029.288648902679
萬芳醫院,2026-01-05,12253.0,12140.802674855158
萬芳醫院,2026-01-06,12391.0,12736.419059928117
萬芳醫院,2026-01-07,12582.0,15180.276133889372
萬芳醫院,2026-01-08,12566.0,11815.38714101205
萬芳醫院,2026-01-09,14179.0,13335.196115254294
萬芳醫院,2026-01-10,8207.0,8598.496737508132
萬芳醫院,2026-01-11,5788.0,5937.788263951706
萬芳醫院,2026-01-12,11422.0,12172.980746350271
萬芳醫院,2026-01-13,11632.0,12066.516579874766
萬芳醫院,2026-01-14,11711.0,12878.659468982281
萬芳醫院,2026-01-15,13161.0,12088.166571461072
萬芳醫院,2026-01-16,14090.0,13846.961708164652
萬芳醫院,2026-01-17,8299.0,8169.1984810080985
萬芳醫院,2026-01-18,6101.0,6143.064035986394
萬芳醫院,2026-01-19,11292.0,11686.886453271014
萬芳醫院,2026-01-20,11980.0,11627.123432230694
萬芳醫院,2026-01-21,11767.0,11989.113237168602
萬芳醫院,2026-01-22,11733.0,12311.109997901121
萬芳醫院,2026-01-23,12498.0,13463.456594419651
萬芳醫院,2026-01-24,7562.0,8078.494748745092
萬芳醫院,2026-01-25,5673.0,5998.863459045956
萬芳醫院,2026-01-26,11162.0,11130.94033690308
萬芳醫院,2026-01-27,11390.0,11610.139139191413
萬芳醫院,2026-01-28,11295.0,11620.545101203534
萬芳醫院,2026-01-29,11273.0,11536.827289049388
萬芳醫院,2026-01-30,12035.0,11845.400216427057
萬芳醫院,2026-01-31,7710.0,7994.081339534005
萬芳醫院,2026-02-01,5553.0,6026.5221698824025
萬芳醫院,2026-02-02,10903.0,11002.085941479148
萬芳醫院,2026-02-03,11281.0,11273.248199078085
萬芳醫院,2026-02-04,11385.0,11305.484979276318
萬芳醫院,2026-02-05,11682.0,11396.456518422085
萬芳醫院,2026-02-06,11901.0,12160.994998171862
萬芳醫院,2026-02-07,7627.0,7726.269092804127
萬芳醫院,2026-02-08,5785.0,5965.862560003448
萬芳醫院,2026-02-09,10900.0,10870.822621059793
萬芳醫院,2026-02-10,11354.0,11153.697011000339
萬芳醫院,2026-02-11,11267.0,11386.440396094102
萬芳醫院,2026-02-12,11287.0,11229.719422214925
萬芳醫院,2026-02-13,10940.0,11649.827166829178
萬芳醫院,2026-02-14,6312.0,7703.449253561968
萬芳醫院,2026-02-15,4557.0,5334.1535376598795
萬芳醫院,2026-02-16,3401.0,4170.788612786305
萬芳醫院,2026-02-17,3668.0,4114.704466379221
萬芳醫院,2026-02-18,4305.0,5015.999025346567
萬芳醫院,2026-02-19,5117.0,4869.836976261838
萬芳醫院,2026-02-20,5739.0,5200.59632611215
萬芳醫院,2026-02-21,6117.0,5864.490678651141
萬芳醫院,2026-02-22,5552.0,5169.155343811893
萬芳醫院,2026-02-23,11831.0,10255.569220278598
萬芳醫院,2026-02-24,12729.0,11898.769822617987
萬芳醫院,2026-02-25,13038.0,12509.14044800788
萬芳醫院,2026-02-26,15525.0,12699.943523896318
萬芳醫院,2026-02-27,8490.0,7000.2086769040925
萬芳醫院,2026-02-28,6634.0,6242.94588655694
萬芳醫院,2026-03-01,5462.0,5106.4633212242115
萬芳醫院,2026-03-02,12672.0,11571.244563541983
萬芳醫院,2026-03-03,12338.0,12723.912989436332
萬芳醫院,2026-03-04,12536.0,12635.420109198647
萬芳醫院,2026-03-05,13028.0,13415.605595197334
萬芳醫院,2026-03-06,15062.0,12809.480257171139
萬芳醫院,2026-03-07,8832.0,7076.212150509377
萬芳醫院,2026-03-08,6505.0,6014.732489060506
萬芳醫院,2026-03-09,12546.0,12401.420280134058
萬芳醫院,2026-03-10,12845.0,12615.491871716436
萬芳醫院,2026-03-11,12970.0,12707.185560574233
萬芳醫院,2026-03-12,12862.0,13482.601406320755
萬芳醫院,2026-03-13,15357.0,13854.495959224923
萬芳醫院,2026-03-14,8860.0,8630.658226306376
萬芳醫院,2026-03-15,6276.0,6658.291043924356
萬芳醫院,2026-03-16,12299.0,12281.737190144737
萬芳醫院,2026-03-17,12727.0,12596.18949744863
萬芳醫院,2026-03-18,12772.0,12774.974158141024
萬芳醫院,2026-03-19,12522.0,12994.400459458244
萬芳醫院,2026-03-20,14951.0,14830.580539466093
萬芳醫院,2026-03-21,9186.0,8683.7067904658
萬芳醫院,2026-03-22,6693.0,6765.368171687391
萬芳醫院,2026-03-23,12171.0,12252.226386947119
萬芳醫院,2026-03-24,12579.0,12622.340317977101
萬芳醫院,2026-03-25,12942.0,12859.635539566909
萬芳醫院,2026-03-26,12848.0,12821.744403411343
萬芳醫院,2026-03-27,14734.0,14791.056776595808
萬芳醫院,2026-03-28,8861.0,9121.495784162866
萬芳醫院,2026-03-29,6465.0,6861.520144998977
萬芳醫院,2026-03-30,12414.0,12092.264024217939
萬芳醫院,2026-03-31,12614.0,12693.214723496947
萬芳醫院,2026-04-01,14996.0,12783.382643708144
萬芳醫院,2026-04-02,13210.0,13753.088062689772
萬芳醫院,2026-04-03,7559.0,8512.83794298177
萬芳醫院,2026-04-04,5378.0,7595.755844625058
萬芳醫院,2026-04-05,5441.0,5526.864399631442
萬芳醫院,2026-04-06,5190.0,5627.757773587794
萬芳醫院,2026-04-07,12650.0,12110.947649519323
萬芳醫院,2026-04-08,12749.0,13266.414014197402
萬芳醫院,2026-04-09,12712.0,12888.790138610297
萬芳醫院,2026-04-10,15030.0,13636.301682836198
萬芳醫院,2026-04-11,8603.0,8352.98022161504
萬芳醫院,2026-04-12,6095.0,6298.964439431842
萬芳醫院,2026-04-13,12184.0,12067.064487488238
萬芳醫院,2026-04-14,12335.0,12582.024544992028
萬芳醫院,2026-04-15,12708.0,13239.44503376074
萬芳醫院,2026-04-16,12535.0,12822.924582223879
萬芳醫院,2026-04-17,14290.0,14114.002631843974
萬芳醫院,2026-04-18,8580.0,8330.859281909772
萬芳醫院,2026-04-19,6181.0,6058.342633916179
萬芳醫院,2026-04-20,12106.0,11892.438880763926
萬芳醫院,2026-04-21,12525.0,12454.39973967878
萬芳醫院,2026-04-22,12635.0,12573.967238331637
萬芳醫院,2026-04-23,12364.0,12721.916178720605
萬芳醫院,2026-04-24,15116.0,14345.911200514893
萬芳醫院,2026-04-25,8335.0,8456.599330240719
萬芳醫院,2026-04-26,6526.0,6168.02493333053
萬芳醫院,2026-04-27,12279.0,12056.276524675211
萬芳醫院,2026-04-28,12598.0,12477.361125646048
萬芳醫院,2026-04-29,12892.0,12776.15607311153
萬芳醫院,2026-04-30,15547.0,12445.470344969246
萬芳醫院,2026-05-01,7156.0,7546.546893737613
萬芳醫院,2026-05-02,7105.0,7027.458809356377
萬芳醫院,2026-05-03,5691.0,5866.421799899718
萬芳醫院,2026-05-04,12321.0,11977.00156527444
萬芳醫院,2026-05-05,12538.0,12525.228516065368
萬芳醫院,2026-05-06,12785.0,12603.84523217724
萬芳醫院,2026-05-07,12700.0,13499.52698473912
萬芳醫院,2026-05-08,14921.0,14111.355305740553
萬芳醫院,2026-05-09,8347.0,8318.613285659992
萬芳醫院,2026-05-10,5900.0,6358.6394602108985
萬芳醫院,2026-05-11,12113.0,12178.064782037329
萬芳醫院,2026-05-12,12451.0,12543.309558220977
萬芳醫院,2026-05-13,12538.0,12740.310313681195
萬芳醫院,2026-05-14,12256.0,13353.57908053124
萬芳醫院,2026-05-15,14907.0,14092.51819835153
萬芳醫院,2026-05-16,9507.0,8177.18035026048
萬芳醫院,2026-05-17,8646.0,6128.05262222961
萬芳醫院,2026-05-18,11959.0,12055.664557078104
萬芳醫院,2026-05-19,12242.0,12324.775881918426
萬芳醫院,2026-05-20,12476.0,12569.130062517455
萬芳醫院,2026-05-21,12447.0,12461.404269679671
萬芳醫院,2026-05-22,14104.0,14546.00382984989
萬芳醫院,2026-05-23,8634.0,9157.614179689619
萬芳醫院,2026-05-24,6208.0,7041.81335968164
萬芳醫院,2026-05-25,11992.0,11972.423248801579
萬芳醫院,2026-05-26,12184.0,12234.013430018931
萬芳醫院,2026-05-27,12279.0,12382.923964823276
萬芳醫院,2026-05-28,11946.0,12272.623912123669
萬芳醫院,2026-05-29,14467.0,14038.503817160232
萬芳醫院,2026-05-30,8469.0,8651.246240995077
萬芳醫院,2026-05-31,6073.0,6896.69456406399
萬隆,2026-01-01,7325.0,7811.712394511532
萬隆,2026-01-02,10577.0,10889.304994495104
萬隆,2026-01-03,8515.0,9060.646061659743
萬隆,2026-01-04,7575.0,7432.122353063876
萬隆,2026-01-05,9860.0,10048.11716185883
萬隆,2026-01-06,10419.0,10467.128510561333
萬隆,2026-01-07,10575.0,11059.046052681224
萬隆,2026-01-08,10598.0,9803.980323285752
萬隆,2026-01-09,11268.0,11009.392908201
萬隆,2026-01-10,9294.0,9144.28993185219
萬隆,2026-01-11,7624.0,7737.508474748208
萬隆,2026-01-12,9966.0,9930.184302085405
萬隆,2026-01-13,10412.0,10392.386171605105
萬隆,2026-01-14,10601.0,10835.967276084672
萬隆,2026-01-15,10631.0,10667.304090493386
萬隆,2026-01-16,11101.0,10906.46207965591
萬隆,2026-01-17,9261.0,8934.037571582292
萬隆,2026-01-18,7696.0,7659.447372370693
萬隆,2026-01-19,10259.0,9935.757270393244
萬隆,2026-01-20,10601.0,10431.869404638779
萬隆,2026-01-21,10442.0,10588.92162235504
萬隆,2026-01-22,10415.0,10545.22177062262
萬隆,2026-01-23,11380.0,11103.901871510765
萬隆,2026-01-24,8992.0,9193.433509468201
萬隆,2026-01-25,7860.0,7497.878717269665
萬隆,2026-01-26,10291.0,10115.806481746396
萬隆,2026-01-27,10520.0,10478.175651972484
萬隆,2026-01-28,10688.0,10445.085568086051
萬隆,2026-01-29,10775.0,10398.134445339248
萬隆,2026-01-30,11189.0,11298.845614183107
萬隆,2026-01-31,9260.0,9191.396465110836
萬隆,2026-02-01,7805.0,7730.849705543096
萬隆,2026-02-02,10153.0,10299.381530907513
萬隆,2026-02-03,10595.0,10514.221992803743
萬隆,2026-02-04,10825.0,10653.177730611325
萬隆,2026-02-05,10947.0,10826.943819940137
萬隆,2026-02-06,11711.0,11372.338569577756
萬隆,2026-02-07,9559.0,9185.111073514605
萬隆,2026-02-08,8015.0,7870.980561162222
萬隆,2026-02-09,10164.0,10209.850534224077
萬隆,2026-02-10,10689.0,10549.576579955024
萬隆,2026-02-11,10677.0,10833.637080972921
萬隆,2026-02-12,10995.0,10847.660854241081
萬隆,2026-02-13,11149.0,11469.586767286824
萬隆,2026-02-14,8061.0,9275.108999801403
萬隆,2026-02-15,6678.0,7267.188083828882
萬隆,2026-02-16,5236.0,6261.383564691284
萬隆,2026-02-17,5509.0,4591.291485724598
萬隆,2026-02-18,6034.0,5108.574319244708
萬隆,2026-02-19,6349.0,5758.853568224215
萬隆,2026-02-20,6653.0,6593.800038969845
萬隆,2026-02-21,7527.0,6842.613376414335
萬隆,2026-02-22,7049.0,6761.874982679353
萬隆,2026-02-23,9988.0,9372.780377941514
萬隆,2026-02-24,10430.0,10246.314800970551
萬隆,2026-02-25,10860.0,10598.024454726112
萬隆,2026-02-26,11141.0,10991.541973249137
萬隆,2026-02-27,9063.0,8148.853640614559
萬隆,2026-02-28,9098.0,7419.979997300356
萬隆,2026-03-01,7618.0,7057.454355795896
萬隆,2026-03-02,10352.0,9963.679493156083
萬隆,2026-03-03,10541.0,10644.349264164483
萬隆,2026-03-04,10588.0,10874.404466428334
萬隆,2026-03-05,10910.0,10991.262401029975
萬隆,2026-03-06,11508.0,10530.902615624995
萬隆,2026-03-07,9716.0,9014.552665856903
萬隆,2026-03-08,8310.0,7856.186079774252
萬隆,2026-03-09,10280.0,10255.040336705528
萬隆,2026-03-10,10521.0,10536.290451705197
萬隆,2026-03-11,10988.0,10739.842982257947
萬隆,2026-03-12,10925.0,11003.154036140624
萬隆,2026-03-13,11620.0,11492.671903488039
萬隆,2026-03-14,10132.0,9229.359235048596
萬隆,2026-03-15,8632.0,8143.715626670001
萬隆,2026-03-16,10137.0,10265.53660417727
萬隆,2026-03-17,10630.0,10541.21553191649
萬隆,2026-03-18,10753.0,10779.241956376196
萬隆,2026-03-19,10741.0,10912.546052487203
萬隆,2026-03-20,11677.0,11228.47548828841
萬隆,2026-03-21,9892.0,9811.028987253338
萬隆,2026-03-22,8473.0,8041.138001679966
萬隆,2026-03-23,10173.0,10174.339732273305
萬隆,2026-03-24,10356.0,10553.776083814739
萬隆,2026-03-25,10741.0,10791.752663888645
萬隆,2026-03-26,10685.0,10962.68438666196
萬隆,2026-03-27,11440.0,11241.799747323375
萬隆,2026-03-28,9584.0,9895.657985373307
萬隆,2026-03-29,7693.0,7908.756371711862
萬隆,2026-03-30,10237.0,10108.622097592028
萬隆,2026-03-31,10673.0,10401.976159867514
萬隆,2026-04-01,10675.0,10899.3852780894
萬隆,2026-04-02,11414.0,10874.591927604404
萬隆,2026-04-03,8385.0,8296.753932769578
萬隆,2026-04-04,7361.0,8040.2301876335905
萬隆,2026-04-05,7073.0,7106.536760962784
萬隆,2026-04-06,6617.0,6493.902225816923
萬隆,2026-04-07,10194.0,10247.786668371658
萬隆,2026-04-08,10627.0,10521.217313057083
萬隆,2026-04-09,10704.0,10803.996945104469
萬隆,2026-04-10,11257.0,11286.072626235065
萬隆,2026-04-11,9856.0,8880.956158459732
萬隆,2026-04-12,8060.0,7784.941160241182
萬隆,2026-04-13,10070.0,9966.353924009001
萬隆,2026-04-14,10454.0,10376.230243434125
萬隆,2026-04-15,10641.0,10622.638686166358
萬隆,2026-04-16,10668.0,10809.64532548142
萬隆,2026-04-17,11453.0,11110.247403883626
萬隆,2026-04-18,9597.0,9673.348821274883
萬隆,2026-04-19,8187.0,7816.993068162629
萬隆,2026-04-20,10121.0,9986.52503343622
萬隆,2026-04-21,10561.0,10365.66386614024
萬隆,2026-04-22,10763.0,10612.050681076269
萬隆,2026-04-23,10549.0,10783.372538209804
萬隆,2026-04-24,11494.0,11165.915837764815
萬隆,2026-04-25,9588.0,9427.614364909055
萬隆,2026-04-26,8593.0,8087.669203799469
萬隆,2026-04-27,10258.0,10052.435076555073
萬隆,2026-04-28,10776.0,10497.132643780054
萬隆,2026-04-29,10850.0,10821.10009030583
萬隆,2026-04-30,11719.0,10683.418099236298
萬隆,2026-05-01,9174.0,8146.742162669031
萬隆,2026-05-02,8683.0,8846.461380392286
萬隆,2026-05-03,7641.0,7628.0946451307445
萬隆,2026-05-04,10290.0,10094.350337995793
萬隆,2026-05-05,10603.0,10657.6724865001
萬隆,2026-05-06,10997.0,10767.948378641173
萬隆,2026-05-07,10792.0,11230.041142826407
萬隆,2026-05-08,11681.0,11209.624147172772
萬隆,2026-05-09,9872.0,9422.307737739226
萬隆,2026-05-10,7936.0,8108.460122877255
萬隆,2026-05-11,10170.0,10294.4712829551
萬隆,2026-05-12,10496.0,10585.21565430862
萬隆,2026-05-13,10622.0,10889.483206343519
萬隆,2026-05-14,10470.0,10850.012277890914
萬隆,2026-05-15,11546.0,11213.704441885846
萬隆,2026-05-16,9960.0,9392.332324011344
萬隆,2026-05-17,8250.0,7999.597159387098
萬隆,2026-05-18,9983.0,10156.777694738668
萬隆,2026-05-19,10397.0,10455.595285420104
萬隆,2026-05-20,10663.0,10733.479874191615
萬隆,2026-05-21,10690.0,10602.21962478752
萬隆,2026-05-22,11441.0,11270.891818226604
萬隆,2026-05-23,10203.0,9875.227791530637
萬隆,2026-05-24,8308.0,8233.340622355043
萬隆,2026-05-25,10185.0,9995.894305980759
萬隆,2026-05-26,10457.0,10411.30464243481
萬隆,2026-05-27,10681.0,10606.631510810392
萬隆,2026-05-28,10502.0,10652.196700692986
萬隆,2026-05-29,11309.0,11180.435388312615
萬隆,2026-05-30,9922.0,9982.009517614986
萬隆,2026-05-31,8353.0,8159.0086838161305
葫洲,2026-01-01,4795.0,5601.046345399731
葫洲,2026-01-02,9815.0,10001.84720511999
葫洲,2026-01-03,6153.0,6196.798681218135
葫洲,2026-01-04,5011.0,4924.0426920273685
葫洲,2026-01-05,9399.0,8954.803436089995
葫洲,2026-01-06,9368.0,9597.629929513845
葫洲,2026-01-07,9706.0,11231.649450879151
葫洲,2026-01-08,9498.0,8486.800458834468
葫洲,2026-01-09,10334.0,9897.414150822218
葫洲,2026-01-10,6568.0,6461.251838380474
葫洲,2026-01-11,5146.0,5356.863136612612
葫洲,2026-01-12,9107.0,9081.231951800046
葫洲,2026-01-13,9327.0,9393.384237116641
葫洲,2026-01-14,9619.0,9389.24855076206
葫洲,2026-01-15,9524.0,9566.270317872648
葫洲,2026-01-16,10289.0,10085.029467013164
葫洲,2026-01-17,6378.0,6555.703961031577
葫洲,2026-01-18,5033.0,5082.887797064042
葫洲,2026-01-19,8574.0,9014.120808051883
葫洲,2026-01-20,9260.0,8883.131773856614
葫洲,2026-01-21,8675.0,9410.973785905873
葫洲,2026-01-22,8568.0,8902.838007993852
葫洲,2026-01-23,9081.0,9845.066395644215
葫洲,2026-01-24,6460.0,6282.468048814375
葫洲,2026-01-25,5350.0,5104.623116605198
葫洲,2026-01-26,8400.0,8799.174010357368
葫洲,2026-01-27,8623.0,8794.825886176399
葫洲,2026-01-28,8729.0,8737.742277004272
葫洲,2026-01-29,9007.0,8730.523066327425
葫洲,2026-01-30,9321.0,9465.002396556236
葫洲,2026-01-31,6488.0,6240.967294890136
葫洲,2026-02-01,4984.0,5169.041192136452
葫洲,2026-02-02,8244.0,8507.58427937848
葫洲,2026-02-03,8489.0,8588.589821596068
葫洲,2026-02-04,8771.0,8624.702876762165
葫洲,2026-02-05,8886.0,8861.874939050578
葫洲,2026-02-06,9172.0,9178.95146043522
葫洲,2026-02-07,6487.0,6304.280031039065
葫洲,2026-02-08,4908.0,5169.170685054709
葫洲,2026-02-09,8443.0,8318.474707400805
葫洲,2026-02-10,8719.0,8561.506398358219
葫洲,2026-02-11,8969.0,8768.734437711162
葫洲,2026-02-12,8527.0,8905.57185792324
葫洲,2026-02-13,8611.0,8943.257237820704
葫洲,2026-02-14,5154.0,6415.620168665442
葫洲,2026-02-15,4112.0,4425.742153884891
葫洲,2026-02-16,3071.0,3930.8369348710294
葫洲,2026-02-17,3555.0,3379.892788766587
葫洲,2026-02-18,3833.0,3505.374001478167
葫洲,2026-02-19,4433.0,3670.3921292534446
葫洲,2026-02-20,4597.0,4253.858064851897
葫洲,2026-02-21,5288.0,4719.359845973043
葫洲,2026-02-22,4910.0,4727.2412421437575
葫洲,2026-02-23,8119.0,7807.299699811542
葫洲,2026-02-24,8608.0,8350.382430466161
葫洲,2026-02-25,9571.0,8639.666568373199
葫洲,2026-02-26,10237.0,9455.000403009275
葫洲,2026-02-27,6046.0,6870.019741724534
葫洲,2026-02-28,5807.0,4908.4462611525205
葫洲,2026-03-01,4753.0,4620.178394144892
葫洲,2026-03-02,9122.0,8100.835284764033
葫洲,2026-03-03,9510.0,9394.210940944862
葫洲,2026-03-04,9676.0,9676.968327826498
葫洲,2026-03-05,9714.0,10101.074747288827
葫洲,2026-03-06,10590.0,8969.50430071826
葫洲,2026-03-07,6509.0,6336.548252327739
葫洲,2026-03-08,5053.0,5171.765184861436
葫洲,2026-03-09,9289.0,9101.883839676555
葫洲,2026-03-10,9525.0,9597.330508909194
葫洲,2026-03-11,9857.0,9612.464527761398
葫洲,2026-03-12,9744.0,9787.020415597872
葫洲,2026-03-13,10499.0,10408.685020037423
葫洲,2026-03-14,6730.0,7153.112388677903
葫洲,2026-03-15,5282.0,5217.2070152958495
葫洲,2026-03-16,9170.0,9011.396261152458
葫洲,2026-03-17,9561.0,9351.592216077059
葫洲,2026-03-18,9773.0,9692.32472480706
葫洲,2026-03-19,9541.0,9755.525105607396
葫洲,2026-03-20,10470.0,10292.786012943505
葫洲,2026-03-21,6761.0,6599.702541451957
葫洲,2026-03-22,5389.0,5424.0055465256255
葫洲,2026-03-23,9279.0,9109.005151592586
葫洲,2026-03-24,9488.0,9551.207640988843
葫洲,2026-03-25,9672.0,9620.055642989118
葫洲,2026-03-26,9593.0,9577.334901108767
葫洲,2026-03-27,10354.0,10224.137736749362
葫洲,2026-03-28,6445.0,6515.043021749813
葫洲,2026-03-29,5151.0,5248.039661950422
葫洲,2026-03-30,9056.0,9026.39131984817
葫洲,2026-03-31,9338.0,9351.277347639832
葫洲,2026-04-01,9524.0,9516.787795319946
葫洲,2026-04-02,10084.0,9583.362866224314
葫洲,2026-04-03,5445.0,6262.875414854753
葫洲,2026-04-04,4920.0,5508.522232033446
葫洲,2026-04-05,4713.0,4582.18498368721
葫洲,2026-04-06,4533.0,4378.408250389374
葫洲,2026-04-07,8804.0,8946.566611215725
葫洲,2026-04-08,8987.0,9173.173557069837
葫洲,2026-04-09,9078.0,9329.700969059724
葫洲,2026-04-10,9318.0,9887.25035812281
葫洲,2026-04-11,6610.0,6246.2502675324895
葫洲,2026-04-12,5143.0,5320.4320172201105
葫洲,2026-04-13,9354.0,8781.199738487781
葫洲,2026-04-14,9542.0,9265.32414554863
葫洲,2026-04-15,9745.0,9410.31179377634
葫洲,2026-04-16,9572.0,9698.05870487645
葫洲,2026-04-17,10397.0,9769.556308256224
葫洲,2026-04-18,6787.0,6818.023785499263
葫洲,2026-04-19,5324.0,5327.457817944527
葫洲,2026-04-20,9236.0,9192.184427152333
葫洲,2026-04-21,9445.0,9311.937321890771
葫洲,2026-04-22,9709.0,9543.943657506434
葫洲,2026-04-23,9471.0,9594.953751303607
葫洲,2026-04-24,10489.0,9977.75600098412
葫洲,2026-04-25,6441.0,6565.328628020619
葫洲,2026-04-26,5561.0,5186.0450771484675
葫洲,2026-04-27,9426.0,9116.374318503877
葫洲,2026-04-28,9648.0,9637.767358379622
葫洲,2026-04-29,9644.0,9722.309431935204
葫洲,2026-04-30,10441.0,9614.223471620156
葫洲,2026-05-01,6354.0,6111.896856939629
葫洲,2026-05-02,6333.0,5871.822901228416
葫洲,2026-05-03,5167.0,5283.04073082532
葫洲,2026-05-04,9309.0,8938.301649891771
葫洲,2026-05-05,9603.0,9473.84077620092
葫洲,2026-05-06,9903.0,9677.026488597192
葫洲,2026-05-07,9847.0,9803.828868905975
葫洲,2026-05-08,10208.0,10316.459398759585
葫洲,2026-05-09,6382.0,6560.278869744261
葫洲,2026-05-10,5297.0,5130.877355785337
葫洲,2026-05-11,9190.0,9108.497971489205
葫洲,2026-05-12,9362.0,9501.094911394523
葫洲,2026-05-13,9407.0,9518.580863646575
葫洲,2026-05-14,9262.0,9748.830851821655
葫洲,2026-05-15,10556.0,9845.920710797913
葫洲,2026-05-16,6547.0,6708.965722417432
葫洲,2026-05-17,5669.0,5342.401720001677
葫洲,2026-05-18,9144.0,9118.552468340009
葫洲,2026-05-19,9371.0,9402.862458212
葫洲,2026-05-20,9684.0,9625.649305495708
葫洲,2026-05-21,9534.0,9505.921724234748
葫洲,2026-05-22,10263.0,10324.771511915373
葫洲,2026-05-23,6918.0,6548.650901176668
葫洲,2026-05-24,5310.0,5549.746041213945
葫洲,2026-05-25,9225.0,9120.998945204934
葫洲,2026-05-26,9517.0,9388.202950843268
葫洲,2026-05-27,9555.0,9624.536537884682
葫洲,2026-05-28,9307.0,9598.06751623948
葫洲,2026-05-29,10289.0,9968.86839649163
葫洲,2026-05-30,6514.0,6471.622367235734
葫洲,2026-05-31,5216.0,5370.963887866092
蘆洲,2026-01-01,8059.0,9745.93193964758
蘆洲,2026-01-02,15709.0,15921.71725584111
蘆洲,2026-01-03,11099.0,11390.70689583864
蘆洲,2026-01-04,8861.0,8910.314512296327
蘆洲,2026-01-05,15892.0,15836.375748464947
蘆洲,2026-01-06,16209.0,16329.450891471495
蘆洲,2026-01-07,16360.0,16741.35375659877
蘆洲,2026-01-08,15992.0,12897.837407285138
蘆洲,2026-01-09,17029.0,16159.393391613246
蘆洲,2026-01-10,12276.0,11742.472277274595
蘆洲,2026-01-11,9201.0,9261.42175024487
蘆洲,2026-01-12,15660.0,15815.765171312065
蘆洲,2026-01-13,16047.0,16255.803104765062
蘆洲,2026-01-14,16228.0,16287.118543892431
蘆洲,2026-01-15,16297.0,16309.15370811385
蘆洲,2026-01-16,17204.0,16421.415206799742
蘆洲,2026-01-17,12274.0,11919.04721938063
蘆洲,2026-01-18,9681.0,9532.827080380597
蘆洲,2026-01-19,15533.0,15747.794260697756
蘆洲,2026-01-20,16440.0,16083.960212335589
蘆洲,2026-01-21,16060.0,16393.746396077335
蘆洲,2026-01-22,15984.0,16320.15952225222
蘆洲,2026-01-23,17275.0,16624.09813594284
蘆洲,2026-01-24,12329.0,12119.294476196314
蘆洲,2026-01-25,9983.0,9543.126735329877
蘆洲,2026-01-26,15899.0,15582.989323411739
蘆洲,2026-01-27,16162.0,16127.629927281123
蘆洲,2026-01-28,15995.0,16325.775389226303
蘆洲,2026-01-29,16424.0,16167.423470472952
蘆洲,2026-01-30,16939.0,17068.011940560336
蘆洲,2026-01-31,12543.0,11887.88736728965
蘆洲,2026-02-01,9744.0,9756.180257033307
蘆洲,2026-02-02,15576.0,15817.778516947643
蘆洲,2026-02-03,16069.0,16146.347733344814
蘆洲,2026-02-04,16501.0,16203.080568962892
蘆洲,2026-02-05,16458.0,16514.871524451093
蘆洲,2026-02-06,17282.0,16905.955811608197
蘆洲,2026-02-07,12725.0,12169.963885856647
蘆洲,2026-02-08,10012.0,10016.050195891637
蘆洲,2026-02-09,15761.0,15707.009444449199
蘆洲,2026-02-10,16421.0,16159.452509711966
蘆洲,2026-02-11,16150.0,16376.646303343714
蘆洲,2026-02-12,16451.0,16416.443303262036
蘆洲,2026-02-13,16007.0,17176.682849025154
蘆洲,2026-02-14,10282.0,12185.891755277402
蘆洲,2026-02-15,7584.0,9207.166583232769
蘆洲,2026-02-16,5021.0,6530.699385542431
蘆洲,2026-02-17,6735.0,5451.009885032754
蘆洲,2026-02-18,7431.0,6489.844190796678
蘆洲,2026-02-19,8627.0,7171.29558651488
蘆洲,2026-02-20,9111.0,8892.262022836085
蘆洲,2026-02-21,10078.0,8750.261372117528
蘆洲,2026-02-22,8585.0,8611.883496278375
蘆洲,2026-02-23,15845.0,14244.522449059372
蘆洲,2026-02-24,16257.0,16060.806695593512
蘆洲,2026-02-25,16676.0,16232.49090671998
蘆洲,2026-02-26,16901.0,16684.45334826965
蘆洲,2026-02-27,11650.0,9919.277949088766
蘆洲,2026-02-28,11369.0,9752.50366811967
蘆洲,2026-03-01,8779.0,8765.905473566912
蘆洲,2026-03-02,16302.0,15309.316778460918
蘆洲,2026-03-03,16141.0,16426.39201056521
蘆洲,2026-03-04,16601.0,16240.416567320817
蘆洲,2026-03-05,16660.0,16638.194653314084
蘆洲,2026-03-06,17185.0,13022.126691637726
蘆洲,2026-03-07,12844.0,11886.323515637307
蘆洲,2026-03-08,9886.0,9116.536567488856
蘆洲,2026-03-09,16235.0,15911.763181017128
蘆洲,2026-03-10,16590.0,16392.363575145246
蘆洲,2026-03-11,16865.0,16670.848479089338
蘆洲,2026-03-12,16931.0,16609.650497894047
蘆洲,2026-03-13,17364.0,17070.02673918048
蘆洲,2026-03-14,12825.0,12433.50433796867
蘆洲,2026-03-15,11177.0,9915.696013019806
蘆洲,2026-03-16,16168.0,16164.983484058474
蘆洲,2026-03-17,16641.0,16527.507840155467
蘆洲,2026-03-18,16826.0,16702.679631565497
蘆洲,2026-03-19,16512.0,16687.701616232527
蘆洲,2026-03-20,17268.0,17362.05021721642
蘆洲,2026-03-21,14686.0,12826.228886884126
蘆洲,2026-03-22,10561.0,11365.799513526397
蘆洲,2026-03-23,16272.0,16029.281817366413
蘆洲,2026-03-24,16485.0,16534.68055391783
蘆洲,2026-03-25,16686.0,16693.390685301285
蘆洲,2026-03-26,16642.0,16631.835405755297
蘆洲,2026-03-27,17111.0,17404.362509436713
蘆洲,2026-03-28,12973.0,13935.062832595775
蘆洲,2026-03-29,9841.0,10564.08104720482
蘆洲,2026-03-30,16411.0,16153.151293082374
蘆洲,2026-03-31,16620.0,16585.533266246555
蘆洲,2026-04-01,16419.0,16664.14625186823
蘆洲,2026-04-02,16700.0,16451.966329394792
蘆洲,2026-04-03,10900.0,10211.25433580646
蘆洲,2026-04-04,9828.0,11376.515912853989
蘆洲,2026-04-05,9472.0,9104.545297736307
蘆洲,2026-04-06,8371.0,9154.851754392936
蘆洲,2026-04-07,16051.0,15956.715817776649
蘆洲,2026-04-08,16589.0,16264.404572997813
蘆洲,2026-04-09,16817.0,16544.229229676803
蘆洲,2026-04-10,17057.0,16921.68966233874
蘆洲,2026-04-11,12518.0,11511.011967027523
蘆洲,2026-04-12,9924.0,9714.991203178799
蘆洲,2026-04-13,15994.0,15807.976195581112
蘆洲,2026-04-14,16536.0,16316.711157807069
蘆洲,2026-04-15,16536.0,16457.135975948608
蘆洲,2026-04-16,16497.0,16605.08042986626
蘆洲,2026-04-17,17177.0,17015.87230596591
蘆洲,2026-04-18,12528.0,12089.888496478177
蘆洲,2026-04-19,10041.0,9762.142566388984
蘆洲,2026-04-20,16156.0,15603.80144890377
蘆洲,2026-04-21,16504.0,16368.734746856093
蘆洲,2026-04-22,16435.0,16529.209505085044
蘆洲,2026-04-23,16418.0,16514.21961939478
蘆洲,2026-04-24,17042.0,17138.338767608828
蘆洲,2026-04-25,11989.0,12219.50118096833
蘆洲,2026-04-26,10538.0,9880.54586059607
蘆洲,2026-04-27,16183.0,15942.283915557111
蘆洲,2026-04-28,16724.0,16449.621953409212
蘆洲,2026-04-29,16595.0,16547.015195618205
蘆洲,2026-04-30,16933.0,16497.258477593314
蘆洲,2026-05-01,11722.0,10243.008752343625
蘆洲,2026-05-02,11491.0,10644.84922334012
蘆洲,2026-05-03,9393.0,9778.542486128696
蘆洲,2026-05-04,16364.0,16006.44997584941
蘆洲,2026-05-05,16562.0,16469.023107139445
蘆洲,2026-05-06,16801.0,16484.64141339488
蘆洲,2026-05-07,16752.0,16603.364870839134
蘆洲,2026-05-08,16993.0,16989.35094777009
蘆洲,2026-05-09,12185.0,11704.377081794024
蘆洲,2026-05-10,9561.0,9807.413527016319
蘆洲,2026-05-11,15925.0,16125.71322532079
蘆洲,2026-05-12,16437.0,16512.416676936544
蘆洲,2026-05-13,16364.0,16517.45557741795
蘆洲,2026-05-14,16207.0,16580.479103607628
蘆洲,2026-05-15,17644.0,16709.741700544088
蘆洲,2026-05-16,12677.0,12106.558488423401
蘆洲,2026-05-17,11417.0,9677.447209159756
蘆洲,2026-05-18,15954.0,15887.912380850896
蘆洲,2026-05-19,16331.0,16272.139135572103
蘆洲,2026-05-20,16571.0,16475.961392666457
蘆洲,2026-05-21,16454.0,16359.836183111549
蘆洲,2026-05-22,17108.0,17357.224893408184
蘆洲,2026-05-23,12967.0,12298.974553380172
蘆洲,2026-05-24,10114.0,11006.448617666658
蘆洲,2026-05-25,15946.0,15898.56691728916
蘆洲,2026-05-26,16245.0,16311.872550861066
蘆洲,2026-05-27,16268.0,16378.421582931584
蘆洲,2026-05-28,16316.0,16417.57826773217
蘆洲,2026-05-29,16946.0,17065.99667239085
蘆洲,2026-05-30,13681.0,12960.824147900183
蘆洲,2026-05-31,9633.0,10974.18457484421
行天宮,2026-01-01,18024.0,22975.435839781294
行天宮,2026-01-02,29879.0,29585.396193855722
行天宮,2026-01-03,20568.0,20040.23803437657
行天宮,2026-01-04,16036.0,16990.653449029454
行天宮,2026-01-05,30575.0,29319.29844016168
行天宮,2026-01-06,30743.0,31716.194591570962
行天宮,2026-01-07,30702.0,31477.166562135895
行天宮,2026-01-08,30403.0,21289.498748975442
行天宮,2026-01-09,31918.0,31205.03490556637
行天宮,2026-01-10,21123.0,20039.373591686242
行天宮,2026-01-11,17375.0,16093.121625061252
行天宮,2026-01-12,29142.0,30684.521364713186
行天宮,2026-01-13,30608.0,31277.008938628387
行天宮,2026-01-14,30552.0,31302.337124682464
行天宮,2026-01-15,30268.0,30499.706744365867
行天宮,2026-01-16,31547.0,31664.435516005735
行天宮,2026-01-17,21712.0,20375.591540550176
行天宮,2026-01-18,16117.0,17011.798819030333
行天宮,2026-01-19,28872.0,28879.53496369616
行天宮,2026-01-20,29596.0,30192.59515628901
行天宮,2026-01-21,30109.0,30263.183964180604
行天宮,2026-01-22,30013.0,30334.63608066817
行天宮,2026-01-23,31113.0,31415.7652919099
行天宮,2026-01-24,21006.0,20789.47138541941
行天宮,2026-01-25,16324.0,16531.24557515606
行天宮,2026-01-26,28753.0,28922.512561768715
行天宮,2026-01-27,29785.0,29688.01845277773
行天宮,2026-01-28,29655.0,30130.187865422817
行天宮,2026-01-29,30298.0,29985.563077346942
行天宮,2026-01-30,31142.0,31676.099163301307
行天宮,2026-01-31,21408.0,21451.851843239096
行天宮,2026-02-01,16135.0,16500.394746001286
行天宮,2026-02-02,29468.0,28715.106669954464
行天宮,2026-02-03,30029.0,29814.137186395787
行天宮,2026-02-04,30164.0,30023.051173380005
行天宮,2026-02-05,30290.0,30386.363228692524
行天宮,2026-02-06,32109.0,31576.973674163837
行天宮,2026-02-07,20893.0,21094.59006930442
行天宮,2026-02-08,16920.0,16207.199004291895
行天宮,2026-02-09,29212.0,29114.463501273785
行天宮,2026-02-10,30508.0,29785.253964549105
行天宮,2026-02-11,29941.0,30331.085243130008
行天宮,2026-02-12,30586.0,30310.333587959627
行天宮,2026-02-13,28996.0,31883.954541323634
行天宮,2026-02-14,15678.0,20441.062235678717
行天宮,2026-02-15,11755.0,14090.181144471606
行天宮,2026-02-16,8253.0,10906.068953298283
行天宮,2026-02-17,31031.0,14767.752626280639
行天宮,2026-02-18,17248.0,17857.20427288755
行天宮,2026-02-19,17473.0,16909.853443211687
行天宮,2026-02-20,17796.0,17265.803817258133
行天宮,2026-02-21,18979.0,16780.888131356398
行天宮,2026-02-22,16752.0,16398.381790713367
行天宮,2026-02-23,28942.0,27934.018272800153
行天宮,2026-02-24,29616.0,29963.82418696763
行天宮,2026-02-25,31896.0,30087.638896885215
行天宮,2026-02-26,31361.0,32351.038440322485
行天宮,2026-02-27,19693.0,23558.127489970695
行天宮,2026-02-28,19308.0,16601.890861308453
行天宮,2026-03-01,15645.0,16301.521360776474
行天宮,2026-03-02,29109.0,27733.31792855438
行天宮,2026-03-03,30210.0,29856.424954229704
行天宮,2026-03-04,29993.0,31336.20043943584
行天宮,2026-03-05,31076.0,30493.949251650865
行天宮,2026-03-06,31571.0,24263.57490545621
行天宮,2026-03-07,21997.0,22328.321790110018
行天宮,2026-03-08,16654.0,16481.984944351007
行天宮,2026-03-09,29454.0,29128.85080614238
行天宮,2026-03-10,30184.0,30041.08185244328
行天宮,2026-03-11,30628.0,31027.008833113265
行天宮,2026-03-12,30463.0,30908.684241182207
行天宮,2026-03-13,32182.0,31566.03132165594
行天宮,2026-03-14,21469.0,22348.96996414978
行天宮,2026-03-15,17444.0,16578.506217275924
行天宮,2026-03-16,29641.0,29325.48900980901
行天宮,2026-03-17,30287.0,30195.029526643735
行天宮,2026-03-18,30391.0,30743.239237297563
行天宮,2026-03-19,31122.0,30554.00750811526
行天宮,2026-03-20,32016.0,32079.350408757342
行天宮,2026-03-21,21154.0,22137.086804204093
行天宮,2026-03-22,17641.0,17131.158571178003
行天宮,2026-03-23,29698.0,29370.816074250786
行天宮,2026-03-24,30170.0,30123.35482728474
行天宮,2026-03-25,31027.0,30384.049263459092
行天宮,2026-03-26,31000.0,31105.93233362029
行天宮,2026-03-27,31412.0,32081.325600113323
行天宮,2026-03-28,22166.0,21465.284496237095
行天宮,2026-03-29,15435.0,17578.139663731552
行天宮,2026-03-30,29239.0,29435.978781034566
行天宮,2026-03-31,29935.0,29895.559829804082
行天宮,2026-04-01,29442.0,30370.155309057944
行天宮,2026-04-02,30617.0,30425.76498820152
行天宮,2026-04-03,16160.0,20205.504273523333
行天宮,2026-04-04,14238.0,16126.731748406937
行天宮,2026-04-05,13729.0,14124.429839639968
行天宮,2026-04-06,14023.0,13196.30485609329
行天宮,2026-04-07,29070.0,29035.29013002815
行天宮,2026-04-08,30390.0,29546.26539636414
行天宮,2026-04-09,30086.0,30643.558257509874
行天宮,2026-04-10,31091.0,30459.26863239677
行天宮,2026-04-11,23451.0,21651.130120996648
行天宮,2026-04-12,17781.0,16065.480318886053
行天宮,2026-04-13,29318.0,28407.232292875702
行天宮,2026-04-14,29984.0,29536.267018220387
行天宮,2026-04-15,30015.0,30119.652698115842
行天宮,2026-04-16,30615.0,30236.18255148726
行天宮,2026-04-17,31708.0,31795.117010895145
行天宮,2026-04-18,21318.0,23219.72613421935
行天宮,2026-04-19,15899.0,17010.12492567899
行天宮,2026-04-20,28755.0,28439.467993076345
行天宮,2026-04-21,29343.0,29502.93618729392
行天宮,2026-04-22,29903.0,29795.975770018355
行天宮,2026-04-23,30409.0,30237.59084248261
行天宮,2026-04-24,31080.0,31624.73371424531
行天宮,2026-04-25,20267.0,22208.655531814733
行天宮,2026-04-26,17041.0,16031.333343165825
行天宮,2026-04-27,29504.0,28822.046734431686
行天宮,2026-04-28,29841.0,29494.089658484998
行天宮,2026-04-29,30334.0,29999.33269392453
行天宮,2026-04-30,30962.0,30367.76637826882
行天宮,2026-05-01,19227.0,19944.161351044775
行天宮,2026-05-02,18387.0,17689.700346129892
行天宮,2026-05-03,14662.0,15967.455955274865
行天宮,2026-05-04,30629.0,28836.485676587567
行天宮,2026-05-05,31150.0,31287.90132804722
行天宮,2026-05-06,30430.0,33648.440041231326
行天宮,2026-05-07,31005.0,30483.303394743354
行天宮,2026-05-08,30692.0,31759.301354845582
行天宮,2026-05-09,19276.0,20403.86682418251
行天宮,2026-05-10,13952.0,16107.283594344379
行天宮,2026-05-11,29185.0,29453.76164343686
行天宮,2026-05-12,29955.0,30117.923970994067
行天宮,2026-05-13,30423.0,30171.71746113494
行天宮,2026-05-14,29566.0,30375.546228113944
行天宮,2026-05-15,31027.0,30509.583491767135
行天宮,2026-05-16,22180.0,20754.838752563082
行天宮,2026-05-17,16983.0,15999.57224759104
行天宮,2026-05-18,28452.0,29045.24194990669
行天宮,2026-05-19,29081.0,30008.75370440307
行天宮,2026-05-20,30098.0,29787.02889356504
行天宮,2026-05-21,29644.0,30415.597620447774
行天宮,2026-05-22,30133.0,30857.267144280373
行天宮,2026-05-23,20432.0,21535.017514181895
行天宮,2026-05-24,16265.0,16063.48062524875
行天宮,2026-05-25,28296.0,28506.366864863907
行天宮,2026-05-26,29058.0,29020.18010394015
行天宮,2026-05-27,29246.0,29708.457372772078
行天宮,2026-05-28,29832.0,29395.858985561183
行天宮,2026-05-29,30237.0,30268.005197567516
行天宮,2026-05-30,19443.0,21054.62135235816
行天宮,2026-05-31,15993.0,15522.176278070227
西湖,2026-01-01,3901.0,4130.273251349415
西湖,2026-01-02,14066.0,15422.40437945251
西湖,2026-01-03,4699.0,5233.780567393916
西湖,2026-01-04,4023.0,3924.058506811057
西湖,2026-01-05,16421.0,15619.231398558632
西湖,2026-01-06,16852.0,16616.38548332966
西湖,2026-01-07,16670.0,17033.89233880296
西湖,2026-01-08,16843.0,8695.886045237989
西湖,2026-01-09,16845.0,15700.763703064642
西湖,2026-01-10,5473.0,6280.791408529639
西湖,2026-01-11,4420.0,4145.232773984729
西湖,2026-01-12,15495.0,16041.803157295411
西湖,2026-01-13,15755.0,16324.171005577085
西湖,2026-01-14,15808.0,16290.217827997958
西湖,2026-01-15,15798.0,16138.663535907499
西湖,2026-01-16,15758.0,16128.364455288658
西湖,2026-01-17,5458.0,5165.671131273415
西湖,2026-01-18,4200.0,4108.364865684396
西湖,2026-01-19,15593.0,15645.92796307913
西湖,2026-01-20,16013.0,15815.367677889031
西湖,2026-01-21,15843.0,16169.691545847127
西湖,2026-01-22,16619.0,15961.97570213258
西湖,2026-01-23,15726.0,16503.08156184069
西湖,2026-01-24,5169.0,5212.014270461837
西湖,2026-01-25,4154.0,4193.4208966557335
西湖,2026-01-26,15146.0,15438.711332746623
西湖,2026-01-27,15807.0,15669.361501539852
西湖,2026-01-28,15533.0,15744.537177222986
西湖,2026-01-29,15690.0,15791.671970259807
西湖,2026-01-30,15617.0,15719.501000300063
西湖,2026-01-31,5143.0,5025.208775994413
西湖,2026-02-01,4111.0,4123.615526257054
西湖,2026-02-02,15136.0,15167.944635760909
西湖,2026-02-03,15650.0,15645.094484631112
西湖,2026-02-04,15674.0,15657.7278467899
西湖,2026-02-05,15759.0,15818.058029981023
西湖,2026-02-06,15467.0,15661.784143327242
西湖,2026-02-07,5173.0,4959.850773388903
西湖,2026-02-08,4489.0,4121.529755544106
西湖,2026-02-09,15106.0,15110.243440723696
西湖,2026-02-10,15732.0,15625.585766299597
西湖,2026-02-11,15598.0,15652.079797680315
西湖,2026-02-12,15219.0,15646.826639949704
西湖,2026-02-13,14032.0,15455.996478134244
西湖,2026-02-14,4095.0,4969.055314173282
西湖,2026-02-15,3134.0,3775.176619076181
西湖,2026-02-16,2152.0,3607.297498453761
西湖,2026-02-17,2327.0,3025.439576988287
西湖,2026-02-18,2676.0,3060.5112032786637
西湖,2026-02-19,2846.0,3069.5238632113233
西湖,2026-02-20,3281.0,3307.9020117159275
西湖,2026-02-21,3844.0,3248.881936211665
西湖,2026-02-22,3510.0,3556.740135688929
西湖,2026-02-23,14278.0,14109.7217397986
西湖,2026-02-24,15163.0,14686.658270511622
西湖,2026-02-25,15571.0,15258.970031365528
西湖,2026-02-26,15510.0,15619.404119825338
西湖,2026-02-27,4868.0,10271.285147875167
西湖,2026-02-28,4533.0,3898.812124172928
西湖,2026-03-01,3739.0,3732.1075416677554
西湖,2026-03-02,15828.0,13221.143414450515
西湖,2026-03-03,16885.0,15085.790976177634
西湖,2026-03-04,16887.0,15759.500102055079
西湖,2026-03-05,16996.0,15761.104070581925
西湖,2026-03-06,16620.0,9474.02405811324
西湖,2026-03-07,5720.0,6963.70671209264
西湖,2026-03-08,4641.0,4063.6811348889255
西湖,2026-03-09,16127.0,15136.982072648363
西湖,2026-03-10,16594.0,16523.52940264758
西湖,2026-03-11,16610.0,16574.06795734194
西湖,2026-03-12,16599.0,16715.903508649742
西湖,2026-03-13,16678.0,16305.879497225273
西湖,2026-03-14,5574.0,5583.282264684664
西湖,2026-03-15,4300.0,4282.263303933509
西湖,2026-03-16,15807.0,15456.465751933363
西湖,2026-03-17,16693.0,16316.420679612691
西湖,2026-03-18,16485.0,16299.414101057975
西湖,2026-03-19,16423.0,16297.412226319655
西湖,2026-03-20,16417.0,16344.236931813986
西湖,2026-03-21,6352.0,5697.1902692421145
西湖,2026-03-22,4394.0,4746.449555005322
西湖,2026-03-23,15981.0,15769.962885814057
西湖,2026-03-24,16663.0,16562.554284414786
西湖,2026-03-25,16458.0,16779.299822519126
西湖,2026-03-26,16560.0,16677.959089690066
西湖,2026-03-27,16422.0,16688.126861705437
西湖,2026-03-28,5258.0,6433.019272217932
西湖,2026-03-29,4191.0,4115.681516654643
西湖,2026-03-30,15823.0,15834.728216131534
西湖,2026-03-31,16555.0,16280.273928291552
西湖,2026-04-01,16203.0,16586.45846953182
西湖,2026-04-02,15480.0,16339.737206473543
西湖,2026-04-03,4190.0,4036.8058254836137
西湖,2026-04-04,3726.0,4332.704950200126
西湖,2026-04-05,3538.0,3285.6254556108365
西湖,2026-04-06,3416.0,3389.5701160243575
西湖,2026-04-07,16405.0,16161.16777161127
西湖,2026-04-08,16604.0,16425.971877593092
西湖,2026-04-09,16501.0,16472.440601764098
西湖,2026-04-10,16389.0,16623.586589233033
西湖,2026-04-11,6623.0,5722.233551734013
西湖,2026-04-12,4246.0,4514.527949929327
西湖,2026-04-13,15673.0,15469.920623679154
西湖,2026-04-14,16602.0,16239.625761643025
西湖,2026-04-15,16678.0,16590.382077260852
西湖,2026-04-16,16443.0,16701.17364531663
西湖,2026-04-17,16579.0,16744.759705126573
西湖,2026-04-18,5678.0,6598.366362572639
西湖,2026-04-19,4569.0,4171.314470723848
西湖,2026-04-20,15513.0,15769.364380905321
西湖,2026-04-21,16306.0,16317.014065335361
西湖,2026-04-22,16379.0,16407.8476127448
西湖,2026-04-23,16844.0,16435.668292217557
西湖,2026-04-24,16753.0,16592.240987673442
西湖,2026-04-25,5931.0,6828.422725732327
西湖,2026-04-26,5021.0,4473.408074926911
西湖,2026-04-27,15666.0,15645.842906174697
西湖,2026-04-28,16499.0,16274.16021420056
西湖,2026-04-29,16652.0,16549.172702430453
西湖,2026-04-30,17052.0,16732.46401520286
西湖,2026-05-01,4954.0,4359.195109608802
西湖,2026-05-02,4580.0,5024.771484596244
西湖,2026-05-03,3897.0,4123.336404432984
西湖,2026-05-04,15721.0,15553.742017293554
西湖,2026-05-05,16926.0,16208.329168397002
西湖,2026-05-06,16415.0,16504.855671569345
西湖,2026-05-07,16648.0,16711.706769567372
西湖,2026-05-08,16445.0,16733.488545021963
西湖,2026-05-09,5168.0,5957.8831698286995
西湖,2026-05-10,3956.0,4307.330854050904
西湖,2026-05-11,15514.0,15654.812048370875
西湖,2026-05-12,16320.0,16279.887093286437
西湖,2026-05-13,16718.0,16433.60533664263
西湖,2026-05-14,16040.0,16674.648254990425
西湖,2026-05-15,16111.0,16147.594537572188
西湖,2026-05-16,6199.0,5194.1261000051
西湖,2026-05-17,4373.0,4221.219475427077
西湖,2026-05-18,15382.0,15612.177612129975
西湖,2026-05-19,16210.0,16174.01518038775
西湖,2026-05-20,16139.0,16329.020384525831
西湖,2026-05-21,16287.0,16352.76535987546
西湖,2026-05-22,15852.0,16295.39133854958
西湖,2026-05-23,6462.0,5778.77999267481
西湖,2026-05-24,5145.0,4652.56365480433
西湖,2026-05-25,15425.0,15441.239241494617
西湖,2026-05-26,16254.0,16080.52885333485
西湖,2026-05-27,15978.0,16423.15263266554
西湖,2026-05-28,15961.0,15955.902885309799
西湖,2026-05-29,15906.0,16005.34075486179
西湖,2026-05-30,5294.0,6965.819408431493
西湖,2026-05-31,4518.0,4534.76641768235
西門,2026-01-01,83260.0,81388.4123268139
西門,2026-01-02,77870.0,79244.60115687235
西門,2026-01-03,79035.0,80663.92339412966
西門,2026-01-04,64916.0,72405.10200755844
西門,2026-01-05,63091.0,69008.37002204743
西門,2026-01-06,63440.0,66741.5809553631
西門,2026-01-07,65356.0,65581.30479305805
西門,2026-01-08,64227.0,68703.79855491236
西門,2026-01-09,73002.0,73009.61734741511
西門,2026-01-10,78583.0,76010.42408541721
西門,2026-01-11,69634.0,68481.52667903871
西門,2026-01-12,62736.0,64734.829272060844
西門,2026-01-13,63919.0,64017.632569893154
西門,2026-01-14,64682.0,65269.651339564276
西門,2026-01-15,64678.0,66420.07601816286
西門,2026-01-16,74570.0,73158.47363146361
西門,2026-01-17,78471.0,75348.4055003942
西門,2026-01-18,66955.0,67502.7154368485
西門,2026-01-19,64290.0,64077.52071180175
西門,2026-01-20,73206.0,64864.30314823177
西門,2026-01-21,64271.0,66008.62755882232
西門,2026-01-22,63495.0,65637.91395979111
西門,2026-01-23,73705.0,73078.60904080569
西門,2026-01-24,79931.0,75016.20614661972
西門,2026-01-25,72176.0,67621.94213352862
西門,2026-01-26,66566.0,65166.90017987312
西門,2026-01-27,65929.0,69055.27449864932
西門,2026-01-28,67095.0,66017.48131496889
西門,2026-01-29,68274.0,66622.37147669042
西門,2026-01-30,74585.0,74104.51473628437
西門,2026-01-31,78782.0,75741.89625400768
西門,2026-02-01,66866.0,71765.66192341715
西門,2026-02-02,65205.0,66298.6703483448
西門,2026-02-03,66503.0,68992.92172286868
西門,2026-02-04,68002.0,66140.17008873622
西門,2026-02-05,70140.0,66225.5069537505
西門,2026-02-06,78408.0,74652.64628935324
西門,2026-02-07,83799.0,80409.85395073783
西門,2026-02-08,73031.0,69200.11678245744
西門,2026-02-09,68500.0,65819.18096105166
西門,2026-02-10,68042.0,65999.56836808237
西門,2026-02-11,66273.0,68215.43856511681
西門,2026-02-12,68077.0,69300.4200620928
西門,2026-02-13,71820.0,74964.28551887041
西門,2026-02-14,66837.0,75469.89582590501
西門,2026-02-15,57136.0,71572.98196456762
西門,2026-02-16,36759.0,58390.144580786255
西門,2026-02-17,62983.0,45435.02040223355
西門,2026-02-18,64325.0,61126.286957565324
西門,2026-02-19,73372.0,68284.40678623808
西門,2026-02-20,72954.0,75935.72034147236
西門,2026-02-21,73145.0,71964.73117922281
西門,2026-02-22,59475.0,64942.98892871763
西門,2026-02-23,56722.0,60170.01390960265
西門,2026-02-24,58274.0,58943.131020258654
西門,2026-02-25,63380.0,60514.991597316846
西門,2026-02-26,69873.0,66887.87310353079
西門,2026-02-27,86044.0,73638.68500241046
西門,2026-02-28,89930.0,76208.13880322184
西門,2026-03-01,69110.0,67321.52799844247
西門,2026-03-02,61808.0,60305.57033870596
西門,2026-03-03,61538.0,61594.43452222593
西門,2026-03-04,62709.0,62391.472163564664
西門,2026-03-05,66641.0,68978.8998403252
西門,2026-03-06,76347.0,72311.35410094698
西門,2026-03-07,90685.0,82478.88181162176
西門,2026-03-08,74584.0,68094.26868115984
西門,2026-03-09,63927.0,64782.755342977354
西門,2026-03-10,63622.0,63111.117415100634
西門,2026-03-11,68913.0,63475.07994633094
西門,2026-03-12,69418.0,71695.13745749764
西門,2026-03-13,77107.0,75727.87011923414
西門,2026-03-14,88570.0,86694.15673637849
西門,2026-03-15,74516.0,73787.49556056963
西門,2026-03-16,64367.0,65476.73211245343
西門,2026-03-17,65371.0,64957.511434535816
西門,2026-03-18,66385.0,64530.894680062855
西門,2026-03-19,66308.0,67342.50387883333
西門,2026-03-20,78892.0,73786.97074204986
西門,2026-03-21,85968.0,85931.01217673444
西門,2026-03-22,75336.0,72960.56090355705
西門,2026-03-23,64057.0,66193.09659155227
西門,2026-03-24,64456.0,64429.7932975353
西門,2026-03-25,66360.0,68939.46768603816
西門,2026-03-26,65967.0,70740.92818304473
西門,2026-03-27,73169.0,73621.14386446652
西門,2026-03-28,78017.0,78510.85155064422
西門,2026-03-29,67148.0,72428.85047214403
西門,2026-03-30,63608.0,64704.011038817356
西門,2026-03-31,62988.0,63512.35387850034
西門,2026-04-01,63224.0,64366.24843319808
西門,2026-04-02,69728.0,64074.09011393599
西門,2026-04-03,72989.0,74842.03453615679
西門,2026-04-04,72373.0,78424.69566622899
西門,2026-04-05,71638.0,66025.6618101146
西門,2026-04-06,60102.0,61882.56422637586
西門,2026-04-07,58884.0,61856.68088916708
西門,2026-04-08,62352.0,61414.29271431717
西門,2026-04-09,64442.0,63784.34077185138
西門,2026-04-10,74907.0,72864.69970708535
西門,2026-04-11,81225.0,76581.11890348076
西門,2026-04-12,69935.0,71521.92807912396
西門,2026-04-13,61878.0,63407.72547516587
西門,2026-04-14,62641.0,61789.36217568583
西門,2026-04-15,62634.0,62618.648916116894
西門,2026-04-16,63055.0,64085.30141170702
西門,2026-04-17,71903.0,72982.87133395499
西門,2026-04-18,78994.0,77263.80271781191
西門,2026-04-19,66649.0,68309.64775136753
西門,2026-04-20,60315.0,62940.15975840973
西門,2026-04-21,61083.0,61011.07431570417
西門,2026-04-22,62275.0,61788.303951356684
西門,2026-04-23,61065.0,63356.57379002853
西門,2026-04-24,71410.0,70579.62456314861
西門,2026-04-25,77790.0,76923.44316562028
西門,2026-04-26,71443.0,67550.93721013839
西門,2026-04-27,62902.0,63602.23515816325
西門,2026-04-28,62088.0,62375.34420361022
西門,2026-04-29,63337.0,62601.75242717608
西門,2026-04-30,70443.0,63385.01022637808
西門,2026-05-01,78282.0,73966.00033435658
西門,2026-05-02,76842.0,77362.17722479283
西門,2026-05-03,65080.0,69249.10107382156
西門,2026-05-04,65003.0,63384.20937036793
西門,2026-05-05,61849.0,64485.271650091025
西門,2026-05-06,65313.0,62532.57852144415
西門,2026-05-07,63981.0,65268.72254718016
西門,2026-05-08,70745.0,72729.1786887926
西門,2026-05-09,74602.0,73103.08660380851
西門,2026-05-10,62168.0,64668.49082512595
西門,2026-05-11,60629.0,61689.72262089215
西門,2026-05-12,61294.0,61060.836820009936
西門,2026-05-13,59965.0,61615.90861256537
西門,2026-05-14,61915.0,63511.81511748707
西門,2026-05-15,77665.0,71765.77001600861
西門,2026-05-16,82199.0,75979.69329958795
西門,2026-05-17,74212.0,68032.10019743351
西門,2026-05-18,61816.0,64689.90419006244
西門,2026-05-19,62083.0,61684.02836672331
西門,2026-05-20,64535.0,62516.439685171084
西門,2026-05-21,64078.0,64711.81689190496
西門,2026-05-22,73902.0,72814.44333677342
西門,2026-05-23,82939.0,79270.32550547445
西門,2026-05-24,71072.0,74092.69916533542
西門,2026-05-25,63313.0,63485.64385176106
西門,2026-05-26,62139.0,62761.18551764194
西門,2026-05-27,63190.0,63372.84090677733
西門,2026-05-28,63897.0,63900.08815857316
西門,2026-05-29,73375.0,73270.81931320649
西門,2026-05-30,82077.0,79420.90365633839
西門,2026-05-31,70917.0,70565.14720944158
象山,2026-01-01,18259.0,11895.549531240622
象山,2026-01-02,15333.0,17757.94000590635
象山,2026-01-03,11234.0,11390.159489403599
象山,2026-01-04,10354.0,9710.768271505618
象山,2026-01-05,15467.0,16852.376579055635
象山,2026-01-06,14966.0,16532.217600845557
象山,2026-01-07,15814.0,21134.859210156286
象山,2026-01-08,15663.0,16405.46296536391
象山,2026-01-09,16567.0,15766.05023445222
象山,2026-01-10,11449.0,11061.774296360689
象山,2026-01-11,9251.0,9221.438132391966
象山,2026-01-12,15286.0,14714.220975422726
象山,2026-01-13,15872.0,15676.376360062408
象山,2026-01-14,16118.0,23626.75108117291
象山,2026-01-15,16062.0,14949.63142653126
象山,2026-01-16,16690.0,16375.2911586296
象山,2026-01-17,12150.0,10908.40333101717
象山,2026-01-18,10166.0,9686.478822798019
象山,2026-01-19,15134.0,15114.682716050651
象山,2026-01-20,15713.0,15407.273037743245
象山,2026-01-21,15089.0,15914.601100226775
象山,2026-01-22,15003.0,15520.241630469465
象山,2026-01-23,16045.0,15866.969832374307
象山,2026-01-24,11118.0,11005.861092291581
象山,2026-01-25,12679.0,9188.195638999074
象山,2026-01-26,15134.0,15024.203589906745
象山,2026-01-27,14872.0,15569.746408208988
象山,2026-01-28,14749.0,15262.84551261729
象山,2026-01-29,15742.0,15236.114610694323
象山,2026-01-30,16254.0,16308.76067639669
象山,2026-01-31,10049.0,11231.274824614315
象山,2026-02-01,7597.0,9682.538799346336
象山,2026-02-02,14674.0,14825.638049558389
象山,2026-02-03,15445.0,14966.55140166676
象山,2026-02-04,16348.0,15238.844433396744
象山,2026-02-05,16638.0,16495.236104230808
象山,2026-02-06,15934.0,16262.152115897987
象山,2026-02-07,10564.0,10890.792653424956
象山,2026-02-08,9125.0,9666.062220902737
象山,2026-02-09,15033.0,14813.036144361138
象山,2026-02-10,15870.0,15023.278575209615
象山,2026-02-11,15473.0,15902.17850655693
象山,2026-02-12,15539.0,15735.439585499553
象山,2026-02-13,15224.0,16161.164312638346
象山,2026-02-14,9820.0,10226.44769347247
象山,2026-02-15,7794.0,8135.989776123455
象山,2026-02-16,5215.0,7282.902402801934
象山,2026-02-17,7848.0,5080.520345533324
象山,2026-02-18,8577.0,8213.200478886127
象山,2026-02-19,10385.0,8934.165191950193
象山,2026-02-20,10329.0,9606.184325191925
象山,2026-02-21,10985.0,9852.33878373207
象山,2026-02-22,9478.0,9084.689791931536
象山,2026-02-23,15299.0,13887.109052796324
象山,2026-02-24,15451.0,15426.645998402098
象山,2026-02-25,15873.0,15338.767113532327
象山,2026-02-26,16037.0,15653.185631098635
象山,2026-02-27,10126.0,10278.703689905788
象山,2026-02-28,10564.0,9371.55480790505
象山,2026-03-01,8962.0,8843.32961977636
象山,2026-03-02,15217.0,14281.35864350219
象山,2026-03-03,15077.0,15460.60611858213
象山,2026-03-04,15465.0,15518.890707808258
象山,2026-03-05,16071.0,15449.171100534819
象山,2026-03-06,16513.0,11479.250582203991
象山,2026-03-07,11738.0,11133.119812011015
象山,2026-03-08,9897.0,9219.1817683877
象山,2026-03-09,15203.0,15070.499417879224
象山,2026-03-10,15314.0,15377.552665603049
象山,2026-03-11,17107.0,15460.10960838195
象山,2026-03-12,17034.0,16638.242930689838
象山,2026-03-13,17572.0,16385.67161870071
象山,2026-03-14,13110.0,12024.461658519327
象山,2026-03-15,11198.0,9717.318757912308
象山,2026-03-16,16128.0,15192.647098822466
象山,2026-03-17,16063.0,16271.38763374779
象山,2026-03-18,16667.0,16177.206486487916
象山,2026-03-19,16466.0,16710.18753557031
象山,2026-03-20,17689.0,17111.35828997528
象山,2026-03-21,13168.0,13089.566444846278
象山,2026-03-22,11459.0,10616.041028983831
象山,2026-03-23,16745.0,15638.580892748683
象山,2026-03-24,16000.0,16498.265049242975
象山,2026-03-25,16572.0,16460.920294522843
象山,2026-03-26,16469.0,16637.13350694693
象山,2026-03-27,15905.0,15807.247946474547
象山,2026-03-28,12783.0,12789.53421926939
象山,2026-03-29,9961.0,11062.058968669062
象山,2026-03-30,16094.0,15780.867847712478
象山,2026-03-31,16003.0,16426.99353133331
象山,2026-04-01,15593.0,16511.11980251613
象山,2026-04-02,16595.0,16186.355113978503
象山,2026-04-03,9634.0,11094.189931760053
象山,2026-04-04,8193.0,10854.735043246992
象山,2026-04-05,9549.0,8271.919051943914
象山,2026-04-06,7541.0,9480.015040616212
象山,2026-04-07,14762.0,15534.293971019993
象山,2026-04-08,15864.0,15290.640386261028
象山,2026-04-09,16050.0,16109.228717190359
象山,2026-04-10,16941.0,15578.136522672863
象山,2026-04-11,12579.0,9939.865452259137
象山,2026-04-12,10394.0,9750.104199526946
象山,2026-04-13,15877.0,15507.957909448385
象山,2026-04-14,16020.0,15700.109084459667
象山,2026-04-15,15716.0,16172.764728238186
象山,2026-04-16,15847.0,16142.08323582028
象山,2026-04-17,16825.0,16132.059291318556
象山,2026-04-18,11811.0,11064.746197576498
象山,2026-04-19,10901.0,9705.253561640477
象山,2026-04-20,15603.0,15088.311528104246
象山,2026-04-21,15838.0,15623.716872807207
象山,2026-04-22,15836.0,16043.803931054035
象山,2026-04-23,14936.0,16003.2676071117
象山,2026-04-24,15514.0,16002.959276262494
象山,2026-04-25,10519.0,11825.241144423928
象山,2026-04-26,11777.0,9830.2954383119
象山,2026-04-27,15843.0,15486.757280472762
象山,2026-04-28,16375.0,16021.417051269093
象山,2026-04-29,16302.0,16691.324690013775
象山,2026-04-30,16015.0,15441.23997940033
象山,2026-05-01,12228.0,11191.038206335425
象山,2026-05-02,12433.0,10678.055296335442
象山,2026-05-03,9476.0,10643.67964396356
象山,2026-05-04,15343.0,15515.387545380509
象山,2026-05-05,14823.0,15720.837801091382
象山,2026-05-06,16532.0,15516.537819010451
象山,2026-05-07,16543.0,16356.055683692923
象山,2026-05-08,16414.0,15687.456995767747
象山,2026-05-09,10454.0,11192.750766683632
象山,2026-05-10,9175.0,9929.716103584553
象山,2026-05-11,15552.0,15331.656563661005
象山,2026-05-12,16193.0,15711.533991350247
象山,2026-05-13,15169.0,16390.208667442832
象山,2026-05-14,15406.0,15743.194375651005
象山,2026-05-15,17004.0,15845.171956578524
象山,2026-05-16,13138.0,11230.740757107542
象山,2026-05-17,11166.0,9542.741848615464
象山,2026-05-18,15926.0,15251.793416027875
象山,2026-05-19,16054.0,15888.255592924772
象山,2026-05-20,16827.0,16265.234600201666
象山,2026-05-21,16087.0,16559.9494324021
象山,2026-05-22,16809.0,16369.11598426057
象山,2026-05-23,12587.0,12877.00786247039
象山,2026-05-24,10379.0,10346.290016539957
象山,2026-05-25,15639.0,15671.835563069542
象山,2026-05-26,15896.0,16040.025268452891
象山,2026-05-27,16029.0,15957.626951964545
象山,2026-05-28,16093.0,16267.701118682642
象山,2026-05-29,15551.0,16807.633052577083
象山,2026-05-30,12139.0,12371.139836707624
象山,2026-05-31,10006.0,9989.541472913812
輔大,2026-01-01,4599.0,5685.493978226711
輔大,2026-01-02,12191.0,11259.072744958941
輔大,2026-01-03,6302.0,7583.542849939345
輔大,2026-01-04,4652.0,4844.865178215219
輔大,2026-01-05,8237.0,11247.901484872702
輔大,2026-01-06,8100.0,11587.755731322037
輔大,2026-01-07,8267.0,12027.431438797941
輔大,2026-01-08,8155.0,8953.472651061902
輔大,2026-01-09,8574.0,9394.158894175545
輔大,2026-01-10,6098.0,6429.36441217592
輔大,2026-01-11,4648.0,4676.549492800341
輔大,2026-01-12,7432.0,9051.62263268619
輔大,2026-01-13,7643.0,9079.637246947506
輔大,2026-01-14,7730.0,10834.37904038245
輔大,2026-01-15,7524.0,8261.680832771981
輔大,2026-01-16,7951.0,7947.123339006849
輔大,2026-01-17,5653.0,6031.393293291993
輔大,2026-01-18,4535.0,4533.567337595153
輔大,2026-01-19,6961.0,7217.659958482735
輔大,2026-01-20,7620.0,7219.77402493393
輔大,2026-01-21,7336.0,7709.185918493814
輔大,2026-01-22,7358.0,7358.266062618539
輔大,2026-01-23,7450.0,7682.912899065266
輔大,2026-01-24,5702.0,6027.640095026219
輔大,2026-01-25,4699.0,4603.380445191578
輔大,2026-01-26,7107.0,7335.858810395813
輔大,2026-01-27,7244.0,7303.374033763612
輔大,2026-01-28,7448.0,7285.594427473199
輔大,2026-01-29,7737.0,7422.391825775085
輔大,2026-01-30,7454.0,7887.305592678843
輔大,2026-01-31,5581.0,5959.074480521112
輔大,2026-02-01,4180.0,4441.2872890565895
輔大,2026-02-02,6740.0,7120.6011259967245
輔大,2026-02-03,7182.0,7078.971198120785
輔大,2026-02-04,7324.0,7209.883079363505
輔大,2026-02-05,7342.0,7610.930177402962
輔大,2026-02-06,7315.0,7413.053357288957
輔大,2026-02-07,5502.0,5589.346989546019
輔大,2026-02-08,4505.0,4496.930648692841
輔大,2026-02-09,6894.0,6891.836917759844
輔大,2026-02-10,7116.0,7139.8199468119055
輔大,2026-02-11,7251.0,7197.908642564098
輔大,2026-02-12,7108.0,7316.427629049558
輔大,2026-02-13,6583.0,7228.299441284744
輔大,2026-02-14,3997.0,5495.234250847465
輔大,2026-02-15,3069.0,3858.375131862918
輔大,2026-02-16,2017.0,3719.1628339430877
輔大,2026-02-17,2516.0,3088.41010727618
輔大,2026-02-18,2869.0,3097.6049450894243
輔大,2026-02-19,3165.0,3060.95935718855
輔大,2026-02-20,3528.0,3386.702530696139
輔大,2026-02-21,4130.0,3796.689485899792
輔大,2026-02-22,3848.0,3765.29061311561
輔大,2026-02-23,7269.0,6417.646032056952
輔大,2026-02-24,7828.0,7218.802503517196
輔大,2026-02-25,12590.0,7784.489090179603
輔大,2026-02-26,13272.0,10316.123083322582
輔大,2026-02-27,6147.0,7852.603721369579
輔大,2026-02-28,5730.0,4448.769716643149
輔大,2026-03-01,4782.0,4128.7318530681005
輔大,2026-03-02,12063.0,8939.352282537993
輔大,2026-03-03,12750.0,12039.559931106001
輔大,2026-03-04,12399.0,12575.112109981088
輔大,2026-03-05,12930.0,12686.930796401153
輔大,2026-03-06,13322.0,11397.58472036926
輔大,2026-03-07,8257.0,6425.5325982468685
輔大,2026-03-08,5539.0,5017.418045336444
輔大,2026-03-09,12091.0,11884.24823702086
輔大,2026-03-10,12784.0,12628.655661245755
輔大,2026-03-11,12901.0,12418.413465980619
輔大,2026-03-12,13027.0,12818.08593414187
輔大,2026-03-13,13305.0,13246.24940898562
輔大,2026-03-14,7130.0,7699.89796624835
輔大,2026-03-15,5479.0,5260.043900734616
輔大,2026-03-16,12039.0,11685.457557668698
輔大,2026-03-17,12803.0,12472.097316229354
輔大,2026-03-18,12719.0,12755.454173674569
輔大,2026-03-19,12620.0,12853.087111358685
輔大,2026-03-20,12928.0,12985.688847793
輔大,2026-03-21,7414.0,7709.229336745751
輔大,2026-03-22,6036.0,5462.734224643547
輔大,2026-03-23,11854.0,11207.32283432579
輔大,2026-03-24,12760.0,12460.212252424986
輔大,2026-03-25,12503.0,12696.570670871397
輔大,2026-03-26,12465.0,12585.623240284422
輔大,2026-03-27,12572.0,12949.741636779012
輔大,2026-03-28,6804.0,7364.800743680641
輔大,2026-03-29,4947.0,5435.085788903734
輔大,2026-03-30,11736.0,11368.515991882292
輔大,2026-03-31,12503.0,12288.942650697603
輔大,2026-04-01,12085.0,12450.425343403798
輔大,2026-04-02,7483.0,12260.462951716481
輔大,2026-04-03,4894.0,4872.172677241948
輔大,2026-04-04,4005.0,5042.668008107709
輔大,2026-04-05,4111.0,3918.562705473248
輔大,2026-04-06,3986.0,4351.0565642607435
輔大,2026-04-07,6667.0,10769.343418022072
輔大,2026-04-08,11813.0,9734.794511388985
輔大,2026-04-09,12462.0,11889.154767597289
輔大,2026-04-10,12591.0,12509.535174756882
輔大,2026-04-11,7795.0,8466.156971917557
輔大,2026-04-12,5299.0,5459.106324961371
輔大,2026-04-13,11595.0,10539.166103761976
輔大,2026-04-14,12202.0,12000.504371215315
輔大,2026-04-15,11957.0,11968.639357280097
輔大,2026-04-16,12360.0,12359.190574139368
輔大,2026-04-17,12384.0,12559.631669333936
輔大,2026-04-18,6795.0,7719.265462965014
輔大,2026-04-19,4770.0,5236.1294626158015
輔大,2026-04-20,11667.0,11375.333617844033
輔大,2026-04-21,12765.0,11991.545686566114
輔大,2026-04-22,12338.0,12427.09352753184
輔大,2026-04-23,12342.0,12299.019292626092
輔大,2026-04-24,12441.0,12435.550515346364
輔大,2026-04-25,7349.0,7962.657029565307
輔大,2026-04-26,6496.0,5378.562927143048
輔大,2026-04-27,11701.0,11441.734503642343
輔大,2026-04-28,12623.0,12246.617702483383
輔大,2026-04-29,12281.0,12454.06440088607
輔大,2026-04-30,13160.0,12295.16859419137
輔大,2026-05-01,6126.0,5907.805983097787
輔大,2026-05-02,5982.0,6157.9618510165
輔大,2026-05-03,4602.0,5265.877716977647
輔大,2026-05-04,11489.0,11108.177687356874
輔大,2026-05-05,12261.0,11854.950425719742
輔大,2026-05-06,12349.0,12106.636816021957
輔大,2026-05-07,12561.0,12472.15851731102
輔大,2026-05-08,12462.0,12579.49798437783
輔大,2026-05-09,6736.0,7421.533002829415
輔大,2026-05-10,4685.0,5680.949684649961
輔大,2026-05-11,11423.0,11395.422539017303
輔大,2026-05-12,12506.0,12088.13961849779
輔大,2026-05-13,11791.0,12085.784020610741
輔大,2026-05-14,12361.0,12220.468176862589
輔大,2026-05-15,13431.0,12549.689868383526
輔大,2026-05-16,8186.0,7000.198080488026
輔大,2026-05-17,6007.0,5208.845661369402
輔大,2026-05-18,11875.0,11333.010232768196
輔大,2026-05-19,12270.0,12223.253309830232
輔大,2026-05-20,12292.0,12188.451420062618
輔大,2026-05-21,12493.0,12369.96940817836
輔大,2026-05-22,12566.0,12840.658904785041
輔大,2026-05-23,7678.0,7860.100746592465
輔大,2026-05-24,5395.0,5761.89621581396
輔大,2026-05-25,11646.0,11577.318143174227
輔大,2026-05-26,12360.0,12155.943715320052
輔大,2026-05-27,12039.0,12118.31635373909
輔大,2026-05-28,12281.0,12220.853592892678
輔大,2026-05-29,12418.0,12557.321909245145
輔大,2026-05-30,7031.0,7904.614863174944
輔大,2026-05-31,5201.0,5621.77676360594
辛亥,2026-01-01,2084.0,3353.8346344440442
辛亥,2026-01-02,3584.0,3223.499230477611
辛亥,2026-01-03,2672.0,2916.58132694208
辛亥,2026-01-04,2323.0,2448.052694908132
辛亥,2026-01-05,3611.0,3612.087060921806
辛亥,2026-01-06,3667.0,3717.1255613732246
辛亥,2026-01-07,3678.0,3792.521582550347
辛亥,2026-01-08,3778.0,2635.419247394217
辛亥,2026-01-09,3985.0,3753.5937898235798
辛亥,2026-01-10,2988.0,2827.0862819075655
辛亥,2026-01-11,2320.0,2352.6519178104604
辛亥,2026-01-12,3526.0,3564.325753152623
辛亥,2026-01-13,3815.0,3694.8169101756494
辛亥,2026-01-14,4197.0,3738.679323645895
辛亥,2026-01-15,4128.0,4022.7571763140963
辛亥,2026-01-16,4299.0,4078.7019827543286
辛亥,2026-01-17,3077.0,2920.358601332977
辛亥,2026-01-18,2469.0,2526.4633277964867
辛亥,2026-01-19,3685.0,3570.7380749249305
辛亥,2026-01-20,3782.0,3739.044551151734
辛亥,2026-01-21,3686.0,3807.6858662683926
辛亥,2026-01-22,3710.0,3767.8329324842284
辛亥,2026-01-23,3928.0,3859.072244500371
辛亥,2026-01-24,2779.0,3058.451015679152
辛亥,2026-01-25,2441.0,2364.7404795925904
辛亥,2026-01-26,3684.0,3604.999359670988
辛亥,2026-01-27,3708.0,3782.217401330781
辛亥,2026-01-28,3736.0,3738.824110973363
辛亥,2026-01-29,3786.0,3748.6859759916015
辛亥,2026-01-30,3995.0,3906.4990902489317
辛亥,2026-01-31,2874.0,3119.412097057139
辛亥,2026-02-01,2219.0,2386.6661910525127
辛亥,2026-02-02,3688.0,3601.793269305458
辛亥,2026-02-03,3736.0,3731.191887829143
辛亥,2026-02-04,3816.0,3745.373939265699
辛亥,2026-02-05,3949.0,3807.495597183989
辛亥,2026-02-06,4052.0,3996.8369837359223
辛亥,2026-02-07,2770.0,3120.986440901963
辛亥,2026-02-08,2397.0,2296.961566451507
辛亥,2026-02-09,3660.0,3610.050940557407
辛亥,2026-02-10,3761.0,3705.575972461075
辛亥,2026-02-11,3811.0,3774.4233030512214
辛亥,2026-02-12,3976.0,3844.9153217297994
辛亥,2026-02-13,3696.0,4065.1663223610335
辛亥,2026-02-14,2324.0,2822.7334151760556
辛亥,2026-02-15,1879.0,2104.4431035419702
辛亥,2026-02-16,1540.0,1906.5114167908553
辛亥,2026-02-17,1502.0,1633.8475253594306
辛亥,2026-02-18,1727.0,1620.3304831116457
辛亥,2026-02-19,1894.0,1707.7463457159322
辛亥,2026-02-20,1972.0,1953.8336693941756
辛亥,2026-02-21,2456.0,2077.441281036846
辛亥,2026-02-22,2192.0,2197.0352289718653
辛亥,2026-02-23,3539.0,3337.842125437943
辛亥,2026-02-24,3684.0,3642.8569858034266
辛亥,2026-02-25,3826.0,3755.889986463886
辛亥,2026-02-26,3930.0,3888.2110724093463
辛亥,2026-02-27,2603.0,2772.0450843647673
辛亥,2026-02-28,2621.0,2286.821590447264
辛亥,2026-03-01,2255.0,2111.187905766377
辛亥,2026-03-02,3749.0,3496.3677570448
辛亥,2026-03-03,3891.0,3717.3302871650317
辛亥,2026-03-04,3944.0,3838.4432307472352
辛亥,2026-03-05,3848.0,3879.757102393834
辛亥,2026-03-06,3938.0,3304.4912553267045
辛亥,2026-03-07,2973.0,2639.5958589750753
辛亥,2026-03-08,2306.0,2279.1554804151824
辛亥,2026-03-09,3903.0,3588.2132334420535
辛亥,2026-03-10,3863.0,3861.04433445737
辛亥,2026-03-11,4123.0,3862.1218948104874
辛亥,2026-03-12,3863.0,3896.265797182263
辛亥,2026-03-13,4235.0,3897.1260067680014
辛亥,2026-03-14,3057.0,2926.940649343145
辛亥,2026-03-15,2496.0,2339.0191690379197
辛亥,2026-03-16,3895.0,3705.518144117392
辛亥,2026-03-17,4065.0,3883.975484141262
辛亥,2026-03-18,4230.0,4063.1111511374716
辛亥,2026-03-19,3919.0,3902.7033312949684
辛亥,2026-03-20,4116.0,4016.9272343896228
辛亥,2026-03-21,3453.0,3156.1724774356903
辛亥,2026-03-22,2713.0,2861.9206715554537
辛亥,2026-03-23,3823.0,3741.757733726225
辛亥,2026-03-24,3861.0,3981.37601545185
辛亥,2026-03-25,3953.0,4006.207469164321
辛亥,2026-03-26,3886.0,3924.864304244232
辛亥,2026-03-27,4004.0,4085.821543642908
辛亥,2026-03-28,2914.0,3323.3596725458624
辛亥,2026-03-29,2257.0,2508.1165261985316
辛亥,2026-03-30,3642.0,3720.0079706614183
辛亥,2026-03-31,3745.0,3735.4230066854016
辛亥,2026-04-01,3796.0,3889.649530998092
辛亥,2026-04-02,3821.0,3798.0878243216894
辛亥,2026-04-03,2380.0,2903.4728984941366
辛亥,2026-04-04,2280.0,2583.1970053660643
辛亥,2026-04-05,2351.0,2283.478603005728
辛亥,2026-04-06,1884.0,2194.5227367027696
辛亥,2026-04-07,3583.0,3118.8436482529905
辛亥,2026-04-08,4145.0,3691.248284050372
辛亥,2026-04-09,4175.0,3877.6826187435004
辛亥,2026-04-10,4324.0,3979.130262401818
辛亥,2026-04-11,2966.0,3025.5098339278416
辛亥,2026-04-12,2445.0,2342.864186476006
辛亥,2026-04-13,3693.0,3575.5074305250846
辛亥,2026-04-14,3739.0,3672.9044879925136
辛亥,2026-04-15,3841.0,3849.3894215493424
辛亥,2026-04-16,3774.0,3963.6378961809896
辛亥,2026-04-17,3937.0,3976.389202831481
辛亥,2026-04-18,2856.0,2762.844111186803
辛亥,2026-04-19,2369.0,2395.4386563723233
辛亥,2026-04-20,3673.0,3631.278000500185
辛亥,2026-04-21,3753.0,3713.5221371727825
辛亥,2026-04-22,3765.0,3792.196664417082
辛亥,2026-04-23,3656.0,3795.394027142233
辛亥,2026-04-24,3899.0,3807.5715736080906
辛亥,2026-04-25,2892.0,2990.0911465995873
辛亥,2026-04-26,2547.0,2390.850364218083
辛亥,2026-04-27,3555.0,3591.1247036106606
辛亥,2026-04-28,3871.0,3720.0756049583815
辛亥,2026-04-29,3759.0,3814.8733064967078
辛亥,2026-04-30,3936.0,3751.927872091658
辛亥,2026-05-01,2602.0,2723.990012586012
辛亥,2026-05-02,2693.0,2483.0935016158983
辛亥,2026-05-03,2264.0,2402.0898465397545
辛亥,2026-05-04,3630.0,3550.776569873411
辛亥,2026-05-05,3750.0,3741.213468996103
辛亥,2026-05-06,3929.0,3764.8776806182004
辛亥,2026-05-07,3906.0,3866.977133528424
辛亥,2026-05-08,3998.0,3945.806930180115
辛亥,2026-05-09,2819.0,2883.7483015899948
辛亥,2026-05-10,2207.0,2456.3971855617015
辛亥,2026-05-11,3734.0,3588.644089908728
辛亥,2026-05-12,3782.0,3776.3516164168086
辛亥,2026-05-13,3771.0,3796.64279944021
辛亥,2026-05-14,3772.0,3828.358430110364
辛亥,2026-05-15,4122.0,3863.514769252035
辛亥,2026-05-16,3138.0,2846.588740846026
辛亥,2026-05-17,2498.0,2492.055419404082
辛亥,2026-05-18,3709.0,3631.6304537756996
辛亥,2026-05-19,3717.0,3782.449717908654
辛亥,2026-05-20,3730.0,3789.2680313963224
辛亥,2026-05-21,3777.0,3797.420627051971
辛亥,2026-05-22,3923.0,3991.048143450004
辛亥,2026-05-23,3020.0,3009.3422361807584
辛亥,2026-05-24,2518.0,2524.014257693461
辛亥,2026-05-25,3600.0,3595.9174287564865
辛亥,2026-05-26,3665.0,3708.2135899370087
辛亥,2026-05-27,3787.0,3707.879632457712
辛亥,2026-05-28,3790.0,3809.048001711523
辛亥,2026-05-29,3913.0,3916.4689339058186
辛亥,2026-05-30,3134.0,3081.5016031660125
辛亥,2026-05-31,2255.0,2613.8678583133556
迴龍,2026-01-01,5868.0,7631.191817154794
迴龍,2026-01-02,12315.0,12378.540179528827
迴龍,2026-01-03,7990.0,8208.85555684185
迴龍,2026-01-04,6635.0,6732.963845772549
迴龍,2026-01-05,12308.0,12137.858667809121
迴龍,2026-01-06,12403.0,12732.913951096572
迴龍,2026-01-07,12444.0,12585.719405212702
迴龍,2026-01-08,12490.0,11457.002850936366
迴龍,2026-01-09,13215.0,12670.054701230612
迴龍,2026-01-10,9138.0,8399.924755505694
迴龍,2026-01-11,7250.0,7091.77625957833
迴龍,2026-01-12,12131.0,12174.164694064406
迴龍,2026-01-13,12443.0,12443.705650359556
迴龍,2026-01-14,12527.0,12075.660884882172
迴龍,2026-01-15,12377.0,12671.204849563283
迴龍,2026-01-16,13184.0,12924.504660623681
迴龍,2026-01-17,9303.0,8634.04510919353
迴龍,2026-01-18,7585.0,7008.658598270193
迴龍,2026-01-19,11439.0,12036.270127638809
迴龍,2026-01-20,11797.0,12079.370295572515
迴龍,2026-01-21,11424.0,12212.382617752677
迴龍,2026-01-22,11462.0,12044.440627074418
迴龍,2026-01-23,12127.0,12619.878318247793
迴龍,2026-01-24,8975.0,9067.512585973009
迴龍,2026-01-25,7599.0,7329.355223408287
迴龍,2026-01-26,11213.0,11469.417097440864
迴龍,2026-01-27,11323.0,11661.957039140956
迴龍,2026-01-28,11254.0,11509.183408083318
迴龍,2026-01-29,11687.0,11479.86540756205
迴龍,2026-01-30,11890.0,12249.054496157096
迴龍,2026-01-31,8728.0,8682.97073704409
迴龍,2026-02-01,6837.0,7274.911505468662
迴龍,2026-02-02,10570.0,11148.059075341229
迴龍,2026-02-03,11367.0,11103.204347569803
迴龍,2026-02-04,11663.0,11408.573626507745
迴龍,2026-02-05,11817.0,11615.650874915656
迴龍,2026-02-06,12049.0,11907.279790844572
迴龍,2026-02-07,8716.0,8532.077882489388
迴龍,2026-02-08,7344.0,7033.883553529818
迴龍,2026-02-09,10842.0,10881.816239530224
迴龍,2026-02-10,11307.0,11201.19135380469
迴龍,2026-02-11,11298.0,11486.20819600906
迴龍,2026-02-12,11134.0,11488.155855496092
迴龍,2026-02-13,11083.0,11626.71049987364
迴龍,2026-02-14,7350.0,8502.662512690455
迴龍,2026-02-15,5781.0,6493.227464818438
迴龍,2026-02-16,4165.0,5389.040694950161
迴龍,2026-02-17,5180.0,4127.273820947038
迴龍,2026-02-18,5995.0,4962.431441302615
迴龍,2026-02-19,6666.0,5937.078818586741
迴龍,2026-02-20,6866.0,6475.369448289181
迴龍,2026-02-21,7846.0,7016.927447799922
迴龍,2026-02-22,6727.0,6469.984599394885
迴龍,2026-02-23,11389.0,10153.779408842796
迴龍,2026-02-24,11724.0,11543.984725835167
迴龍,2026-02-25,12110.0,11776.847041312723
迴龍,2026-02-26,12870.0,11992.727678732754
迴龍,2026-02-27,8248.0,6872.451899450137
迴龍,2026-02-28,8512.0,7170.8748311122135
迴龍,2026-03-01,7076.0,6644.836197870597
迴龍,2026-03-02,12026.0,11219.042601830362
迴龍,2026-03-03,12084.0,12104.963124277892
迴龍,2026-03-04,11985.0,12156.381428521832
迴龍,2026-03-05,12910.0,12552.034784981228
迴龍,2026-03-06,13659.0,12418.009839593338
迴龍,2026-03-07,9812.0,8535.443067404904
迴龍,2026-03-08,7610.0,7321.927408743766
迴龍,2026-03-09,12491.0,11965.066403226516
迴龍,2026-03-10,12680.0,12304.608068639063
迴龍,2026-03-11,13301.0,12493.751843454465
迴龍,2026-03-12,12964.0,12799.115627979047
迴龍,2026-03-13,13763.0,13380.858314863628
迴龍,2026-03-14,9593.0,9284.45750739954
迴龍,2026-03-15,7787.0,7661.511072694021
迴龍,2026-03-16,12628.0,12272.030665030765
迴龍,2026-03-17,13005.0,12757.70625079263
迴龍,2026-03-18,13199.0,13069.137465573098
迴龍,2026-03-19,12854.0,12899.81865848286
迴龍,2026-03-20,13608.0,13636.417450598972
迴龍,2026-03-21,9478.0,9455.140135821262
迴龍,2026-03-22,8057.0,7812.106863411071
迴龍,2026-03-23,12597.0,12318.502887602364
迴龍,2026-03-24,12938.0,12785.215162576798
迴龍,2026-03-25,12872.0,13102.486494096194
迴龍,2026-03-26,12929.0,12923.703062728327
迴龍,2026-03-27,13591.0,13722.608622626365
迴龍,2026-03-28,9104.0,9209.943491402342
迴龍,2026-03-29,7300.0,7578.195493046702
迴龍,2026-03-30,12507.0,12335.602471011289
迴龍,2026-03-31,12685.0,12747.686479574646
迴龍,2026-04-01,12938.0,12937.952548728705
迴龍,2026-04-02,12960.0,12858.048804867054
迴龍,2026-04-03,7655.0,7630.24717943802
迴龍,2026-04-04,6683.0,7531.344109985986
迴龍,2026-04-05,7191.0,6437.26741227147
迴龍,2026-04-06,5994.0,6182.289762466688
迴龍,2026-04-07,11978.0,12181.438718508083
迴龍,2026-04-08,12736.0,12574.876871957726
迴龍,2026-04-09,13065.0,12854.03902531613
迴龍,2026-04-10,13653.0,13420.095057264738
迴龍,2026-04-11,9429.0,8465.484048493761
迴龍,2026-04-12,7514.0,7348.843131516377
迴龍,2026-04-13,12485.0,11994.972206104054
迴龍,2026-04-14,12773.0,12445.451433928525
迴龍,2026-04-15,12832.0,12844.814546090278
迴龍,2026-04-16,12737.0,13019.312363311528
迴龍,2026-04-17,13290.0,13370.005733828737
迴龍,2026-04-18,9052.0,8752.537878192345
迴龍,2026-04-19,7587.0,7328.2158395068545
迴龍,2026-04-20,12371.0,12152.112195886592
迴龍,2026-04-21,12611.0,12483.87400353812
迴龍,2026-04-22,12821.0,12773.444714745216
迴龍,2026-04-23,12605.0,12844.038589176886
迴龍,2026-04-24,13207.0,13195.009683887858
迴龍,2026-04-25,8782.0,9162.0262863469
迴龍,2026-04-26,7636.0,7267.751526734976
迴龍,2026-04-27,12602.0,12240.589091979813
迴龍,2026-04-28,12887.0,12715.738284967423
迴龍,2026-04-29,12859.0,12906.453405858198
迴龍,2026-04-30,13042.0,12854.413296028628
迴龍,2026-05-01,8275.0,7480.595226090986
迴龍,2026-05-02,8199.0,7435.381252683915
迴龍,2026-05-03,7066.0,6802.157930904049
迴龍,2026-05-04,12404.0,12212.047560498113
迴龍,2026-05-05,12467.0,12604.548336092083
迴龍,2026-05-06,12949.0,12617.834180796146
迴龍,2026-05-07,12948.0,12918.892442905402
迴龍,2026-05-08,13334.0,13211.039040152868
迴龍,2026-05-09,8792.0,8581.007140759295
迴龍,2026-05-10,7182.0,7171.535013770685
迴龍,2026-05-11,12534.0,12221.771408729699
迴龍,2026-05-12,12690.0,12621.706257777061
迴龍,2026-05-13,12538.0,12786.893388134065
迴龍,2026-05-14,12360.0,12864.700870378527
迴龍,2026-05-15,13826.0,12983.828055799479
迴龍,2026-05-16,9645.0,8425.153498058877
迴龍,2026-05-17,8038.0,7300.190241793883
迴龍,2026-05-18,12366.0,12286.330688082757
迴龍,2026-05-19,12670.0,12550.101955496988
迴龍,2026-05-20,12811.0,12750.451459617616
迴龍,2026-05-21,12808.0,12628.390989912183
迴龍,2026-05-22,13371.0,13440.004238891195
迴龍,2026-05-23,9922.0,9393.220356231188
迴龍,2026-05-24,7902.0,7895.261145517497
迴龍,2026-05-25,12105.0,12275.587824148623
迴龍,2026-05-26,12674.0,12549.37047888092
迴龍,2026-05-27,12765.0,12699.750452702372
迴龍,2026-05-28,12881.0,12738.40594861686
迴龍,2026-05-29,13200.0,13414.052345174154
迴龍,2026-05-30,9318.0,9756.101400408412
迴龍,2026-05-31,7118.0,7646.628916246905
關渡,2026-01-01,6464.0,8538.727460767861
關渡,2026-01-02,12499.0,14129.026850359869
關渡,2026-01-03,8397.0,9262.719098751195
關渡,2026-01-04,7687.0,6982.855804688903
關渡,2026-01-05,14743.0,14159.741152639444
關渡,2026-01-06,14737.0,14998.894161915423
關渡,2026-01-07,14691.0,15743.903274539016
關渡,2026-01-08,14845.0,12143.520705419647
關渡,2026-01-09,15006.0,13601.772779296949
關渡,2026-01-10,9088.0,8216.439978223336
關渡,2026-01-11,7454.0,7242.648199856514
關渡,2026-01-12,12913.0,14344.911183309561
關渡,2026-01-13,13516.0,14470.699032235158
關渡,2026-01-14,13433.0,12730.972365558586
關渡,2026-01-15,13676.0,14058.695744980289
關渡,2026-01-16,14191.0,14278.955854338476
關渡,2026-01-17,9716.0,9275.84831550775
關渡,2026-01-18,8395.0,7676.218723216457
關渡,2026-01-19,13297.0,13164.333595000278
關渡,2026-01-20,13026.0,13732.504162741718
關渡,2026-01-21,12930.0,13633.785107358914
關渡,2026-01-22,12713.0,13874.844843236435
關渡,2026-01-23,12735.0,14021.426343133217
關渡,2026-01-24,8687.0,9373.692533837346
關渡,2026-01-25,8568.0,7159.28139280727
關渡,2026-01-26,13409.0,13061.202008863958
關渡,2026-01-27,12816.0,13410.197346403118
關渡,2026-01-28,13081.0,12895.906194899728
關渡,2026-01-29,13632.0,12958.55485027007
關渡,2026-01-30,13656.0,13583.035138825077
關渡,2026-01-31,8263.0,8768.991748957167
關渡,2026-02-01,6243.0,7516.881306157537
關渡,2026-02-02,12535.0,13152.277215734104
關渡,2026-02-03,13416.0,12773.551556686072
關渡,2026-02-04,14003.0,13420.5401382554
關渡,2026-02-05,13759.0,13972.58296788975
關渡,2026-02-06,13678.0,13768.056174229572
關渡,2026-02-07,7977.0,8543.022166940673
關渡,2026-02-08,6659.0,7052.23440840967
關渡,2026-02-09,12782.0,12587.197733805755
關渡,2026-02-10,13598.0,13088.27664506729
關渡,2026-02-11,12994.0,13648.500995694392
關渡,2026-02-12,13169.0,13296.852150733795
關渡,2026-02-13,12618.0,13694.439953390458
關渡,2026-02-14,7675.0,8227.304214587186
關渡,2026-02-15,6620.0,6172.569334091362
關渡,2026-02-16,4422.0,5964.355675782593
關渡,2026-02-17,17474.0,7076.893587856874
關渡,2026-02-18,13354.0,11223.648164652337
關渡,2026-02-19,16115.0,8821.002076892877
關渡,2026-02-20,14321.0,10230.491466409405
關渡,2026-02-21,13261.0,8620.620441420975
關渡,2026-02-22,10050.0,8033.068290407607
關渡,2026-02-23,14756.0,12411.50933824998
關渡,2026-02-24,14940.0,15094.38710850888
關渡,2026-02-25,14912.0,14258.047630113155
關渡,2026-02-26,15692.0,15446.870503238539
關渡,2026-02-27,8807.0,9732.471964641025
關渡,2026-02-28,9107.0,8307.96228973777
關渡,2026-03-01,7305.0,7754.448650893049
關渡,2026-03-02,14842.0,13491.70498967781
關渡,2026-03-03,14960.0,12719.287669137033
關渡,2026-03-04,15262.0,14761.648851884222
關渡,2026-03-05,15181.0,15420.714609036499
關渡,2026-03-06,15763.0,14730.88743662734
關渡,2026-03-07,9157.0,10589.909433261479
關渡,2026-03-08,7742.0,7782.225934161525
關渡,2026-03-09,14826.0,14461.527746461605
關渡,2026-03-10,14923.0,14927.481435616355
關渡,2026-03-11,15808.0,15002.431724831005
關渡,2026-03-12,15540.0,15382.46820328398
關渡,2026-03-13,16584.0,15751.327052453791
關渡,2026-03-14,10082.0,11036.997212297121
關渡,2026-03-15,8434.0,7981.319008922532
關渡,2026-03-16,14987.0,14567.350093441026
關渡,2026-03-17,15576.0,15085.809232354233
關渡,2026-03-18,15815.0,15579.907302062598
關渡,2026-03-19,15230.0,15576.382973827798
關渡,2026-03-20,16021.0,15719.936075149895
關渡,2026-03-21,10311.0,10602.821690722216
關渡,2026-03-22,8963.0,8106.791176036923
關渡,2026-03-23,14544.0,14647.318851402973
關渡,2026-03-24,15403.0,15034.36783964537
關渡,2026-03-25,15178.0,15580.916917331468
關渡,2026-03-26,15254.0,15344.814312972581
關渡,2026-03-27,15111.0,15888.31430128123
關渡,2026-03-28,9361.0,10114.309587037053
關渡,2026-03-29,7848.0,8245.347411289706
關渡,2026-03-30,14947.0,14516.194858218578
關渡,2026-03-31,15125.0,15203.337585386262
關渡,2026-04-01,15115.0,15293.181595472983
關渡,2026-04-02,15876.0,15250.905891401057
關渡,2026-04-03,7515.0,10211.75343699071
關渡,2026-04-04,6198.0,7556.967948418139
關渡,2026-04-05,7124.0,6546.339179569785
關渡,2026-04-06,6153.0,6892.090731641378
關渡,2026-04-07,14341.0,14740.547862864376
關渡,2026-04-08,15003.0,14744.003344131674
關渡,2026-04-09,15426.0,15107.463383487007
關渡,2026-04-10,15993.0,15291.567993397402
關渡,2026-04-11,9738.0,8928.684919620138
關渡,2026-04-12,7873.0,7697.59000589674
關渡,2026-04-13,14755.0,14527.188727783325
關渡,2026-04-14,15301.0,14864.062380194711
關渡,2026-04-15,15280.0,15055.645492433663
關渡,2026-04-16,14967.0,15372.54836691601
關渡,2026-04-17,16321.0,15381.495760162348
關渡,2026-04-18,10436.0,10400.688593938445
關渡,2026-04-19,8136.0,8173.88876397264
關渡,2026-04-20,14780.0,13892.249762824596
關渡,2026-04-21,15374.0,15011.900161459585
關渡,2026-04-22,15482.0,15343.519668827628
關渡,2026-04-23,14803.0,15003.98064391098
關渡,2026-04-24,14913.0,15629.632944078685
關渡,2026-04-25,8749.0,10111.465655284526
關渡,2026-04-26,9392.0,7287.441234830807
關渡,2026-04-27,14586.0,14424.5601015641
關渡,2026-04-28,15337.0,14961.228434350838
關渡,2026-04-29,15013.0,15154.596827090187
關渡,2026-04-30,15574.0,14982.995113637495
關渡,2026-05-01,9640.0,9811.060131178056
關渡,2026-05-02,9239.0,8792.883619546243
關渡,2026-05-03,7621.0,7988.530167204668
關渡,2026-05-04,14827.0,14457.324815770835
關渡,2026-05-05,14987.0,15097.198597007353
關渡,2026-05-06,16002.0,14948.738542842952
關渡,2026-05-07,15565.0,15644.649288872346
關渡,2026-05-08,15744.0,15500.550019106458
關渡,2026-05-09,9761.0,9359.433774183066
關渡,2026-05-10,7287.0,8135.461414657153
關渡,2026-05-11,14887.0,14434.919134593352
關渡,2026-05-12,15511.0,15015.729546885661
關渡,2026-05-13,14855.0,15467.920510633852
關渡,2026-05-14,14286.0,15174.119406224303
關渡,2026-05-15,15618.0,14886.78459274329
關渡,2026-05-16,10966.0,9782.129918622935
關渡,2026-05-17,8943.0,8053.06700429216
關渡,2026-05-18,14750.0,14548.339027278977
關渡,2026-05-19,15390.0,15078.696741092177
關渡,2026-05-20,15671.0,15356.26266503225
關渡,2026-05-21,15033.0,14998.339995554987
關渡,2026-05-22,15346.0,15454.42727626322
關渡,2026-05-23,9666.0,10648.696551757595
關渡,2026-05-24,7781.0,7948.895698678509
關渡,2026-05-25,14228.0,14514.911500045437
關渡,2026-05-26,15219.0,15121.715876371849
關渡,2026-05-27,15157.0,15269.045856014354
關渡,2026-05-28,14795.0,14973.87427161721
關渡,2026-05-29,15238.0,15259.634600335065
關渡,2026-05-30,9258.0,10082.905804237409
關渡,2026-05-31,7766.0,7767.925303263346
雙連,2026-01-01,15131.0,16840.003798191487
雙連,2026-01-02,23280.0,24147.658698992393
雙連,2026-01-03,18787.0,18509.974863063326
雙連,2026-01-04,13478.0,14079.287636100564
雙連,2026-01-05,22041.0,21644.215989685057
雙連,2026-01-06,22856.0,23355.28602122509
雙連,2026-01-07,22770.0,24050.996896968412
雙連,2026-01-08,23075.0,18254.828581592312
雙連,2026-01-09,24714.0,23889.916045979353
雙連,2026-01-10,19917.0,18536.110587147854
雙連,2026-01-11,15266.0,14631.68585627441
雙連,2026-01-12,22272.0,22633.863528009384
雙連,2026-01-13,23189.0,23418.522604429345
雙連,2026-01-14,24210.0,24108.774853548577
雙連,2026-01-15,24147.0,24089.11236279108
雙連,2026-01-16,25713.0,24831.579032351096
雙連,2026-01-17,19391.0,18926.757476081093
雙連,2026-01-18,14587.0,15049.673604335543
雙連,2026-01-19,22077.0,22207.35454416367
雙連,2026-01-20,23161.0,22739.634693680102
雙連,2026-01-21,22129.0,23576.147128700606
雙連,2026-01-22,22566.0,23148.609046668756
雙連,2026-01-23,24046.0,24266.49973812889
雙連,2026-01-24,19412.0,18918.002325849808
雙連,2026-01-25,15067.0,14361.971956041989
雙連,2026-01-26,22743.0,22288.288970746573
雙連,2026-01-27,23057.0,23098.508209659198
雙連,2026-01-28,23366.0,23241.22346404547
雙連,2026-01-29,22962.0,23438.130493960412
雙連,2026-01-30,24749.0,24186.097343976817
雙連,2026-01-31,19749.0,19122.30634059321
雙連,2026-02-01,14255.0,14902.094069379958
雙連,2026-02-02,22285.0,22322.043743203783
雙連,2026-02-03,24181.0,22910.5068525501
雙連,2026-02-04,24067.0,23976.66086000111
雙連,2026-02-05,24314.0,23950.986740557382
雙連,2026-02-06,25563.0,24850.41511232913
雙連,2026-02-07,21148.0,19063.2065922868
雙連,2026-02-08,16235.0,14705.764045469796
雙連,2026-02-09,23374.0,22753.6576015591
雙連,2026-02-10,24176.0,23947.098572710343
雙連,2026-02-11,24010.0,24249.176699872056
雙連,2026-02-12,23954.0,24019.034411496144
雙連,2026-02-13,23908.0,25051.12799840785
雙連,2026-02-14,18069.0,18953.959390199798
雙連,2026-02-15,12442.0,15195.438927629006
雙連,2026-02-16,6914.0,10579.37798557356
雙連,2026-02-17,10823.0,8568.035867790533
雙連,2026-02-18,10541.0,9555.993550371595
雙連,2026-02-19,12775.0,10090.896778823177
雙連,2026-02-20,15639.0,12532.309751224
雙連,2026-02-21,15986.0,15193.688581149718
雙連,2026-02-22,12686.0,13963.2043340444
雙連,2026-02-23,21362.0,21385.690539075928
雙連,2026-02-24,21869.0,22353.87049121682
雙連,2026-02-25,22748.0,22799.04577432647
雙連,2026-02-26,23383.0,23356.952153184367
雙連,2026-02-27,17249.0,15857.375914772587
雙連,2026-02-28,17687.0,15403.671047117017
雙連,2026-03-01,13471.0,13047.355935615518
雙連,2026-03-02,22059.0,20974.35530020905
雙連,2026-03-03,22158.0,22094.211007026195
雙連,2026-03-04,22444.0,22643.840988719836
雙連,2026-03-05,22951.0,22754.787431349698
雙連,2026-03-06,24475.0,17802.180963459472
雙連,2026-03-07,20648.0,17363.420801211454
雙連,2026-03-08,14759.0,14127.983542126014
雙連,2026-03-09,22301.0,22151.360808674715
雙連,2026-03-10,22500.0,22487.8293839355
雙連,2026-03-11,23649.0,22713.884812111646
雙連,2026-03-12,23180.0,23161.808293720176
雙連,2026-03-13,24847.0,24336.40927581345
雙連,2026-03-14,20889.0,19522.475549072853
雙連,2026-03-15,15531.0,14841.4204180354
雙連,2026-03-16,22172.0,22452.31299136959
雙連,2026-03-17,22724.0,22684.703354649468
雙連,2026-03-18,23078.0,22975.74399619264
雙連,2026-03-19,22589.0,23000.199352233274
雙連,2026-03-20,25548.0,24249.00940770645
雙連,2026-03-21,22750.0,20564.760736057247
雙連,2026-03-22,15053.0,15135.247349590998
雙連,2026-03-23,22206.0,22347.19852152814
雙連,2026-03-24,22524.0,22698.233670880985
雙連,2026-03-25,23176.0,22969.066442506402
雙連,2026-03-26,22832.0,23206.77556536166
雙連,2026-03-27,24005.0,24748.647686681998
雙連,2026-03-28,19835.0,18617.48564981452
雙連,2026-03-29,14242.0,15343.494449552312
雙連,2026-03-30,22595.0,22346.620077275245
雙連,2026-03-31,22890.0,22911.481165656332
雙連,2026-04-01,22825.0,23056.03266631108
雙連,2026-04-02,24226.0,22970.578167182193
雙連,2026-04-03,16122.0,14794.0914644009
雙連,2026-04-04,14806.0,15992.394037189792
雙連,2026-04-05,14317.0,12707.425372440253
雙連,2026-04-06,12616.0,13302.195447324197
雙連,2026-04-07,21988.0,22001.615958888106
雙連,2026-04-08,22779.0,22717.779725517878
雙連,2026-04-09,22849.0,23119.260718332855
雙連,2026-04-10,24982.0,23987.339163572167
雙連,2026-04-11,21219.0,18188.39523441564
雙連,2026-04-12,14682.0,14314.42353331852
雙連,2026-04-13,22198.0,22166.6676216628
雙連,2026-04-14,22289.0,22597.89969015166
雙連,2026-04-15,22480.0,22665.07689092713
雙連,2026-04-16,22288.0,23297.727031348833
雙連,2026-04-17,24019.0,24207.79447301217
雙連,2026-04-18,20236.0,18399.546197333326
雙連,2026-04-19,14783.0,14661.965711866575
雙連,2026-04-20,21714.0,21961.62994037528
雙連,2026-04-21,22458.0,22243.435457599957
雙連,2026-04-22,23066.0,22646.570224608455
雙連,2026-04-23,22500.0,22989.027954252935
雙連,2026-04-24,24579.0,24020.129224352222
雙連,2026-04-25,19450.0,20184.17932884899
雙連,2026-04-26,15657.0,14634.628955849706
雙連,2026-04-27,22685.0,21939.923343006398
雙連,2026-04-28,22986.0,22676.380072370725
雙連,2026-04-29,23301.0,23018.356457908925
雙連,2026-04-30,24290.0,22759.837987792118
雙連,2026-05-01,18301.0,13904.279343641485
雙連,2026-05-02,17906.0,17140.54036902304
雙連,2026-05-03,14648.0,14470.425499135126
雙連,2026-05-04,23387.0,21849.68732909157
雙連,2026-05-05,23192.0,23204.674348648834
雙連,2026-05-06,23292.0,23326.369654771366
雙連,2026-05-07,22845.0,23561.47066607429
雙連,2026-05-08,24233.0,24032.855356903983
雙連,2026-05-09,19360.0,18594.118445364005
雙連,2026-05-10,13730.0,15143.582469874176
雙連,2026-05-11,22202.0,22569.837071989983
雙連,2026-05-12,22615.0,22868.40517050012
雙連,2026-05-13,23667.0,22970.903163952335
雙連,2026-05-14,23030.0,23781.052728582312
雙連,2026-05-15,25932.0,24143.59925442933
雙連,2026-05-16,20988.0,18935.655274677876
雙連,2026-05-17,15918.0,14744.538466153122
雙連,2026-05-18,21884.0,22708.78123761631
雙連,2026-05-19,22284.0,22785.737244462507
雙連,2026-05-20,22967.0,22950.9241779964
雙連,2026-05-21,22825.0,22991.31106677882
雙連,2026-05-22,24079.0,24546.392255618463
雙連,2026-05-23,20832.0,19290.953311738696
雙連,2026-05-24,15292.0,15430.919963086859
雙連,2026-05-25,22375.0,22290.455552825453
雙連,2026-05-26,22746.0,22472.028057475054
雙連,2026-05-27,23301.0,23109.173936891137
雙連,2026-05-28,22751.0,22855.527283143874
雙連,2026-05-29,24026.0,24123.97763673827
雙連,2026-05-30,20572.0,20612.489007216165
雙連,2026-05-31,15098.0,15806.478693617095
頂埔,2026-01-01,5280.0,6098.1805736989045
頂埔,2026-01-02,10662.0,10766.15183004389
頂埔,2026-01-03,6388.0,6859.491033127851
頂埔,2026-01-04,5930.0,5518.9110195953745
頂埔,2026-01-05,11177.0,10974.239143167342
頂埔,2026-01-06,11461.0,11312.767977242269
頂埔,2026-01-07,11225.0,11291.789031066286
頂埔,2026-01-08,11353.0,10293.777547394593
頂埔,2026-01-09,12203.0,11188.800894548154
頂埔,2026-01-10,7101.0,7120.649275047393
頂埔,2026-01-11,6008.0,5950.943017339409
頂埔,2026-01-12,11169.0,11012.629582103978
頂埔,2026-01-13,11390.0,11361.611962445977
頂埔,2026-01-14,11220.0,10806.218088128102
頂埔,2026-01-15,11354.0,11270.168002273265
頂埔,2026-01-16,11923.0,11735.73103237326
頂埔,2026-01-17,7184.0,7188.9887752978875
頂埔,2026-01-18,6139.0,5946.525399487762
頂埔,2026-01-19,11116.0,11017.08479297809
頂埔,2026-01-20,11710.0,11191.576404081028
頂埔,2026-01-21,11338.0,11157.40597073075
頂埔,2026-01-22,11277.0,11255.222337223177
頂埔,2026-01-23,11961.0,11542.944559458725
頂埔,2026-01-24,7216.0,7107.909282816529
頂埔,2026-01-25,6355.0,6017.551819506946
頂埔,2026-01-26,11077.0,10960.16376038749
頂埔,2026-01-27,11276.0,11344.193524177983
頂埔,2026-01-28,11096.0,11138.588825742068
頂埔,2026-01-29,11659.0,11129.50482717415
頂埔,2026-01-30,12078.0,11712.852131414727
頂埔,2026-01-31,7124.0,7127.655301632406
頂埔,2026-02-01,5868.0,6070.646965448636
頂埔,2026-02-02,11058.0,10876.686914881198
頂埔,2026-02-03,11971.0,11273.083873981184
頂埔,2026-02-04,11709.0,11342.369273783368
頂埔,2026-02-05,11800.0,11605.705620804025
頂埔,2026-02-06,12136.0,11964.958909218587
頂埔,2026-02-07,8794.0,7114.171910623902
頂埔,2026-02-08,6502.0,6537.27356073229
頂埔,2026-02-09,11527.0,10949.71041901935
頂埔,2026-02-10,12093.0,11665.642010795069
頂埔,2026-02-11,11760.0,12043.465930857628
頂埔,2026-02-12,11026.0,11709.823250368087
頂埔,2026-02-13,10260.0,11641.26311697785
頂埔,2026-02-14,6687.0,7708.679660670051
頂埔,2026-02-15,5781.0,5664.633816218238
頂埔,2026-02-16,4083.0,5100.524647315191
頂埔,2026-02-17,5151.0,3993.7310230156127
頂埔,2026-02-18,5917.0,4566.315529789427
頂埔,2026-02-19,6091.0,6034.725146236148
頂埔,2026-02-20,5902.0,6441.254308017821
頂埔,2026-02-21,6504.0,6664.682849894888
頂埔,2026-02-22,6384.0,5711.3244861987105
頂埔,2026-02-23,10991.0,9931.553585863257
頂埔,2026-02-24,11468.0,11179.157422787237
頂埔,2026-02-25,11528.0,11593.159637713588
頂埔,2026-02-26,12079.0,11375.088163199818
頂埔,2026-02-27,6878.0,6095.862581032901
頂埔,2026-02-28,6843.0,5977.396488896097
頂埔,2026-03-01,5732.0,5798.584912003303
頂埔,2026-03-02,11340.0,10524.242610706582
頂埔,2026-03-03,11302.0,11304.828291528387
頂埔,2026-03-04,11320.0,11323.369666600212
頂埔,2026-03-05,11670.0,11416.944578366809
頂埔,2026-03-06,12045.0,10103.499590319507
頂埔,2026-03-07,7727.0,7133.037512289722
頂埔,2026-03-08,6438.0,6184.258159986844
頂埔,2026-03-09,11358.0,11057.991126734867
頂埔,2026-03-10,11452.0,11254.31289783097
頂埔,2026-03-11,11819.0,11252.684440164316
頂埔,2026-03-12,11880.0,11808.478744654578
頂埔,2026-03-13,12427.0,11867.923850472853
頂埔,2026-03-14,7944.0,7558.040546403491
頂埔,2026-03-15,6598.0,6237.277210700048
頂埔,2026-03-16,11260.0,11164.688471229425
頂埔,2026-03-17,11560.0,11404.28160707996
頂埔,2026-03-18,11521.0,11508.69760882603
頂埔,2026-03-19,11538.0,11525.764560806901
頂埔,2026-03-20,12183.0,12019.775012035472
頂埔,2026-03-21,7657.0,7776.5698023826835
頂埔,2026-03-22,6751.0,6314.377178884885
頂埔,2026-03-23,11270.0,11056.487741881858
頂埔,2026-03-24,11629.0,11365.181286787287
頂埔,2026-03-25,11560.0,11435.494850635285
頂埔,2026-03-26,11545.0,11359.47611405569
頂埔,2026-03-27,11947.0,12102.863190490165
頂埔,2026-03-28,7157.0,7676.187411604148
頂埔,2026-03-29,6151.0,6310.824329680542
頂埔,2026-03-30,11409.0,11008.204684238794
頂埔,2026-03-31,11455.0,11493.24269841488
頂埔,2026-04-01,11299.0,11471.224139777163
頂埔,2026-04-02,11887.0,11369.769175602181
頂埔,2026-04-03,6315.0,6035.766491121984
頂埔,2026-04-04,5671.0,6174.875460781622
頂埔,2026-04-05,6221.0,5534.682885757199
頂埔,2026-04-06,5351.0,5833.598277969296
頂埔,2026-04-07,11233.0,12325.64802402145
頂埔,2026-04-08,11553.0,11421.873756762147
頂埔,2026-04-09,11740.0,11714.797757876311
頂埔,2026-04-10,12360.0,11933.089866125705
頂埔,2026-04-11,7552.0,7102.332444582105
頂埔,2026-04-12,6676.0,6180.346955007137
頂埔,2026-04-13,11321.0,10608.517141153188
頂埔,2026-04-14,11492.0,11287.2347590808
頂埔,2026-04-15,11622.0,11395.515454619737
頂埔,2026-04-16,11661.0,11464.712601859468
頂埔,2026-04-17,12095.0,11627.774843072286
頂埔,2026-04-18,7365.0,7522.979281898661
頂埔,2026-04-19,6417.0,6109.141023672564
頂埔,2026-04-20,11487.0,10833.563115579957
頂埔,2026-04-21,11661.0,11449.499239328488
頂埔,2026-04-22,11671.0,11518.139459144615
頂埔,2026-04-23,11513.0,11489.419438665445
頂埔,2026-04-24,11761.0,12034.535756439782
頂埔,2026-04-25,7200.0,7318.796355869295
頂埔,2026-04-26,6546.0,6297.026938063409
頂埔,2026-04-27,11497.0,11257.803188558239
頂埔,2026-04-28,11819.0,11498.481904046119
頂埔,2026-04-29,11548.0,11668.423509391747
頂埔,2026-04-30,11955.0,11425.399738634731
頂埔,2026-05-01,6902.0,6820.101614989042
頂埔,2026-05-02,6731.0,6230.340892866045
頂埔,2026-05-03,6327.0,5791.620376218278
頂埔,2026-05-04,11188.0,11200.09059605884
頂埔,2026-05-05,11492.0,11361.477966451233
頂埔,2026-05-06,11960.0,11364.979582565924
頂埔,2026-05-07,11867.0,11958.73790555849
頂埔,2026-05-08,12230.0,11913.1170892417
頂埔,2026-05-09,7325.0,7201.133173202065
頂埔,2026-05-10,6430.0,6223.197117344152
頂埔,2026-05-11,11712.0,10994.206769488987
頂埔,2026-05-12,11815.0,11617.608950128579
頂埔,2026-05-13,11483.0,11808.55057306893
頂埔,2026-05-14,11497.0,11453.0420979933
頂埔,2026-05-15,12501.0,11513.602136186852
頂埔,2026-05-16,7899.0,7221.952190146186
頂埔,2026-05-17,6753.0,6376.848490755832
頂埔,2026-05-18,11328.0,11308.593242458192
頂埔,2026-05-19,11636.0,11425.630699309408
頂埔,2026-05-20,11688.0,11399.931993055425
頂埔,2026-05-21,11688.0,11456.883384096156
頂埔,2026-05-22,12145.0,12075.075779404167
頂埔,2026-05-23,7785.0,7659.397375363543
頂埔,2026-05-24,6497.0,6444.301295848142
頂埔,2026-05-25,11432.0,11070.819709991292
頂埔,2026-05-26,11582.0,11403.591712234127
頂埔,2026-05-27,11592.0,11353.428780705955
頂埔,2026-05-28,11604.0,11367.074665053904
頂埔,2026-05-29,12227.0,12123.820530319354
頂埔,2026-05-30,7494.0,7779.881421603407
頂埔,2026-05-31,6447.0,6319.210622369115
頂溪,2026-01-01,22351.0,38269.25308806308
頂溪,2026-01-02,34384.0,34429.83890002294
頂溪,2026-01-03,27557.0,27463.400219621755
頂溪,2026-01-04,23672.0,23108.34964053811
頂溪,2026-01-05,33281.0,33200.878588905376
頂溪,2026-01-06,33783.0,34672.017646029424
頂溪,2026-01-07,34370.0,37830.77611445608
頂溪,2026-01-08,34504.0,27883.464207748722
頂溪,2026-01-09,36575.0,35490.940619522764
頂溪,2026-01-10,29917.0,29184.069900137856
頂溪,2026-01-11,24179.0,23635.599985939196
頂溪,2026-01-12,32603.0,33555.43589619893
頂溪,2026-01-13,34383.0,33860.72056347655
頂溪,2026-01-14,34468.0,34899.467137425534
頂溪,2026-01-15,34305.0,34751.42723939701
頂溪,2026-01-16,36304.0,36041.6045948058
頂溪,2026-01-17,29961.0,28747.08472498297
頂溪,2026-01-18,24921.0,23818.57246946163
頂溪,2026-01-19,32730.0,32836.35878857903
頂溪,2026-01-20,34819.0,34089.25425974283
頂溪,2026-01-21,33829.0,34804.977712594104
頂溪,2026-01-22,33949.0,34265.340515401775
頂溪,2026-01-23,36613.0,36296.99962490776
頂溪,2026-01-24,29515.0,28893.4528227781
頂溪,2026-01-25,25383.0,24112.301459313847
頂溪,2026-01-26,32784.0,32687.008907776308
頂溪,2026-01-27,33427.0,34205.19787646977
頂溪,2026-01-28,33848.0,33984.89987361176
頂溪,2026-01-29,34501.0,33951.36681838836
頂溪,2026-01-30,35659.0,36543.893247237764
頂溪,2026-01-31,30135.0,28363.51979965379
頂溪,2026-02-01,23420.0,24936.318102043926
頂溪,2026-02-02,32787.0,32612.070235405
頂溪,2026-02-03,33973.0,33870.39839735291
頂溪,2026-02-04,34626.0,34166.33769139846
頂溪,2026-02-05,35196.0,34531.48014594257
頂溪,2026-02-06,36329.0,36696.28363969705
頂溪,2026-02-07,30409.0,28951.822057619953
頂溪,2026-02-08,24956.0,24438.4473139655
頂溪,2026-02-09,33105.0,32916.42942664039
頂溪,2026-02-10,34873.0,34023.16257539621
頂溪,2026-02-11,34506.0,34728.491306075215
頂溪,2026-02-12,34651.0,34886.962295776924
頂溪,2026-02-13,35030.0,36519.71411394369
頂溪,2026-02-14,26268.0,28609.28776711605
頂溪,2026-02-15,20755.0,22004.370084583923
頂溪,2026-02-16,14945.0,16357.883565249685
頂溪,2026-02-17,18217.0,16180.92370407467
頂溪,2026-02-18,19682.0,18914.30854170705
頂溪,2026-02-19,20997.0,20985.998068685698
頂溪,2026-02-20,22010.0,22036.130308872645
頂溪,2026-02-21,24673.0,22822.636722736584
頂溪,2026-02-22,22346.0,21019.161512919214
頂溪,2026-02-23,32247.0,30874.494000640327
頂溪,2026-02-24,33580.0,33331.186327539835
頂溪,2026-02-25,35124.0,34042.54201452321
頂溪,2026-02-26,36199.0,34741.75403597261
頂溪,2026-02-27,28317.0,37848.501413459904
頂溪,2026-02-28,28059.0,24640.781066866002
頂溪,2026-03-01,22868.0,22083.327927866085
頂溪,2026-03-02,33648.0,31707.666874825347
頂溪,2026-03-03,34026.0,33733.98136658849
頂溪,2026-03-04,34369.0,34392.30606985143
頂溪,2026-03-05,35366.0,34816.61356077076
頂溪,2026-03-06,36917.0,34965.01599258422
頂溪,2026-03-07,30872.0,28917.80305676169
頂溪,2026-03-08,24959.0,23455.54557923971
頂溪,2026-03-09,33664.0,32785.33995030822
頂溪,2026-03-10,34765.0,33813.70009624213
頂溪,2026-03-11,35966.0,34843.522338470626
頂溪,2026-03-12,35499.0,36078.63013600861
頂溪,2026-03-13,37104.0,37166.87301589699
頂溪,2026-03-14,31419.0,30180.727330120404
頂溪,2026-03-15,25609.0,24768.222011006696
頂溪,2026-03-16,33324.0,33706.23058343426
頂溪,2026-03-17,34951.0,34562.772559517034
頂溪,2026-03-18,35440.0,35265.495849876286
頂溪,2026-03-19,34883.0,35367.176952639966
頂溪,2026-03-20,37607.0,36803.283363333016
頂溪,2026-03-21,31472.0,30962.139354507377
頂溪,2026-03-22,26192.0,25164.224991211457
頂溪,2026-03-23,33223.0,33715.51230527634
頂溪,2026-03-24,34652.0,34612.52514982945
頂溪,2026-03-25,34737.0,35339.43169950119
頂溪,2026-03-26,34912.0,35221.28230609172
頂溪,2026-03-27,36524.0,37049.25468785287
頂溪,2026-03-28,29885.0,29339.71914944007
頂溪,2026-03-29,23569.0,25095.485322310302
頂溪,2026-03-30,33255.0,33316.22191552743
頂溪,2026-03-31,34391.0,34470.71969695278
頂溪,2026-04-01,34462.0,34867.62743652978
頂溪,2026-04-02,36089.0,34757.73995071295
頂溪,2026-04-03,26417.0,28006.414453132333
頂溪,2026-04-04,22812.0,25037.45368416174
頂溪,2026-04-05,22934.0,20676.606234685525
頂溪,2026-04-06,20727.0,21513.938112242307
頂溪,2026-04-07,33301.0,33517.857524815096
頂溪,2026-04-08,34960.0,34090.332578019705
頂溪,2026-04-09,34612.0,35093.33033053024
頂溪,2026-04-10,36376.0,36585.480273318666
頂溪,2026-04-11,30095.0,30295.991068083444
頂溪,2026-04-12,24317.0,23519.35999016417
頂溪,2026-04-13,33008.0,32209.879209797353
頂溪,2026-04-14,33957.0,33541.739798611576
頂溪,2026-04-15,34308.0,34511.09979133307
頂溪,2026-04-16,33977.0,34717.48973040672
頂溪,2026-04-17,36430.0,36518.25139673785
頂溪,2026-04-18,30100.0,29678.95917558373
頂溪,2026-04-19,24921.0,23874.676643702158
頂溪,2026-04-20,32545.0,32545.31010319992
頂溪,2026-04-21,33935.0,33520.475605309875
頂溪,2026-04-22,34396.0,34258.43467496433
頂溪,2026-04-23,33900.0,34533.233699827426
頂溪,2026-04-24,36509.0,36270.308681670176
頂溪,2026-04-25,29425.0,29204.549724629396
頂溪,2026-04-26,26221.0,24633.885179383
頂溪,2026-04-27,33558.0,32740.575430352037
頂溪,2026-04-28,34633.0,34113.01971519165
頂溪,2026-04-29,34695.0,34743.687686706966
頂溪,2026-04-30,36583.0,34178.23784653373
頂溪,2026-05-01,29337.0,26065.967125929034
頂溪,2026-05-02,28078.0,25672.99712001455
頂溪,2026-05-03,23108.0,23775.495631199134
頂溪,2026-05-04,33527.0,32762.88396502062
頂溪,2026-05-05,34851.0,34412.4593038904
頂溪,2026-05-06,35673.0,34646.58088639874
頂溪,2026-05-07,34934.0,35294.633637677056
頂溪,2026-05-08,36794.0,36073.14258106479
頂溪,2026-05-09,29315.0,28993.363175292376
頂溪,2026-05-10,23638.0,23724.361621764183
頂溪,2026-05-11,33040.0,33531.29393363036
頂溪,2026-05-12,34416.0,34317.2542085299
頂溪,2026-05-13,34176.0,34876.366331427125
頂溪,2026-05-14,34003.0,34810.711137768776
頂溪,2026-05-15,36843.0,36531.53300311753
頂溪,2026-05-16,30700.0,29152.911957165008
頂溪,2026-05-17,25787.0,24034.252646672092
頂溪,2026-05-18,32952.0,33457.768297116614
頂溪,2026-05-19,33923.0,34180.5995802559
頂溪,2026-05-20,34398.0,34577.91150910586
頂溪,2026-05-21,34033.0,34550.06322517788
頂溪,2026-05-22,36107.0,36302.037965172574
頂溪,2026-05-23,30520.0,29508.758817537084
頂溪,2026-05-24,24511.0,24959.750579737592
頂溪,2026-05-25,32882.0,33198.62197703754
頂溪,2026-05-26,33875.0,33915.677458135295
頂溪,2026-05-27,34261.0,34357.882553519485
頂溪,2026-05-28,33962.0,34179.09325080719
頂溪,2026-05-29,36666.0,36294.18432459182
頂溪,2026-05-30,29860.0,29179.917030218803
頂溪,2026-05-31,23962.0,24312.3492655683
頭前庄,2026-01-01,3021.0,5020.155804443349
頭前庄,2026-01-02,5905.0,5922.544667436819
頭前庄,2026-01-03,3826.0,4105.366147289156
頭前庄,2026-01-04,3100.0,3220.9344134001153
頭前庄,2026-01-05,5755.0,5806.864568937054
頭前庄,2026-01-06,5864.0,6009.062953510625
頭前庄,2026-01-07,5974.0,6238.831980907179
頭前庄,2026-01-08,6036.0,4438.759295234179
頭前庄,2026-01-09,6367.0,6060.305869291384
頭前庄,2026-01-10,4145.0,4234.565922079742
頭前庄,2026-01-11,3398.0,3317.793960592654
頭前庄,2026-01-12,5557.0,5800.48205283388
頭前庄,2026-01-13,5786.0,5774.2032719045965
頭前庄,2026-01-14,5836.0,5953.0201965841325
頭前庄,2026-01-15,5779.0,5899.587854082568
頭前庄,2026-01-16,6244.0,6081.187731823188
頭前庄,2026-01-17,4409.0,4251.127778347443
頭前庄,2026-01-18,3264.0,3445.989418003293
頭前庄,2026-01-19,5683.0,5605.698480383165
頭前庄,2026-01-20,6083.0,5733.021822096203
頭前庄,2026-01-21,5741.0,6019.293781415005
頭前庄,2026-01-22,5990.0,5840.451044368427
頭前庄,2026-01-23,6139.0,6183.342200350328
頭前庄,2026-01-24,4303.0,4260.664258343238
頭前庄,2026-01-25,3509.0,3383.2363632699007
頭前庄,2026-01-26,5504.0,5581.206936947315
頭前庄,2026-01-27,5648.0,5791.071906906544
頭前庄,2026-01-28,5712.0,5704.52912853691
頭前庄,2026-01-29,5711.0,5791.150258296714
頭前庄,2026-01-30,6092.0,6068.721020839456
頭前庄,2026-01-31,4372.0,4294.706072004436
頭前庄,2026-02-01,3135.0,3383.4828350847924
頭前庄,2026-02-02,5516.0,5527.68130089145
頭前庄,2026-02-03,5601.0,5694.325765465071
頭前庄,2026-02-04,5627.0,5667.698588633317
頭前庄,2026-02-05,5836.0,5734.419846883239
頭前庄,2026-02-06,5890.0,6055.141321335932
頭前庄,2026-02-07,4613.0,4191.595794875504
頭前庄,2026-02-08,3380.0,3529.0591949178265
頭前庄,2026-02-09,5398.0,5491.46197421098
頭前庄,2026-02-10,5610.0,5560.121509459909
頭前庄,2026-02-11,5635.0,5600.618835580681
頭前庄,2026-02-12,5673.0,5634.5522544884325
頭前庄,2026-02-13,5658.0,5842.825206952363
頭前庄,2026-02-14,3339.0,4378.395609076053
頭前庄,2026-02-15,2436.0,3044.7724473791786
頭前庄,2026-02-16,1696.0,2510.1435669450643
頭前庄,2026-02-17,2689.0,2373.0713183230437
頭前庄,2026-02-18,2655.0,2580.7430840395987
頭前庄,2026-02-19,3015.0,2603.4314284802895
頭前庄,2026-02-20,3399.0,2962.914001424201
頭前庄,2026-02-21,3647.0,3442.503135125996
頭前庄,2026-02-22,3236.0,3030.4208239591635
頭前庄,2026-02-23,5542.0,5078.064681712793
頭前庄,2026-02-24,5920.0,5622.049828923151
頭前庄,2026-02-25,6216.0,5908.609966379649
頭前庄,2026-02-26,6324.0,6220.652434166905
頭前庄,2026-02-27,4087.0,4729.335522618162
頭前庄,2026-02-28,4165.0,3452.018193045902
頭前庄,2026-03-01,3469.0,3568.557323071037
頭前庄,2026-03-02,5946.0,5530.737337184674
頭前庄,2026-03-03,5911.0,5920.390886757021
頭前庄,2026-03-04,5984.0,6056.2768000387005
頭前庄,2026-03-05,6323.0,6158.505825159245
頭前庄,2026-03-06,6601.0,5082.22851095015
頭前庄,2026-03-07,4613.0,4268.651437366072
頭前庄,2026-03-08,3573.0,3566.30612445654
頭前庄,2026-03-09,5838.0,5938.3521413164435
頭前庄,2026-03-10,6086.0,5889.709981002397
頭前庄,2026-03-11,6236.0,6011.867216013357
頭前庄,2026-03-12,6197.0,6217.08534772197
頭前庄,2026-03-13,6345.0,6470.191282678319
頭前庄,2026-03-14,4692.0,4301.720192596717
頭前庄,2026-03-15,3504.0,3634.5086424371725
頭前庄,2026-03-16,6060.0,5872.772161643072
頭前庄,2026-03-17,6260.0,6161.000425489948
頭前庄,2026-03-18,6196.0,6258.142236495003
頭前庄,2026-03-19,6086.0,6239.898538932861
頭前庄,2026-03-20,6309.0,6439.063451509142
頭前庄,2026-03-21,4541.0,4562.583344645009
頭前庄,2026-03-22,3562.0,3604.2697536420596
頭前庄,2026-03-23,5899.0,5941.055803610775
頭前庄,2026-03-24,6185.0,6067.14150475459
頭前庄,2026-03-25,6189.0,6177.637641519325
頭前庄,2026-03-26,6235.0,6175.78599361731
頭前庄,2026-03-27,6122.0,6336.917759947025
頭前庄,2026-03-28,4340.0,4591.426315999661
頭前庄,2026-03-29,3201.0,3375.0732483594843
頭前庄,2026-03-30,5925.0,5896.8528078035915
頭前庄,2026-03-31,6026.0,6055.979929785371
頭前庄,2026-04-01,5976.0,6128.994464118271
頭前庄,2026-04-02,5592.0,6054.124472666495
頭前庄,2026-04-03,3462.0,3537.176174375736
頭前庄,2026-04-04,2841.0,3432.689056299094
頭前庄,2026-04-05,3032.0,2725.6131663622314
頭前庄,2026-04-06,2813.0,2928.072212936029
頭前庄,2026-04-07,5696.0,5755.49964834267
頭前庄,2026-04-08,6106.0,5808.273015270126
頭前庄,2026-04-09,6009.0,5919.718845347146
頭前庄,2026-04-10,6244.0,6115.7762853855675
頭前庄,2026-04-11,4198.0,3867.0239489680575
頭前庄,2026-04-12,3304.0,3351.1412878956976
頭前庄,2026-04-13,5850.0,5798.375810352602
頭前庄,2026-04-14,5975.0,5851.685905586041
頭前庄,2026-04-15,6025.0,6080.8067988047405
頭前庄,2026-04-16,5838.0,6088.573304187315
頭前庄,2026-04-17,6152.0,6089.739039712421
頭前庄,2026-04-18,4081.0,4201.414146856328
頭前庄,2026-04-19,3482.0,3236.2763605664486
頭前庄,2026-04-20,5782.0,5743.074528200915
頭前庄,2026-04-21,6019.0,5836.827675392148
頭前庄,2026-04-22,6163.0,6019.974992312699
頭前庄,2026-04-23,5872.0,6070.8571197891215
頭前庄,2026-04-24,6273.0,6123.693204984558
頭前庄,2026-04-25,4104.0,4144.270180060837
頭前庄,2026-04-26,3657.0,3342.0464954037197
頭前庄,2026-04-27,5893.0,5771.382806758575
頭前庄,2026-04-28,6262.0,5973.382734203132
頭前庄,2026-04-29,6161.0,6227.46624759832
頭前庄,2026-04-30,6210.0,6081.465994554925
頭前庄,2026-05-01,3880.0,3755.379074100194
頭前庄,2026-05-02,3909.0,3638.7405954373116
頭前庄,2026-05-03,3149.0,3398.9162297280595
頭前庄,2026-05-04,5959.0,5757.791141488139
頭前庄,2026-05-05,6135.0,6075.704929158491
頭前庄,2026-05-06,6250.0,6092.231303352172
頭前庄,2026-05-07,6172.0,6293.40484894269
頭前庄,2026-05-08,6244.0,6396.5050872118045
頭前庄,2026-05-09,3864.0,4071.498263313299
頭前庄,2026-05-10,3078.0,3276.379192556627
頭前庄,2026-05-11,5865.0,5871.221157515127
頭前庄,2026-05-12,6052.0,6024.558815652845
頭前庄,2026-05-13,5845.0,6126.579685227885
頭前庄,2026-05-14,6027.0,6046.798486332814
頭前庄,2026-05-15,6328.0,6206.128615452516
頭前庄,2026-05-16,4496.0,3996.1673668419803
頭前庄,2026-05-17,3435.0,3329.297937761485
頭前庄,2026-05-18,5785.0,5863.813423587551
頭前庄,2026-05-19,5910.0,6008.774441007523
頭前庄,2026-05-20,6095.0,5940.264114374731
頭前庄,2026-05-21,6026.0,6038.579896905514
頭前庄,2026-05-22,6254.0,6204.834253201581
頭前庄,2026-05-23,4447.0,4371.328741961114
頭前庄,2026-05-24,3336.0,3430.099803830157
頭前庄,2026-05-25,5636.0,5768.848650091167
頭前庄,2026-05-26,5968.0,5821.678434143743
頭前庄,2026-05-27,5933.0,6051.27301018645
頭前庄,2026-05-28,6004.0,5942.003017795141
頭前庄,2026-05-29,6384.0,6209.362826232076
頭前庄,2026-05-30,4414.0,4429.712690767593
頭前庄,2026-05-31,3353.0,3487.6796975009424
麟光,2026-01-01,3274.0,4170.997012645307
麟光,2026-01-02,4616.0,4505.332473308296
麟光,2026-01-03,3746.0,3958.8873274568987
麟光,2026-01-04,3442.0,3282.4189366453274
麟光,2026-01-05,4457.0,4418.368540988418
麟光,2026-01-06,4453.0,4563.173318981399
麟光,2026-01-07,4437.0,4633.492924762843
麟光,2026-01-08,4605.0,4067.9370906031386
麟光,2026-01-09,4854.0,4739.792585470642
麟光,2026-01-10,4019.0,3861.571285974531
麟光,2026-01-11,3273.0,3406.281261785775
麟光,2026-01-12,4264.0,4417.829199130115
麟光,2026-01-13,4558.0,4404.394855324957
麟光,2026-01-14,4539.0,4655.354193193874
麟光,2026-01-15,4575.0,4630.319492675966
麟光,2026-01-16,5025.0,4768.708829767485
麟光,2026-01-17,4084.0,4015.285057110645
麟光,2026-01-18,3313.0,3365.24090120691
麟光,2026-01-19,4523.0,4364.525559041993
麟光,2026-01-20,4649.0,4591.787346360614
麟光,2026-01-21,4522.0,4622.361900361765
麟光,2026-01-22,4636.0,4604.683962282273
麟光,2026-01-23,4868.0,4811.616945829497
麟光,2026-01-24,4081.0,4093.653806774926
麟光,2026-01-25,3450.0,3330.130720207082
麟光,2026-01-26,4584.0,4435.88582975424
麟光,2026-01-27,4588.0,4680.887589398361
麟光,2026-01-28,4631.0,4622.1999341410265
麟光,2026-01-29,4911.0,4689.231059817635
麟光,2026-01-30,4972.0,4965.686109543174
麟光,2026-01-31,4179.0,4086.0349700243128
麟光,2026-02-01,3334.0,3445.301541784915
麟光,2026-02-02,4532.0,4450.327676676194
麟光,2026-02-03,4671.0,4584.181360207574
麟光,2026-02-04,4843.0,4744.357637846773
麟光,2026-02-05,4769.0,4958.060312923243
麟光,2026-02-06,5071.0,4841.464326619491
麟光,2026-02-07,4354.0,4132.49318690802
麟光,2026-02-08,3689.0,3474.345547326872
麟光,2026-02-09,4617.0,4521.491133777369
麟光,2026-02-10,4847.0,4727.3624882201275
麟光,2026-02-11,4909.0,4938.911442449439
麟光,2026-02-12,4869.0,4923.330982412653
麟光,2026-02-13,5006.0,4992.201328548355
麟光,2026-02-14,4054.0,4107.140302105374
麟光,2026-02-15,3268.0,3511.3751973663884
麟光,2026-02-16,2628.0,2872.071871107151
麟光,2026-02-17,2714.0,2700.2506417896984
麟光,2026-02-18,2893.0,2854.670195993677
麟光,2026-02-19,3046.0,3109.6595573688423
麟光,2026-02-20,3096.0,3258.561435816646
麟光,2026-02-21,3586.0,3054.884101993051
麟光,2026-02-22,3068.0,3233.9420734097066
麟光,2026-02-23,4268.0,4229.568110915097
麟光,2026-02-24,4409.0,4538.215701991631
麟光,2026-02-25,4601.0,4653.5374365103835
麟光,2026-02-26,4817.0,4699.3710040357255
麟光,2026-02-27,4062.0,3791.249968098624
麟光,2026-02-28,4280.0,3672.2599055532123
麟光,2026-03-01,3438.0,3352.6783928903074
麟光,2026-03-02,4558.0,4256.882985392487
麟光,2026-03-03,4695.0,4532.9933072518725
麟光,2026-03-04,4694.0,4718.048510937774
麟光,2026-03-05,4781.0,4783.577456240395
麟光,2026-03-06,4890.0,4545.6959670564665
麟光,2026-03-07,5043.0,4002.3642174754323
麟光,2026-03-08,3831.0,3675.1471272391623
麟光,2026-03-09,4599.0,4411.355755109542
麟光,2026-03-10,4746.0,4680.8268173312545
麟光,2026-03-11,4885.0,4761.791717132815
麟光,2026-03-12,4839.0,4886.784929788621
麟光,2026-03-13,5175.0,4962.795076748892
麟光,2026-03-14,4784.0,4551.989856235898
麟光,2026-03-15,4061.0,4021.2600494320923
麟光,2026-03-16,4648.0,4492.829470116758
麟光,2026-03-17,4688.0,4768.550782899591
麟光,2026-03-18,4955.0,4849.44016573346
麟光,2026-03-19,4738.0,5012.796740946958
麟光,2026-03-20,5098.0,4977.743593131528
麟光,2026-03-21,5164.0,4417.91063822105
麟光,2026-03-22,5540.0,4060.4812946178913
麟光,2026-03-23,5011.0,4802.182042468823
麟光,2026-03-24,4942.0,4880.77542609452
麟光,2026-03-25,5182.0,5028.8712189225735
麟光,2026-03-26,5269.0,5054.5985192982425
麟光,2026-03-27,5383.0,5217.809252797582
麟光,2026-03-28,6497.0,4777.830306305235
麟光,2026-03-29,5623.0,5263.510098084104
麟光,2026-03-30,5123.0,5022.905079766096
麟光,2026-03-31,4873.0,4998.219346562133
麟光,2026-04-01,4813.0,5170.410837642735
麟光,2026-04-02,5249.0,5110.197790009713
麟光,2026-04-03,6034.0,4463.1100917445865
麟光,2026-04-04,4951.0,5710.404264847423
麟光,2026-04-05,5144.0,5016.368767109008
麟光,2026-04-06,3401.0,4537.160025117859
麟光,2026-04-07,4503.0,4751.428038791734
麟光,2026-04-08,4618.0,4782.005921918308
麟光,2026-04-09,4713.0,5006.695569840003
麟光,2026-04-10,4925.0,4841.545984204533
麟光,2026-04-11,4516.0,4698.6534380853345
麟光,2026-04-12,3748.0,4308.927182955119
麟光,2026-04-13,4484.0,4944.163074331785
麟光,2026-04-14,4526.0,4638.574726498259
麟光,2026-04-15,4631.0,4674.372000321645
麟光,2026-04-16,4610.0,4815.135337274708
麟光,2026-04-17,4855.0,5042.095026817208
麟光,2026-04-18,4047.0,4255.060767240462
麟光,2026-04-19,3504.0,3733.6043893071
麟光,2026-04-20,4383.0,4379.664914451834
麟光,2026-04-21,4501.0,4455.19617577655
麟光,2026-04-22,4562.0,4586.70145496806
麟光,2026-04-23,4559.0,4594.850367858576
麟光,2026-04-24,4864.0,4761.989337998115
麟光,2026-04-25,3978.0,4027.670428279093
麟光,2026-04-26,3643.0,3528.8142170412584
麟光,2026-04-27,4429.0,4348.429542960993
麟光,2026-04-28,4661.0,4487.207179702636
麟光,2026-04-29,4603.0,4576.357904802587
麟光,2026-04-30,4799.0,4576.8943736481415
麟光,2026-05-01,4053.0,3846.818626665275
麟光,2026-05-02,3938.0,3860.246869478747
麟光,2026-05-03,3255.0,3480.9070383186345
麟光,2026-05-04,4435.0,4387.5709721027
麟光,2026-05-05,4759.0,4541.4610932164
麟光,2026-05-06,4674.0,4725.776800355461
麟光,2026-05-07,4638.0,4742.6210496555395
麟光,2026-05-08,4797.0,4739.223369331532
麟光,2026-05-09,4050.0,4011.3535947169466
麟光,2026-05-10,3296.0,3390.4176408731455
麟光,2026-05-11,4415.0,4440.087151454665
麟光,2026-05-12,4550.0,4580.107625930171
麟光,2026-05-13,4439.0,4601.036573103197
麟光,2026-05-14,4508.0,4586.614449125824
麟光,2026-05-15,4815.0,4674.306862961396
麟光,2026-05-16,4123.0,4060.499042749491
麟光,2026-05-17,3631.0,3306.745280222331
麟光,2026-05-18,4382.0,4445.445827771426
麟光,2026-05-19,4507.0,4485.676113544964
麟光,2026-05-20,4532.0,4552.5035970191375
麟光,2026-05-21,4506.0,4519.718043183659
麟光,2026-05-22,4818.0,4759.155820792323
麟光,2026-05-23,4011.0,4118.301909626352
麟光,2026-05-24,3526.0,3417.54104739096
麟光,2026-05-25,4387.0,4410.490051794482
麟光,2026-05-26,4480.0,4440.304815632611
麟光,2026-05-27,4486.0,4534.698920476842
麟光,2026-05-28,4431.0,4551.247986930814
麟光,2026-05-29,4737.0,4726.1224229293375
麟光,2026-05-30,4026.0,4044.4606678943537
麟光,2026-05-31,3430.0,3531.392982865672
龍山寺,2026-01-01,28296.0,37475.94882852632
龍山寺,2026-01-02,30338.0,31095.897162992005
龍山寺,2026-01-03,30730.0,28888.62280366555
龍山寺,2026-01-04,25970.0,27474.633647279272
龍山寺,2026-01-05,28386.0,28889.16483109098
龍山寺,2026-01-06,27850.0,29315.25281382542
龍山寺,2026-01-07,28504.0,30335.47122081119
龍山寺,2026-01-08,28570.0,29035.722352021865
龍山寺,2026-01-09,31384.0,30156.19265283336
龍山寺,2026-01-10,31736.0,28856.195904211196
龍山寺,2026-01-11,26342.0,26522.997756237346
龍山寺,2026-01-12,27906.0,28237.418832961564
龍山寺,2026-01-13,28357.0,29136.62856045318
龍山寺,2026-01-14,29124.0,29177.738856848646
龍山寺,2026-01-15,29032.0,29256.782104349917
龍山寺,2026-01-16,31431.0,30480.358711717745
龍山寺,2026-01-17,31396.0,29699.534230988123
龍山寺,2026-01-18,27016.0,26048.488770962067
龍山寺,2026-01-19,28070.0,28081.591908661852
龍山寺,2026-01-20,28353.0,28649.087817548992
龍山寺,2026-01-21,27964.0,28984.158880614854
龍山寺,2026-01-22,26818.0,28679.167296126707
龍山寺,2026-01-23,31190.0,30362.21133629888
龍山寺,2026-01-24,30311.0,29955.71265505524
龍山寺,2026-01-25,27383.0,25822.167925233254
龍山寺,2026-01-26,28213.0,28005.945714359445
龍山寺,2026-01-27,27134.0,28938.890502939732
龍山寺,2026-01-28,28054.0,28238.906007752877
龍山寺,2026-01-29,28933.0,28259.173542945613
龍山寺,2026-01-30,30812.0,30670.232212208914
龍山寺,2026-01-31,30111.0,29710.4599247996
龍山寺,2026-02-01,25061.0,26064.807357494094
龍山寺,2026-02-02,28497.0,27831.04408735284
龍山寺,2026-02-03,29160.0,28325.470009551333
龍山寺,2026-02-04,29575.0,29158.95119173659
龍山寺,2026-02-05,29843.0,29483.465133197973
龍山寺,2026-02-06,31099.0,31095.264662536865
龍山寺,2026-02-07,30319.0,29599.357792225826
龍山寺,2026-02-08,25682.0,25897.577967790727
龍山寺,2026-02-09,27509.0,27990.235370760496
龍山寺,2026-02-10,28588.0,28194.914618525705
龍山寺,2026-02-11,27964.0,28901.329366068472
龍山寺,2026-02-12,29119.0,28295.82570431176
龍山寺,2026-02-13,29596.0,30741.087630915932
龍山寺,2026-02-14,25747.0,28047.437291893362
龍山寺,2026-02-15,22729.0,23128.319573149896
龍山寺,2026-02-16,17851.0,23030.58750709632
龍山寺,2026-02-17,50876.0,20749.76382987793
龍山寺,2026-02-18,35985.0,41808.72787752227
龍山寺,2026-02-19,38166.0,25758.617688802373
龍山寺,2026-02-20,35146.0,31663.64053291852
龍山寺,2026-02-21,34814.0,29039.062288843226
龍山寺,2026-02-22,28141.0,27546.608778718448
龍山寺,2026-02-23,28093.0,28824.22293352464
龍山寺,2026-02-24,28283.0,30024.234920207506
龍山寺,2026-02-25,29834.0,29219.05456235568
龍山寺,2026-02-26,30741.0,30952.668773115325
龍山寺,2026-02-27,30083.0,26118.586563839417
龍山寺,2026-02-28,31560.0,27096.33544236639
龍山寺,2026-03-01,25940.0,26074.802483865238
龍山寺,2026-03-02,28188.0,27513.52568853342
龍山寺,2026-03-03,28523.0,29924.367274881588
龍山寺,2026-03-04,27690.0,29975.520956632372
龍山寺,2026-03-05,29112.0,29923.6831892983
龍山寺,2026-03-06,32032.0,30925.1313977545
龍山寺,2026-03-07,32505.0,30630.116606237734
龍山寺,2026-03-08,27717.0,27038.811653588855
龍山寺,2026-03-09,27808.0,28400.137498928612
龍山寺,2026-03-10,27980.0,28533.77008973344
龍山寺,2026-03-11,30418.0,28607.686273908566
龍山寺,2026-03-12,30440.0,30524.537334937297
龍山寺,2026-03-13,32253.0,31885.74796004242
龍山寺,2026-03-14,33471.0,30417.360295634346
龍山寺,2026-03-15,28745.0,27121.64441954118
龍山寺,2026-03-16,28751.0,28759.57687696524
龍山寺,2026-03-17,29296.0,28798.162571158762
龍山寺,2026-03-18,29907.0,29475.23110787406
龍山寺,2026-03-19,30439.0,30083.706206879964
龍山寺,2026-03-20,33136.0,32526.82758068048
龍山寺,2026-03-21,33985.0,30904.965514777334
龍山寺,2026-03-22,28177.0,28168.993418558985
龍山寺,2026-03-23,28525.0,28916.15788060249
龍山寺,2026-03-24,28898.0,29053.78486720333
龍山寺,2026-03-25,29906.0,29898.249302556855
龍山寺,2026-03-26,29917.0,30250.756441909205
龍山寺,2026-03-27,31827.0,32218.549558399674
龍山寺,2026-03-28,31637.0,30287.770284212456
龍山寺,2026-03-29,26138.0,26906.94099974775
龍山寺,2026-03-30,28029.0,28341.849940272885
龍山寺,2026-03-31,28748.0,28926.844669519996
龍山寺,2026-04-01,28046.0,29531.332474228875
龍山寺,2026-04-02,30260.0,29290.414667997633
龍山寺,2026-04-03,26449.0,25776.336610427647
龍山寺,2026-04-04,25162.0,26978.862111904466
龍山寺,2026-04-05,25865.0,23366.98882126453
龍山寺,2026-04-06,26704.0,23477.00528520342
龍山寺,2026-04-07,26200.0,28176.530132086904
龍山寺,2026-04-08,28161.0,28026.285373964805
龍山寺,2026-04-09,29120.0,28727.376089067613
龍山寺,2026-04-10,31528.0,31162.11516479335
龍山寺,2026-04-11,31554.0,29289.37702177883
龍山寺,2026-04-12,27287.0,26519.214960752688
龍山寺,2026-04-13,28241.0,28047.896654458556
龍山寺,2026-04-14,28335.0,28694.44379471456
龍山寺,2026-04-15,28056.0,28463.047134698358
龍山寺,2026-04-16,28063.0,29077.67375063361
龍山寺,2026-04-17,30843.0,30509.08277281655
龍山寺,2026-04-18,30261.0,28877.902049036344
龍山寺,2026-04-19,25757.0,26507.585029398208
龍山寺,2026-04-20,27317.0,27418.438699128208
龍山寺,2026-04-21,27991.0,27817.61235149464
龍山寺,2026-04-22,28337.0,27786.562672495675
龍山寺,2026-04-23,27064.0,28704.59825967713
龍山寺,2026-04-24,29357.0,30785.003354915916
龍山寺,2026-04-25,30323.0,29088.466885818158
龍山寺,2026-04-26,27372.0,26351.765416304333
龍山寺,2026-04-27,27759.0,28019.031489941874
龍山寺,2026-04-28,28318.0,27854.52216956565
龍山寺,2026-04-29,28024.0,28609.466343188957
龍山寺,2026-04-30,29391.0,28341.389708299223
龍山寺,2026-05-01,31469.0,25787.75525488809
龍山寺,2026-05-02,31625.0,30308.39256628265
龍山寺,2026-05-03,26916.0,26783.55070774329
龍山寺,2026-05-04,28662.0,27647.309916734535
龍山寺,2026-05-05,27828.0,29206.570184035456
龍山寺,2026-05-06,29880.0,27943.560284870462
龍山寺,2026-05-07,28692.0,29446.60958524775
龍山寺,2026-05-08,30563.0,30601.240303578248
龍山寺,2026-05-09,29519.0,29687.549917567427
龍山寺,2026-05-10,24378.0,25930.06423606215
龍山寺,2026-05-11,27704.0,27659.80183323933
龍山寺,2026-05-12,28017.0,27864.938533643915
龍山寺,2026-05-13,26999.0,28510.477501601174
龍山寺,2026-05-14,26966.0,28449.954461708232
龍山寺,2026-05-15,30871.0,31016.837454824676
龍山寺,2026-05-16,30403.0,30272.704228334806
龍山寺,2026-05-17,27278.0,25638.803054800304
龍山寺,2026-05-18,26896.0,28178.529366196562
龍山寺,2026-05-19,27379.0,27833.399022812086
龍山寺,2026-05-20,28803.0,27725.94570932078
龍山寺,2026-05-21,27493.0,28905.24032605978
龍山寺,2026-05-22,30461.0,30359.480733432945
龍山寺,2026-05-23,30820.0,28721.450890674012
龍山寺,2026-05-24,27671.0,26718.021885749808
龍山寺,2026-05-25,27033.0,27908.06397315601
龍山寺,2026-05-26,27115.0,27717.027475140156
龍山寺,2026-05-27,27812.0,27717.790692165763
龍山寺,2026-05-28,28097.0,28057.052099642522
龍山寺,2026-05-29,29504.0,30370.130916623937
龍山寺,2026-05-30,31125.0,28205.90730442588
龍山寺,2026-05-31,27053.0,26511.379071040956
